index,time_s,ch1_raw
0,0.0,1127
1,0.001999800019998,1137
2,0.003999600039996,1141
3,0.0059994000599940004,1133
4,0.007999200079992,1117
5,0.009999000099990002,1106
6,0.011998800119988001,1110
7,0.013998600139986002,1122
8,0.015998400159984,1131
9,0.017998200179982,1134
10,0.019998000199980003,1137
11,0.021997800219978002,1142
12,0.023997600239976002,1142
13,0.025997400259974,1141
14,0.027997200279972004,1141
15,0.029997000299970003,1143
16,0.031996800319968,1145
17,0.033996600339966,1150
18,0.035996400359964,1153
19,0.037996200379962,1151
20,0.039996000399960006,1150
21,0.041995800419958006,1159
22,0.043995600439956005,1170
23,0.045995400459954004,1169
24,0.047995200479952004,1165
25,0.04999500049995,1169
26,0.051994800519948,1180
27,0.053994600539946,1188
28,0.05599440055994401,1189
29,0.05799420057994201,1185
30,0.059994000599940006,1177
31,0.061993800619938005,1175
32,0.063993600639936,1177
33,0.065993400659934,1175
34,0.067993200679932,1170
35,0.06999300069993,1169
36,0.071992800719928,1168
37,0.073992600739926,1156
38,0.075992400759924,1143
39,0.077992200779922,1143
40,0.07999200079992001,1155
41,0.08199180081991801,1167
42,0.08399160083991601,1174
43,0.08599140085991401,1169
44,0.08799120087991201,1160
45,0.08999100089991001,1154
46,0.09199080091990801,1155
47,0.09399060093990601,1156
48,0.09599040095990401,1155
49,0.097990200979902,1154
50,0.0999900009999,1156
51,0.101989801019898,1156
52,0.103989601039896,1151
53,0.105989401059894,1146
54,0.107989201079892,1147
55,0.10998900109989,1150
56,0.11198880111988802,1151
57,0.11398860113988601,1151
58,0.11598840115988401,1150
59,0.11798820117988201,1148
60,0.11998800119988001,1145
61,0.12198780121987801,1142
62,0.12398760123987601,1143
63,0.125987401259874,1146
64,0.127987201279872,1149
65,0.12998700129987,1147
66,0.131986801319868,1142
67,0.133986601339866,1143
68,0.135986401359864,1147
69,0.137986201379862,1147
70,0.13998600139986,1144
71,0.141985801419858,1142
72,0.143985601439856,1144
73,0.145985401459854,1143
74,0.147985201479852,1138
75,0.14998500149985,1129
76,0.151984801519848,1126
77,0.153984601539846,1128
78,0.155984401559844,1129
79,0.157984201579842,1126
80,0.15998400159984003,1120
81,0.16198380161983802,1113
82,0.16398360163983602,1112
83,0.16598340165983402,1124
84,0.16798320167983202,1143
85,0.16998300169983002,1147
86,0.17198280171982802,1131
87,0.17398260173982602,1109
88,0.17598240175982402,1097
89,0.17798220177982202,1100
90,0.17998200179982002,1112
91,0.18198180181981802,1125
92,0.18398160183981602,1131
93,0.18598140185981402,1130
94,0.18798120187981202,1128
95,0.18998100189981001,1130
96,0.19198080191980801,1134
97,0.193980601939806,1133
98,0.195980401959804,1128
99,0.197980201979802,1127
100,0.1999800019998,1131
101,0.201979802019798,1133
102,0.203979602039796,1136
103,0.205979402059794,1143
104,0.207979202079792,1150
105,0.20997900209979,1147
106,0.211978802119788,1143
107,0.213978602139786,1147
108,0.215978402159784,1159
109,0.217978202179782,1166
110,0.21997800219978,1162
111,0.22197780221977803,1150
112,0.22397760223977603,1138
113,0.22597740225977403,1132
114,0.22797720227977203,1136
115,0.22997700229977003,1138
116,0.23197680231976803,1133
117,0.23397660233976603,1129
118,0.23597640235976403,1135
119,0.23797620237976203,1141
120,0.23997600239976002,1141
121,0.24197580241975802,1138
122,0.24397560243975602,1140
123,0.24597540245975402,1148
124,0.24797520247975202,1154
125,0.24997500249975002,1154
126,0.251974802519748,1150
127,0.253974602539746,1152
128,0.255974402559744,1164
129,0.257974202579742,1183
130,0.25997400259974,1194
131,0.261973802619738,1184
132,0.263973602639736,1158
133,0.265973402659734,1141
134,0.267973202679732,1144
135,0.26997300269973,1159
136,0.271972802719728,1170
137,0.273972602739726,1173
138,0.275972402759724,1163
139,0.277972202779722,1149
140,0.27997200279972,1145
141,0.281971802819718,1152
142,0.283971602839716,1161
143,0.285971402859714,1166
144,0.287971202879712,1170
145,0.28997100289971,1172
146,0.291970802919708,1173
147,0.293970602939706,1170
148,0.295970402959704,1160
149,0.297970202979702,1149
150,0.2999700029997,1148
151,0.301969803019698,1153
152,0.303969603039696,1152
153,0.305969403059694,1152
154,0.307969203079692,1160
155,0.30996900309969,1170
156,0.311968803119688,1168
157,0.313968603139686,1164
158,0.315968403159684,1170
159,0.31796820317968205,1185
160,0.31996800319968005,1188
161,0.32196780321967805,1172
162,0.32396760323967605,1154
163,0.32596740325967405,1154
164,0.32796720327967205,1169
165,0.32996700329967005,1173
166,0.33196680331966805,1156
167,0.33396660333966605,1136
168,0.33596640335966405,1133
169,0.33796620337966204,1146
170,0.33996600339966004,1159
171,0.34196580341965804,1165
172,0.34396560343965604,1164
173,0.34596540345965404,1160
174,0.34796520347965204,1154
175,0.34996500349965004,1149
176,0.35196480351964804,1145
177,0.35396460353964604,1144
178,0.35596440355964404,1143
179,0.35796420357964204,1140
180,0.35996400359964004,1140
181,0.36196380361963804,1142
182,0.36396360363963604,1141
183,0.36596340365963403,1138
184,0.36796320367963203,1140
185,0.36996300369963003,1148
186,0.37196280371962803,1158
187,0.37396260373962603,1164
188,0.37596240375962403,1162
189,0.37796220377962203,1148
190,0.37996200379962003,1135
191,0.38196180381961803,1145
192,0.38396160383961603,1172
193,0.385961403859614,1190
194,0.387961203879612,1189
195,0.38996100389961,1180
196,0.391960803919608,1173
197,0.393960603939606,1171
198,0.395960403959604,1165
199,0.397960203979602,1157
200,0.3999600039996,1148
201,0.401959804019598,1143
202,0.403959604039596,1138
203,0.405959404059594,1129
204,0.407959204079592,1116
205,0.40995900409959,1105
206,0.411958804119588,1106
207,0.413958604139586,1119
208,0.415958404159584,1135
209,0.417958204179582,1147
210,0.41995800419958,1155
211,0.421957804219578,1159
212,0.423957604239576,1155
213,0.425957404259574,1146
214,0.427957204279572,1142
215,0.42995700429957,1143
216,0.431956804319568,1143
217,0.433956604339566,1139
218,0.435956404359564,1140
219,0.437956204379562,1148
220,0.43995600439956,1152
221,0.441955804419558,1143
222,0.44395560443955606,1131
223,0.44595540445955406,1129
224,0.44795520447955206,1135
225,0.44995500449955006,1139
226,0.45195480451954806,1143
227,0.45395460453954606,1148
228,0.45595440455954406,1151
229,0.45795420457954206,1151
230,0.45995400459954006,1149
231,0.46195380461953806,1147
232,0.46395360463953605,1149
233,0.46595340465953405,1158
234,0.46795320467953205,1169
235,0.46995300469953005,1175
236,0.47195280471952805,1176
237,0.47395260473952605,1168
238,0.47595240475952405,1159
239,0.47795220477952205,1156
240,0.47995200479952005,1161
241,0.48195180481951805,1165
242,0.48395160483951605,1158
243,0.48595140485951405,1145
244,0.48795120487951205,1138
245,0.48995100489951005,1143
246,0.49195080491950804,1150
247,0.49395060493950604,1151
248,0.49595040495950404,1151
249,0.49795020497950204,1155
250,0.49995000499950004,1157
251,0.501949805019498,1155
252,0.503949605039496,1156
253,0.505949405059494,1165
254,0.507949205079492,1176
255,0.50994900509949,1182
256,0.511948805119488,1182
257,0.513948605139486,1182
258,0.515948405159484,1184
259,0.517948205179482,1186
260,0.51994800519948,1179
261,0.521947805219478,1163
262,0.523947605239476,1148
263,0.525947405259474,1140
264,0.527947205279472,1138
265,0.52994700529947,1139
266,0.531946805319468,1144
267,0.533946605339466,1144
268,0.535946405359464,1135
269,0.537946205379462,1126
270,0.53994600539946,1125
271,0.541945805419458,1130
272,0.543945605439456,1133
273,0.545945405459454,1135
274,0.547945205479452,1144
275,0.54994500549945,1157
276,0.551944805519448,1157
277,0.553944605539446,1141
278,0.555944405559444,1129
279,0.557944205579442,1142
280,0.55994400559944,1169
281,0.561943805619438,1184
282,0.563943605639436,1183
283,0.565943405659434,1180
284,0.567943205679432,1185
285,0.56994300569943,1192
286,0.571942805719428,1192
287,0.573942605739426,1178
288,0.575942405759424,1160
289,0.577942205779422,1149
290,0.57994200579942,1146
291,0.581941805819418,1147
292,0.583941605839416,1149
293,0.585941405859414,1149
294,0.587941205879412,1146
295,0.58994100589941,1142
296,0.591940805919408,1141
297,0.593940605939406,1143
298,0.595940405959404,1146
299,0.597940205979402,1148
300,0.5999400059994,1144
301,0.601939806019398,1132
302,0.603939606039396,1123
303,0.605939406059394,1122
304,0.607939206079392,1131
305,0.60993900609939,1140
306,0.611938806119388,1142
307,0.613938606139386,1136
308,0.615938406159384,1130
309,0.617938206179382,1132
310,0.61993800619938,1141
311,0.621937806219378,1149
312,0.623937606239376,1148
313,0.625937406259374,1144
314,0.627937206279372,1142
315,0.62993700629937,1136
316,0.631936806319368,1122
317,0.6339366063393661,1111
318,0.6359364063593641,1115
319,0.6379362063793621,1138
320,0.6399360063993601,1166
321,0.6419358064193581,1179
322,0.6439356064393561,1172
323,0.6459354064593541,1160
324,0.6479352064793521,1162
325,0.6499350064993501,1174
326,0.6519348065193481,1183
327,0.6539346065393461,1184
328,0.6559344065593441,1177
329,0.6579342065793421,1163
330,0.6599340065993401,1150
331,0.6619338066193381,1148
332,0.6639336066393361,1156
333,0.6659334066593341,1160
334,0.6679332066793321,1156
335,0.6699330066993301,1147
336,0.6719328067193281,1144
337,0.6739326067393261,1153
338,0.6759324067593241,1170
339,0.6779322067793221,1184
340,0.6799320067993201,1188
341,0.6819318068193181,1185
342,0.6839316068393161,1182
343,0.6859314068593141,1183
344,0.6879312068793121,1184
345,0.6899310068993101,1179
346,0.6919308069193081,1172
347,0.6939306069393061,1169
348,0.6959304069593041,1166
349,0.6979302069793021,1159
350,0.6999300069993001,1149
351,0.7019298070192981,1140
352,0.7039296070392961,1133
353,0.7059294070592941,1127
354,0.7079292070792921,1124
355,0.7099290070992901,1129
356,0.7119288071192881,1141
357,0.7139286071392861,1149
358,0.7159284071592841,1148
359,0.7179282071792821,1149
360,0.7199280071992801,1155
361,0.7219278072192781,1158
362,0.7239276072392761,1153
363,0.7259274072592741,1149
364,0.7279272072792721,1153
365,0.7299270072992701,1164
366,0.7319268073192681,1175
367,0.7339266073392661,1179
368,0.7359264073592641,1173
369,0.7379262073792621,1164
370,0.7399260073992601,1166
371,0.7419258074192581,1178
372,0.7439256074392561,1185
373,0.7459254074592541,1179
374,0.7479252074792521,1169
375,0.7499250074992501,1163
376,0.7519248075192481,1152
377,0.7539246075392461,1132
378,0.7559244075592441,1117
379,0.7579242075792421,1126
380,0.7599240075992401,1144
381,0.7619238076192381,1145
382,0.7639236076392361,1131
383,0.7659234076592341,1125
384,0.7679232076792321,1135
385,0.76992300769923,1147
386,0.771922807719228,1146
387,0.773922607739226,1137
388,0.775922407759224,1134
389,0.777922207779222,1139
390,0.77992200779922,1141
391,0.781921807819218,1132
392,0.783921607839216,1118
393,0.785921407859214,1104
394,0.787921207879212,1092
395,0.78992100789921,1088
396,0.791920807919208,1098
397,0.793920607939206,1113
398,0.795920407959204,1119
399,0.797920207979202,1108
400,0.7999200079992,1095
401,0.801919808019198,1096
402,0.803919608039196,1111
403,0.805919408059194,1128
404,0.807919208079192,1130
405,0.80991900809919,1118
406,0.811918808119188,1102
407,0.813918608139186,1097
408,0.815918408159184,1104
409,0.817918208179182,1114
410,0.81991800819918,1117
411,0.821917808219178,1111
412,0.823917608239176,1098
413,0.825917408259174,1091
414,0.827917208279172,1095
415,0.82991700829917,1107
416,0.831916808319168,1116
417,0.833916608339166,1114
418,0.835916408359164,1102
419,0.837916208379162,1096
420,0.83991600839916,1105
421,0.841915808419158,1122
422,0.843915608439156,1139
423,0.845915408459154,1148
424,0.847915208479152,1144
425,0.84991500849915,1132
426,0.851914808519148,1126
427,0.853914608539146,1137
428,0.855914408559144,1153
429,0.857914208579142,1156
430,0.85991400859914,1148
431,0.861913808619138,1142
432,0.863913608639136,1147
433,0.865913408659134,1159
434,0.867913208679132,1170
435,0.86991300869913,1172
436,0.871912808719128,1170
437,0.873912608739126,1168
438,0.875912408759124,1168
439,0.877912208779122,1171
440,0.87991200879912,1172
441,0.881911808819118,1170
442,0.883911608839116,1170
443,0.885911408859114,1176
444,0.8879112088791121,1186
445,0.8899110088991101,1192
446,0.8919108089191081,1187
447,0.8939106089391061,1174
448,0.8959104089591041,1170
449,0.8979102089791021,1179
450,0.8999100089991001,1188
451,0.9019098090190981,1189
452,0.9039096090390961,1188
453,0.9059094090590941,1191
454,0.9079092090790921,1193
455,0.9099090090990901,1186
456,0.9119088091190881,1174
457,0.9139086091390861,1166
458,0.9159084091590841,1163
459,0.9179082091790821,1165
460,0.9199080091990801,1169
461,0.9219078092190781,1164
462,0.9239076092390761,1149
463,0.9259074092590741,1140
464,0.9279072092790721,1147
465,0.9299070092990701,1159
466,0.9319068093190681,1162
467,0.9339066093390661,1155
468,0.9359064093590641,1146
469,0.9379062093790621,1147
470,0.9399060093990601,1158
471,0.9419058094190581,1169
472,0.9439056094390561,1171
473,0.9459054094590541,1172
474,0.9479052094790521,1176
475,0.9499050094990501,1177
476,0.9519048095190481,1175
477,0.9539046095390461,1174
478,0.9559044095590441,1173
479,0.9579042095790421,1171
480,0.9599040095990401,1168
481,0.9619038096190381,1168
482,0.9639036096390361,1171
483,0.9659034096590341,1178
484,0.9679032096790321,1183
485,0.9699030096990301,1185
486,0.9719028097190281,1182
487,0.9739026097390261,1181
488,0.9759024097590241,1186
489,0.9779022097790221,1194
490,0.9799020097990201,1193
491,0.9819018098190181,1180
492,0.9839016098390161,1163
493,0.9859014098590141,1153
494,0.9879012098790121,1148
495,0.9899010098990101,1150
496,0.9919008099190081,1160
497,0.9939006099390061,1181
498,0.9959004099590041,1207
499,0.9979002099790021,1217
500,0.9999000099990001,1199
501,1.001899810018998,1167
502,1.003899610038996,1149
503,1.005899410058994,1152
504,1.007899210078992,1156
505,1.00989901009899,1144
506,1.011898810118988,1127
507,1.0138986101389862,1123
508,1.015898410158984,1139
509,1.0178982101789822,1161
510,1.01989801019898,1172
511,1.0218978102189782,1168
512,1.023897610238976,1164
513,1.0258974102589742,1165
514,1.027897210278972,1161
515,1.0298970102989702,1154
516,1.031896810318968,1157
517,1.0338966103389662,1171
518,1.035896410358964,1177
519,1.0378962103789622,1171
520,1.03989601039896,1164
521,1.0418958104189582,1165
522,1.043895610438956,1167
523,1.0458954104589542,1167
524,1.047895210478952,1163
525,1.0498950104989502,1158
526,1.051894810518948,1154
527,1.0538946105389462,1154
528,1.055894410558944,1155
529,1.0578942105789422,1155
530,1.05989401059894,1156
531,1.0618938106189382,1159
532,1.063893610638936,1157
533,1.0658934106589342,1157
534,1.067893210678932,1169
535,1.0698930106989302,1179
536,1.071892810718928,1172
537,1.0738926107389262,1155
538,1.075892410758924,1148
539,1.0778922107789222,1153
540,1.07989201079892,1157
541,1.0818918108189182,1151
542,1.083891610838916,1143
543,1.0858914108589142,1145
544,1.087891210878912,1151
545,1.0898910108989102,1153
546,1.091890810918908,1151
547,1.0938906109389062,1153
548,1.095890410958904,1160
549,1.0978902109789022,1166
550,1.0998900109989,1165
551,1.1018898110188982,1159
552,1.103889611038896,1159
553,1.1058894110588942,1165
554,1.107889211078892,1167
555,1.1098890110988902,1167
556,1.111888811118888,1173
557,1.1138886111388862,1183
558,1.115888411158884,1183
559,1.1178882111788822,1167
560,1.11988801119888,1146
561,1.1218878112188782,1140
562,1.123887611238876,1152
563,1.1258874112588741,1170
564,1.127887211278872,1180
565,1.1298870112988701,1183
566,1.131886811318868,1182
567,1.1338866113388661,1178
568,1.135886411358864,1171
569,1.1378862113788621,1167
570,1.13988601139886,1170
571,1.1418858114188581,1176
572,1.143885611438856,1176
573,1.1458854114588541,1166
574,1.147885211478852,1152
575,1.1498850114988501,1143
576,1.151884811518848,1141
577,1.1538846115388461,1140
578,1.155884411558844,1136
579,1.1578842115788421,1137
580,1.15988401159884,1145
581,1.1618838116188381,1152
582,1.163883611638836,1151
583,1.1658834116588341,1148
584,1.167883211678832,1151
585,1.1698830116988301,1159
586,1.171882811718828,1165
587,1.1738826117388261,1163
588,1.175882411758824,1154
589,1.1778822117788221,1143
590,1.17988201179882,1137
591,1.1818818118188181,1140
592,1.183881611838816,1147
593,1.1858814118588141,1148
594,1.187881211878812,1146
595,1.1898810118988101,1150
596,1.191880811918808,1164
597,1.1938806119388061,1175
598,1.195880411958804,1179
599,1.1978802119788021,1179
600,1.1998800119988,1182
601,1.2018798120187981,1189
602,1.203879612038796,1197
603,1.2058794120587941,1196
604,1.207879212078792,1183
605,1.2098790120987901,1166
606,1.211878812118788,1153
607,1.2138786121387861,1140
608,1.215878412158784,1133
609,1.2178782121787821,1138
610,1.21987801219878,1149
611,1.2218778122187781,1154
612,1.223877612238776,1147
613,1.2258774122587741,1136
614,1.227877212278772,1131
615,1.2298770122987701,1135
616,1.231876812318768,1142
617,1.233876612338766,1146
618,1.235876412358764,1143
619,1.237876212378762,1131
620,1.23987601239876,1117
621,1.241875812418758,1112
622,1.243875612438756,1117
623,1.245875412458754,1127
624,1.247875212478752,1133
625,1.24987501249875,1132
626,1.251874812518748,1127
627,1.253874612538746,1123
628,1.255874412558744,1125
629,1.257874212578742,1133
630,1.25987401259874,1140
631,1.261873812618738,1144
632,1.263873612638736,1138
633,1.265873412658734,1122
634,1.2678732126787322,1106
635,1.26987301269873,1101
636,1.2718728127187282,1105
637,1.273872612738726,1111
638,1.2758724127587242,1115
639,1.277872212778722,1121
640,1.2798720127987202,1132
641,1.281871812818718,1139
642,1.2838716128387162,1135
643,1.285871412858714,1124
644,1.2878712128787122,1119
645,1.28987101289871,1123
646,1.2918708129187082,1125
647,1.293870612938706,1115
648,1.2958704129587042,1099
649,1.297870212978702,1090
650,1.2998700129987002,1093
651,1.301869813018698,1100
652,1.3038696130386962,1105
653,1.305869413058694,1108
654,1.3078692130786922,1110
655,1.30986901309869,1114
656,1.3118688131186882,1122
657,1.313868613138686,1132
658,1.3158684131586842,1133
659,1.317868213178682,1124
660,1.3198680131986802,1120
661,1.321867813218678,1133
662,1.3238676132386762,1150
663,1.325867413258674,1153
664,1.3278672132786722,1142
665,1.32986701329867,1139
666,1.3318668133186682,1148
667,1.333866613338666,1151
668,1.3358664133586642,1146
669,1.337866213378662,1138
670,1.3398660133986602,1130
671,1.341865813418658,1121
672,1.3438656134386562,1121
673,1.345865413458654,1137
674,1.3478652134786522,1156
675,1.34986501349865,1156
676,1.3518648135186482,1142
677,1.353864613538646,1133
678,1.3558644135586442,1139
679,1.357864213578642,1143
680,1.3598640135986402,1137
681,1.361863813618638,1128
682,1.3638636136386362,1127
683,1.365863413658634,1133
684,1.3678632136786322,1137
685,1.36986301369863,1132
686,1.3718628137186282,1125
687,1.373862613738626,1127
688,1.3758624137586242,1135
689,1.377862213778622,1134
690,1.3798620137986202,1123
691,1.381861813818618,1116
692,1.3838616138386162,1123
693,1.385861413858614,1132
694,1.3878612138786122,1130
695,1.38986101389861,1117
696,1.3918608139186082,1109
697,1.393860613938606,1115
698,1.3958604139586042,1133
699,1.397860213978602,1154
700,1.3998600139986002,1169
701,1.401859814018598,1168
702,1.4038596140385962,1155
703,1.405859414058594,1144
704,1.4078592140785922,1144
705,1.40985901409859,1151
706,1.4118588141185882,1153
707,1.413858614138586,1142
708,1.4158584141585842,1124
709,1.417858214178582,1104
710,1.4198580141985802,1088
711,1.421857814218578,1085
712,1.4238576142385762,1094
713,1.425857414258574,1108
714,1.4278572142785722,1120
715,1.42985701429857,1135
716,1.4318568143185681,1153
717,1.433856614338566,1168
718,1.4358564143585641,1174
719,1.437856214378562,1173
720,1.4398560143985601,1171
721,1.441855814418558,1168
722,1.4438556144385561,1162
723,1.445855414458554,1158
724,1.4478552144785521,1158
725,1.44985501449855,1158
726,1.4518548145185481,1157
727,1.453854614538546,1161
728,1.4558544145585441,1165
729,1.457854214578542,1158
730,1.4598540145985401,1145
731,1.461853814618538,1142
732,1.4638536146385361,1149
733,1.465853414658534,1149
734,1.4678532146785321,1138
735,1.46985301469853,1134
736,1.4718528147185281,1148
737,1.473852614738526,1169
738,1.4758524147585241,1177
739,1.477852214778522,1170
740,1.4798520147985201,1161
741,1.481851814818518,1162
742,1.4838516148385161,1167
743,1.485851414858514,1173
744,1.4878512148785121,1176
745,1.48985101489851,1173
746,1.4918508149185081,1164
747,1.493850614938506,1155
748,1.4958504149585041,1156
749,1.497850214978502,1165
750,1.4998500149985001,1176
751,1.501849815018498,1182
752,1.5038496150384961,1184
753,1.505849415058494,1182
754,1.5078492150784921,1180
755,1.50984901509849,1180
756,1.5118488151184881,1175
757,1.513848615138486,1158
758,1.5158484151584841,1135
759,1.517848215178482,1126
760,1.5198480151984801,1142
761,1.5218478152184782,1169
762,1.5238476152384761,1183
763,1.5258474152584742,1176
764,1.5278472152784721,1158
765,1.5298470152984702,1148
766,1.5318468153184681,1149
767,1.5338466153384662,1154
768,1.5358464153584641,1156
769,1.5378462153784622,1157
770,1.53984601539846,1164
771,1.5418458154184582,1172
772,1.543845615438456,1169
773,1.5458454154584542,1156
774,1.547845215478452,1150
775,1.5498450154984502,1157
776,1.551844815518448,1164
777,1.5538446155384462,1167
778,1.555844415558444,1169
779,1.5578442155784422,1169
780,1.55984401559844,1165
781,1.5618438156184382,1161
782,1.563843615638436,1161
783,1.5658434156584342,1167
784,1.567843215678432,1178
785,1.5698430156984302,1187
786,1.571842815718428,1194
787,1.5738426157384262,1204
788,1.575842415758424,1211
789,1.5778422157784222,1205
790,1.57984201579842,1191
791,1.5818418158184182,1182
792,1.583841615838416,1179
793,1.5858414158584142,1178
794,1.587841215878412,1180
795,1.5898410158984102,1185
796,1.591840815918408,1187
797,1.5938406159384062,1183
798,1.595840415958404,1177
799,1.5978402159784022,1174
800,1.5998400159984,1176
801,1.6018398160183982,1175
802,1.603839616038396,1169
803,1.6058394160583942,1164
804,1.607839216078392,1163
805,1.6098390160983902,1159
806,1.611838816118388,1153
807,1.6138386161383862,1154
808,1.615838416158384,1164
809,1.6178382161783822,1168
810,1.61983801619838,1162
811,1.6218378162183782,1158
812,1.623837616238376,1159
813,1.6258374162583742,1160
814,1.627837216278372,1160
815,1.6298370162983702,1169
816,1.631836816318368,1182
817,1.6338366163383662,1183
818,1.635836416358364,1173
819,1.6378362163783622,1167
820,1.63983601639836,1171
821,1.6418358164183582,1172
822,1.643835616438356,1169
823,1.6458354164583542,1167
824,1.647835216478352,1168
825,1.6498350164983502,1168
826,1.651834816518348,1163
827,1.6538346165383462,1152
828,1.655834416558344,1148
829,1.6578342165783422,1163
830,1.65983401659834,1191
831,1.6618338166183382,1204
832,1.663833616638336,1190
833,1.6658334166583342,1165
834,1.667833216678332,1153
835,1.6698330166983302,1153
836,1.671832816718328,1154
837,1.6738326167383262,1159
838,1.675832416758324,1168
839,1.6778322167783222,1181
840,1.67983201679832,1194
841,1.6818318168183182,1204
842,1.683831616838316,1207
843,1.6858314168583142,1200
844,1.687831216878312,1196
845,1.6898310168983102,1204
846,1.691830816918308,1214
847,1.6938306169383062,1205
848,1.695830416958304,1179
849,1.6978302169783022,1153
850,1.6998300169983,1142
851,1.7018298170182982,1148
852,1.703829617038296,1164
853,1.7058294170582942,1180
854,1.707829217078292,1188
855,1.7098290170982902,1180
856,1.711828817118288,1162
857,1.7138286171382862,1148
858,1.715828417158284,1147
859,1.7178282171782822,1159
860,1.71982801719828,1169
861,1.7218278172182782,1162
862,1.723827617238276,1143
863,1.7258274172582742,1135
864,1.727827217278272,1149
865,1.7298270172982702,1170
866,1.731826817318268,1179
867,1.7338266173382662,1171
868,1.735826417358264,1158
869,1.7378262173782622,1150
870,1.73982601739826,1151
871,1.7418258174182581,1155
872,1.743825617438256,1156
873,1.7458254174582541,1155
874,1.747825217478252,1153
875,1.7498250174982501,1146
876,1.751824817518248,1138
877,1.7538246175382461,1139
878,1.755824417558244,1149
879,1.7578242175782421,1158
880,1.75982401759824,1161
881,1.7618238176182381,1165
882,1.763823617638236,1167
883,1.7658234176582341,1161
884,1.767823217678232,1156
885,1.7698230176982301,1163
886,1.771822817718228,1174
887,1.7738226177382261,1173
888,1.7758224177582242,1161
889,1.7778222177782221,1148
890,1.7798220177982202,1141
891,1.7818218178182181,1143
892,1.7838216178382162,1151
893,1.7858214178582141,1157
894,1.7878212178782122,1158
895,1.7898210178982101,1158
896,1.7918208179182082,1160
897,1.7938206179382061,1165
898,1.7958204179582042,1176
899,1.7978202179782021,1189
900,1.7998200179982002,1193
901,1.8018198180181981,1185
902,1.8038196180381962,1167
903,1.8058194180581941,1153
904,1.8078192180781922,1156
905,1.8098190180981901,1171
906,1.8118188181181882,1180
907,1.8138186181381861,1176
908,1.8158184181581842,1169
909,1.8178182181781821,1168
910,1.8198180181981802,1165
911,1.8218178182181781,1154
912,1.8238176182381762,1145
913,1.8258174182581741,1148
914,1.8278172182781722,1160
915,1.8298170182981701,1170
916,1.8318168183181682,1173
917,1.8338166183381661,1174
918,1.8358164183581642,1179
919,1.8378162183781621,1188
920,1.8398160183981602,1197
921,1.8418158184181581,1198
922,1.8438156184381562,1191
923,1.8458154184581541,1186
924,1.8478152184781522,1186
925,1.84981501849815,1185
926,1.8518148185181482,1179
927,1.853814618538146,1175
928,1.8558144185581442,1178
929,1.857814218578142,1184
930,1.8598140185981402,1185
931,1.861813818618138,1181
932,1.8638136186381362,1177
933,1.865813418658134,1174
934,1.8678132186781322,1170
935,1.86981301869813,1163
936,1.8718128187181282,1157
937,1.873812618738126,1159
938,1.8758124187581242,1167
939,1.877812218778122,1172
940,1.8798120187981202,1164
941,1.881811818818118,1150
942,1.8838116188381162,1147
943,1.885811418858114,1157
944,1.8878112188781122,1170
945,1.88981101889811,1170
946,1.8918108189181082,1161
947,1.893810618938106,1154
948,1.8958104189581042,1156
949,1.897810218978102,1164
950,1.8998100189981002,1174
951,1.901809819018098,1180
952,1.9038096190380962,1177
953,1.905809419058094,1166
954,1.9078092190780922,1157
955,1.90980901909809,1155
956,1.9118088191180882,1154
957,1.913808619138086,1149
958,1.9158084191580842,1148
959,1.917808219178082,1155
960,1.9198080191980802,1162
961,1.921807819218078,1165
962,1.9238076192380762,1171
963,1.925807419258074,1181
964,1.9278072192780722,1182
965,1.92980701929807,1166
966,1.9318068193180682,1155
967,1.933806619338066,1163
968,1.9358064193580642,1175
969,1.937806219378062,1172
970,1.9398060193980602,1157
971,1.941805819418058,1146
972,1.9438056194380562,1144
973,1.945805419458054,1147
974,1.9478052194780522,1146
975,1.94980501949805,1144
976,1.9518048195180482,1149
977,1.953804619538046,1157
978,1.9558044195580442,1158
979,1.957804219578042,1147
980,1.9598040195980402,1138
981,1.961803819618038,1142
982,1.9638036196380362,1151
983,1.965803419658034,1158
984,1.9678032196780322,1164
985,1.96980301969803,1169
986,1.9718028197180282,1166
987,1.973802619738026,1156
988,1.9758024197580242,1147
989,1.977802219778022,1144
990,1.9798020197980202,1149
991,1.981801819818018,1154
992,1.9838016198380162,1153
993,1.985801419858014,1149
994,1.9878012198780122,1150
995,1.98980101989801,1154
996,1.9918008199180082,1155
997,1.993800619938006,1153
998,1.9958004199580042,1153
999,1.997800219978002,1158
1000,1.9998000199980002,1163
1001,2.001799820017998,1171
1002,2.003799620037996,1182
1003,2.0057994200579943,1186
1004,2.007799220077992,1179
1005,2.00979902009799,1170
1006,2.011798820117988,1168
1007,2.0137986201379863,1174
1008,2.015798420157984,1183
1009,2.017798220177982,1186
1010,2.01979802019798,1175
1011,2.0217978202179783,1155
1012,2.023797620237976,1140
1013,2.025797420257974,1146
1014,2.0277972202779724,1164
1015,2.0297970202979703,1176
1016,2.031796820317968,1173
1017,2.033796620337966,1164
1018,2.0357964203579644,1158
1019,2.0377962203779623,1156
1020,2.03979602039796,1156
1021,2.041795820417958,1160
1022,2.0437956204379564,1170
1023,2.0457954204579543,1177
1024,2.047795220477952,1169
1025,2.04979502049795,1153
1026,2.0517948205179484,1140
1027,2.0537946205379463,1142
1028,2.055794420557944,1159
1029,2.057794220577942,1176
1030,2.0597940205979404,1180
1031,2.0617938206179383,1172
1032,2.063793620637936,1162
1033,2.065793420657934,1159
1034,2.0677932206779324,1161
1035,2.0697930206979303,1160
1036,2.071792820717928,1156
1037,2.073792620737926,1155
1038,2.0757924207579244,1155
1039,2.0777922207779222,1150
1040,2.07979202079792,1140
1041,2.081791820817918,1134
1042,2.0837916208379164,1139
1043,2.0857914208579142,1146
1044,2.087791220877912,1147
1045,2.08979102089791,1144
1046,2.0917908209179084,1146
1047,2.0937906209379062,1150
1048,2.095790420957904,1151
1049,2.097790220977902,1147
1050,2.0997900209979004,1141
1051,2.1017898210178982,1135
1052,2.103789621037896,1135
1053,2.105789421057894,1148
1054,2.1077892210778923,1166
1055,2.1097890210978902,1173
1056,2.111788821117888,1166
1057,2.113788621137886,1155
1058,2.1157884211578843,1148
1059,2.1177882211778822,1147
1060,2.11978802119788,1149
1061,2.121787821217878,1148
1062,2.1237876212378763,1145
1063,2.1257874212578742,1144
1064,2.127787221277872,1144
1065,2.12978702129787,1141
1066,2.1317868213178683,1136
1067,2.1337866213378662,1135
1068,2.135786421357864,1142
1069,2.137786221377862,1153
1070,2.1397860213978603,1163
1071,2.1417858214178582,1172
1072,2.143785621437856,1182
1073,2.145785421457854,1183
1074,2.1477852214778523,1177
1075,2.1497850214978502,1178
1076,2.151784821517848,1191
1077,2.153784621537846,1204
1078,2.1557844215578443,1206
1079,2.157784221577842,1199
1080,2.15978402159784,1198
1081,2.161783821617838,1205
1082,2.1637836216378363,1205
1083,2.165783421657834,1192
1084,2.167783221677832,1176
1085,2.16978302169783,1174
1086,2.1717828217178283,1187
1087,2.173782621737826,1205
1088,2.175782421757824,1215
1089,2.177782221777822,1221
1090,2.1797820217978203,1225
1091,2.181781821817818,1223
1092,2.183781621837816,1211
1093,2.185781421857814,1195
1094,2.1877812218778123,1186
1095,2.18978102189781,1183
1096,2.191780821917808,1181
1097,2.193780621937806,1175
1098,2.1957804219578043,1164
1099,2.197780221977802,1147
1100,2.1997800219978,1132
1101,2.201779822017798,1133
1102,2.2037796220377963,1149
1103,2.205779422057794,1165
1104,2.207779222077792,1169
1105,2.20977902209779,1165
1106,2.2117788221177883,1159
1107,2.213778622137786,1150
1108,2.215778422157784,1136
1109,2.217778222177782,1131
1110,2.2197780221977803,1144
1111,2.221777822217778,1166
1112,2.223777622237776,1179
1113,2.225777422257774,1174
1114,2.2277772222777723,1161
1115,2.22977702229777,1158
1116,2.231776822317768,1168
1117,2.233776622337766,1180
1118,2.2357764223577643,1181
1119,2.237776222377762,1168
1120,2.23977602239776,1154
1121,2.241775822417758,1151
1122,2.2437756224377563,1155
1123,2.245775422457754,1154
1124,2.247775222477752,1144
1125,2.24977502249775,1136
1126,2.2517748225177483,1146
1127,2.253774622537746,1170
1128,2.255774422557744,1190
1129,2.257774222577742,1191
1130,2.2597740225977403,1176
1131,2.261773822617738,1160
1132,2.263773622637736,1157
1133,2.265773422657734,1162
1134,2.2677732226777323,1163
1135,2.26977302269773,1158
1136,2.271772822717728,1154
1137,2.273772622737726,1152
1138,2.2757724227577243,1152
1139,2.277772222777722,1159
1140,2.27977202279772,1169
1141,2.2817718228177184,1172
1142,2.2837716228377163,1169
1143,2.285771422857714,1165
1144,2.287771222877712,1163
1145,2.2897710228977104,1166
1146,2.2917708229177083,1170
1147,2.293770622937706,1171
1148,2.295770422957704,1167
1149,2.2977702229777024,1162
1150,2.2997700229977003,1162
1151,2.301769823017698,1170
1152,2.303769623037696,1180
1153,2.3057694230576944,1178
1154,2.3077692230776923,1162
1155,2.30976902309769,1147
1156,2.311768823117688,1143
1157,2.3137686231376864,1152
1158,2.3157684231576843,1158
1159,2.317768223177682,1154
1160,2.31976802319768,1144
1161,2.3217678232176784,1137
1162,2.3237676232376763,1138
1163,2.325767423257674,1145
1164,2.327767223277672,1156
1165,2.3297670232976704,1165
1166,2.3317668233176683,1164
1167,2.333766623337666,1150
1168,2.335766423357664,1134
1169,2.3377662233776624,1131
1170,2.3397660233976603,1140
1171,2.341765823417658,1148
1172,2.343765623437656,1150
1173,2.3457654234576544,1155
1174,2.3477652234776523,1164
1175,2.34976502349765,1174
1176,2.351764823517648,1179
1177,2.3537646235376464,1175
1178,2.3557644235576443,1163
1179,2.357764223577642,1155
1180,2.35976402359764,1161
1181,2.3617638236176384,1173
1182,2.3637636236376363,1181
1183,2.365763423657634,1181
1184,2.367763223677632,1176
1185,2.3697630236976304,1170
1186,2.3717628237176283,1167
1187,2.373762623737626,1167
1188,2.375762423757624,1163
1189,2.3777622237776224,1153
1190,2.3797620237976203,1139
1191,2.381761823817618,1129
1192,2.383761623837616,1130
1193,2.3857614238576144,1138
1194,2.3877612238776122,1143
1195,2.38976102389761,1143
1196,2.391760823917608,1144
1197,2.3937606239376064,1146
1198,2.3957604239576042,1150
1199,2.397760223977602,1160
1200,2.3997600239976,1178
1201,2.4017598240175984,1191
1202,2.4037596240375962,1187
1203,2.405759424057594,1169
1204,2.407759224077592,1155
1205,2.4097590240975904,1156
1206,2.4117588241175882,1164
1207,2.413758624137586,1169
1208,2.415758424157584,1168
1209,2.4177582241775823,1160
1210,2.4197580241975802,1143
1211,2.421757824217578,1124
1212,2.423757624237576,1122
1213,2.4257574242575743,1142
1214,2.4277572242775722,1166
1215,2.42975702429757,1177
1216,2.431756824317568,1173
1217,2.4337566243375663,1165
1218,2.4357564243575642,1160
1219,2.437756224377562,1158
1220,2.43975602439756,1161
1221,2.4417558244175583,1160
1222,2.4437556244375562,1143
1223,2.445755424457554,1122
1224,2.447755224477552,1121
1225,2.4497550244975503,1137
1226,2.4517548245175482,1144
1227,2.453754624537546,1133
1228,2.455754424557544,1121
1229,2.4577542245775423,1124
1230,2.4597540245975402,1141
1231,2.461753824617538,1163
1232,2.463753624637536,1175
1233,2.4657534246575343,1171
1234,2.467753224677532,1152
1235,2.46975302469753,1130
1236,2.471752824717528,1122
1237,2.4737526247375263,1130
1238,2.475752424757524,1134
1239,2.477752224777522,1120
1240,2.47975202479752,1099
1241,2.4817518248175183,1089
1242,2.483751624837516,1092
1243,2.485751424857514,1099
1244,2.487751224877512,1102
1245,2.4897510248975103,1103
1246,2.491750824917508,1106
1247,2.493750624937506,1107
1248,2.495750424957504,1102
1249,2.4977502249775023,1098
1250,2.4997500249975,1109
1251,2.501749825017498,1132
1252,2.503749625037496,1146
1253,2.5057494250574943,1138
1254,2.507749225077492,1118
1255,2.50974902509749,1105
1256,2.511748825117488,1113
1257,2.5137486251374863,1138
1258,2.515748425157484,1155
1259,2.517748225177482,1148
1260,2.51974802519748,1129
1261,2.5217478252174783,1114
1262,2.523747625237476,1103
1263,2.525747425257474,1096
1264,2.527747225277472,1101
1265,2.5297470252974703,1110
1266,2.531746825317468,1114
1267,2.533746625337466,1114
1268,2.5357464253574644,1114
1269,2.5377462253774623,1119
1270,2.53974602539746,1127
1271,2.541745825417458,1137
1272,2.5437456254374564,1146
1273,2.5457454254574543,1153
1274,2.547745225477452,1153
1275,2.54974502549745,1142
1276,2.5517448255174484,1121
1277,2.5537446255374463,1101
1278,2.555744425557444,1098
1279,2.557744225577442,1111
1280,2.5597440255974404,1121
1281,2.5617438256174383,1114
1282,2.563743625637436,1098
1283,2.565743425657434,1097
1284,2.5677432256774324,1119
1285,2.5697430256974303,1140
1286,2.571742825717428,1140
1287,2.573742625737426,1125
1288,2.5757424257574244,1120
1289,2.5777422257774223,1132
1290,2.57974202579742,1144
1291,2.581741825817418,1141
1292,2.5837416258374164,1131
1293,2.5857414258574143,1127
1294,2.587741225877412,1125
1295,2.58974102589741,1115
1296,2.5917408259174084,1104
1297,2.5937406259374063,1101
1298,2.595740425957404,1108
1299,2.597740225977402,1113
1300,2.5997400259974004,1110
1301,2.6017398260173983,1105
1302,2.603739626037396,1106
1303,2.605739426057394,1111
1304,2.6077392260773924,1112
1305,2.6097390260973903,1106
1306,2.611738826117388,1099
1307,2.613738626137386,1097
1308,2.6157384261573844,1101
1309,2.6177382261773823,1105
1310,2.61973802619738,1107
1311,2.621737826217378,1108
1312,2.6237376262373764,1109
1313,2.6257374262573743,1109
1314,2.627737226277372,1111
1315,2.62973702629737,1122
1316,2.6317368263173684,1136
1317,2.6337366263373663,1141
1318,2.635736426357364,1135
1319,2.637736226377362,1125
1320,2.6397360263973604,1118
1321,2.6417358264173583,1120
1322,2.643735626437356,1130
1323,2.645735426457354,1139
1324,2.6477352264773524,1139
1325,2.6497350264973503,1131
1326,2.651734826517348,1123
1327,2.653734626537346,1121
1328,2.6557344265573444,1124
1329,2.6577342265773423,1128
1330,2.65973402659734,1129
1331,2.661733826617338,1131
1332,2.6637336266373364,1133
1333,2.6657334266573343,1134
1334,2.667733226677332,1131
1335,2.66973302669733,1127
1336,2.6717328267173284,1123
1337,2.6737326267373263,1118
1338,2.675732426757324,1118
1339,2.677732226777322,1130
1340,2.6797320267973204,1151
1341,2.6817318268173183,1164
1342,2.683731626837316,1159
1343,2.685731426857314,1145
1344,2.6877312268773124,1140
1345,2.6897310268973103,1148
1346,2.691730826917308,1156
1347,2.693730626937306,1157
1348,2.6957304269573044,1156
1349,2.6977302269773022,1158
1350,2.6997300269973,1159
1351,2.701729827017298,1161
1352,2.7037296270372964,1166
1353,2.7057294270572942,1169
1354,2.707729227077292,1168
1355,2.70972902709729,1170
1356,2.7117288271172884,1182
1357,2.7137286271372862,1195
1358,2.715728427157284,1195
1359,2.717728227177282,1181
1360,2.7197280271972804,1165
1361,2.7217278272172782,1160
1362,2.723727627237276,1164
1363,2.725727427257274,1171
1364,2.7277272272772723,1178
1365,2.7297270272972702,1184
1366,2.731726827317268,1185
1367,2.733726627337266,1182
1368,2.7357264273572643,1180
1369,2.7377262273772622,1176
1370,2.73972602739726,1164
1371,2.741725827417258,1147
1372,2.7437256274372563,1138
1373,2.7457254274572542,1143
1374,2.747725227477252,1157
1375,2.74972502749725,1170
1376,2.7517248275172483,1171
1377,2.7537246275372462,1161
1378,2.755724427557244,1149
1379,2.757724227577242,1147
1380,2.7597240275972403,1150
1381,2.7617238276172382,1148
1382,2.763723627637236,1144
1383,2.765723427657234,1144
1384,2.7677232276772323,1143
1385,2.7697230276972302,1137
1386,2.771722827717228,1133
1387,2.773722627737226,1137
1388,2.7757224277572243,1147
1389,2.777722227777222,1160
1390,2.77972202779722,1168
1391,2.781721827817218,1170
1392,2.7837216278372163,1168
1393,2.785721427857214,1165
1394,2.787721227877212,1165
1395,2.7897210278972104,1173
1396,2.7917208279172083,1181
1397,2.793720627937206,1176
1398,2.795720427957204,1161
1399,2.7977202279772024,1146
1400,2.7997200279972003,1139
1401,2.801719828017198,1141
1402,2.803719628037196,1146
1403,2.8057194280571944,1147
1404,2.8077192280771923,1141
1405,2.80971902809719,1133
1406,2.811718828117188,1133
1407,2.8137186281371864,1141
1408,2.8157184281571843,1144
1409,2.817718228177182,1138
1410,2.81971802819718,1134
1411,2.8217178282171784,1142
1412,2.8237176282371763,1153
1413,2.825717428257174,1154
1414,2.827717228277172,1144
1415,2.8297170282971704,1135
1416,2.8317168283171683,1133
1417,2.833716628337166,1134
1418,2.835716428357164,1133
1419,2.8377162283771624,1132
1420,2.8397160283971603,1134
1421,2.841715828417158,1140
1422,2.843715628437156,1141
1423,2.8457154284571544,1135
1424,2.8477152284771523,1129
1425,2.84971502849715,1133
1426,2.851714828517148,1144
1427,2.8537146285371464,1158
1428,2.8557144285571443,1170
1429,2.857714228577142,1169
1430,2.85971402859714,1154
1431,2.8617138286171384,1142
1432,2.8637136286371363,1145
1433,2.865713428657134,1161
1434,2.867713228677132,1177
1435,2.8697130286971304,1184
1436,2.8717128287171283,1179
1437,2.873712628737126,1167
1438,2.875712428757124,1157
1439,2.8777122287771224,1151
1440,2.8797120287971203,1151
1441,2.881711828817118,1150
1442,2.883711628837116,1145
1443,2.8857114288571144,1142
1444,2.8877112288771123,1144
1445,2.88971102889711,1144
1446,2.891710828917108,1136
1447,2.8937106289371064,1134
1448,2.8957104289571043,1149
1449,2.897710228977102,1171
1450,2.8997100289971,1180
1451,2.9017098290170984,1173
1452,2.9037096290370963,1158
1453,2.905709429057094,1147
1454,2.907709229077092,1143
1455,2.9097090290970904,1147
1456,2.9117088291170883,1153
1457,2.913708629137086,1156
1458,2.915708429157084,1154
1459,2.9177082291770824,1149
1460,2.9197080291970803,1146
1461,2.921707829217078,1145
1462,2.923707629237076,1141
1463,2.9257074292570744,1137
1464,2.9277072292770723,1136
1465,2.92970702929707,1138
1466,2.931706829317068,1137
1467,2.9337066293370664,1133
1468,2.9357064293570643,1135
1469,2.937706229377062,1143
1470,2.93970602939706,1152
1471,2.9417058294170584,1157
1472,2.9437056294370563,1157
1473,2.945705429457054,1156
1474,2.947705229477052,1157
1475,2.9497050294970504,1158
1476,2.9517048295170483,1150
1477,2.953704629537046,1136
1478,2.955704429557044,1125
1479,2.9577042295770424,1122
1480,2.9597040295970403,1122
1481,2.961703829617038,1119
1482,2.963703629637036,1117
1483,2.9657034296570344,1127
1484,2.9677032296770323,1151
1485,2.96970302969703,1168
1486,2.971702829717028,1164
1487,2.9737026297370264,1148
1488,2.9757024297570243,1147
1489,2.977702229777022,1167
1490,2.97970202979702,1184
1491,2.9817018298170184,1183
1492,2.9837016298370163,1176
1493,2.985701429857014,1177
1494,2.987701229877012,1182
1495,2.9897010298970104,1175
1496,2.9917008299170083,1162
1497,2.993700629937006,1158
1498,2.995700429957004,1168
1499,2.9977002299770024,1178
1500,2.9997000299970003,1185
1501,3.001699830016998,1189
1502,3.003699630036996,1192
1503,3.0056994300569944,1186
1504,3.0076992300769922,1172
1505,3.00969903009699,1167
1506,3.011698830116988,1183
1507,3.0136986301369864,1202
1508,3.0156984301569842,1202
1509,3.017698230176982,1183
1510,3.01969803019698,1170
1511,3.0216978302169784,1178
1512,3.0236976302369762,1195
1513,3.025697430256974,1198
1514,3.027697230276972,1185
1515,3.0296970302969704,1170
1516,3.0316968303169682,1165
1517,3.033696630336966,1172
1518,3.035696430356964,1181
1519,3.0376962303769623,1178
1520,3.0396960303969602,1162
1521,3.041695830416958,1145
1522,3.0436956304369565,1141
1523,3.0456954304569543,1147
1524,3.0476952304769522,1152
1525,3.04969503049695,1150
1526,3.0516948305169485,1145
1527,3.0536946305369463,1139
1528,3.0556944305569442,1136
1529,3.057694230576942,1141
1530,3.0596940305969405,1155
1531,3.0616938306169383,1170
1532,3.0636936306369362,1170
1533,3.065693430656934,1155
1534,3.0676932306769324,1139
1535,3.0696930306969303,1139
1536,3.0716928307169282,1154
1537,3.073692630736926,1165
1538,3.0756924307569244,1161
1539,3.0776922307769223,1150
1540,3.07969203079692,1146
1541,3.081691830816918,1153
1542,3.0836916308369164,1163
1543,3.0856914308569143,1172
1544,3.087691230876912,1177
1545,3.08969103089691,1177
1546,3.0916908309169084,1171
1547,3.0936906309369063,1164
1548,3.095690430956904,1166
1549,3.097690230976902,1172
1550,3.0996900309969004,1173
1551,3.1016898310168983,1167
1552,3.103689631036896,1161
1553,3.105689431056894,1155
1554,3.1076892310768924,1149
1555,3.1096890310968903,1151
1556,3.111688831116888,1160
1557,3.113688631136886,1167
1558,3.1156884311568844,1167
1559,3.1176882311768823,1158
1560,3.11968803119688,1146
1561,3.121687831216878,1140
1562,3.1236876312368764,1141
1563,3.1256874312568743,1142
1564,3.127687231276872,1142
1565,3.12968703129687,1146
1566,3.1316868313168684,1160
1567,3.1336866313368663,1179
1568,3.135686431356864,1190
1569,3.137686231376862,1191
1570,3.1396860313968604,1189
1571,3.1416858314168583,1188
1572,3.143685631436856,1187
1573,3.145685431456854,1185
1574,3.1476852314768524,1180
1575,3.1496850314968503,1173
1576,3.151684831516848,1168
1577,3.153684631536846,1165
1578,3.1556844315568444,1162
1579,3.1576842315768423,1154
1580,3.15968403159684,1148
1581,3.161683831616838,1150
1582,3.1636836316368364,1154
1583,3.1656834316568343,1155
1584,3.167683231676832,1153
1585,3.16968303169683,1151
1586,3.1716828317168284,1146
1587,3.1736826317368263,1143
1588,3.175682431756824,1147
1589,3.177682231776822,1156
1590,3.1796820317968204,1165
1591,3.1816818318168183,1173
1592,3.183681631836816,1177
1593,3.185681431856814,1172
1594,3.1876812318768124,1165
1595,3.1896810318968103,1167
1596,3.191680831916808,1180
1597,3.193680631936806,1188
1598,3.1956804319568044,1181
1599,3.1976802319768023,1165
1600,3.1996800319968,1156
1601,3.201679832016798,1159
1602,3.2036796320367964,1165
1603,3.2056794320567943,1161
1604,3.207679232076792,1152
1605,3.20967903209679,1146
1606,3.2116788321167884,1145
1607,3.2136786321367863,1145
1608,3.215678432156784,1142
1609,3.217678232176782,1132
1610,3.2196780321967804,1121
1611,3.2216778322167783,1115
1612,3.223677632236776,1113
1613,3.225677432256774,1107
1614,3.2276772322767724,1098
1615,3.2296770322967703,1094
1616,3.231676832316768,1097
1617,3.233676632336766,1101
1618,3.2356764323567644,1103
1619,3.2376762323767623,1103
1620,3.23967603239676,1105
1621,3.241675832416758,1110
1622,3.2436756324367564,1112
1623,3.2456754324567543,1109
1624,3.247675232476752,1105
1625,3.24967503249675,1107
1626,3.2516748325167484,1110
1627,3.2536746325367463,1103
1628,3.255674432556744,1089
1629,3.257674232576742,1085
1630,3.2596740325967404,1099
1631,3.2616738326167383,1119
1632,3.263673632636736,1134
1633,3.265673432656734,1145
1634,3.2676732326767324,1150
1635,3.2696730326967303,1143
1636,3.271672832716728,1131
1637,3.273672632736726,1131
1638,3.2756724327567244,1145
1639,3.2776722327767223,1157
1640,3.27967203279672,1155
1641,3.281671832816718,1143
1642,3.2836716328367164,1130
1643,3.2856714328567143,1131
1644,3.287671232876712,1149
1645,3.28967103289671,1163
1646,3.2916708329167084,1160
1647,3.2936706329367063,1149
1648,3.295670432956704,1147
1649,3.2976702329767025,1156
1650,3.2996700329967004,1165
1651,3.3016698330166983,1164
1652,3.303669633036696,1154
1653,3.3056694330566945,1149
1654,3.3076692330766924,1157
1655,3.3096690330966902,1170
1656,3.311668833116688,1177
1657,3.3136686331366865,1172
1658,3.3156684331566844,1163
1659,3.3176682331766822,1156
1660,3.31966803319668,1154
1661,3.3216678332166785,1154
1662,3.3236676332366764,1153
1663,3.3256674332566742,1151
1664,3.327667233276672,1153
1665,3.3296670332966705,1163
1666,3.3316668333166684,1173
1667,3.3336666333366662,1176
1668,3.335666433356664,1171
1669,3.3376662333766625,1170
1670,3.3396660333966603,1176
1671,3.3416658334166582,1179
1672,3.343665633436656,1169
1673,3.3456654334566545,1149
1674,3.3476652334766523,1132
1675,3.3496650334966502,1131
1676,3.351664833516648,1144
1677,3.3536646335366465,1155
1678,3.3556644335566443,1155
1679,3.3576642335766422,1157
1680,3.35966403359664,1170
1681,3.3616638336166385,1188
1682,3.3636636336366363,1196
1683,3.3656634336566342,1196
1684,3.367663233676632,1198
1685,3.3696630336966304,1200
1686,3.3716628337166283,1196
1687,3.3736626337366262,1184
1688,3.375662433756624,1172
1689,3.3776622337766224,1165
1690,3.3796620337966203,1165
1691,3.3816618338166182,1165
1692,3.383661633836616,1162
1693,3.3856614338566144,1159
1694,3.3876612338766123,1166
1695,3.38966103389661,1182
1696,3.391660833916608,1195
1697,3.3936606339366064,1196
1698,3.3956604339566043,1186
1699,3.397660233976602,1177
1700,3.3996600339966,1169
1701,3.4016598340165984,1159
1702,3.4036596340365963,1150
1703,3.405659434056594,1147
1704,3.407659234076592,1147
1705,3.4096590340965904,1144
1706,3.4116588341165883,1136
1707,3.413658634136586,1129
1708,3.415658434156584,1129
1709,3.4176582341765824,1136
1710,3.4196580341965803,1141
1711,3.421657834216578,1140
1712,3.423657634236576,1136
1713,3.4256574342565744,1135
1714,3.4276572342765723,1141
1715,3.42965703429657,1150
1716,3.431656834316568,1155
1717,3.4336566343365664,1156
1718,3.4356564343565643,1152
1719,3.437656234376562,1148
1720,3.43965603439656,1146
1721,3.4416558344165584,1148
1722,3.4436556344365563,1154
1723,3.445655434456554,1160
1724,3.447655234476552,1161
1725,3.4496550344965504,1152
1726,3.4516548345165483,1134
1727,3.453654634536546,1117
1728,3.455654434556544,1111
1729,3.4576542345765424,1116
1730,3.4596540345965403,1121
1731,3.461653834616538,1123
1732,3.463653634636536,1129
1733,3.4656534346565344,1136
1734,3.4676532346765323,1140
1735,3.46965303469653,1142
1736,3.471652834716528,1149
1737,3.4736526347365264,1160
1738,3.4756524347565243,1165
1739,3.477652234776522,1162
1740,3.47965203479652,1161
1741,3.4816518348165184,1167
1742,3.4836516348365163,1175
1743,3.485651434856514,1179
1744,3.487651234876512,1181
1745,3.4896510348965104,1182
1746,3.4916508349165083,1183
1747,3.493650634936506,1184
1748,3.495650434956504,1186
1749,3.4976502349765024,1191
1750,3.4996500349965003,1199
1751,3.501649835016498,1207
1752,3.503649635036496,1205
1753,3.5056494350564944,1190
1754,3.5076492350764923,1175
1755,3.50964903509649,1170
1756,3.511648835116488,1170
1757,3.5136486351364864,1172
1758,3.5156484351564843,1174
1759,3.517648235176482,1172
1760,3.51964803519648,1162
1761,3.5216478352164784,1149
1762,3.5236476352364763,1139
1763,3.525647435256474,1138
1764,3.527647235276472,1147
1765,3.5296470352964704,1155
1766,3.5316468353164683,1155
1767,3.533646635336466,1152
1768,3.535646435356464,1153
1769,3.5376462353764624,1156
1770,3.5396460353964603,1162
1771,3.541645835416458,1175
1772,3.543645635436456,1193
1773,3.5456454354564544,1202
1774,3.5476452354764523,1194
1775,3.54964503549645,1187
1776,3.5516448355164485,1197
1777,3.5536446355364464,1212
1778,3.5556444355564443,1205
1779,3.557644235576442,1180
1780,3.5596440355964405,1165
1781,3.5616438356164384,1170
1782,3.5636436356364363,1181
1783,3.565643435656434,1183
1784,3.5676432356764325,1176
1785,3.5696430356964304,1171
1786,3.5716428357164283,1174
1787,3.573642635736426,1181
1788,3.5756424357564245,1192
1789,3.5776422357764224,1204
1790,3.5796420357964203,1208
1791,3.581641835816418,1207
1792,3.5836416358364165,1208
1793,3.5856414358564144,1209
1794,3.5876412358764123,1203
1795,3.58964103589641,1193
1796,3.5916408359164085,1185
1797,3.5936406359364064,1180
1798,3.5956404359564043,1174
1799,3.597640235976402,1172
1800,3.5996400359964005,1180
1801,3.6016398360163984,1188
1802,3.6036396360363963,1185
1803,3.605639436056394,1179
1804,3.6076392360763925,1181
1805,3.6096390360963904,1186
1806,3.6116388361163883,1184
1807,3.613638636136386,1180
1808,3.6156384361563845,1190
1809,3.6176382361763824,1207
1810,3.6196380361963802,1213
1811,3.621637836216378,1202
1812,3.6236376362363765,1185
1813,3.6256374362563744,1173
1814,3.6276372362763722,1167
1815,3.62963703629637,1166
1816,3.6316368363163685,1167
1817,3.6336366363363664,1171
1818,3.6356364363563642,1177
1819,3.637636236376362,1182
1820,3.6396360363963605,1186
1821,3.6416358364163584,1188
1822,3.6436356364363562,1186
1823,3.645635436456354,1179
1824,3.6476352364763525,1172
1825,3.6496350364963503,1170
1826,3.6516348365163482,1171
1827,3.653634636536346,1173
1828,3.6556344365563445,1174
1829,3.6576342365763423,1168
1830,3.6596340365963402,1154
1831,3.661633836616338,1146
1832,3.6636336366363365,1153
1833,3.6656334366563343,1165
1834,3.6676332366763322,1167
1835,3.66963303669633,1162
1836,3.6716328367163285,1163
1837,3.6736326367363263,1169
1838,3.6756324367563242,1168
1839,3.677632236776322,1158
1840,3.6796320367963204,1149
1841,3.6816318368163183,1146
1842,3.6836316368363162,1149
1843,3.685631436856314,1154
1844,3.6876312368763124,1155
1845,3.6896310368963103,1150
1846,3.6916308369163082,1145
1847,3.693630636936306,1145
1848,3.6956304369563044,1142
1849,3.6976302369763023,1132
1850,3.6996300369963,1127
1851,3.701629837016298,1133
1852,3.7036296370362964,1138
1853,3.7056294370562943,1136
1854,3.707629237076292,1131
1855,3.70962903709629,1129
1856,3.7116288371162884,1132
1857,3.7136286371362863,1140
1858,3.715628437156284,1152
1859,3.717628237176282,1158
1860,3.7196280371962804,1151
1861,3.7216278372162783,1142
1862,3.723627637236276,1146
1863,3.725627437256274,1164
1864,3.7276272372762724,1183
1865,3.7296270372962703,1185
1866,3.731626837316268,1170
1867,3.733626637336266,1153
1868,3.7356264373562644,1150
1869,3.7376262373762623,1161
1870,3.73962603739626,1170
1871,3.741625837416258,1165
1872,3.7436256374362564,1152
1873,3.7456254374562543,1143
1874,3.747625237476252,1142
1875,3.74962503749625,1147
1876,3.7516248375162484,1154
1877,3.7536246375362463,1154
1878,3.755624437556244,1147
1879,3.757624237576242,1138
1880,3.7596240375962404,1129
1881,3.7616238376162383,1122
1882,3.763623637636236,1120
1883,3.765623437656234,1122
1884,3.7676232376762324,1122
1885,3.7696230376962303,1116
1886,3.771622837716228,1109
1887,3.773622637736226,1107
1888,3.7756224377562244,1108
1889,3.7776222377762223,1114
1890,3.77962203779622,1127
1891,3.781621837816218,1143
1892,3.7836216378362164,1147
1893,3.7856214378562143,1139
1894,3.787621237876212,1135
1895,3.78962103789621,1144
1896,3.7916208379162084,1153
1897,3.7936206379362063,1148
1898,3.795620437956204,1139
1899,3.797620237976202,1137
1900,3.7996200379962004,1139
1901,3.8016198380161983,1139
1902,3.803619638036196,1136
1903,3.8056194380561945,1137
1904,3.8076192380761924,1147
1905,3.8096190380961903,1162
1906,3.811618838116188,1173
1907,3.8136186381361865,1175
1908,3.8156184381561844,1173
1909,3.8176182381761823,1171
1910,3.81961803819618,1168
1911,3.8216178382161785,1164
1912,3.8236176382361764,1159
1913,3.8256174382561743,1155
1914,3.827617238276172,1156
1915,3.8296170382961705,1165
1916,3.8316168383161684,1174
1917,3.8336166383361663,1179
1918,3.835616438356164,1178
1919,3.8376162383761625,1173
1920,3.8396160383961604,1168
1921,3.8416158384161583,1166
1922,3.843615638436156,1163
1923,3.8456154384561545,1154
1924,3.8476152384761524,1139
1925,3.8496150384961503,1127
1926,3.851614838516148,1127
1927,3.8536146385361465,1132
1928,3.8556144385561444,1129
1929,3.8576142385761423,1114
1930,3.85961403859614,1104
1931,3.8616138386161385,1111
1932,3.8636136386361364,1132
1933,3.8656134386561343,1150
1934,3.867613238676132,1157
1935,3.8696130386961305,1154
1936,3.8716128387161284,1145
1937,3.8736126387361263,1137
1938,3.875612438756124,1136
1939,3.8776122387761225,1142
1940,3.8796120387961204,1147
1941,3.8816118388161183,1146
1942,3.883611638836116,1137
1943,3.8856114388561145,1124
1944,3.8876112388761124,1119
1945,3.8896110388961103,1126
1946,3.891610838916108,1139
1947,3.8936106389361065,1145
1948,3.8956104389561044,1142
1949,3.8976102389761023,1140
1950,3.8996100389961,1151
1951,3.9016098390160985,1166
1952,3.9036096390360964,1168
1953,3.9056094390560943,1156
1954,3.907609239076092,1141
1955,3.9096090390960905,1133
1956,3.9116088391160884,1132
1957,3.9136086391360863,1134
1958,3.915608439156084,1138
1959,3.9176082391760825,1144
1960,3.9196080391960804,1141
1961,3.9216078392160783,1125
1962,3.923607639236076,1112
1963,3.9256074392560745,1112
1964,3.9276072392760724,1119
1965,3.9296070392960702,1123
1966,3.931606839316068,1121
1967,3.9336066393360665,1117
1968,3.9356064393560644,1108
1969,3.9376062393760622,1097
1970,3.93960603939606,1090
1971,3.9416058394160585,1090
1972,3.9436056394360564,1094
1973,3.9456054394560542,1096
1974,3.947605239476052,1097
1975,3.9496050394960505,1098
1976,3.9516048395160484,1099
1977,3.9536046395360462,1101
1978,3.955604439556044,1111
1979,3.9576042395760425,1123
1980,3.9596040395960403,1128
1981,3.9616038396160382,1126
1982,3.963603639636036,1119
1983,3.9656034396560345,1107
1984,3.9676032396760323,1093
1985,3.9696030396960302,1089
1986,3.971602839716028,1098
1987,3.9736026397360265,1104
1988,3.9756024397560243,1095
1989,3.9776022397760222,1083
1990,3.97960203979602,1084
1991,3.9816018398160185,1100
1992,3.9836016398360163,1119
1993,3.9856014398560142,1128
1994,3.987601239876012,1127
1995,3.9896010398960104,1123
1996,3.9916008399160083,1120
1997,3.9936006399360062,1116
1998,3.995600439956004,1112
1999,3.9976002399760024,1116
2000,3.9996000399960003,1125
2001,4.001599840015999,1134
2002,4.003599640035996,1140
2003,4.005599440055994,1150
2004,4.007599240075992,1161
2005,4.00959904009599,1163
2006,4.0115988401159886,1149
2007,4.013598640135986,1128
2008,4.015598440155984,1109
2009,4.017598240175983,1096
2010,4.01959804019598,1091
2011,4.021597840215978,1092
2012,4.023597640235976,1092
2013,4.025597440255974,1083
2014,4.0275972402759725,1072
2015,4.02959704029597,1065
2016,4.031596840315968,1066
2017,4.033596640335967,1081
2018,4.035596440355964,1101
2019,4.037596240375962,1112
2020,4.03959604039596,1109
2021,4.041595840415958,1106
2022,4.0435956404359565,1106
2023,4.045595440455954,1103
2024,4.047595240475952,1098
2025,4.049595040495951,1099
2026,4.051594840515948,1103
2027,4.053594640535946,1099
2028,4.055594440555945,1091
2029,4.057594240575942,1088
2030,4.0595940405959405,1098
2031,4.061593840615938,1114
2032,4.063593640635936,1126
2033,4.065593440655935,1124
2034,4.067593240675932,1114
2035,4.06959304069593,1108
2036,4.071592840715929,1113
2037,4.073592640735926,1125
2038,4.0755924407559245,1133
2039,4.077592240775922,1134
2040,4.07959204079592,1131
2041,4.081591840815919,1126
2042,4.083591640835916,1119
2043,4.085591440855914,1112
2044,4.087591240875913,1109
2045,4.08959104089591,1111
2046,4.0915908409159085,1118
2047,4.093590640935906,1130
2048,4.095590440955904,1140
2049,4.097590240975903,1140
2050,4.0995900409959,1133
2051,4.101589841015898,1137
2052,4.103589641035897,1153
2053,4.105589441055894,1165
2054,4.1075892410758925,1164
2055,4.10958904109589,1158
2056,4.111588841115888,1151
2057,4.113588641135887,1141
2058,4.115588441155884,1130
2059,4.117588241175882,1127
2060,4.119588041195881,1130
2061,4.121587841215878,1130
2062,4.1235876412358765,1120
2063,4.125587441255874,1106
2064,4.127587241275872,1102
2065,4.129587041295871,1110
2066,4.131586841315868,1126
2067,4.133586641335866,1136
2068,4.135586441355865,1137
2069,4.137586241375862,1135
2070,4.1395860413958605,1135
2071,4.141585841415858,1132
2072,4.143585641435856,1126
2073,4.145585441455855,1126
2074,4.147585241475852,1131
2075,4.14958504149585,1130
2076,4.151584841515849,1121
2077,4.153584641535846,1115
2078,4.1555844415558445,1121
2079,4.157584241575842,1139
2080,4.15958404159584,1149
2081,4.161583841615839,1135
2082,4.163583641635836,1109
2083,4.165583441655834,1102
2084,4.167583241675833,1113
2085,4.16958304169583,1119
2086,4.1715828417158285,1113
2087,4.173582641735826,1104
2088,4.175582441755824,1100
2089,4.177582241775823,1102
2090,4.17958204179582,1106
2091,4.181581841815818,1111
2092,4.183581641835817,1122
2093,4.185581441855814,1134
2094,4.1875812418758125,1143
2095,4.18958104189581,1144
2096,4.191580841915808,1142
2097,4.193580641935807,1139
2098,4.195580441955804,1138
2099,4.197580241975802,1139
2100,4.199580041995801,1139
2101,4.201579842015798,1137
2102,4.2035796420357965,1135
2103,4.205579442055794,1139
2104,4.207579242075792,1146
2105,4.209579042095791,1156
2106,4.211578842115788,1168
2107,4.213578642135786,1172
2108,4.215578442155785,1164
2109,4.217578242175782,1143
2110,4.2195780421957805,1117
2111,4.221577842215778,1102
2112,4.223577642235776,1105
2113,4.225577442255775,1115
2114,4.227577242275772,1117
2115,4.22957704229577,1115
2116,4.231576842315769,1117
2117,4.233576642335766,1122
2118,4.2355764423557645,1125
2119,4.237576242375762,1129
2120,4.23957604239576,1142
2121,4.241575842415759,1159
2122,4.243575642435756,1164
2123,4.245575442455754,1151
2124,4.247575242475753,1130
2125,4.24957504249575,1117
2126,4.2515748425157485,1121
2127,4.253574642535746,1133
2128,4.255574442555744,1134
2129,4.257574242575743,1121
2130,4.25957404259574,1112
2131,4.261573842615738,1122
2132,4.263573642635737,1138
2133,4.265573442655734,1141
2134,4.2675732426757325,1132
2135,4.26957304269573,1126
2136,4.271572842715728,1131
2137,4.273572642735727,1136
2138,4.275572442755724,1127
2139,4.277572242775722,1116
2140,4.279572042795721,1116
2141,4.281571842815718,1123
2142,4.2835716428357165,1124
2143,4.285571442855714,1121
2144,4.287571242875712,1126
2145,4.289571042895711,1135
2146,4.291570842915708,1140
2147,4.293570642935706,1139
2148,4.295570442955705,1136
2149,4.297570242975702,1133
2150,4.2995700429957004,1134
2151,4.301569843015698,1138
2152,4.303569643035696,1141
2153,4.305569443055695,1142
2154,4.307569243075692,1142
2155,4.30956904309569,1137
2156,4.311568843115689,1128
2157,4.313568643135686,1123
2158,4.315568443155684,1123
2159,4.317568243175683,1126
2160,4.31956804319568,1136
2161,4.3215678432156786,1151
2162,4.323567643235676,1156
2163,4.325567443255674,1145
2164,4.327567243275673,1132
2165,4.32956704329567,1129
2166,4.331566843315668,1133
2167,4.333566643335667,1138
2168,4.335566443355664,1138
2169,4.3375662433756625,1135
2170,4.33956604339566,1132
2171,4.341565843415658,1126
2172,4.343565643435657,1113
2173,4.345565443455654,1100
2174,4.347565243475652,1100
2175,4.349565043495651,1110
2176,4.351564843515648,1116
2177,4.3535646435356465,1111
2178,4.355564443555644,1109
2179,4.357564243575642,1119
2180,4.359564043595641,1134
2181,4.361563843615638,1141
2182,4.363563643635636,1138
2183,4.365563443655635,1129
2184,4.367563243675632,1124
2185,4.3695630436956305,1128
2186,4.371562843715628,1137
2187,4.373562643735626,1141
2188,4.375562443755625,1136
2189,4.377562243775622,1120
2190,4.37956204379562,1098
2191,4.381561843815619,1080
2192,4.383561643835616,1076
2193,4.3855614438556145,1084
2194,4.387561243875612,1096
2195,4.38956104389561,1105
2196,4.391560843915609,1114
2197,4.393560643935606,1123
2198,4.395560443955604,1131
2199,4.397560243975603,1135
2200,4.3995600439956,1139
2201,4.4015598440155985,1139
2202,4.403559644035596,1137
2203,4.405559444055594,1137
2204,4.407559244075593,1137
2205,4.40955904409559,1132
2206,4.411558844115588,1119
2207,4.413558644135587,1104
2208,4.415558444155584,1096
2209,4.4175582441755825,1104
2210,4.41955804419558,1124
2211,4.421557844215578,1143
2212,4.423557644235577,1148
2213,4.425557444255574,1139
2214,4.427557244275572,1127
2215,4.429557044295571,1118
2216,4.431556844315568,1112
2217,4.4335566443355665,1108
2218,4.435556444355564,1107
2219,4.437556244375562,1112
2220,4.439556044395561,1121
2221,4.441555844415558,1130
2222,4.443555644435556,1135
2223,4.445555444455555,1132
2224,4.447555244475552,1125
2225,4.4495550444955505,1122
2226,4.451554844515548,1129
2227,4.453554644535546,1144
2228,4.455554444555545,1158
2229,4.457554244575542,1169
2230,4.45955404459554,1173
2231,4.461553844615539,1168
2232,4.463553644635536,1156
2233,4.4655534446555345,1147
2234,4.467553244675532,1146
2235,4.46955304469553,1149
2236,4.471552844715529,1153
2237,4.473552644735526,1156
2238,4.475552444755524,1155
2239,4.477552244775523,1146
2240,4.47955204479552,1128
2241,4.4815518448155185,1112
2242,4.483551644835516,1110
2243,4.485551444855514,1123
2244,4.487551244875513,1142
2245,4.48955104489551,1151
2246,4.491550844915508,1147
2247,4.493550644935507,1137
2248,4.495550444955504,1133
2249,4.4975502449755025,1131
2250,4.4995500449955,1126
2251,4.501549845015498,1127
2252,4.503549645035497,1136
2253,4.505549445055494,1138
2254,4.507549245075492,1129
2255,4.509549045095491,1119
2256,4.511548845115488,1119
2257,4.5135486451354865,1120
2258,4.515548445155484,1114
2259,4.517548245175482,1104
2260,4.519548045195481,1098
2261,4.521547845215478,1099
2262,4.523547645235476,1105
2263,4.525547445255475,1111
2264,4.527547245275472,1109
2265,4.5295470452954705,1099
2266,4.531546845315468,1090
2267,4.533546645335466,1093
2268,4.535546445355465,1110
2269,4.537546245375462,1127
2270,4.53954604539546,1130
2271,4.541545845415459,1127
2272,4.543545645435456,1134
2273,4.5455454454554545,1145
2274,4.547545245475452,1150
2275,4.54954504549545,1146
2276,4.551544845515449,1138
2277,4.553544645535446,1132
2278,4.555544445555444,1134
2279,4.557544245575443,1145
2280,4.55954404559544,1156
2281,4.5615438456154385,1157
2282,4.563543645635437,1146
2283,4.565543445655434,1135
2284,4.567543245675433,1136
2285,4.56954304569543,1147
2286,4.571542845715428,1153
2287,4.573542645735427,1148
2288,4.575542445755424,1135
2289,4.5775422457754225,1126
2290,4.579542045795421,1127
2291,4.581541845815418,1135
2292,4.583541645835417,1142
2293,4.585541445855414,1145
2294,4.587541245875412,1147
2295,4.589541045895411,1146
2296,4.591540845915408,1146
2297,4.5935406459354065,1147
2298,4.595540445955405,1147
2299,4.597540245975402,1138
2300,4.599540045995401,1127
2301,4.601539846015398,1127
2302,4.603539646035396,1137
2303,4.605539446055395,1147
2304,4.607539246075392,1152
2305,4.6095390460953904,1151
2306,4.611538846115389,1144
2307,4.613538646135386,1134
2308,4.6155384461553846,1131
2309,4.617538246175382,1138
2310,4.61953804619538,1145
2311,4.621537846215379,1142
2312,4.623537646235376,1128
2313,4.625537446255374,1115
2314,4.627537246275373,1116
2315,4.62953704629537,1129
2316,4.6315368463153685,1143
2317,4.633536646335366,1148
2318,4.635536446355364,1142
2319,4.637536246375363,1134
2320,4.63953604639536,1127
2321,4.641535846415358,1119
2322,4.643535646435357,1115
2323,4.645535446455354,1120
2324,4.6475352464753525,1127
2325,4.64953504649535,1128
2326,4.651534846515348,1123
2327,4.653534646535347,1125
2328,4.655534446555344,1135
2329,4.657534246575342,1141
2330,4.659534046595341,1135
2331,4.661533846615338,1127
2332,4.6635336466353365,1127
2333,4.665533446655334,1136
2334,4.667533246675332,1153
2335,4.669533046695331,1172
2336,4.671532846715328,1180
2337,4.673532646735326,1177
2338,4.675532446755325,1172
2339,4.677532246775322,1167
2340,4.6795320467953205,1158
2341,4.681531846815318,1149
2342,4.683531646835316,1144
2343,4.685531446855315,1141
2344,4.687531246875312,1134
2345,4.68953104689531,1126
2346,4.691530846915309,1124
2347,4.693530646935306,1130
2348,4.6955304469553045,1137
2349,4.697530246975302,1138
2350,4.6995300469953,1135
2351,4.701529847015299,1140
2352,4.703529647035296,1149
2353,4.705529447055294,1150
2354,4.707529247075293,1138
2355,4.70952904709529,1120
2356,4.7115288471152885,1114
2357,4.713528647135286,1124
2358,4.715528447155284,1136
2359,4.717528247175283,1140
2360,4.71952804719528,1135
2361,4.721527847215278,1129
2362,4.723527647235277,1128
2363,4.725527447255274,1133
2364,4.7275272472752725,1136
2365,4.72952704729527,1132
2366,4.731526847315268,1130
2367,4.733526647335267,1134
2368,4.735526447355264,1140
2369,4.737526247375262,1140
2370,4.739526047395261,1129
2371,4.741525847415258,1117
2372,4.7435256474352565,1117
2373,4.745525447455254,1129
2374,4.747525247475252,1138
2375,4.749525047495251,1136
2376,4.751524847515248,1131
2377,4.753524647535246,1135
2378,4.755524447555245,1142
2379,4.757524247575242,1147
2380,4.7595240475952405,1156
2381,4.761523847615238,1166
2382,4.763523647635236,1161
2383,4.765523447655235,1142
2384,4.767523247675232,1137
2385,4.76952304769523,1155
2386,4.771522847715229,1177
2387,4.773522647735226,1180
2388,4.7755224477552245,1168
2389,4.777522247775222,1162
2390,4.77952204779522,1170
2391,4.781521847815219,1181
2392,4.783521647835216,1181
2393,4.785521447855214,1170
2394,4.787521247875213,1158
2395,4.78952104789521,1154
2396,4.7915208479152085,1152
2397,4.793520647935206,1142
2398,4.795520447955204,1128
2399,4.797520247975203,1120
2400,4.7995200479952,1124
2401,4.801519848015198,1136
2402,4.803519648035197,1150
2403,4.805519448055194,1160
2404,4.8075192480751925,1159
2405,4.80951904809519,1153
2406,4.811518848115188,1154
2407,4.813518648135187,1162
2408,4.815518448155184,1164
2409,4.817518248175182,1150
2410,4.819518048195181,1125
2411,4.821517848215178,1107
2412,4.8235176482351765,1110
2413,4.825517448255175,1119
2414,4.827517248275172,1117
2415,4.829517048295171,1101
2416,4.831516848315168,1092
2417,4.833516648335166,1099
2418,4.835516448355165,1109
2419,4.837516248375162,1106
2420,4.8395160483951605,1101
2421,4.841515848415159,1106
2422,4.843515648435156,1118
2423,4.845515448455155,1132
2424,4.847515248475152,1138
2425,4.84951504849515,1128
2426,4.851514848515149,1115
2427,4.853514648535146,1114
2428,4.8555144485551445,1120
2429,4.857514248575143,1128
2430,4.85951404859514,1135
2431,4.861513848615139,1142
2432,4.863513648635136,1141
2433,4.865513448655134,1137
2434,4.867513248675133,1134
2435,4.86951304869513,1135
2436,4.8715128487151285,1135
2437,4.873512648735127,1134
2438,4.875512448755124,1135
2439,4.877512248775123,1143
2440,4.87951204879512,1155
2441,4.881511848815118,1162
2442,4.883511648835117,1161
2443,4.885511448855114,1154
2444,4.8875112488751125,1140
2445,4.889511048895111,1128
2446,4.891510848915108,1127
2447,4.893510648935107,1139
2448,4.895510448955104,1155
2449,4.897510248975102,1161
2450,4.899510048995101,1153
2451,4.901509849015098,1138
2452,4.9035096490350965,1129
2453,4.905509449055095,1132
2454,4.907509249075092,1138
2455,4.909509049095091,1138
2456,4.911508849115088,1135
2457,4.913508649135086,1134
2458,4.915508449155085,1132
2459,4.917508249175082,1125
2460,4.9195080491950804,1121
2461,4.921507849215079,1133
2462,4.923507649235076,1158
2463,4.9255074492550746,1178
2464,4.927507249275072,1179
2465,4.92950704929507,1171
2466,4.931506849315069,1174
2467,4.933506649335066,1186
2468,4.935506449355064,1197
2469,4.937506249375063,1202
2470,4.93950604939506,1199
2471,4.9415058494150585,1188
2472,4.943505649435056,1174
2473,4.945505449455054,1164
2474,4.947505249475053,1165
2475,4.94950504949505,1173
2476,4.951504849515048,1176
2477,4.953504649535047,1168
2478,4.955504449555044,1156
2479,4.9575042495750425,1154
2480,4.95950404959504,1161
2481,4.961503849615038,1161
2482,4.963503649635037,1150
2483,4.965503449655034,1142
2484,4.967503249675032,1146
2485,4.969503049695031,1158
2486,4.971502849715028,1160
2487,4.9735026497350265,1145
2488,4.975502449755024,1125
2489,4.977502249775022,1118
2490,4.979502049795021,1123
2491,4.981501849815018,1128
2492,4.983501649835016,1134
2493,4.985501449855015,1145
2494,4.987501249875012,1151
2495,4.9895010498950105,1149
2496,4.991500849915008,1151
2497,4.993500649935006,1163
2498,4.995500449955005,1170
2499,4.997500249975002,1162
2500,4.999500049995,1147
2501,5.001499850014999,1143
2502,5.003499650034996,1153
2503,5.0054994500549945,1164
2504,5.007499250074992,1166
2505,5.00949905009499,1162
2506,5.011498850114989,1156
2507,5.013498650134986,1147
2508,5.015498450154984,1140
2509,5.017498250174983,1141
2510,5.01949805019498,1151
2511,5.0214978502149785,1163
2512,5.023497650234976,1166
2513,5.025497450254974,1158
2514,5.027497250274973,1152
2515,5.02949705029497,1161
2516,5.031496850314968,1176
2517,5.033496650334967,1180
2518,5.035496450354964,1177
2519,5.0374962503749625,1177
2520,5.03949605039496,1181
2521,5.041495850414958,1183
2522,5.043495650434957,1182
2523,5.045495450454954,1178
2524,5.047495250474952,1169
2525,5.049495050494951,1157
2526,5.051494850514948,1146
2527,5.0534946505349465,1142
2528,5.055494450554944,1142
2529,5.057494250574942,1143
2530,5.059494050594941,1148
2531,5.061493850614938,1155
2532,5.063493650634936,1156
2533,5.065493450654935,1151
2534,5.067493250674932,1148
2535,5.0694930506949305,1154
2536,5.071492850714929,1162
2537,5.073492650734926,1157
2538,5.075492450754925,1134
2539,5.077492250774922,1112
2540,5.07949205079492,1111
2541,5.081491850814919,1130
2542,5.083491650834916,1146
2543,5.0854914508549145,1141
2544,5.087491250874913,1119
2545,5.08949105089491,1105
2546,5.091490850914909,1111
2547,5.093490650934906,1129
2548,5.095490450954904,1142
2549,5.097490250974903,1143
2550,5.0994900509949,1134
2551,5.1014898510148985,1131
2552,5.103489651034897,1138
2553,5.105489451054894,1147
2554,5.107489251074893,1146
2555,5.10948905109489,1141
2556,5.111488851114888,1141
2557,5.113488651134887,1141
2558,5.115488451154884,1137
2559,5.1174882511748825,1134
2560,5.119488051194881,1140
2561,5.121487851214878,1149
2562,5.123487651234877,1152
2563,5.125487451254874,1148
2564,5.127487251274872,1143
2565,5.129487051294871,1144
2566,5.131486851314868,1154
2567,5.1334866513348665,1160
2568,5.135486451354865,1155
2569,5.137486251374862,1146
2570,5.139486051394861,1145
2571,5.141485851414858,1145
2572,5.143485651434856,1139
2573,5.145485451454855,1132
2574,5.147485251474852,1132
2575,5.1494850514948505,1136
2576,5.151484851514849,1134
2577,5.153484651534846,1128
2578,5.155484451554845,1128
2579,5.157484251574842,1132
2580,5.15948405159484,1138
2581,5.161483851614839,1145
2582,5.163483651634836,1153
2583,5.1654834516548345,1160
2584,5.167483251674833,1164
2585,5.16948305169483,1166
2586,5.171482851714829,1162
2587,5.173482651734826,1155
2588,5.175482451754824,1156
2589,5.177482251774823,1163
2590,5.17948205179482,1162
2591,5.1814818518148185,1146
2592,5.183481651834817,1130
2593,5.185481451854814,1127
2594,5.187481251874813,1129
2595,5.18948105189481,1126
2596,5.191480851914808,1126
2597,5.193480651934807,1140
2598,5.195480451954804,1156
2599,5.1974802519748025,1159
2600,5.199480051994801,1142
2601,5.201479852014798,1124
2602,5.203479652034797,1121
2603,5.205479452054794,1129
2604,5.207479252074792,1138
2605,5.209479052094791,1143
2606,5.211478852114788,1149
2607,5.2134786521347865,1153
2608,5.215478452154785,1149
2609,5.217478252174782,1140
2610,5.219478052194781,1142
2611,5.221477852214778,1155
2612,5.223477652234776,1165
2613,5.225477452254775,1162
2614,5.227477252274772,1154
2615,5.2294770522947704,1149
2616,5.231476852314769,1145
2617,5.233476652334766,1145
2618,5.2354764523547646,1152
2619,5.237476252374762,1166
2620,5.23947605239476,1182
2621,5.241475852414759,1189
2622,5.243475652434756,1181
2623,5.245475452454754,1162
2624,5.247475252474753,1147
2625,5.24947505249475,1141
2626,5.2514748525147485,1141
2627,5.253474652534746,1143
2628,5.255474452554744,1142
2629,5.257474252574743,1135
2630,5.25947405259474,1125
2631,5.261473852614738,1119
2632,5.263473652634737,1119
2633,5.265473452654734,1123
2634,5.2674732526747325,1125
2635,5.26947305269473,1123
2636,5.271472852714728,1124
2637,5.273472652734727,1132
2638,5.275472452754724,1140
2639,5.277472252774722,1140
2640,5.279472052794721,1133
2641,5.281471852814718,1126
2642,5.2834716528347165,1128
2643,5.285471452854714,1143
2644,5.287471252874712,1162
2645,5.289471052894711,1166
2646,5.291470852914708,1153
2647,5.293470652934706,1135
2648,5.295470452954705,1133
2649,5.297470252974702,1146
2650,5.2994700529947005,1159
2651,5.301469853014698,1161
2652,5.303469653034696,1155
2653,5.305469453054695,1149
2654,5.307469253074692,1152
2655,5.30946905309469,1163
2656,5.311468853114689,1176
2657,5.313468653134686,1179
2658,5.3154684531546845,1173
2659,5.317468253174682,1163
2660,5.31946805319468,1152
2661,5.321467853214679,1146
2662,5.323467653234676,1150
2663,5.325467453254674,1160
2664,5.327467253274673,1162
2665,5.32946705329467,1150
2666,5.3314668533146685,1131
2667,5.333466653334667,1118
2668,5.335466453354664,1120
2669,5.337466253374663,1135
2670,5.33946605339466,1152
2671,5.341465853414658,1159
2672,5.343465653434657,1153
2673,5.345465453454654,1142
2674,5.3474652534746525,1140
2675,5.349465053494651,1149
2676,5.351464853514648,1159
2677,5.353464653534647,1162
2678,5.355464453554644,1163
2679,5.357464253574642,1164
2680,5.359464053594641,1159
2681,5.361463853614638,1150
2682,5.3634636536346365,1142
2683,5.365463453654635,1134
2684,5.367463253674632,1130
2685,5.369463053694631,1130
2686,5.371462853714628,1132
2687,5.373462653734626,1136
2688,5.375462453754625,1143
2689,5.377462253774622,1146
2690,5.3794620537946205,1144
2691,5.381461853814619,1146
2692,5.383461653834616,1156
2693,5.385461453854615,1165
2694,5.387461253874612,1169
2695,5.38946105389461,1173
2696,5.391460853914609,1176
2697,5.393460653934606,1173
2698,5.3954604539546045,1164
2699,5.397460253974603,1156
2700,5.3994600539946,1153
2701,5.401459854014599,1154
2702,5.403459654034596,1152
2703,5.405459454054594,1150
2704,5.407459254074593,1151
2705,5.40945905409459,1156
2706,5.4114588541145885,1166
2707,5.413458654134587,1182
2708,5.415458454154584,1193
2709,5.417458254174583,1188
2710,5.41945805419458,1169
2711,5.421457854214578,1147
2712,5.423457654234577,1136
2713,5.425457454254574,1138
2714,5.4274572542745725,1145
2715,5.429457054294571,1141
2716,5.431456854314568,1129
2717,5.433456654334567,1125
2718,5.435456454354564,1131
2719,5.437456254374562,1142
2720,5.439456054394561,1155
2721,5.441455854414558,1167
2722,5.4434556544345565,1174
2723,5.445455454454555,1169
2724,5.447455254474552,1157
2725,5.449455054494551,1147
2726,5.451454854514548,1141
2727,5.453454654534546,1138
2728,5.455454454554545,1136
2729,5.457454254574542,1134
2730,5.4594540545945405,1139
2731,5.461453854614539,1152
2732,5.463453654634536,1163
2733,5.465453454654535,1166
2734,5.467453254674532,1164
2735,5.46945305469453,1162
2736,5.471452854714529,1161
2737,5.473452654734526,1158
2738,5.4754524547545245,1154
2739,5.477452254774523,1156
2740,5.47945205479452,1166
2741,5.481451854814519,1177
2742,5.483451654834516,1179
2743,5.485451454854514,1171
2744,5.487451254874513,1162
2745,5.48945105489451,1160
2746,5.4914508549145085,1163
2747,5.493450654934507,1163
2748,5.495450454954504,1156
2749,5.497450254974503,1151
2750,5.4994500549945,1150
2751,5.501449855014498,1151
2752,5.503449655034497,1149
2753,5.505449455054494,1149
2754,5.5074492550744925,1154
2755,5.509449055094491,1157
2756,5.511448855114488,1151
2757,5.513448655134487,1143
2758,5.515448455154484,1145
2759,5.517448255174482,1155
2760,5.519448055194481,1157
2761,5.521447855214478,1142
2762,5.5234476552344764,1124
2763,5.525447455254475,1118
2764,5.527447255274472,1123
2765,5.529447055294471,1134
2766,5.531446855314468,1147
2767,5.533446655334466,1154
2768,5.535446455354465,1153
2769,5.537446255374462,1144
2770,5.5394460553944604,1130
2771,5.541445855414459,1119
2772,5.543445655434456,1118
2773,5.5454454554544546,1128
2774,5.547445255474452,1135
2775,5.54944505549445,1134
2776,5.551444855514449,1132
2777,5.553444655534446,1135
2778,5.555444455554444,1132
2779,5.557444255574443,1122
2780,5.55944405559444,1119
2781,5.5614438556144385,1131
2782,5.563443655634436,1150
2783,5.565443455654434,1159
2784,5.567443255674433,1146
2785,5.56944305569443,1115
2786,5.571442855714428,1089
2787,5.573442655734427,1091
2788,5.575442455754424,1111
2789,5.5774422557744225,1120
2790,5.579442055794421,1115
2791,5.581441855814418,1114
2792,5.583441655834417,1123
2793,5.585441455854414,1128
2794,5.587441255874412,1125
2795,5.589441055894411,1127
2796,5.591440855914408,1139
2797,5.5934406559344065,1149
2798,5.595440455954405,1146
2799,5.597440255974402,1131
2800,5.599440055994401,1114
2801,5.601439856014398,1108
2802,5.603439656034396,1115
2803,5.605439456054395,1126
2804,5.607439256074392,1132
2805,5.6094390560943905,1133
2806,5.611438856114389,1137
2807,5.613438656134386,1143
2808,5.615438456154385,1148
2809,5.617438256174382,1155
2810,5.61943805619438,1163
2811,5.621437856214379,1166
2812,5.623437656234376,1157
2813,5.6254374562543745,1139
2814,5.627437256274373,1129
2815,5.62943705629437,1134
2816,5.631436856314369,1142
2817,5.633436656334366,1140
2818,5.635436456354364,1133
2819,5.637436256374363,1130
2820,5.63943605639436,1135
2821,5.6414358564143585,1139
2822,5.643435656434357,1139
2823,5.645435456454354,1134
2824,5.647435256474353,1131
2825,5.64943505649435,1136
2826,5.651434856514348,1143
2827,5.653434656534347,1139
2828,5.655434456554344,1123
2829,5.6574342565743425,1110
2830,5.659434056594341,1107
2831,5.661433856614338,1106
2832,5.663433656634337,1098
2833,5.665433456654334,1091
2834,5.667433256674332,1098
2835,5.669433056694331,1114
2836,5.671432856714328,1121
2837,5.6734326567343265,1117
2838,5.675432456754325,1115
2839,5.677432256774322,1119
2840,5.679432056794321,1120
2841,5.681431856814318,1121
2842,5.683431656834316,1130
2843,5.685431456854315,1141
2844,5.687431256874312,1142
2845,5.6894310568943105,1135
2846,5.691430856914309,1133
2847,5.693430656934306,1137
2848,5.695430456954305,1135
2849,5.697430256974302,1124
2850,5.6994300569943,1113
2851,5.701429857014299,1108
2852,5.703429657034296,1111
2853,5.7054294570542945,1121
2854,5.707429257074293,1135
2855,5.70942905709429,1142
2856,5.711428857114289,1134
2857,5.713428657134286,1119
2858,5.715428457154284,1111
2859,5.717428257174283,1116
2860,5.71942805719428,1127
2861,5.7214278572142785,1143
2862,5.723427657234277,1164
2863,5.725427457254274,1181
2864,5.727427257274273,1176
2865,5.72942705729427,1153
2866,5.731426857314268,1138
2867,5.733426657334267,1145
2868,5.735426457354264,1158
2869,5.7374262573742625,1161
2870,5.739426057394261,1156
2871,5.741425857414258,1150
2872,5.743425657434257,1137
2873,5.745425457454254,1118
2874,5.747425257474252,1105
2875,5.749425057494251,1105
2876,5.751424857514248,1117
2877,5.7534246575342465,1134
2878,5.755424457554245,1145
2879,5.757424257574242,1151
2880,5.759424057594241,1157
2881,5.761423857614238,1162
2882,5.763423657634236,1159
2883,5.765423457654235,1150
2884,5.767423257674232,1146
2885,5.7694230576942305,1152
2886,5.771422857714229,1159
2887,5.773422657734226,1160
2888,5.775422457754225,1157
2889,5.777422257774222,1151
2890,5.77942205779422,1138
2891,5.781421857814219,1120
2892,5.783421657834216,1107
2893,5.7854214578542145,1111
2894,5.787421257874213,1123
2895,5.78942105789421,1130
2896,5.791420857914209,1132
2897,5.793420657934206,1138
2898,5.795420457954204,1145
2899,5.797420257974203,1141
2900,5.7994200579942,1129
2901,5.8014198580141985,1124
2902,5.803419658034197,1133
2903,5.805419458054194,1142
2904,5.807419258074193,1135
2905,5.80941905809419,1118
2906,5.811418858114188,1111
2907,5.813418658134187,1117
2908,5.815418458154184,1122
2909,5.8174182581741825,1123
2910,5.819418058194181,1124
2911,5.821417858214178,1129
2912,5.823417658234177,1133
2913,5.825417458254174,1141
2914,5.827417258274172,1154
2915,5.829417058294171,1163
2916,5.831416858314168,1164
2917,5.8334166583341664,1159
2918,5.835416458354165,1153
2919,5.837416258374162,1150
2920,5.839416058394161,1155
2921,5.841415858414159,1165
2922,5.843415658434156,1171
2923,5.845415458454155,1163
2924,5.847415258474152,1148
2925,5.84941505849415,1133
2926,5.851414858514149,1125
2927,5.853414658534146,1128
2928,5.8554144585541446,1137
2929,5.857414258574143,1140
2930,5.85941405859414,1131
2931,5.861413858614139,1123
2932,5.863413658634136,1130
2933,5.865413458654134,1143
2934,5.867413258674133,1148
2935,5.86941305869413,1146
2936,5.8714128587141285,1143
2937,5.873412658734127,1140
2938,5.875412458754124,1138
2939,5.877412258774123,1137
2940,5.87941205879412,1140
2941,5.881411858814118,1147
2942,5.883411658834117,1151
2943,5.885411458854114,1146
2944,5.8874112588741125,1133
2945,5.889411058894111,1125
2946,5.891410858914108,1127
2947,5.893410658934107,1135
2948,5.895410458954104,1139
2949,5.897410258974102,1144
2950,5.899410058994101,1153
2951,5.901409859014098,1157
2952,5.9034096590340965,1153
2953,5.905409459054095,1145
2954,5.907409259074092,1141
2955,5.909409059094091,1137
2956,5.911408859114088,1132
2957,5.913408659134086,1126
2958,5.915408459154085,1123
2959,5.917408259174082,1122
2960,5.9194080591940805,1121
2961,5.921407859214079,1125
2962,5.923407659234076,1139
2963,5.925407459254075,1152
2964,5.927407259274072,1157
2965,5.92940705929407,1156
2966,5.931406859314069,1158
2967,5.933406659334066,1163
2968,5.9354064593540645,1167
2969,5.937406259374063,1168
2970,5.93940605939406,1161
2971,5.941405859414059,1148
2972,5.943405659434056,1138
2973,5.945405459454054,1141
2974,5.947405259474053,1152
2975,5.94940505949405,1162
2976,5.9514048595140485,1161
2977,5.953404659534047,1156
2978,5.955404459554044,1160
2979,5.957404259574043,1169
2980,5.95940405959404,1170
2981,5.961403859614038,1161
2982,5.963403659634037,1161
2983,5.965403459654034,1175
2984,5.9674032596740325,1183
2985,5.969403059694031,1173
2986,5.971402859714028,1156
2987,5.973402659734027,1149
2988,5.975402459754024,1150
2989,5.977402259774022,1151
2990,5.979402059794021,1151
2991,5.981401859814018,1155
2992,5.9834016598340165,1157
2993,5.985401459854015,1148
2994,5.987401259874012,1130
2995,5.989401059894011,1120
2996,5.991400859914008,1127
2997,5.993400659934006,1139
2998,5.995400459954005,1153
2999,5.997400259974002,1168
3000,5.9994000599940005,1177
3001,6.001399860013999,1171
3002,6.003399660033996,1154
3003,6.005399460053995,1146
3004,6.007399260073992,1159
3005,6.00939906009399,1181
3006,6.011398860113989,1191
3007,6.013398660133986,1183
3008,6.0153984601539845,1170
3009,6.017398260173983,1167
3010,6.01939806019398,1174
3011,6.021397860213979,1177
3012,6.023397660233976,1170
3013,6.025397460253974,1162
3014,6.027397260273973,1162
3015,6.02939706029397,1171
3016,6.0313968603139685,1176
3017,6.033396660333967,1172
3018,6.035396460353964,1161
3019,6.037396260373963,1152
3020,6.03939606039396,1147
3021,6.041395860413958,1147
3022,6.043395660433957,1151
3023,6.045395460453954,1154
3024,6.0473952604739525,1148
3025,6.049395060493951,1142
3026,6.051394860513948,1146
3027,6.053394660533947,1154
3028,6.055394460553944,1155
3029,6.057394260573942,1152
3030,6.059394060593941,1151
3031,6.061393860613938,1155
3032,6.0633936606339365,1160
3033,6.065393460653935,1166
3034,6.067393260673932,1175
3035,6.069393060693931,1182
3036,6.071392860713928,1174
3037,6.073392660733926,1155
3038,6.075392460753925,1145
3039,6.077392260773922,1154
3040,6.0793920607939205,1165
3041,6.081391860813919,1164
3042,6.083391660833916,1158
3043,6.085391460853915,1164
3044,6.087391260873913,1174
3045,6.08939106089391,1171
3046,6.091390860913909,1148
3047,6.093390660933906,1127
3048,6.0953904609539045,1128
3049,6.097390260973903,1151
3050,6.0993900609939,1172
3051,6.101389861013899,1174
3052,6.103389661033897,1162
3053,6.105389461053894,1153
3054,6.107389261073893,1152
3055,6.10938906109389,1157
3056,6.1113888611138885,1163
3057,6.113388661133887,1168
3058,6.115388461153884,1176
3059,6.117388261173883,1185
3060,6.119388061193881,1185
3061,6.121387861213878,1169
3062,6.123387661233877,1153
3063,6.125387461253874,1155
3064,6.1273872612738725,1172
3065,6.129387061293871,1184
3066,6.131386861313868,1180
3067,6.133386661333867,1167
3068,6.135386461353865,1160
3069,6.137386261373862,1163
3070,6.139386061393861,1162
3071,6.141385861413858,1152
3072,6.1433856614338564,1143
3073,6.145385461453855,1138
3074,6.147385261473852,1139
3075,6.149385061493851,1151
3076,6.151384861513849,1169
3077,6.153384661533846,1179
3078,6.155384461553845,1181
3079,6.157384261573842,1179
3080,6.15938406159384,1177
3081,6.161383861613839,1173
3082,6.163383661633836,1174
3083,6.1653834616538346,1184
3084,6.167383261673833,1195
3085,6.16938306169383,1194
3086,6.171382861713829,1187
3087,6.173382661733826,1184
3088,6.175382461753824,1189
3089,6.177382261773823,1194
3090,6.17938206179382,1192
3091,6.1813818618138185,1181
3092,6.183381661833817,1170
3093,6.185381461853814,1175
3094,6.187381261873813,1197
3095,6.18938106189381,1215
3096,6.191380861913808,1209
3097,6.193380661933807,1186
3098,6.195380461953804,1178
3099,6.1973802619738025,1195
3100,6.199380061993801,1216
3101,6.201379862013798,1218
3102,6.203379662033797,1203
3103,6.205379462053794,1184
3104,6.207379262073792,1174
3105,6.209379062093791,1172
3106,6.211378862113788,1174
3107,6.2133786621337865,1174
3108,6.215378462153785,1174
3109,6.217378262173782,1171
3110,6.219378062193781,1163
3111,6.221377862213778,1155
3112,6.223377662233776,1153
3113,6.225377462253775,1152
3114,6.227377262273772,1151
3115,6.2293770622937705,1155
3116,6.231376862313769,1162
3117,6.233376662333766,1161
3118,6.235376462353765,1157
3119,6.237376262373762,1156
3120,6.23937606239376,1164
3121,6.241375862413759,1172
3122,6.243375662433756,1175
3123,6.2453754624537545,1165
3124,6.247375262473753,1145
3125,6.24937506249375,1126
3126,6.251374862513749,1122
3127,6.253374662533746,1131
3128,6.255374462553744,1142
3129,6.257374262573743,1141
3130,6.25937406259374,1135
3131,6.2613738626137385,1139
3132,6.263373662633737,1156
3133,6.265373462653734,1174
3134,6.267373262673733,1179
3135,6.26937306269373,1174
3136,6.271372862713728,1167
3137,6.273372662733727,1165
3138,6.275372462753724,1172
3139,6.2773722627737225,1181
3140,6.279372062793721,1179
3141,6.281371862813718,1169
3142,6.283371662833717,1166
3143,6.285371462853714,1183
3144,6.287371262873712,1210
3145,6.289371062893711,1223
3146,6.291370862913708,1223
3147,6.2933706629337065,1222
3148,6.295370462953705,1220
3149,6.297370262973702,1208
3150,6.299370062993701,1191
3151,6.301369863013698,1184
3152,6.303369663033696,1187
3153,6.305369463053695,1183
3154,6.307369263073692,1166
3155,6.3093690630936905,1155
3156,6.311368863113689,1164
3157,6.313368663133686,1184
3158,6.315368463153685,1190
3159,6.317368263173682,1177
3160,6.31936806319368,1162
3161,6.321367863213679,1155
3162,6.323367663233676,1150
3163,6.3253674632536745,1140
3164,6.327367263273673,1133
3165,6.32936706329367,1139
3166,6.331366863313669,1150
3167,6.333366663333666,1154
3168,6.335366463353664,1152
3169,6.337366263373663,1150
3170,6.33936606339366,1153
3171,6.3413658634136585,1163
3172,6.343365663433657,1175
3173,6.345365463453654,1178
3174,6.347365263473653,1167
3175,6.349365063493651,1152
3176,6.351364863513648,1146
3177,6.353364663533647,1145
3178,6.355364463553644,1142
3179,6.3573642635736425,1139
3180,6.359364063593641,1143
3181,6.361363863613638,1158
3182,6.363363663633637,1177
3183,6.365363463653635,1187
3184,6.367363263673632,1182
3185,6.369363063693631,1169
3186,6.371362863713628,1162
3187,6.3733626637336265,1164
3188,6.375362463753625,1167
3189,6.377362263773622,1159
3190,6.379362063793621,1141
3191,6.381361863813619,1130
3192,6.383361663833616,1134
3193,6.385361463853615,1143
3194,6.387361263873612,1147
3195,6.3893610638936105,1147
3196,6.391360863913609,1148
3197,6.393360663933606,1148
3198,6.395360463953605,1147
3199,6.397360263973603,1148
3200,6.3993600639936,1156
3201,6.401359864013599,1168
3202,6.403359664033596,1178
3203,6.4053594640535945,1177
3204,6.407359264073593,1163
3205,6.40935906409359,1146
3206,6.411358864113589,1140
3207,6.413358664133587,1149
3208,6.415358464153584,1161
3209,6.417358264173583,1163
3210,6.41935806419358,1156
3211,6.4213578642135785,1151
3212,6.423357664233577,1153
3213,6.425357464253574,1152
3214,6.427357264273573,1145
3215,6.429357064293571,1138
3216,6.431356864313568,1135
3217,6.433356664333567,1134
3218,6.435356464353564,1137
3219,6.4373562643735625,1143
3220,6.439356064393561,1145
3221,6.441355864413558,1140
3222,6.443355664433557,1135
3223,6.445355464453555,1145
3224,6.447355264473552,1168
3225,6.449355064493551,1178
3226,6.451354864513548,1170
3227,6.4533546645335464,1160
3228,6.455354464553545,1156
3229,6.457354264573542,1150
3230,6.459354064593541,1143
3231,6.461353864613539,1137
3232,6.463353664633536,1132
3233,6.465353464653535,1129
3234,6.467353264673532,1135
3235,6.46935306469353,1142
3236,6.471352864713529,1143
3237,6.473352664733526,1143
3238,6.4753524647535246,1147
3239,6.477352264773523,1157
3240,6.47935206479352,1165
3241,6.481351864813519,1166
3242,6.483351664833516,1162
3243,6.485351464853514,1159
3244,6.487351264873513,1159
3245,6.48935106489351,1157
3246,6.4913508649135085,1154
3247,6.493350664933507,1156
3248,6.495350464953504,1159
3249,6.497350264973503,1160
3250,6.4993500649935,1162
3251,6.501349865013498,1164
3252,6.503349665033497,1155
3253,6.505349465053494,1129
3254,6.5073492650734925,1099
3255,6.509349065093491,1087
3256,6.511348865113488,1099
3257,6.513348665133487,1114
3258,6.515348465153484,1112
3259,6.517348265173482,1104
3260,6.519348065193481,1111
3261,6.521347865213478,1135
3262,6.5233476652334765,1157
3263,6.525347465253475,1160
3264,6.527347265273472,1149
3265,6.529347065293471,1139
3266,6.531346865313468,1130
3267,6.533346665333466,1120
3268,6.535346465353465,1119
3269,6.537346265373462,1128
3270,6.5393460653934605,1133
3271,6.541345865413459,1124
3272,6.543345665433456,1114
3273,6.545345465453455,1113
3274,6.547345265473452,1117
3275,6.54934506549345,1123
3276,6.551344865513449,1130
3277,6.553344665533446,1131
3278,6.5553444655534445,1126
3279,6.557344265573443,1124
3280,6.55934406559344,1132
3281,6.561343865613439,1139
3282,6.563343665633436,1137
3283,6.565343465653434,1131
3284,6.567343265673433,1128
3285,6.56934306569343,1134
3286,6.5713428657134285,1148
3287,6.573342665733427,1159
3288,6.575342465753424,1161
3289,6.577342265773423,1159
3290,6.57934206579342,1162
3291,6.581341865813418,1164
3292,6.583341665833417,1160
3293,6.585341465853414,1154
3294,6.5873412658734125,1155
3295,6.589341065893411,1158
3296,6.591340865913408,1151
3297,6.593340665933407,1137
3298,6.595340465953405,1122
3299,6.597340265973402,1111
3300,6.599340065993401,1106
3301,6.601339866013398,1108
3302,6.6033396660333965,1115
3303,6.605339466053395,1121
3304,6.607339266073392,1120
3305,6.609339066093391,1118
3306,6.611338866113389,1121
3307,6.613338666133386,1132
3308,6.615338466153385,1143
3309,6.617338266173382,1139
3310,6.6193380661933805,1127
3311,6.621337866213379,1120
3312,6.623337666233376,1124
3313,6.625337466253375,1131
3314,6.627337266273373,1131
3315,6.62933706629337,1118
3316,6.631336866313369,1103
3317,6.633336666333366,1101
3318,6.6353364663533645,1116
3319,6.637336266373363,1131
3320,6.63933606639336,1132
3321,6.641335866413359,1125
3322,6.643335666433357,1128
3323,6.645335466453354,1150
3324,6.647335266473353,1178
3325,6.64933506649335,1192
3326,6.6513348665133485,1188
3327,6.653334666533347,1179
3328,6.655334466553344,1173
3329,6.657334266573343,1167
3330,6.659334066593341,1158
3331,6.661333866613338,1146
3332,6.663333666633337,1139
3333,6.665333466653334,1138
3334,6.6673332666733325,1146
3335,6.669333066693331,1154
3336,6.671332866713328,1157
3337,6.673332666733327,1149
3338,6.675332466753325,1136
3339,6.677332266773322,1131
3340,6.679332066793321,1140
3341,6.681331866813318,1156
3342,6.6833316668333165,1169
3343,6.685331466853315,1179
3344,6.687331266873312,1184
3345,6.689331066893311,1186
3346,6.691330866913309,1186
3347,6.693330666933306,1185
3348,6.695330466953305,1183
3349,6.697330266973302,1182
3350,6.6993300669933005,1186
3351,6.701329867013299,1189
3352,6.703329667033296,1187
3353,6.705329467053295,1182
3354,6.707329267073293,1178
3355,6.70932906709329,1178
3356,6.711328867113289,1182
3357,6.713328667133286,1186
3358,6.7153284671532845,1186
3359,6.717328267173283,1183
3360,6.71932806719328,1177
3361,6.721327867213279,1166
3362,6.723327667233277,1149
3363,6.725327467253274,1133
3364,6.727327267273273,1125
3365,6.72932706729327,1128
3366,6.7313268673132685,1140
3367,6.733326667333267,1154
3368,6.735326467353264,1155
3369,6.737326267373263,1142
3370,6.739326067393261,1133
3371,6.741325867413258,1145
3372,6.743325667433257,1170
3373,6.745325467453254,1183
3374,6.7473252674732525,1178
3375,6.749325067493251,1172
3376,6.751324867513248,1181
3377,6.753324667533247,1194
3378,6.755324467553245,1200
3379,6.757324267573242,1197
3380,6.759324067593241,1192
3381,6.761323867613238,1189
3382,6.7633236676332364,1185
3383,6.765323467653235,1171
3384,6.767323267673232,1156
3385,6.7693230676932306,1152
3386,6.771322867713229,1155
3387,6.773322667733226,1153
3388,6.775322467753225,1147
3389,6.777322267773222,1143
3390,6.77932206779322,1145
3391,6.781321867813219,1151
3392,6.783321667833216,1159
3393,6.7853214678532145,1163
3394,6.787321267873213,1161
3395,6.78932106789321,1157
3396,6.791320867913209,1154
3397,6.793320667933206,1152
3398,6.795320467953204,1154
3399,6.797320267973203,1163
3400,6.7993200679932,1173
3401,6.8013198680131985,1179
3402,6.803319668033197,1178
3403,6.805319468053194,1170
3404,6.807319268073193,1158
3405,6.80931906809319,1150
3406,6.811318868113188,1156
3407,6.813318668133187,1178
3408,6.815318468153184,1200
3409,6.8173182681731825,1204
3410,6.819318068193181,1190
3411,6.821317868213178,1175
3412,6.823317668233177,1175
3413,6.825317468253174,1188
3414,6.827317268273172,1201
3415,6.829317068293171,1204
3416,6.831316868313168,1199
3417,6.8333166683331665,1194
3418,6.835316468353165,1192
3419,6.837316268373162,1193
3420,6.839316068393161,1193
3421,6.841315868413158,1186
3422,6.843315668433156,1177
3423,6.845315468453155,1176
3424,6.847315268473152,1184
3425,6.8493150684931505,1185
3426,6.851314868513149,1176
3427,6.853314668533146,1170
3428,6.855314468553145,1172
3429,6.857314268573143,1173
3430,6.85931406859314,1169
3431,6.861313868613139,1167
3432,6.863313668633136,1171
3433,6.8653134686531345,1180
3434,6.867313268673133,1189
3435,6.86931306869313,1189
3436,6.871312868713129,1176
3437,6.873312668733127,1160
3438,6.875312468753124,1152
3439,6.877312268773123,1156
3440,6.87931206879312,1172
3441,6.8813118688131185,1188
3442,6.883311668833117,1194
3443,6.885311468853114,1191
3444,6.887311268873113,1184
3445,6.889311068893111,1177
3446,6.891310868913108,1173
3447,6.893310668933107,1179
3448,6.895310468953104,1191
3449,6.8973102689731025,1198
3450,6.899310068993101,1197
3451,6.901309869013098,1195
3452,6.903309669033097,1198
3453,6.905309469053095,1203
3454,6.907309269073092,1208
3455,6.909309069093091,1210
3456,6.911308869113088,1204
3457,6.9133086691330865,1188
3458,6.915308469153085,1165
3459,6.917308269173082,1146
3460,6.919308069193081,1146
3461,6.921307869213079,1156
3462,6.923307669233076,1163
3463,6.925307469253075,1160
3464,6.927307269273072,1164
3465,6.9293070692930705,1182
3466,6.931306869313069,1203
3467,6.933306669333066,1207
3468,6.935306469353065,1199
3469,6.937306269373063,1194
3470,6.93930606939306,1195
3471,6.941305869413059,1193
3472,6.943305669433056,1184
3473,6.9453054694530545,1177
3474,6.947305269473053,1173
3475,6.94930506949305,1167
3476,6.951304869513049,1158
3477,6.953304669533047,1154
3478,6.955304469553044,1166
3479,6.957304269573043,1190
3480,6.95930406959304,1200
3481,6.9613038696130385,1185
3482,6.963303669633037,1162
3483,6.965303469653034,1153
3484,6.967303269673033,1159
3485,6.969303069693031,1167
3486,6.971302869713028,1171
3487,6.973302669733027,1172
3488,6.975302469753024,1169
3489,6.9773022697730225,1159
3490,6.979302069793021,1147
3491,6.981301869813018,1144
3492,6.983301669833017,1148
3493,6.985301469853015,1154
3494,6.987301269873012,1159
3495,6.989301069893011,1162
3496,6.991300869913008,1158
3497,6.9933006699330065,1151
3498,6.995300469953005,1147
3499,6.997300269973002,1150
3500,6.999300069993001,1158
3501,7.001299870012999,1163
3502,7.003299670032996,1161
3503,7.005299470052995,1152
3504,7.007299270072992,1137
3505,7.0092990700929905,1124
3506,7.011298870112989,1124
3507,7.013298670132986,1131
3508,7.015298470152985,1136
3509,7.017298270172983,1135
3510,7.01929807019298,1127
3511,7.021297870212979,1113
3512,7.023297670232976,1100
3513,7.0252974702529745,1096
3514,7.027297270272973,1103
3515,7.02929707029297,1115
3516,7.031296870312969,1118
3517,7.033296670332967,1109
3518,7.035296470352964,1104
3519,7.037296270372963,1110
3520,7.03929607039296,1119
3521,7.0412958704129585,1123
3522,7.043295670432957,1129
3523,7.045295470452954,1142
3524,7.047295270472953,1153
3525,7.049295070492951,1143
3526,7.051294870512948,1116
3527,7.053294670532947,1099
3528,7.055294470552944,1111
3529,7.0572942705729425,1141
3530,7.059294070592941,1161
3531,7.061293870612938,1154
3532,7.063293670632937,1132
3533,7.065293470652935,1121
3534,7.067293270672932,1130
3535,7.069293070692931,1141
3536,7.071292870712928,1140
3537,7.0732926707329264,1133
3538,7.075292470752925,1131
3539,7.077292270772922,1134
3540,7.0792920707929206,1134
3541,7.081291870812919,1133
3542,7.083291670832916,1137
3543,7.085291470852915,1143
3544,7.087291270872912,1142
3545,7.08929107089291,1134
3546,7.091290870912909,1130
3547,7.093290670932906,1135
3548,7.0952904709529045,1140
3549,7.097290270972903,1139
3550,7.0992900709929,1132
3551,7.101289871012899,1127
3552,7.103289671032897,1125
3553,7.105289471052894,1118
3554,7.107289271072893,1108
3555,7.10928907109289,1108
3556,7.1112888711128885,1119
3557,7.113288671132887,1124
3558,7.115288471152884,1113
3559,7.117288271172883,1099
3560,7.119288071192881,1090
3561,7.121287871212878,1086
3562,7.123287671232877,1088
3563,7.125287471252874,1094
3564,7.1272872712728725,1102
3565,7.129287071292871,1108
3566,7.131286871312868,1109
3567,7.133286671332867,1110
3568,7.135286471352865,1110
3569,7.137286271372862,1110
3570,7.139286071392861,1107
3571,7.141285871412858,1104
3572,7.1432856714328565,1106
3573,7.145285471452855,1109
3574,7.147285271472852,1111
3575,7.149285071492851,1117
3576,7.151284871512849,1131
3577,7.153284671532846,1148
3578,7.155284471552845,1162
3579,7.157284271572842,1164
3580,7.1592840715928405,1151
3581,7.161283871612839,1134
3582,7.163283671632836,1126
3583,7.165283471652835,1130
3584,7.167283271672833,1139
3585,7.16928307169283,1147
3586,7.171282871712829,1148
3587,7.173282671732826,1144
3588,7.1752824717528245,1137
3589,7.177282271772823,1134
3590,7.17928207179282,1137
3591,7.181281871812819,1144
3592,7.183281671832817,1158
3593,7.185281471852814,1168
3594,7.187281271872813,1164
3595,7.18928107189281,1145
3596,7.1912808719128085,1127
3597,7.193280671932807,1128
3598,7.195280471952804,1138
3599,7.197280271972803,1138
3600,7.199280071992801,1126
3601,7.201279872012798,1117
3602,7.203279672032797,1124
3603,7.205279472052794,1141
3604,7.2072792720727925,1157
3605,7.209279072092791,1159
3606,7.211278872112788,1151
3607,7.213278672132787,1147
3608,7.215278472152785,1156
3609,7.217278272172782,1175
3610,7.219278072192781,1191
3611,7.221277872212778,1192
3612,7.2232776722327765,1180
3613,7.225277472252775,1166
3614,7.227277272272772,1166
3615,7.229277072292771,1178
3616,7.231276872312769,1183
3617,7.233276672332766,1168
3618,7.235276472352765,1148
3619,7.237276272372762,1147
3620,7.2392760723927605,1160
3621,7.241275872412759,1165
3622,7.243275672432756,1161
3623,7.245275472452755,1161
3624,7.247275272472753,1167
3625,7.24927507249275,1175
3626,7.251274872512749,1175
3627,7.253274672532746,1161
3628,7.2552744725527445,1145
3629,7.257274272572743,1147
3630,7.25927407259274,1161
3631,7.261273872612739,1167
3632,7.263273672632737,1158
3633,7.265273472652734,1146
3634,7.267273272672733,1145
3635,7.26927307269273,1150
3636,7.2712728727127285,1152
3637,7.273272672732727,1146
3638,7.275272472752724,1142
3639,7.277272272772723,1149
3640,7.279272072792721,1160
3641,7.281271872812718,1165
3642,7.283271672832717,1164
3643,7.285271472852714,1163
3644,7.2872712728727125,1164
3645,7.289271072892711,1161
3646,7.291270872912708,1149
3647,7.293270672932707,1133
3648,7.295270472952705,1124
3649,7.297270272972702,1127
3650,7.299270072992701,1136
3651,7.301269873012698,1145
3652,7.3032696730326965,1155
3653,7.305269473052695,1161
3654,7.307269273072692,1155
3655,7.309269073092691,1144
3656,7.311268873112689,1142
3657,7.313268673132686,1153
3658,7.315268473152685,1165
3659,7.317268273172682,1169
3660,7.3192680731926805,1162
3661,7.321267873212679,1155
3662,7.323267673232676,1152
3663,7.325267473252675,1151
3664,7.327267273272673,1155
3665,7.32926707329267,1162
3666,7.331266873312669,1164
3667,7.333266673332666,1159
3668,7.3352664733526645,1153
3669,7.337266273372663,1149
3670,7.33926607339266,1150
3671,7.341265873412659,1154
3672,7.343265673432657,1153
3673,7.345265473452654,1145
3674,7.347265273472653,1141
3675,7.34926507349265,1149
3676,7.3512648735126485,1156
3677,7.353264673532647,1154
3678,7.355264473552644,1150
3679,7.357264273572643,1152
3680,7.359264073592641,1154
3681,7.361263873612638,1152
3682,7.363263673632637,1148
3683,7.365263473652635,1143
3684,7.3672632736726325,1143
3685,7.369263073692631,1147
3686,7.371262873712628,1148
3687,7.373262673732627,1145
3688,7.375262473752625,1145
3689,7.377262273772622,1150
3690,7.379262073792621,1152
3691,7.381261873812619,1145
3692,7.3832616738326164,1136
3693,7.385261473852615,1138
3694,7.387261273872612,1151
3695,7.3892610738926106,1162
3696,7.391260873912609,1161
3697,7.393260673932606,1157
3698,7.395260473952605,1161
3699,7.397260273972603,1170
3700,7.3992600739926,1172
3701,7.401259874012599,1165
3702,7.403259674032596,1157
3703,7.4052594740525945,1156
3704,7.407259274072593,1157
3705,7.40925907409259,1157
3706,7.411258874112589,1155
3707,7.413258674132587,1154
3708,7.415258474152584,1157
3709,7.417258274172583,1168
3710,7.41925807419258,1177
3711,7.4212578742125785,1172
3712,7.423257674232577,1160
3713,7.425257474252574,1158
3714,7.427257274272573,1163
3715,7.429257074292571,1160
3716,7.431256874312568,1153
3717,7.433256674332567,1154
3718,7.435256474352564,1165
3719,7.4372562743725625,1170
3720,7.439256074392561,1155
3721,7.441255874412558,1130
3722,7.443255674432557,1120
3723,7.445255474452555,1134
3724,7.447255274472552,1154
3725,7.449255074492551,1163
3726,7.451254874512548,1164
3727,7.4532546745325465,1169
3728,7.455254474552545,1176
3729,7.457254274572542,1178
3730,7.459254074592541,1170
3731,7.461253874612539,1155
3732,7.463253674632536,1147
3733,7.465253474652535,1152
3734,7.467253274672532,1163
3735,7.4692530746925305,1167
3736,7.471252874712529,1158
3737,7.473252674732526,1147
3738,7.475252474752525,1144
3739,7.477252274772523,1149
3740,7.47925207479252,1154
3741,7.481251874812519,1155
3742,7.483251674832516,1152
3743,7.4852514748525145,1143
3744,7.487251274872513,1132
3745,7.48925107489251,1124
3746,7.491250874912509,1120
3747,7.493250674932507,1118
3748,7.495250474952504,1119
3749,7.497250274972503,1120
3750,7.4992500749925,1119
3751,7.5012498750124985,1121
3752,7.503249675032497,1132
3753,7.505249475052494,1149
3754,7.507249275072493,1161
3755,7.509249075092491,1163
3756,7.511248875112488,1158
3757,7.513248675132487,1152
3758,7.515248475152484,1148
3759,7.5172482751724825,1151
3760,7.519248075192481,1156
3761,7.521247875212478,1160
3762,7.523247675232477,1165
3763,7.525247475252475,1165
3764,7.527247275272472,1153
3765,7.529247075292471,1134
3766,7.531246875312468,1123
3767,7.5332466753324665,1123
3768,7.535246475352465,1125
3769,7.537246275372462,1127
3770,7.539246075392461,1134
3771,7.541245875412459,1144
3772,7.543245675432456,1145
3773,7.545245475452455,1131
3774,7.547245275472452,1116
3775,7.5492450754924505,1119
3776,7.551244875512449,1135
3777,7.553244675532446,1146
3778,7.555244475552445,1143
3779,7.557244275572443,1135
3780,7.55924407559244,1131
3781,7.561243875612439,1134
3782,7.563243675632436,1136
3783,7.5652434756524345,1138
3784,7.567243275672433,1146
3785,7.56924307569243,1156
3786,7.571242875712429,1158
3787,7.573242675732427,1153
3788,7.575242475752424,1152
3789,7.577242275772423,1156
3790,7.57924207579242,1162
3791,7.5812418758124185,1166
3792,7.583241675832417,1166
3793,7.585241475852414,1164
3794,7.587241275872413,1165
3795,7.589241075892411,1168
3796,7.591240875912408,1164
3797,7.593240675932407,1154
3798,7.595240475952404,1146
3799,7.5972402759724025,1141
3800,7.599240075992401,1134
3801,7.601239876012398,1128
3802,7.603239676032397,1129
3803,7.605239476052395,1133
3804,7.607239276072392,1128
3805,7.609239076092391,1116
3806,7.611238876112389,1108
3807,7.6132386761323865,1108
3808,7.615238476152385,1117
3809,7.617238276172382,1127
3810,7.619238076192381,1133
3811,7.621237876212379,1132
3812,7.623237676232376,1122
3813,7.625237476252375,1108
3814,7.627237276272373,1102
3815,7.6292370762923705,1110
3816,7.631236876312369,1123
3817,7.633236676332366,1128
3818,7.635236476352365,1123
3819,7.637236276372363,1119
3820,7.63923607639236,1123
3821,7.641235876412359,1130
3822,7.643235676432357,1134
3823,7.6452354764523545,1137
3824,7.647235276472353,1138
3825,7.64923507649235,1135
3826,7.651234876512349,1131
3827,7.653234676532347,1130
3828,7.655234476552344,1134
3829,7.657234276572343,1135
3830,7.659234076592341,1128
3831,7.6612338766123385,1122
3832,7.663233676632337,1131
3833,7.665233476652334,1148
3834,7.667233276672333,1150
3835,7.669233076692331,1132
3836,7.671232876712328,1117
3837,7.673232676732327,1125
3838,7.675232476752325,1143
3839,7.6772322767723225,1149
3840,7.679232076792321,1140
3841,7.681231876812318,1132
3842,7.683231676832317,1135
3843,7.685231476852315,1140
3844,7.687231276872312,1140
3845,7.689231076892311,1133
3846,7.691230876912309,1126
3847,7.6932306769323064,1122
3848,7.695230476952305,1119
3849,7.697230276972302,1119
3850,7.6992300769923006,1121
3851,7.701229877012299,1122
3852,7.703229677032296,1119
3853,7.705229477052295,1113
3854,7.707229277072293,1114
3855,7.70922907709229,1125
3856,7.711228877112289,1141
3857,7.713228677132286,1145
3858,7.7152284771522845,1127
3859,7.717228277172283,1104
3860,7.71922807719228,1095
3861,7.721227877212279,1102
3862,7.723227677232277,1111
3863,7.725227477252274,1115
3864,7.727227277272273,1116
3865,7.72922707729227,1119
3866,7.7312268773122685,1121
3867,7.733226677332267,1119
3868,7.735226477352264,1113
3869,7.737226277372263,1107
3870,7.739226077392261,1097
3871,7.741225877412258,1084
3872,7.743225677432257,1077
3873,7.745225477452254,1079
3874,7.7472252774722525,1083
3875,7.749225077492251,1083
3876,7.751224877512248,1081
3877,7.753224677532247,1079
3878,7.755224477552245,1077
3879,7.757224277572242,1077
3880,7.759224077592241,1076
3881,7.761223877612238,1071
3882,7.7632236776322365,1064
3883,7.765223477652235,1062
3884,7.767223277672232,1067
3885,7.769223077692231,1078
3886,7.771222877712229,1093
3887,7.773222677732226,1107
3888,7.775222477752225,1112
3889,7.777222277772222,1106
3890,7.7792220777922205,1097
3891,7.781221877812219,1093
3892,7.783221677832216,1097
3893,7.785221477852215,1106
3894,7.787221277872213,1109
3895,7.78922107789221,1097
3896,7.791220877912209,1077
3897,7.793220677932206,1072
3898,7.7952204779522045,1093
3899,7.797220277972203,1122
3900,7.7992200779922,1133
3901,7.801219878012199,1123
3902,7.803219678032197,1107
3903,7.805219478052194,1092
3904,7.807219278072193,1078
3905,7.80921907809219,1071
3906,7.8112188781121885,1082
3907,7.813218678132187,1102
3908,7.815218478152184,1112
3909,7.817218278172183,1108
3910,7.819218078192181,1102
3911,7.821217878212178,1101
3912,7.823217678232177,1105
3913,7.825217478252174,1113
3914,7.8272172782721725,1118
3915,7.829217078292171,1110
3916,7.831216878312168,1092
3917,7.833216678332167,1079
3918,7.835216478352165,1077
3919,7.837216278372162,1079
3920,7.839216078392161,1081
3921,7.841215878412158,1086
3922,7.8432156784321565,1098
3923,7.845215478452155,1108
3924,7.847215278472152,1106
3925,7.849215078492151,1099
3926,7.851214878512149,1099
3927,7.853214678532146,1111
3928,7.855214478552145,1120
3929,7.857214278572142,1119
3930,7.8592140785921405,1112
3931,7.861213878612139,1114
3932,7.863213678632136,1122
3933,7.865213478652135,1120
3934,7.867213278672133,1101
3935,7.86921307869213,1083
3936,7.871212878712129,1078
3937,7.873212678732127,1082
3938,7.8752124787521245,1089
3939,7.877212278772123,1101
3940,7.87921207879212,1113
3941,7.881211878812119,1113
3942,7.883211678832117,1101
3943,7.885211478852114,1096
3944,7.887211278872113,1105
3945,7.889211078892111,1117
3946,7.8912108789121085,1125
3947,7.893210678932107,1131
3948,7.895210478952104,1130
3949,7.897210278972103,1116
3950,7.899210078992101,1104
3951,7.901209879012098,1104
3952,7.903209679032097,1110
3953,7.905209479052095,1115
3954,7.9072092790720925,1117
3955,7.909209079092091,1115
3956,7.911208879112088,1113
3957,7.913208679132087,1108
3958,7.915208479152085,1104
3959,7.917208279172082,1106
3960,7.919208079192081,1116
3961,7.921207879212079,1127
3962,7.9232076792320765,1133
3963,7.925207479252075,1132
3964,7.927207279272072,1127
3965,7.929207079292071,1122
3966,7.931206879312069,1120
3967,7.933206679332066,1117
3968,7.935206479352065,1113
3969,7.937206279372063,1109
3970,7.9392060793920605,1106
3971,7.941205879412059,1106
3972,7.943205679432056,1113
3973,7.945205479452055,1119
3974,7.947205279472053,1114
3975,7.94920507949205,1105
3976,7.951204879512049,1104
3977,7.953204679532047,1115
3978,7.9552044795520445,1127
3979,7.957204279572043,1128
3980,7.95920407959204,1119
3981,7.961203879612039,1110
3982,7.963203679632037,1111
3983,7.965203479652034,1116
3984,7.967203279672033,1114
3985,7.969203079692031,1105
3986,7.9712028797120285,1102
3987,7.973202679732027,1108
3988,7.975202479752024,1114
3989,7.977202279772023,1114
3990,7.979202079792021,1114
3991,7.981201879812018,1115
3992,7.983201679832017,1117
3993,7.985201479852015,1125
3994,7.9872012798720124,1135
3995,7.989201079892011,1132
3996,7.991200879912008,1117
3997,7.993200679932007,1103
3998,7.995200479952005,1096
3999,7.997200279972002,1093
4000,7.999200079992001,1095
4001,8.001199880011999,1101
4002,8.003199680031997,1106
4003,8.005199480051994,1105
4004,8.007199280071992,1104
4005,8.00919908009199,1111
4006,8.011198880111989,1122
4007,8.013198680131987,1129
4008,8.015198480151984,1124
4009,8.017198280171982,1113
4010,8.01919808019198,1103
4011,8.021197880211979,1103
4012,8.023197680231977,1113
4013,8.025197480251975,1121
4014,8.027197280271972,1116
4015,8.02919708029197,1106
4016,8.031196880311969,1110
4017,8.033196680331967,1129
4018,8.035196480351965,1143
4019,8.037196280371962,1143
4020,8.03919608039196,1133
4021,8.041195880411959,1120
4022,8.043195680431957,1108
4023,8.045195480451955,1102
4024,8.047195280471952,1099
4025,8.04919508049195,1097
4026,8.051194880511948,1099
4027,8.053194680531947,1107
4028,8.055194480551945,1114
4029,8.057194280571943,1112
4030,8.05919408059194,1103
4031,8.061193880611938,1098
4032,8.063193680631937,1106
4033,8.065193480651935,1118
4034,8.067193280671933,1119
4035,8.06919308069193,1109
4036,8.071192880711928,1098
4037,8.073192680731927,1094
4038,8.075192480751925,1096
4039,8.077192280771923,1095
4040,8.07919208079192,1085
4041,8.081191880811918,1075
4042,8.083191680831916,1081
4043,8.085191480851915,1100
4044,8.087191280871913,1111
4045,8.089191080891911,1108
4046,8.091190880911908,1103
4047,8.093190680931906,1110
4048,8.095190480951905,1118
4049,8.097190280971903,1114
4050,8.099190080991901,1106
4051,8.101189881011898,1109
4052,8.103189681031896,1125
4053,8.105189481051895,1136
4054,8.107189281071893,1129
4055,8.109189081091891,1115
4056,8.11118888111189,1111
4057,8.113188681131886,1115
4058,8.115188481151884,1110
4059,8.117188281171883,1088
4060,8.119188081191881,1064
4061,8.12118788121188,1063
4062,8.123187681231876,1084
4063,8.125187481251874,1105
4064,8.127187281271873,1113
4065,8.129187081291871,1115
4066,8.13118688131187,1119
4067,8.133186681331866,1120
4068,8.135186481351864,1119
4069,8.137186281371863,1123
4070,8.13918608139186,1132
4071,8.14118588141186,1138
4072,8.143185681431858,1132
4073,8.145185481451854,1116
4074,8.147185281471852,1099
4075,8.14918508149185,1088
4076,8.151184881511849,1090
4077,8.153184681531847,1101
4078,8.155184481551844,1113
4079,8.157184281571842,1116
4080,8.15918408159184,1117
4081,8.161183881611839,1121
4082,8.163183681631837,1122
4083,8.165183481651834,1112
4084,8.167183281671832,1100
4085,8.16918308169183,1094
4086,8.171182881711829,1094
4087,8.173182681731827,1093
4088,8.175182481751825,1090
4089,8.177182281771822,1089
4090,8.17918208179182,1096
4091,8.181181881811819,1109
4092,8.183181681831817,1118
4093,8.185181481851815,1117
4094,8.187181281871812,1113
4095,8.18918108189181,1114
4096,8.191180881911809,1124
4097,8.193180681931807,1129
4098,8.195180481951805,1125
4099,8.197180281971802,1116
4100,8.1991800819918,1118
4101,8.201179882011798,1133
4102,8.203179682031797,1150
4103,8.205179482051795,1152
4104,8.207179282071793,1144
4105,8.20917908209179,1137
4106,8.211178882111788,1133
4107,8.213178682131787,1133
4108,8.215178482151785,1139
4109,8.217178282171783,1151
4110,8.21917808219178,1163
4111,8.221177882211778,1165
4112,8.223177682231777,1158
4113,8.225177482251775,1154
4114,8.227177282271773,1157
4115,8.22917708229177,1164
4116,8.231176882311768,1173
4117,8.233176682331766,1176
4118,8.235176482351765,1167
4119,8.237176282371763,1151
4120,8.239176082391761,1142
4121,8.241175882411758,1137
4122,8.243175682431756,1132
4123,8.245175482451755,1130
4124,8.247175282471753,1138
4125,8.249175082491751,1150
4126,8.251174882511748,1153
4127,8.253174682531746,1142
4128,8.255174482551745,1124
4129,8.257174282571743,1113
4130,8.259174082591741,1113
4131,8.261173882611738,1115
4132,8.263173682631736,1114
4133,8.265173482651734,1117
4134,8.267173282671733,1127
4135,8.269173082691731,1132
4136,8.27117288271173,1126
4137,8.273172682731726,1120
4138,8.275172482751724,1126
4139,8.277172282771723,1142
4140,8.279172082791721,1155
4141,8.28117188281172,1160
4142,8.283171682831716,1155
4143,8.285171482851714,1147
4144,8.287171282871713,1144
4145,8.289171082891711,1148
4146,8.29117088291171,1155
4147,8.293170682931706,1157
4148,8.295170482951704,1153
4149,8.297170282971702,1150
4150,8.2991700829917,1155
4151,8.3011698830117,1163
4152,8.303169683031697,1162
4153,8.305169483051694,1147
4154,8.307169283071692,1129
4155,8.30916908309169,1120
4156,8.311168883111689,1125
4157,8.313168683131687,1137
4158,8.315168483151684,1147
4159,8.317168283171682,1149
4160,8.31916808319168,1143
4161,8.321167883211679,1133
4162,8.323167683231677,1127
4163,8.325167483251674,1131
4164,8.327167283271672,1147
4165,8.32916708329167,1159
4166,8.331166883311669,1156
4167,8.333166683331667,1144
4168,8.335166483351665,1135
4169,8.337166283371662,1140
4170,8.33916608339166,1150
4171,8.341165883411659,1153
4172,8.343165683431657,1146
4173,8.345165483451655,1139
4174,8.347165283471652,1143
4175,8.34916508349165,1158
4176,8.351164883511649,1168
4177,8.353164683531647,1157
4178,8.355164483551645,1139
4179,8.357164283571642,1131
4180,8.35916408359164,1138
4181,8.361163883611638,1151
4182,8.363163683631637,1164
4183,8.365163483651635,1171
4184,8.367163283671633,1165
4185,8.36916308369163,1150
4186,8.371162883711628,1139
4187,8.373162683731627,1138
4188,8.375162483751625,1140
4189,8.377162283771623,1136
4190,8.37916208379162,1131
4191,8.381161883811618,1129
4192,8.383161683831617,1131
4193,8.385161483851615,1138
4194,8.387161283871613,1146
4195,8.389161083891612,1149
4196,8.391160883911608,1144
4197,8.393160683931606,1139
4198,8.395160483951605,1137
4199,8.397160283971603,1132
4200,8.399160083991601,1119
4201,8.401159884011598,1104
4202,8.403159684031596,1096
4203,8.405159484051595,1100
4204,8.407159284071593,1106
4205,8.409159084091591,1103
4206,8.411158884111588,1100
4207,8.413158684131586,1111
4208,8.415158484151585,1129
4209,8.417158284171583,1142
4210,8.419158084191581,1149
4211,8.42115788421158,1150
4212,8.423157684231576,1144
4213,8.425157484251574,1133
4214,8.427157284271573,1127
4215,8.429157084291571,1133
4216,8.43115688431157,1145
4217,8.433156684331566,1150
4218,8.435156484351564,1139
4219,8.437156284371563,1120
4220,8.439156084391561,1110
4221,8.44115588441156,1113
4222,8.443155684431556,1121
4223,8.445155484451554,1125
4224,8.447155284471553,1129
4225,8.44915508449155,1136
4226,8.45115488451155,1147
4227,8.453154684531548,1162
4228,8.455154484551544,1179
4229,8.457154284571542,1192
4230,8.45915408459154,1189
4231,8.461153884611539,1176
4232,8.463153684631537,1166
4233,8.465153484651534,1161
4234,8.467153284671532,1158
4235,8.46915308469153,1157
4236,8.471152884711529,1159
4237,8.473152684731527,1162
4238,8.475152484751524,1158
4239,8.477152284771522,1146
4240,8.47915208479152,1141
4241,8.481151884811519,1148
4242,8.483151684831517,1160
4243,8.485151484851515,1164
4244,8.487151284871512,1161
4245,8.48915108489151,1158
4246,8.491150884911509,1158
4247,8.493150684931507,1161
4248,8.495150484951505,1164
4249,8.497150284971502,1167
4250,8.4991500849915,1165
4251,8.501149885011499,1160
4252,8.503149685031497,1156
4253,8.505149485051495,1155
4254,8.507149285071492,1152
4255,8.50914908509149,1139
4256,8.511148885111488,1125
4257,8.513148685131487,1123
4258,8.515148485151485,1129
4259,8.517148285171483,1133
4260,8.51914808519148,1135
4261,8.521147885211478,1139
4262,8.523147685231477,1149
4263,8.525147485251475,1159
4264,8.527147285271473,1164
4265,8.52914708529147,1159
4266,8.531146885311468,1147
4267,8.533146685331467,1140
4268,8.535146485351465,1142
4269,8.537146285371463,1138
4270,8.53914608539146,1123
4271,8.541145885411458,1105
4272,8.543145685431456,1100
4273,8.545145485451455,1108
4274,8.547145285471453,1119
4275,8.549145085491451,1126
4276,8.551144885511448,1127
4277,8.553144685531446,1124
4278,8.555144485551445,1124
4279,8.557144285571443,1129
4280,8.559144085591441,1140
4281,8.561143885611438,1152
4282,8.563143685631436,1157
4283,8.565143485651435,1153
4284,8.567143285671433,1147
4285,8.569143085691431,1142
4286,8.571142885711428,1142
4287,8.573142685731426,1146
4288,8.575142485751424,1148
4289,8.577142285771423,1149
4290,8.579142085791421,1153
4291,8.58114188581142,1162
4292,8.583141685831416,1164
4293,8.585141485851414,1151
4294,8.587141285871413,1130
4295,8.589141085891411,1113
4296,8.59114088591141,1114
4297,8.593140685931406,1128
4298,8.595140485951404,1134
4299,8.597140285971403,1129
4300,8.599140085991401,1122
4301,8.6011398860114,1126
4302,8.603139686031396,1139
4303,8.605139486051394,1151
4304,8.607139286071392,1154
4305,8.60913908609139,1151
4306,8.61113888611139,1153
4307,8.613138686131387,1158
4308,8.615138486151384,1161
4309,8.617138286171382,1158
4310,8.61913808619138,1153
4311,8.621137886211379,1149
4312,8.623137686231377,1152
4313,8.625137486251374,1159
4314,8.627137286271372,1167
4315,8.62913708629137,1169
4316,8.631136886311369,1167
4317,8.633136686331367,1168
4318,8.635136486351366,1176
4319,8.637136286371362,1181
4320,8.63913608639136,1171
4321,8.641135886411359,1151
4322,8.643135686431357,1145
4323,8.645135486451355,1161
4324,8.647135286471352,1176
4325,8.64913508649135,1171
4326,8.651134886511349,1149
4327,8.653134686531347,1137
4328,8.655134486551345,1148
4329,8.657134286571342,1163
4330,8.65913408659134,1162
4331,8.661133886611339,1147
4332,8.663133686631337,1136
4333,8.665133486651335,1133
4334,8.667133286671334,1128
4335,8.66913308669133,1123
4336,8.671132886711328,1127
4337,8.673132686731327,1137
4338,8.675132486751325,1136
4339,8.677132286771323,1125
4340,8.67913208679132,1120
4341,8.681131886811318,1127
4342,8.683131686831317,1132
4343,8.685131486851315,1128
4344,8.687131286871313,1123
4345,8.68913108689131,1122
4346,8.691130886911308,1125
4347,8.693130686931307,1128
4348,8.695130486951305,1134
4349,8.697130286971303,1142
4350,8.699130086991302,1148
4351,8.701129887011298,1152
4352,8.703129687031296,1153
4353,8.705129487051295,1155
4354,8.707129287071293,1154
4355,8.709129087091291,1148
4356,8.711128887111288,1141
4357,8.713128687131286,1139
4358,8.715128487151285,1142
4359,8.717128287171283,1141
4360,8.719128087191281,1135
4361,8.721127887211278,1130
4362,8.723127687231276,1133
4363,8.725127487251275,1143
4364,8.727127287271273,1154
4365,8.729127087291271,1160
4366,8.73112688731127,1163
4367,8.733126687331266,1167
4368,8.735126487351264,1170
4369,8.737126287371263,1165
4370,8.739126087391261,1154
4371,8.74112588741126,1153
4372,8.743125687431256,1161
4373,8.745125487451254,1166
4374,8.747125287471253,1157
4375,8.749125087491251,1140
4376,8.75112488751125,1136
4377,8.753124687531246,1145
4378,8.755124487551244,1153
4379,8.757124287571243,1148
4380,8.75912408759124,1140
4381,8.76112388761124,1136
4382,8.763123687631238,1135
4383,8.765123487651234,1135
4384,8.767123287671232,1134
4385,8.76912308769123,1136
4386,8.771122887711229,1145
4387,8.773122687731227,1156
4388,8.775122487751224,1156
4389,8.777122287771222,1145
4390,8.77912208779122,1136
4391,8.781121887811219,1136
4392,8.783121687831217,1142
4393,8.785121487851214,1146
4394,8.787121287871212,1146
4395,8.78912108789121,1145
4396,8.791120887911209,1147
4397,8.793120687931207,1152
4398,8.795120487951205,1151
4399,8.797120287971202,1136
4400,8.7991200879912,1120
4401,8.801119888011199,1121
4402,8.803119688031197,1140
4403,8.805119488051195,1155
4404,8.807119288071192,1155
4405,8.80911908809119,1145
4406,8.811118888111189,1139
4407,8.813118688131187,1139
4408,8.815118488151185,1144
4409,8.817118288171182,1148
4410,8.81911808819118,1149
4411,8.821117888211178,1145
4412,8.823117688231177,1140
4413,8.825117488251175,1139
4414,8.827117288271173,1142
4415,8.82911708829117,1148
4416,8.831116888311168,1156
4417,8.833116688331167,1164
4418,8.835116488351165,1171
4419,8.837116288371163,1177
4420,8.83911608839116,1180
4421,8.841115888411158,1181
4422,8.843115688431157,1182
4423,8.845115488451155,1178
4424,8.847115288471153,1171
4425,8.84911508849115,1167
4426,8.851114888511148,1170
4427,8.853114688531146,1169
4428,8.855114488551145,1164
4429,8.857114288571143,1159
4430,8.859114088591141,1159
4431,8.861113888611138,1164
4432,8.863113688631136,1169
4433,8.865113488651135,1173
4434,8.867113288671133,1171
4435,8.869113088691131,1167
4436,8.871112888711128,1161
4437,8.873112688731126,1161
4438,8.875112488751125,1168
4439,8.877112288771123,1176
4440,8.879112088791121,1172
4441,8.88111188881112,1162
4442,8.883111688831116,1160
4443,8.885111488851114,1168
4444,8.887111288871113,1175
4445,8.889111088891111,1173
4446,8.89111088891111,1162
4447,8.893110688931106,1148
4448,8.895110488951104,1142
4449,8.897110288971103,1145
4450,8.899110088991101,1151
4451,8.9011098890111,1153
4452,8.903109689031096,1146
4453,8.905109489051094,1133
4454,8.907109289071093,1122
4455,8.909109089091091,1117
4456,8.91110888911109,1117
4457,8.913108689131088,1124
4458,8.915108489151084,1132
4459,8.917108289171082,1134
4460,8.91910808919108,1131
4461,8.921107889211079,1133
4462,8.923107689231077,1145
4463,8.925107489251074,1155
4464,8.927107289271072,1152
4465,8.92910708929107,1140
4466,8.931106889311069,1134
4467,8.933106689331067,1142
4468,8.935106489351064,1157
4469,8.937106289371062,1167
4470,8.93910608939106,1162
4471,8.941105889411059,1153
4472,8.943105689431057,1148
4473,8.945105489451056,1150
4474,8.947105289471052,1156
4475,8.94910508949105,1165
4476,8.951104889511049,1177
4477,8.953104689531047,1184
4478,8.955104489551045,1183
4479,8.957104289571042,1178
4480,8.95910408959104,1175
4481,8.961103889611039,1173
4482,8.963103689631037,1169
4483,8.965103489651035,1163
4484,8.967103289671032,1158
4485,8.96910308969103,1158
4486,8.971102889711029,1161
4487,8.973102689731027,1161
4488,8.975102489751025,1152
4489,8.977102289771024,1143
4490,8.97910208979102,1140
4491,8.981101889811018,1142
4492,8.983101689831017,1141
4493,8.985101489851015,1141
4494,8.987101289871013,1145
4495,8.98910108989101,1149
4496,8.991100889911008,1145
4497,8.993100689931007,1136
4498,8.995100489951005,1134
4499,8.997100289971003,1144
4500,8.999100089991,1157
4501,9.001099890010998,1162
4502,9.003099690030997,1149
4503,9.005099490050995,1129
4504,9.007099290070993,1126
4505,9.009099090090992,1144
4506,9.011098890110988,1164
4507,9.013098690130986,1165
4508,9.015098490150985,1149
4509,9.017098290170983,1139
4510,9.019098090190981,1144
4511,9.021097890210978,1155
4512,9.023097690230976,1163
4513,9.025097490250975,1162
4514,9.027097290270973,1155
4515,9.029097090290971,1156
4516,9.031096890310968,1166
4517,9.033096690330966,1169
4518,9.035096490350965,1157
4519,9.037096290370963,1148
4520,9.039096090390961,1152
4521,9.04109589041096,1161
4522,9.043095690430956,1161
4523,9.045095490450954,1152
4524,9.047095290470953,1139
4525,9.049095090490951,1129
4526,9.05109489051095,1123
4527,9.053094690530946,1122
4528,9.055094490550944,1124
4529,9.057094290570943,1128
4530,9.059094090590941,1132
4531,9.06109389061094,1131
4532,9.063093690630936,1128
4533,9.065093490650934,1136
4534,9.067093290670933,1149
4535,9.06909309069093,1155
4536,9.07109289071093,1150
4537,9.073092690730928,1144
4538,9.075092490750924,1136
4539,9.077092290770922,1130
4540,9.07909209079092,1129
4541,9.081091890810919,1133
4542,9.083091690830917,1139
4543,9.085091490850914,1144
4544,9.087091290870912,1147
4545,9.08909109089091,1147
4546,9.091090890910909,1142
4547,9.093090690930907,1131
4548,9.095090490950904,1125
4549,9.097090290970902,1135
4550,9.0990900909909,1155
4551,9.101089891010899,1164
4552,9.103089691030897,1155
4553,9.105089491050895,1137
4554,9.107089291070892,1130
4555,9.10908909109089,1136
4556,9.111088891110889,1141
4557,9.113088691130887,1134
4558,9.115088491150885,1123
4559,9.117088291170882,1125
4560,9.11908809119088,1137
4561,9.121087891210879,1144
4562,9.123087691230877,1139
4563,9.125087491250875,1136
4564,9.127087291270874,1144
4565,9.12908709129087,1156
4566,9.131086891310868,1155
4567,9.133086691330867,1140
4568,9.135086491350865,1131
4569,9.137086291370863,1137
4570,9.13908609139086,1151
4571,9.141085891410858,1160
4572,9.143085691430857,1159
4573,9.145085491450855,1150
4574,9.147085291470853,1143
4575,9.14908509149085,1143
4576,9.151084891510848,1150
4577,9.153084691530847,1156
4578,9.155084491550845,1162
4579,9.157084291570843,1171
4580,9.159084091590842,1182
4581,9.161083891610838,1187
4582,9.163083691630836,1178
4583,9.165083491650835,1155
4584,9.167083291670833,1136
4585,9.169083091690831,1136
4586,9.171082891710828,1151
4587,9.173082691730826,1162
4588,9.175082491750825,1158
4589,9.177082291770823,1140
4590,9.179082091790821,1118
4591,9.181081891810818,1104
4592,9.183081691830816,1105
4593,9.185081491850815,1117
4594,9.187081291870813,1131
4595,9.189081091890811,1139
4596,9.19108089191081,1139
4597,9.193080691930806,1138
4598,9.195080491950804,1141
4599,9.197080291970803,1141
4600,9.199080091990801,1132
4601,9.2010798920108,1124
4602,9.203079692030796,1128
4603,9.205079492050794,1145
4604,9.207079292070793,1160
4605,9.209079092090791,1165
4606,9.21107889211079,1161
4607,9.213078692130786,1154
4608,9.215078492150784,1150
4609,9.217078292170783,1149
4610,9.219078092190781,1150
4611,9.22107789221078,1152
4612,9.223077692230778,1149
4613,9.225077492250774,1140
4614,9.227077292270772,1136
4615,9.22907709229077,1141
4616,9.231076892310769,1148
4617,9.233076692330767,1150
4618,9.235076492350764,1146
4619,9.237076292370762,1144
4620,9.23907609239076,1148
4621,9.241075892410759,1154
4622,9.243075692430757,1157
4623,9.245075492450754,1149
4624,9.247075292470752,1134
4625,9.24907509249075,1117
4626,9.251074892510749,1107
4627,9.253074692530747,1110
4628,9.255074492550746,1127
4629,9.257074292570742,1137
4630,9.25907409259074,1130
4631,9.261073892610739,1125
4632,9.263073692630737,1143
4633,9.265073492650735,1170
4634,9.267073292670732,1178
4635,9.26907309269073,1164
4636,9.271072892710729,1148
4637,9.273072692730727,1146
4638,9.275072492750725,1152
4639,9.277072292770722,1152
4640,9.27907209279072,1136
4641,9.281071892810719,1115
4642,9.283071692830717,1106
4643,9.285071492850715,1116
4644,9.287071292870714,1135
4645,9.28907109289071,1147
4646,9.291070892910708,1149
4647,9.293070692930707,1146
4648,9.295070492950705,1142
4649,9.297070292970703,1141
4650,9.2990700929907,1139
4651,9.301069893010698,1135
4652,9.303069693030697,1132
4653,9.305069493050695,1133
4654,9.307069293070693,1136
4655,9.30906909309069,1141
4656,9.311068893110688,1145
4657,9.313068693130687,1145
4658,9.315068493150685,1143
4659,9.317068293170683,1143
4660,9.319068093190682,1147
4661,9.321067893210678,1153
4662,9.323067693230676,1156
4663,9.325067493250675,1153
4664,9.327067293270673,1148
4665,9.329067093290671,1145
4666,9.331066893310668,1149
4667,9.333066693330666,1155
4668,9.335066493350665,1154
4669,9.337066293370663,1147
4670,9.339066093390661,1142
4671,9.341065893410658,1139
4672,9.343065693430656,1137
4673,9.345065493450655,1143
4674,9.347065293470653,1150
4675,9.349065093490651,1149
4676,9.35106489351065,1143
4677,9.353064693530646,1137
4678,9.355064493550644,1136
4679,9.357064293570643,1136
4680,9.359064093590641,1136
4681,9.36106389361064,1139
4682,9.363063693630636,1144
4683,9.365063493650634,1147
4684,9.367063293670633,1139
4685,9.369063093690631,1118
4686,9.37106289371063,1098
4687,9.373062693730626,1095
4688,9.375062493750624,1105
4689,9.377062293770623,1111
4690,9.37906209379062,1107
4691,9.38106189381062,1102
4692,9.383061693830618,1106
4693,9.385061493850614,1117
4694,9.387061293870612,1129
4695,9.38906109389061,1133
4696,9.391060893910609,1132
4697,9.393060693930607,1135
4698,9.395060493950604,1145
4699,9.397060293970602,1155
4700,9.3990600939906,1160
4701,9.401059894010599,1159
4702,9.403059694030597,1153
4703,9.405059494050596,1143
4704,9.407059294070592,1135
4705,9.40905909409059,1137
4706,9.411058894110589,1146
4707,9.413058694130587,1147
4708,9.415058494150585,1139
4709,9.417058294170582,1130
4710,9.41905809419058,1128
4711,9.421057894210579,1130
4712,9.423057694230577,1130
4713,9.425057494250575,1126
4714,9.427057294270572,1120
4715,9.42905709429057,1120
4716,9.431056894310569,1126
4717,9.433056694330567,1134
4718,9.435056494350565,1137
4719,9.437056294370564,1137
4720,9.43905609439056,1141
4721,9.441055894410558,1146
4722,9.443055694430557,1147
4723,9.445055494450555,1141
4724,9.447055294470553,1128
4725,9.44905509449055,1116
4726,9.451054894510548,1113
4727,9.453054694530547,1122
4728,9.455054494550545,1133
4729,9.457054294570543,1137
4730,9.45905409459054,1132
4731,9.461053894610538,1127
4732,9.463053694630537,1128
4733,9.465053494650535,1135
4734,9.467053294670533,1141
4735,9.469053094690532,1144
4736,9.471052894710528,1148
4737,9.473052694730526,1148
4738,9.475052494750525,1137
4739,9.477052294770523,1122
4740,9.479052094790521,1120
4741,9.481051894810518,1127
4742,9.483051694830516,1127
4743,9.485051494850515,1119
4744,9.487051294870513,1118
4745,9.489051094890511,1129
4746,9.491050894910508,1139
4747,9.493050694930506,1138
4748,9.495050494950505,1135
4749,9.497050294970503,1144
4750,9.499050094990501,1159
4751,9.5010498950105,1165
4752,9.503049695030496,1157
4753,9.505049495050494,1150
4754,9.507049295070493,1154
4755,9.509049095090491,1165
4756,9.51104889511049,1172
4757,9.513048695130486,1174
4758,9.515048495150484,1171
4759,9.517048295170483,1158
4760,9.519048095190481,1137
4761,9.52104789521048,1123
4762,9.523047695230476,1129
4763,9.525047495250474,1142
4764,9.527047295270473,1145
4765,9.529047095290471,1139
4766,9.53104689531047,1133
4767,9.533046695330468,1128
4768,9.535046495350464,1124
4769,9.537046295370462,1132
4770,9.53904609539046,1152
4771,9.541045895410459,1170
4772,9.543045695430457,1170
4773,9.545045495450454,1155
4774,9.547045295470452,1141
4775,9.54904509549045,1132
4776,9.551044895510449,1128
4777,9.553044695530447,1131
4778,9.555044495550444,1137
4779,9.557044295570442,1139
4780,9.55904409559044,1133
4781,9.561043895610439,1125
4782,9.563043695630437,1118
4783,9.565043495650436,1118
4784,9.567043295670432,1127
4785,9.56904309569043,1140
4786,9.571042895710429,1142
4787,9.573042695730427,1132
4788,9.575042495750425,1121
4789,9.577042295770422,1123
4790,9.57904209579042,1138
4791,9.581041895810419,1154
4792,9.583041695830417,1158
4793,9.585041495850415,1152
4794,9.587041295870412,1144
4795,9.58904109589041,1141
4796,9.591040895910409,1142
4797,9.593040695930407,1145
4798,9.595040495950405,1144
4799,9.597040295970404,1137
4800,9.5990400959904,1132
4801,9.601039896010398,1137
4802,9.603039696030397,1149
4803,9.605039496050395,1155
4804,9.607039296070393,1147
4805,9.60903909609039,1135
4806,9.611038896110388,1132
4807,9.613038696130387,1143
4808,9.615038496150385,1153
4809,9.617038296170383,1154
4810,9.61903809619038,1152
4811,9.621037896210378,1150
4812,9.623037696230377,1147
4813,9.625037496250375,1147
4814,9.627037296270373,1152
4815,9.629037096290372,1155
4816,9.631036896310368,1149
4817,9.633036696330366,1140
4818,9.635036496350365,1136
4819,9.637036296370363,1138
4820,9.639036096390361,1144
4821,9.641035896410358,1150
4822,9.643035696430356,1153
4823,9.645035496450355,1156
4824,9.647035296470353,1156
4825,9.649035096490351,1157
4826,9.65103489651035,1162
4827,9.653034696530346,1171
4828,9.655034496550345,1176
4829,9.657034296570343,1172
4830,9.659034096590341,1170
4831,9.66103389661034,1175
4832,9.663033696630336,1182
4833,9.665033496650334,1182
4834,9.667033296670333,1174
4835,9.669033096690331,1164
4836,9.67103289671033,1160
4837,9.673032696730326,1159
4838,9.675032496750324,1156
4839,9.677032296770323,1153
4840,9.679032096790321,1155
4841,9.68103189681032,1157
4842,9.683031696830318,1156
4843,9.685031496850314,1152
4844,9.687031296870313,1151
4845,9.68903109689031,1152
4846,9.69103089691031,1157
4847,9.693030696930307,1162
4848,9.695030496950304,1163
4849,9.697030296970302,1158
4850,9.6990300969903,1145
4851,9.701029897010299,1134
4852,9.703029697030297,1130
4853,9.705029497050294,1130
4854,9.707029297070292,1130
4855,9.70902909709029,1135
4856,9.711028897110289,1144
4857,9.713028697130287,1151
4858,9.715028497150286,1152
4859,9.717028297170282,1146
4860,9.71902809719028,1140
4861,9.721027897210279,1135
4862,9.723027697230277,1137
4863,9.725027497250275,1147
4864,9.727027297270272,1159
4865,9.72902709729027,1161
4866,9.731026897310269,1152
4867,9.733026697330267,1143
4868,9.735026497350265,1146
4869,9.737026297370262,1156
4870,9.73902609739026,1167
4871,9.741025897410259,1173
4872,9.743025697430257,1175
4873,9.745025497450255,1171
4874,9.747025297470254,1160
4875,9.74902509749025,1148
4876,9.751024897510248,1142
4877,9.753024697530247,1141
4878,9.755024497550245,1143
4879,9.757024297570243,1145
4880,9.75902409759024,1143
4881,9.761023897610238,1135
4882,9.763023697630237,1131
4883,9.765023497650235,1139
4884,9.767023297670233,1153
4885,9.76902309769023,1156
4886,9.771022897710228,1149
4887,9.773022697730227,1146
4888,9.775022497750225,1151
4889,9.777022297770223,1155
4890,9.779022097790222,1152
4891,9.781021897810218,1148
4892,9.783021697830216,1146
4893,9.785021497850215,1146
4894,9.787021297870213,1153
4895,9.789021097890211,1169
4896,9.791020897910208,1179
4897,9.793020697930206,1174
4898,9.795020497950205,1159
4899,9.797020297970203,1143
4900,9.799020097990201,1134
4901,9.801019898010198,1131
4902,9.803019698030196,1131
4903,9.805019498050195,1130
4904,9.807019298070193,1129
4905,9.809019098090191,1129
4906,9.81101889811019,1130
4907,9.813018698130186,1136
4908,9.815018498150184,1145
4909,9.817018298170183,1151
4910,9.819018098190181,1152
4911,9.82101789821018,1157
4912,9.823017698230176,1165
4913,9.825017498250174,1166
4914,9.827017298270173,1159
4915,9.829017098290171,1153
4916,9.83101689831017,1156
4917,9.833016698330166,1162
4918,9.835016498350164,1170
4919,9.837016298370163,1180
4920,9.839016098390161,1179
4921,9.84101589841016,1160
4922,9.843015698430158,1143
4923,9.845015498450154,1148
4924,9.847015298470152,1161
4925,9.84901509849015,1159
4926,9.851014898510149,1151
4927,9.853014698530147,1155
4928,9.855014498550144,1170
4929,9.857014298570142,1179
4930,9.85901409859014,1173
4931,9.861013898610139,1166
4932,9.863013698630137,1170
4933,9.865013498650134,1182
4934,9.867013298670132,1184
4935,9.86901309869013,1172
4936,9.871012898710129,1155
4937,9.873012698730127,1146
4938,9.875012498750126,1154
4939,9.877012298770122,1174
4940,9.87901209879012,1185
4941,9.881011898810119,1177
4942,9.883011698830117,1165
4943,9.885011498850115,1168
4944,9.887011298870112,1180
4945,9.88901109889011,1179
4946,9.891010898910109,1160
4947,9.893010698930107,1134
4948,9.895010498950105,1120
4949,9.897010298970104,1122
4950,9.8990100989901,1129
4951,9.901009899010099,1131
4952,9.903009699030097,1134
4953,9.905009499050095,1146
4954,9.907009299070094,1156
4955,9.90900909909009,1149
4956,9.911008899110088,1137
4957,9.913008699130087,1139
4958,9.915008499150085,1150
4959,9.917008299170083,1152
4960,9.91900809919008,1144
4961,9.921007899210078,1139
4962,9.923007699230077,1145
4963,9.925007499250075,1154
4964,9.927007299270073,1159
4965,9.929007099290072,1164
4966,9.931006899310068,1173
4967,9.933006699330067,1177
4968,9.935006499350065,1175
4969,9.937006299370063,1173
4970,9.939006099390062,1170
4971,9.941005899410058,1162
4972,9.943005699430056,1154
4973,9.945005499450055,1155
4974,9.947005299470053,1162
4975,9.949005099490051,1166
4976,9.951004899510048,1170
4977,9.953004699530046,1177
4978,9.955004499550045,1180
4979,9.957004299570043,1171
4980,9.959004099590041,1160
4981,9.96100389961004,1163
4982,9.963003699630036,1176
4983,9.965003499650035,1179
4984,9.967003299670033,1164
4985,9.969003099690031,1147
4986,9.97100289971003,1139
4987,9.973002699730026,1140
4988,9.975002499750024,1143
4989,9.977002299770023,1146
4990,9.979002099790021,1145
4991,9.98100189981002,1143
4992,9.983001699830016,1148
4993,9.985001499850014,1159
4994,9.987001299870013,1169
4995,9.989001099890011,1177
4996,9.99100089991001,1186
4997,9.993000699930008,1194
4998,9.995000499950004,1198
4999,9.997000299970003,1202
5000,9.99900009999,1209
5001,10.00099990001,1205
5002,10.002999700029997,1187
5003,10.004999500049994,1166
5004,10.006999300069992,1152
5005,10.00899910008999,1138
5006,10.010998900109989,1124
5007,10.012998700129987,1122
5008,10.014998500149984,1138
5009,10.016998300169982,1151
5010,10.01899810018998,1143
5011,10.020997900209979,1125
5012,10.022997700229977,1125
5013,10.024997500249976,1145
5014,10.026997300269972,1163
5015,10.02899710028997,1162
5016,10.030996900309969,1152
5017,10.032996700329967,1143
5018,10.034996500349965,1141
5019,10.036996300369962,1144
5020,10.03899610038996,1146
5021,10.040995900409959,1146
5022,10.042995700429957,1146
5023,10.044995500449955,1150
5024,10.046995300469952,1164
5025,10.04899510048995,1180
5026,10.050994900509949,1183
5027,10.052994700529947,1171
5028,10.054994500549945,1158
5029,10.056994300569944,1159
5030,10.05899410058994,1174
5031,10.060993900609938,1194
5032,10.062993700629937,1204
5033,10.064993500649935,1200
5034,10.066993300669933,1189
5035,10.06899310068993,1176
5036,10.070992900709928,1168
5037,10.072992700729927,1174
5038,10.074992500749925,1189
5039,10.076992300769923,1199
5040,10.07899210078992,1193
5041,10.080991900809918,1175
5042,10.082991700829917,1160
5043,10.084991500849915,1163
5044,10.086991300869913,1179
5045,10.088991100889912,1197
5046,10.090990900909908,1205
5047,10.092990700929906,1207
5048,10.094990500949905,1209
5049,10.096990300969903,1210
5050,10.098990100989901,1207
5051,10.100989901009898,1200
5052,10.102989701029896,1192
5053,10.104989501049895,1187
5054,10.106989301069893,1185
5055,10.108989101089891,1184
5056,10.110988901109888,1178
5057,10.112988701129886,1171
5058,10.114988501149885,1171
5059,10.116988301169883,1181
5060,10.118988101189881,1195
5061,10.12098790120988,1199
5062,10.122987701229876,1190
5063,10.124987501249874,1179
5064,10.126987301269873,1177
5065,10.128987101289871,1179
5066,10.13098690130987,1183
5067,10.132986701329866,1191
5068,10.134986501349864,1197
5069,10.136986301369863,1188
5070,10.138986101389861,1172
5071,10.14098590140986,1169
5072,10.142985701429858,1178
5073,10.144985501449854,1181
5074,10.146985301469853,1166
5075,10.148985101489851,1147
5076,10.15098490150985,1144
5077,10.152984701529848,1156
5078,10.154984501549844,1166
5079,10.156984301569842,1165
5080,10.15898410158984,1157
5081,10.160983901609839,1150
5082,10.162983701629837,1156
5083,10.164983501649834,1172
5084,10.166983301669832,1185
5085,10.16898310168983,1183
5086,10.170982901709829,1168
5087,10.172982701729827,1151
5088,10.174982501749826,1141
5089,10.176982301769822,1135
5090,10.17898210178982,1133
5091,10.180981901809819,1141
5092,10.182981701829817,1158
5093,10.184981501849816,1174
5094,10.186981301869812,1175
5095,10.18898110188981,1162
5096,10.190980901909809,1150
5097,10.192980701929807,1151
5098,10.194980501949805,1161
5099,10.196980301969802,1166
5100,10.1989801019898,1162
5101,10.200979902009799,1159
5102,10.202979702029797,1159
5103,10.204979502049795,1155
5104,10.206979302069794,1151
5105,10.20897910208979,1152
5106,10.210978902109789,1154
5107,10.212978702129787,1153
5108,10.214978502149785,1152
5109,10.216978302169784,1152
5110,10.21897810218978,1149
5111,10.220977902209778,1140
5112,10.222977702229777,1129
5113,10.224977502249775,1128
5114,10.226977302269773,1137
5115,10.22897710228977,1148
5116,10.230976902309768,1155
5117,10.232976702329767,1156
5118,10.234976502349765,1146
5119,10.236976302369763,1132
5120,10.238976102389762,1128
5121,10.240975902409758,1137
5122,10.242975702429757,1147
5123,10.244975502449755,1150
5124,10.246975302469753,1154
5125,10.248975102489752,1162
5126,10.250974902509748,1170
5127,10.252974702529746,1175
5128,10.254974502549745,1181
5129,10.256974302569743,1189
5130,10.258974102589741,1196
5131,10.260973902609738,1194
5132,10.262973702629736,1183
5133,10.264973502649735,1178
5134,10.266973302669733,1184
5135,10.268973102689731,1189
5136,10.27097290270973,1180
5137,10.272972702729726,1165
5138,10.274972502749725,1159
5139,10.276972302769723,1169
5140,10.278972102789721,1182
5141,10.28097190280972,1184
5142,10.282971702829716,1175
5143,10.284971502849714,1170
5144,10.286971302869713,1178
5145,10.288971102889711,1187
5146,10.29097090290971,1183
5147,10.292970702929706,1174
5148,10.294970502949704,1177
5149,10.296970302969703,1191
5150,10.298970102989701,1201
5151,10.3009699030097,1195
5152,10.302969703029698,1180
5153,10.304969503049694,1164
5154,10.306969303069693,1156
5155,10.30896910308969,1158
5156,10.31096890310969,1165
5157,10.312968703129687,1170
5158,10.314968503149684,1173
5159,10.316968303169682,1176
5160,10.31896810318968,1179
5161,10.320967903209679,1176
5162,10.322967703229677,1166
5163,10.324967503249674,1160
5164,10.326967303269672,1158
5165,10.32896710328967,1158
5166,10.330966903309669,1162
5167,10.332966703329667,1175
5168,10.334966503349666,1188
5169,10.336966303369662,1191
5170,10.33896610338966,1186
5171,10.340965903409659,1184
5172,10.342965703429657,1187
5173,10.344965503449655,1191
5174,10.346965303469652,1189
5175,10.34896510348965,1179
5176,10.350964903509649,1169
5177,10.352964703529647,1163
5178,10.354964503549645,1159
5179,10.356964303569642,1150
5180,10.35896410358964,1134
5181,10.360963903609639,1122
5182,10.362963703629637,1124
5183,10.364963503649635,1137
5184,10.366963303669634,1147
5185,10.36896310368963,1147
5186,10.370962903709628,1139
5187,10.372962703729627,1129
5188,10.374962503749625,1124
5189,10.376962303769623,1129
5190,10.37896210378962,1140
5191,10.380961903809618,1155
5192,10.382961703829617,1170
5193,10.384961503849615,1180
5194,10.386961303869613,1181
5195,10.38896110388961,1177
5196,10.390960903909608,1175
5197,10.392960703929607,1174
5198,10.394960503949605,1175
5199,10.396960303969603,1175
5200,10.398960103989602,1172
5201,10.400959904009598,1171
5202,10.402959704029596,1174
5203,10.404959504049595,1180
5204,10.406959304069593,1188
5205,10.408959104089591,1193
5206,10.410958904109588,1192
5207,10.412958704129586,1190
5208,10.414958504149585,1189
5209,10.416958304169583,1188
5210,10.418958104189581,1189
5211,10.42095790420958,1188
5212,10.422957704229576,1177
5213,10.424957504249575,1158
5214,10.426957304269573,1143
5215,10.428957104289571,1145
5216,10.43095690430957,1158
5217,10.432956704329566,1171
5218,10.434956504349564,1173
5219,10.436956304369563,1160
5220,10.438956104389561,1143
5221,10.44095590440956,1138
5222,10.442955704429556,1146
5223,10.444955504449554,1159
5224,10.446955304469553,1171
5225,10.448955104489551,1177
5226,10.45095490450955,1172
5227,10.452954704529548,1156
5228,10.454954504549544,1142
5229,10.456954304569543,1142
5230,10.458954104589541,1148
5231,10.46095390460954,1156
5232,10.462953704629538,1159
5233,10.464953504649534,1152
5234,10.466953304669532,1140
5235,10.46895310468953,1137
5236,10.470952904709529,1150
5237,10.472952704729527,1166
5238,10.474952504749524,1170
5239,10.476952304769522,1168
5240,10.47895210478952,1169
5241,10.480951904809519,1170
5242,10.482951704829517,1168
5243,10.484951504849516,1161
5244,10.486951304869512,1150
5245,10.48895110488951,1140
5246,10.490950904909509,1135
5247,10.492950704929507,1132
5248,10.494950504949506,1126
5249,10.496950304969502,1121
5250,10.4989501049895,1123
5251,10.500949905009499,1129
5252,10.502949705029497,1132
5253,10.504949505049495,1125
5254,10.506949305069492,1107
5255,10.50894910508949,1093
5256,10.510948905109489,1099
5257,10.512948705129487,1120
5258,10.514948505149485,1136
5259,10.516948305169484,1133
5260,10.51894810518948,1114
5261,10.520947905209479,1097
5262,10.522947705229477,1095
5263,10.524947505249475,1111
5264,10.526947305269474,1127
5265,10.52894710528947,1128
5266,10.530946905309468,1123
5267,10.532946705329467,1126
5268,10.534946505349465,1136
5269,10.536946305369463,1142
5270,10.53894610538946,1140
5271,10.540945905409458,1135
5272,10.542945705429457,1136
5273,10.544945505449455,1139
5274,10.546945305469453,1136
5275,10.548945105489452,1126
5276,10.550944905509448,1117
5277,10.552944705529447,1118
5278,10.554944505549445,1121
5279,10.556944305569443,1120
5280,10.558944105589442,1117
5281,10.560943905609438,1119
5282,10.562943705629436,1129
5283,10.564943505649435,1138
5284,10.566943305669433,1136
5285,10.568943105689431,1126
5286,10.570942905709428,1123
5287,10.572942705729426,1134
5288,10.574942505749425,1148
5289,10.576942305769423,1150
5290,10.578942105789421,1141
5291,10.58094190580942,1134
5292,10.582941705829416,1137
5293,10.584941505849415,1143
5294,10.586941305869413,1145
5295,10.588941105889411,1143
5296,10.59094090590941,1144
5297,10.592940705929406,1143
5298,10.594940505949404,1133
5299,10.596940305969403,1119
5300,10.598940105989401,1114
5301,10.6009399060094,1119
5302,10.602939706029396,1130
5303,10.604939506049394,1143
5304,10.606939306069393,1150
5305,10.608939106089391,1147
5306,10.61093890610939,1137
5307,10.612938706129388,1124
5308,10.614938506149384,1117
5309,10.616938306169382,1124
5310,10.61893810618938,1138
5311,10.62093790620938,1143
5312,10.622937706229377,1135
5313,10.624937506249374,1123
5314,10.626937306269372,1118
5315,10.62893710628937,1122
5316,10.630936906309369,1126
5317,10.632936706329367,1121
5318,10.634936506349364,1116
5319,10.636936306369362,1120
5320,10.63893610638936,1128
5321,10.640935906409359,1123
5322,10.642935706429357,1108
5323,10.644935506449356,1098
5324,10.646935306469352,1096
5325,10.64893510648935,1094
5326,10.650934906509349,1094
5327,10.652934706529347,1097
5328,10.654934506549345,1101
5329,10.656934306569342,1102
5330,10.65893410658934,1104
5331,10.660933906609339,1111
5332,10.662933706629337,1122
5333,10.664933506649335,1128
5334,10.666933306669334,1124
5335,10.66893310668933,1117
5336,10.670932906709329,1113
5337,10.672932706729327,1113
5338,10.674932506749325,1114
5339,10.676932306769324,1108
5340,10.67893210678932,1093
5341,10.680931906809318,1076
5342,10.682931706829317,1068
5343,10.684931506849315,1076
5344,10.686931306869313,1094
5345,10.68893110688931,1111
5346,10.690930906909308,1118
5347,10.692930706929307,1113
5348,10.694930506949305,1107
5349,10.696930306969303,1107
5350,10.698930106989302,1107
5351,10.700929907009298,1100
5352,10.702929707029297,1093
5353,10.704929507049295,1097
5354,10.706929307069293,1103
5355,10.708929107089292,1095
5356,10.710928907109288,1081
5357,10.712928707129286,1079
5358,10.714928507149285,1095
5359,10.716928307169283,1121
5360,10.718928107189281,1138
5361,10.720927907209278,1135
5362,10.722927707229276,1125
5363,10.724927507249275,1123
5364,10.726927307269273,1126
5365,10.728927107289271,1127
5366,10.73092690730927,1127
5367,10.732926707329266,1128
5368,10.734926507349265,1132
5369,10.736926307369263,1139
5370,10.738926107389261,1143
5371,10.74092590740926,1139
5372,10.742925707429256,1132
5373,10.744925507449254,1127
5374,10.746925307469253,1126
5375,10.748925107489251,1124
5376,10.75092490750925,1124
5377,10.752924707529246,1129
5378,10.754924507549244,1131
5379,10.756924307569243,1123
5380,10.758924107589241,1106
5381,10.76092390760924,1094
5382,10.762923707629238,1095
5383,10.764923507649234,1106
5384,10.766923307669233,1112
5385,10.768923107689231,1106
5386,10.77092290770923,1091
5387,10.772922707729228,1078
5388,10.774922507749224,1077
5389,10.776922307769222,1087
5390,10.77892210778922,1105
5391,10.780921907809219,1125
5392,10.782921707829217,1134
5393,10.784921507849214,1118
5394,10.786921307869212,1096
5395,10.78892110788921,1099
5396,10.790920907909209,1125
5397,10.792920707929207,1138
5398,10.794920507949206,1121
5399,10.796920307969202,1095
5400,10.7989201079892,1085
5401,10.800919908009199,1089
5402,10.802919708029197,1095
5403,10.804919508049196,1103
5404,10.806919308069192,1114
5405,10.80891910808919,1117
5406,10.810918908109189,1111
5407,10.812918708129187,1103
5408,10.814918508149185,1099
5409,10.816918308169182,1097
5410,10.81891810818918,1098
5411,10.820917908209179,1108
5412,10.822917708229177,1124
5413,10.824917508249175,1133
5414,10.826917308269174,1127
5415,10.82891710828917,1117
5416,10.830916908309169,1108
5417,10.832916708329167,1109
5418,10.834916508349165,1125
5419,10.836916308369164,1150
5420,10.83891610838916,1164
5421,10.840915908409158,1160
5422,10.842915708429157,1149
5423,10.844915508449155,1140
5424,10.846915308469153,1134
5425,10.84891510848915,1133
5426,10.850914908509148,1139
5427,10.852914708529147,1151
5428,10.854914508549145,1158
5429,10.856914308569143,1154
5430,10.858914108589142,1146
5431,10.860913908609138,1139
5432,10.862913708629137,1139
5433,10.864913508649135,1145
5434,10.866913308669133,1155
5435,10.868913108689132,1160
5436,10.870912908709128,1156
5437,10.872912708729126,1151
5438,10.874912508749125,1151
5439,10.876912308769123,1151
5440,10.878912108789121,1142
5441,10.880911908809118,1127
5442,10.882911708829116,1122
5443,10.884911508849115,1129
5444,10.886911308869113,1137
5445,10.888911108889111,1135
5446,10.89091090890911,1130
5447,10.892910708929106,1131
5448,10.894910508949105,1136
5449,10.896910308969103,1140
5450,10.898910108989101,1144
5451,10.9009099090091,1149
5452,10.902909709029096,1156
5453,10.904909509049094,1157
5454,10.906909309069093,1147
5455,10.908909109089091,1129
5456,10.91090890910909,1120
5457,10.912908709129088,1127
5458,10.914908509149084,1139
5459,10.916908309169083,1138
5460,10.918908109189081,1124
5461,10.92090790920908,1112
5462,10.922907709229078,1110
5463,10.924907509249074,1113
5464,10.926907309269072,1120
5465,10.92890710928907,1126
5466,10.93090690930907,1122
5467,10.932906709329067,1113
5468,10.934906509349064,1109
5469,10.936906309369062,1113
5470,10.93890610938906,1121
5471,10.940905909409059,1122
5472,10.942905709429057,1118
5473,10.944905509449056,1116
5474,10.946905309469052,1120
5475,10.94890510948905,1124
5476,10.950904909509049,1125
5477,10.952904709529047,1128
5478,10.954904509549046,1131
5479,10.956904309569042,1131
5480,10.95890410958904,1132
5481,10.960903909609039,1139
5482,10.962903709629037,1149
5483,10.964903509649035,1155
5484,10.966903309669032,1152
5485,10.96890310968903,1141
5486,10.970902909709029,1136
5487,10.972902709729027,1143
5488,10.974902509749025,1156
5489,10.976902309769024,1157
5490,10.97890210978902,1146
5491,10.980901909809019,1135
5492,10.982901709829017,1138
5493,10.984901509849015,1156
5494,10.986901309869014,1175
5495,10.98890110988901,1178
5496,10.990900909909008,1164
5497,10.992900709929007,1150
5498,10.994900509949005,1148
5499,10.996900309969003,1150
5500,10.998900109989,1142
5501,11.000899910008998,1129
5502,11.002899710028997,1125
5503,11.004899510048995,1131
5504,11.006899310068993,1138
5505,11.008899110088992,1139
5506,11.010898910108988,1139
5507,11.012898710128987,1146
5508,11.014898510148985,1154
5509,11.016898310168983,1160
5510,11.018898110188982,1163
5511,11.020897910208978,1166
5512,11.022897710228976,1167
5513,11.024897510248975,1162
5514,11.026897310268973,1151
5515,11.028897110288971,1137
5516,11.030896910308968,1126
5517,11.032896710328966,1118
5518,11.034896510348965,1116
5519,11.036896310368963,1122
5520,11.038896110388961,1135
5521,11.04089591040896,1145
5522,11.042895710428956,1147
5523,11.044895510448955,1141
5524,11.046895310468953,1135
5525,11.048895110488951,1138
5526,11.05089491050895,1150
5527,11.052894710528946,1164
5528,11.054894510548944,1165
5529,11.056894310568943,1150
5530,11.058894110588941,1132
5531,11.06089391060894,1124
5532,11.062893710628936,1127
5533,11.064893510648934,1136
5534,11.066893310668933,1143
5535,11.068893110688931,1144
5536,11.07089291070893,1141
5537,11.072892710728928,1134
5538,11.074892510748924,1124
5539,11.076892310768923,1118
5540,11.078892110788921,1118
5541,11.08089191080892,1121
5542,11.082891710828918,1118
5543,11.084891510848914,1113
5544,11.086891310868912,1111
5545,11.08889111088891,1115
5546,11.090890910908909,1122
5547,11.092890710928907,1121
5548,11.094890510948904,1112
5549,11.096890310968902,1106
5550,11.0988901109889,1117
5551,11.100889911008899,1136
5552,11.102889711028897,1148
5553,11.104889511048896,1150
5554,11.106889311068892,1148
5555,11.10888911108889,1144
5556,11.110888911108889,1142
5557,11.112888711128887,1143
5558,11.114888511148886,1141
5559,11.116888311168882,1133
5560,11.11888811118888,1128
5561,11.120887911208879,1132
5562,11.122887711228877,1146
5563,11.124887511248875,1163
5564,11.126887311268872,1172
5565,11.12888711128887,1171
5566,11.130886911308869,1172
5567,11.132886711328867,1181
5568,11.134886511348865,1191
5569,11.136886311368864,1192
5570,11.13888611138886,1185
5571,11.140885911408859,1172
5572,11.142885711428857,1155
5573,11.144885511448855,1142
5574,11.146885311468854,1133
5575,11.14888511148885,1126
5576,11.150884911508848,1124
5577,11.152884711528847,1130
5578,11.154884511548845,1137
5579,11.156884311568843,1141
5580,11.158884111588842,1145
5581,11.160883911608838,1152
5582,11.162883711628837,1155
5583,11.164883511648835,1156
5584,11.166883311668833,1158
5585,11.168883111688832,1159
5586,11.170882911708828,1159
5587,11.172882711728827,1162
5588,11.174882511748825,1170
5589,11.176882311768823,1174
5590,11.178882111788822,1166
5591,11.180881911808818,1154
5592,11.182881711828816,1156
5593,11.184881511848815,1169
5594,11.186881311868813,1186
5595,11.188881111888811,1200
5596,11.19088091190881,1203
5597,11.192880711928806,1193
5598,11.194880511948805,1182
5599,11.196880311968803,1177
5600,11.198880111988801,1177
5601,11.2008799120088,1176
5602,11.202879712028796,1173
5603,11.204879512048795,1171
5604,11.206879312068793,1168
5605,11.208879112088791,1160
5606,11.21087891210879,1151
5607,11.212878712128786,1151
5608,11.214878512148784,1159
5609,11.216878312168783,1169
5610,11.218878112188781,1175
5611,11.22087791220878,1175
5612,11.222877712228778,1168
5613,11.224877512248774,1163
5614,11.226877312268773,1162
5615,11.228877112288771,1160
5616,11.23087691230877,1157
5617,11.232876712328768,1157
5618,11.234876512348764,1161
5619,11.236876312368762,1161
5620,11.23887611238876,1155
5621,11.24087591240876,1143
5622,11.242875712428757,1139
5623,11.244875512448754,1152
5624,11.246875312468752,1169
5625,11.24887511248875,1172
5626,11.250874912508749,1165
5627,11.252874712528747,1162
5628,11.254874512548746,1165
5629,11.256874312568742,1164
5630,11.25887411258874,1155
5631,11.260873912608739,1148
5632,11.262873712628737,1147
5633,11.264873512648736,1147
5634,11.266873312668732,1141
5635,11.26887311268873,1135
5636,11.270872912708729,1134
5637,11.272872712728727,1141
5638,11.274872512748725,1148
5639,11.276872312768722,1145
5640,11.27887211278872,1131
5641,11.280871912808719,1119
5642,11.282871712828717,1118
5643,11.284871512848715,1124
5644,11.286871312868714,1127
5645,11.28887111288871,1128
5646,11.290870912908709,1130
5647,11.292870712928707,1133
5648,11.294870512948705,1139
5649,11.296870312968704,1152
5650,11.2988701129887,1163
5651,11.300869913008698,1162
5652,11.302869713028697,1152
5653,11.304869513048695,1145
5654,11.306869313068693,1144
5655,11.30886911308869,1143
5656,11.310868913108688,1133
5657,11.312868713128687,1118
5658,11.314868513148685,1109
5659,11.316868313168683,1110
5660,11.318868113188682,1119
5661,11.320867913208678,1135
5662,11.322867713228677,1147
5663,11.324867513248675,1144
5664,11.326867313268673,1134
5665,11.328867113288672,1131
5666,11.330866913308668,1135
5667,11.332866713328666,1136
5668,11.334866513348665,1134
5669,11.336866313368663,1135
5670,11.338866113388661,1139
5671,11.340865913408658,1142
5672,11.342865713428656,1144
5673,11.344865513448655,1152
5674,11.346865313468653,1160
5675,11.348865113488651,1160
5676,11.35086491350865,1154
5677,11.352864713528646,1152
5678,11.354864513548645,1157
5679,11.356864313568643,1159
5680,11.358864113588641,1148
5681,11.36086391360864,1128
5682,11.362863713628636,1114
5683,11.364863513648634,1114
5684,11.366863313668633,1129
5685,11.368863113688631,1140
5686,11.37086291370863,1135
5687,11.372862713728626,1125
5688,11.374862513748624,1122
5689,11.376862313768623,1127
5690,11.378862113788621,1135
5691,11.38086191380862,1144
5692,11.382861713828618,1143
5693,11.384861513848614,1136
5694,11.386861313868613,1136
5695,11.38886111388861,1147
5696,11.39086091390861,1156
5697,11.392860713928608,1157
5698,11.394860513948604,1157
5699,11.396860313968602,1164
5700,11.3988601139886,1175
5701,11.400859914008599,1179
5702,11.402859714028597,1176
5703,11.404859514048594,1172
5704,11.406859314068592,1164
5705,11.40885911408859,1151
5706,11.410858914108589,1141
5707,11.412858714128587,1145
5708,11.414858514148586,1160
5709,11.416858314168582,1174
5710,11.41885811418858,1176
5711,11.420857914208579,1168
5712,11.422857714228577,1158
5713,11.424857514248576,1149
5714,11.426857314268572,1147
5715,11.42885711428857,1152
5716,11.430856914308569,1156
5717,11.432856714328567,1150
5718,11.434856514348565,1136
5719,11.436856314368564,1125
5720,11.43885611438856,1117
5721,11.440855914408559,1108
5722,11.442855714428557,1102
5723,11.444855514448555,1108
5724,11.446855314468554,1123
5725,11.44885511448855,1135
5726,11.450854914508549,1136
5727,11.452854714528547,1128
5728,11.454854514548545,1124
5729,11.456854314568544,1127
5730,11.45885411458854,1131
5731,11.460853914608538,1129
5732,11.462853714628537,1120
5733,11.464853514648535,1113
5734,11.466853314668533,1115
5735,11.468853114688532,1125
5736,11.470852914708528,1138
5737,11.472852714728527,1143
5738,11.474852514748525,1140
5739,11.476852314768523,1139
5740,11.478852114788522,1143
5741,11.480851914808518,1150
5742,11.482851714828517,1158
5743,11.484851514848515,1164
5744,11.486851314868513,1164
5745,11.488851114888512,1157
5746,11.490850914908508,1150
5747,11.492850714928506,1147
5748,11.494850514948505,1144
5749,11.496850314968503,1136
5750,11.498850114988501,1129
5751,11.5008499150085,1126
5752,11.502849715028496,1125
5753,11.504849515048495,1127
5754,11.506849315068493,1132
5755,11.508849115088491,1134
5756,11.51084891510849,1126
5757,11.512848715128486,1117
5758,11.514848515148485,1118
5759,11.516848315168483,1123
5760,11.518848115188481,1129
5761,11.52084791520848,1136
5762,11.522847715228476,1138
5763,11.524847515248474,1134
5764,11.526847315268473,1128
5765,11.528847115288471,1124
5766,11.53084691530847,1115
5767,11.532846715328468,1104
5768,11.534846515348464,1103
5769,11.536846315368463,1112
5770,11.538846115388461,1121
5771,11.54084591540846,1123
5772,11.542845715428458,1119
5773,11.544845515448454,1110
5774,11.546845315468452,1109
5775,11.54884511548845,1118
5776,11.55084491550845,1125
5777,11.552844715528447,1124
5778,11.554844515548444,1126
5779,11.556844315568442,1137
5780,11.55884411558844,1149
5781,11.560843915608439,1154
5782,11.562843715628437,1154
5783,11.564843515648436,1148
5784,11.566843315668432,1139
5785,11.56884311568843,1135
5786,11.570842915708429,1138
5787,11.572842715728427,1142
5788,11.574842515748426,1141
5789,11.576842315768422,1137
5790,11.57884211578842,1136
5791,11.580841915808419,1139
5792,11.582841715828417,1144
5793,11.584841515848415,1152
5794,11.586841315868412,1161
5795,11.58884111588841,1164
5796,11.590840915908409,1164
5797,11.592840715928407,1172
5798,11.594840515948405,1190
5799,11.596840315968404,1199
5800,11.5988401159884,1183
5801,11.600839916008399,1156
5802,11.602839716028397,1144
5803,11.604839516048395,1159
5804,11.606839316068394,1185
5805,11.60883911608839,1196
5806,11.610838916108388,1184
5807,11.612838716128387,1162
5808,11.614838516148385,1151
5809,11.616838316168383,1155
5810,11.61883811618838,1166
5811,11.620837916208378,1166
5812,11.622837716228377,1154
5813,11.624837516248375,1146
5814,11.626837316268373,1156
5815,11.628837116288372,1168
5816,11.630836916308368,1166
5817,11.632836716328367,1155
5818,11.634836516348365,1152
5819,11.636836316368363,1166
5820,11.638836116388362,1189
5821,11.640835916408358,1202
5822,11.642835716428356,1195
5823,11.644835516448355,1181
5824,11.646835316468353,1174
5825,11.648835116488351,1181
5826,11.650834916508348,1196
5827,11.652834716528346,1211
5828,11.654834516548345,1215
5829,11.656834316568343,1207
5830,11.658834116588341,1189
5831,11.66083391660834,1178
5832,11.662833716628336,1182
5833,11.664833516648335,1190
5834,11.666833316668333,1196
5835,11.668833116688331,1201
5836,11.67083291670833,1206
5837,11.672832716728326,1199
5838,11.674832516748324,1186
5839,11.676832316768323,1181
5840,11.678832116788321,1185
5841,11.68083191680832,1191
5842,11.682831716828318,1191
5843,11.684831516848314,1185
5844,11.686831316868313,1176
5845,11.688831116888311,1173
5846,11.69083091690831,1177
5847,11.692830716928308,1178
5848,11.694830516948304,1174
5849,11.696830316968303,1176
5850,11.6988301169883,1189
5851,11.7008299170083,1201
5852,11.702829717028298,1203
5853,11.704829517048294,1198
5854,11.706829317068292,1195
5855,11.70882911708829,1194
5856,11.710828917108289,1193
5857,11.712828717128287,1194
5858,11.714828517148286,1198
5859,11.716828317168282,1206
5860,11.71882811718828,1209
5861,11.720827917208279,1205
5862,11.722827717228277,1201
5863,11.724827517248276,1200
5864,11.726827317268272,1195
5865,11.72882711728827,1189
5866,11.730826917308269,1192
5867,11.732826717328267,1199
5868,11.734826517348266,1198
5869,11.736826317368262,1185
5870,11.73882611738826,1170
5871,11.740825917408259,1168
5872,11.742825717428257,1180
5873,11.744825517448255,1196
5874,11.746825317468254,1200
5875,11.74882511748825,1187
5876,11.750824917508249,1168
5877,11.752824717528247,1164
5878,11.754824517548245,1176
5879,11.756824317568244,1183
5880,11.75882411758824,1176
5881,11.760823917608239,1166
5882,11.762823717628237,1162
5883,11.764823517648235,1161
5884,11.766823317668234,1164
5885,11.76882311768823,1174
5886,11.770822917708228,1189
5887,11.772822717728227,1195
5888,11.774822517748225,1186
5889,11.776822317768223,1166
5890,11.778822117788222,1150
5891,11.780821917808218,1144
5892,11.782821717828217,1146
5893,11.784821517848215,1151
5894,11.786821317868213,1151
5895,11.788821117888212,1138
5896,11.790820917908208,1123
5897,11.792820717928207,1125
5898,11.794820517948205,1146
5899,11.796820317968203,1168
5900,11.798820117988202,1172
5901,11.800819918008198,1164
5902,11.802819718028196,1159
5903,11.804819518048195,1163
5904,11.806819318068193,1164
5905,11.808819118088191,1158
5906,11.81081891810819,1151
5907,11.812818718128186,1147
5908,11.814818518148185,1144
5909,11.816818318168183,1144
5910,11.818818118188181,1147
5911,11.82081791820818,1146
5912,11.822817718228176,1135
5913,11.824817518248175,1124
5914,11.826817318268173,1121
5915,11.828817118288171,1129
5916,11.83081691830817,1141
5917,11.832816718328166,1147
5918,11.834816518348164,1145
5919,11.836816318368163,1139
5920,11.838816118388161,1136
5921,11.84081591840816,1140
5922,11.842815718428158,1154
5923,11.844815518448154,1171
5924,11.846815318468153,1175
5925,11.848815118488151,1162
5926,11.85081491850815,1148
5927,11.852814718528148,1148
5928,11.854814518548144,1157
5929,11.856814318568142,1159
5930,11.85881411858814,1149
5931,11.86081391860814,1139
5932,11.862813718628137,1141
5933,11.864813518648134,1150
5934,11.866813318668132,1159
5935,11.86881311868813,1166
5936,11.870812918708129,1168
5937,11.872812718728127,1166
5938,11.874812518748126,1159
5939,11.876812318768122,1155
5940,11.87881211878812,1159
5941,11.880811918808119,1165
5942,11.882811718828117,1167
5943,11.884811518848116,1165
5944,11.886811318868112,1162
5945,11.88881111888811,1156
5946,11.890810918908109,1155
5947,11.892810718928107,1165
5948,11.894810518948105,1176
5949,11.896810318968102,1171
5950,11.8988101189881,1154
5951,11.900809919008099,1143
5952,11.902809719028097,1144
5953,11.904809519048095,1150
5954,11.906809319068094,1154
5955,11.90880911908809,1154
5956,11.910808919108089,1150
5957,11.912808719128087,1144
5958,11.914808519148085,1140
5959,11.916808319168084,1144
5960,11.91880811918808,1154
5961,11.920807919208078,1160
5962,11.922807719228077,1160
5963,11.924807519248075,1154
5964,11.926807319268073,1147
5965,11.928807119288072,1143
5966,11.930806919308068,1145
5967,11.932806719328067,1146
5968,11.934806519348065,1143
5969,11.936806319368063,1143
5970,11.938806119388062,1143
5971,11.940805919408058,1140
5972,11.942805719428057,1133
5973,11.944805519448055,1132
5974,11.946805319468053,1141
5975,11.948805119488052,1152
5976,11.950804919508048,1155
5977,11.952804719528046,1151
5978,11.954804519548045,1148
5979,11.956804319568043,1153
5980,11.958804119588041,1160
5981,11.96080391960804,1159
5982,11.962803719628036,1148
5983,11.964803519648035,1136
5984,11.966803319668033,1135
5985,11.968803119688031,1145
5986,11.97080291970803,1159
5987,11.972802719728026,1177
5988,11.974802519748025,1189
5989,11.976802319768023,1185
5990,11.978802119788021,1171
5991,11.98080191980802,1165
5992,11.982801719828016,1172
5993,11.984801519848014,1179
5994,11.986801319868013,1177
5995,11.988801119888011,1167
5996,11.99080091990801,1156
5997,11.992800719928008,1148
5998,11.994800519948004,1141
5999,11.996800319968003,1136
6000,11.998800119988001,1134
6001,12.000799920008,1135
6002,12.002799720027998,1138
6003,12.004799520047994,1143
6004,12.006799320067993,1147
6005,12.00879912008799,1146
6006,12.01079892010799,1139
6007,12.012798720127988,1131
6008,12.014798520147984,1132
6009,12.016798320167982,1145
6010,12.01879812018798,1159
6011,12.020797920207979,1162
6012,12.022797720227977,1159
6013,12.024797520247976,1162
6014,12.026797320267972,1165
6015,12.02879712028797,1161
6016,12.030796920307969,1150
6017,12.032796720327967,1142
6018,12.034796520347966,1144
6019,12.036796320367962,1151
6020,12.03879612038796,1152
6021,12.040795920407959,1143
6022,12.042795720427957,1134
6023,12.044795520447956,1133
6024,12.046795320467952,1131
6025,12.04879512048795,1120
6026,12.050794920507949,1109
6027,12.052794720527947,1103
6028,12.054794520547945,1095
6029,12.056794320567944,1086
6030,12.05879412058794,1083
6031,12.060793920607939,1088
6032,12.062793720627937,1100
6033,12.064793520647935,1111
6034,12.066793320667934,1117
6035,12.06879312068793,1116
6036,12.070792920707929,1114
6037,12.072792720727927,1113
6038,12.074792520747925,1117
6039,12.076792320767924,1125
6040,12.07879212078792,1130
6041,12.080791920807918,1126
6042,12.082791720827917,1115
6043,12.084791520847915,1112
6044,12.086791320867913,1118
6045,12.088791120887912,1125
6046,12.090790920907908,1122
6047,12.092790720927907,1109
6048,12.094790520947905,1094
6049,12.096790320967903,1089
6050,12.098790120987902,1099
6051,12.100789921007898,1112
6052,12.102789721027897,1121
6053,12.104789521047895,1122
6054,12.106789321067893,1119
6055,12.108789121087892,1123
6056,12.110788921107888,1137
6057,12.112788721127886,1153
6058,12.114788521147885,1162
6059,12.116788321167883,1161
6060,12.118788121187881,1155
6061,12.12078792120788,1152
6062,12.122787721227876,1151
6063,12.124787521247875,1148
6064,12.126787321267873,1143
6065,12.128787121287871,1137
6066,12.13078692130787,1132
6067,12.132786721327866,1129
6068,12.134786521347865,1127
6069,12.136786321367863,1130
6070,12.138786121387861,1138
6071,12.14078592140786,1142
6072,12.142785721427856,1138
6073,12.144785521447854,1133
6074,12.146785321467853,1136
6075,12.148785121487851,1139
6076,12.15078492150785,1137
6077,12.152784721527848,1133
6078,12.154784521547844,1138
6079,12.156784321567843,1148
6080,12.158784121587841,1155
6081,12.16078392160784,1155
6082,12.162783721627838,1148
6083,12.164783521647834,1139
6084,12.166783321667832,1132
6085,12.16878312168783,1131
6086,12.17078292170783,1135
6087,12.172782721727827,1144
6088,12.174782521747826,1160
6089,12.176782321767822,1173
6090,12.17878212178782,1171
6091,12.180781921807819,1163
6092,12.182781721827817,1164
6093,12.184781521847816,1169
6094,12.186781321867812,1165
6095,12.18878112188781,1156
6096,12.190780921907809,1152
6097,12.192780721927807,1152
6098,12.194780521947806,1151
6099,12.196780321967802,1145
6100,12.1987801219878,1137
6101,12.200779922007799,1132
6102,12.202779722027797,1132
6103,12.204779522047795,1135
6104,12.206779322067794,1145
6105,12.20877912208779,1160
6106,12.210778922107789,1170
6107,12.212778722127787,1167
6108,12.214778522147785,1152
6109,12.216778322167784,1139
6110,12.21877812218778,1140
6111,12.220777922207779,1146
6112,12.222777722227777,1145
6113,12.224777522247775,1139
6114,12.226777322267774,1142
6115,12.22877712228777,1149
6116,12.230776922307768,1151
6117,12.232776722327767,1152
6118,12.234776522347765,1156
6119,12.236776322367763,1162
6120,12.238776122387762,1165
6121,12.240775922407758,1166
6122,12.242775722427757,1171
6123,12.244775522447755,1178
6124,12.246775322467753,1181
6125,12.248775122487752,1171
6126,12.250774922507748,1153
6127,12.252774722527747,1143
6128,12.254774522547745,1146
6129,12.256774322567743,1152
6130,12.258774122587742,1155
6131,12.260773922607738,1154
6132,12.262773722627736,1148
6133,12.264773522647735,1132
6134,12.266773322667733,1116
6135,12.268773122687731,1119
6136,12.27077292270773,1134
6137,12.272772722727726,1141
6138,12.274772522747725,1136
6139,12.276772322767723,1135
6140,12.278772122787721,1142
6141,12.28077192280772,1147
6142,12.282771722827716,1147
6143,12.284771522847715,1148
6144,12.286771322867713,1149
6145,12.288771122887711,1145
6146,12.29077092290771,1143
6147,12.292770722927706,1146
6148,12.294770522947704,1149
6149,12.296770322967703,1150
6150,12.298770122987701,1155
6151,12.3007699230077,1165
6152,12.302769723027698,1175
6153,12.304769523047694,1176
6154,12.306769323067693,1168
6155,12.308769123087691,1158
6156,12.31076892310769,1150
6157,12.312768723127688,1148
6158,12.314768523147684,1149
6159,12.316768323167683,1149
6160,12.31876812318768,1143
6161,12.32076792320768,1136
6162,12.322767723227678,1137
6163,12.324767523247674,1147
6164,12.326767323267672,1156
6165,12.32876712328767,1160
6166,12.330766923307669,1159
6167,12.332766723327667,1158
6168,12.334766523347666,1154
6169,12.336766323367662,1146
6170,12.33876612338766,1138
6171,12.340765923407659,1135
6172,12.342765723427657,1136
6173,12.344765523447656,1138
6174,12.346765323467652,1141
6175,12.34876512348765,1141
6176,12.350764923507649,1138
6177,12.352764723527647,1138
6178,12.354764523547646,1142
6179,12.356764323567642,1140
6180,12.35876412358764,1137
6181,12.360763923607639,1142
6182,12.362763723627637,1148
6183,12.364763523647635,1138
6184,12.366763323667634,1114
6185,12.36876312368763,1091
6186,12.370762923707629,1087
6187,12.372762723727627,1098
6188,12.374762523747625,1112
6189,12.376762323767624,1120
6190,12.37876212378762,1117
6191,12.380761923807619,1101
6192,12.382761723827617,1088
6193,12.384761523847615,1096
6194,12.386761323867614,1122
6195,12.38876112388761,1148
6196,12.390760923907608,1161
6197,12.392760723927607,1158
6198,12.394760523947605,1149
6199,12.396760323967603,1146
6200,12.398760123987602,1151
6201,12.400759924007598,1160
6202,12.402759724027597,1167
6203,12.404759524047595,1168
6204,12.406759324067593,1166
6205,12.408759124087592,1169
6206,12.410758924107588,1174
6207,12.412758724127587,1173
6208,12.414758524147585,1168
6209,12.416758324167583,1162
6210,12.418758124187582,1157
6211,12.42075792420758,1154
6212,12.422757724227576,1155
6213,12.424757524247575,1157
6214,12.426757324267573,1153
6215,12.428757124287571,1145
6216,12.43075692430757,1143
6217,12.432756724327566,1148
6218,12.434756524347565,1157
6219,12.436756324367563,1160
6220,12.438756124387561,1150
6221,12.44075592440756,1135
6222,12.442755724427556,1132
6223,12.444755524447555,1142
6224,12.446755324467553,1152
6225,12.448755124487551,1152
6226,12.45075492450755,1148
6227,12.452754724527548,1145
6228,12.454754524547544,1145
6229,12.456754324567543,1149
6230,12.458754124587541,1160
6231,12.46075392460754,1172
6232,12.462753724627538,1172
6233,12.464753524647534,1165
6234,12.466753324667533,1160
6235,12.468753124687531,1160
6236,12.47075292470753,1156
6237,12.472752724727528,1151
6238,12.474752524747524,1154
6239,12.476752324767522,1164
6240,12.47875212478752,1167
6241,12.48075192480752,1158
6242,12.482751724827517,1143
6243,12.484751524847516,1132
6244,12.486751324867512,1130
6245,12.48875112488751,1132
6246,12.490750924907509,1137
6247,12.492750724927507,1144
6248,12.494750524947506,1153
6249,12.496750324967502,1159
6250,12.4987501249875,1161
6251,12.500749925007499,1162
6252,12.502749725027497,1166
6253,12.504749525047496,1173
6254,12.506749325067492,1175
6255,12.50874912508749,1170
6256,12.510748925107489,1153
6257,12.512748725127487,1125
6258,12.514748525147485,1104
6259,12.516748325167484,1105
6260,12.51874812518748,1126
6261,12.520747925207479,1153
6262,12.522747725227477,1169
6263,12.524747525247475,1163
6264,12.526747325267474,1146
6265,12.52874712528747,1132
6266,12.530746925307469,1130
6267,12.532746725327467,1137
6268,12.534746525347465,1145
6269,12.536746325367464,1145
6270,12.53874612538746,1140
6271,12.540745925407458,1135
6272,12.542745725427457,1137
6273,12.544745525447455,1142
6274,12.546745325467453,1148
6275,12.548745125487452,1154
6276,12.550744925507448,1165
6277,12.552744725527447,1176
6278,12.554744525547445,1176
6279,12.556744325567443,1158
6280,12.558744125587442,1135
6281,12.560743925607438,1126
6282,12.562743725627437,1134
6283,12.564743525647435,1144
6284,12.566743325667433,1148
6285,12.568743125687432,1148
6286,12.570742925707428,1150
6287,12.572742725727426,1152
6288,12.574742525747425,1147
6289,12.576742325767423,1134
6290,12.578742125787421,1125
6291,12.58074192580742,1123
6292,12.582741725827416,1120
6293,12.584741525847415,1111
6294,12.586741325867413,1104
6295,12.588741125887411,1111
6296,12.59074092590741,1132
6297,12.592740725927406,1151
6298,12.594740525947405,1157
6299,12.596740325967403,1156
6300,12.598740125987401,1157
6301,12.6007399260074,1161
6302,12.602739726027396,1157
6303,12.604739526047394,1143
6304,12.606739326067393,1133
6305,12.608739126087391,1136
6306,12.61073892610739,1139
6307,12.612738726127388,1135
6308,12.614738526147384,1132
6309,12.616738326167383,1140
6310,12.618738126187381,1154
6311,12.62073792620738,1158
6312,12.622737726227378,1144
6313,12.624737526247374,1122
6314,12.626737326267373,1114
6315,12.62873712628737,1129
6316,12.63073692630737,1152
6317,12.632736726327368,1155
6318,12.634736526347364,1135
6319,12.636736326367362,1116
6320,12.63873612638736,1117
6321,12.640735926407359,1133
6322,12.642735726427357,1148
6323,12.644735526447356,1151
6324,12.646735326467352,1147
6325,12.64873512648735,1145
6326,12.650734926507349,1146
6327,12.652734726527347,1145
6328,12.654734526547346,1144
6329,12.656734326567342,1149
6330,12.65873412658734,1159
6331,12.660733926607339,1167
6332,12.662733726627337,1168
6333,12.664733526647336,1170
6334,12.666733326667332,1179
6335,12.66873312668733,1192
6336,12.670732926707329,1197
6337,12.672732726727327,1185
6338,12.674732526747325,1165
6339,12.676732326767324,1152
6340,12.67873212678732,1147
6341,12.680731926807319,1147
6342,12.682731726827317,1153
6343,12.684731526847315,1163
6344,12.686731326867314,1165
6345,12.68873112688731,1154
6346,12.690730926907309,1145
6347,12.692730726927307,1152
6348,12.694730526947305,1171
6349,12.696730326967304,1186
6350,12.698730126987302,1189
6351,12.700729927007298,1181
6352,12.702729727027297,1171
6353,12.704729527047295,1164
6354,12.706729327067293,1162
6355,12.708729127087292,1163
6356,12.710728927107288,1160
6357,12.712728727127287,1152
6358,12.714728527147285,1140
6359,12.716728327167283,1135
6360,12.718728127187282,1143
6361,12.720727927207278,1155
6362,12.722727727227277,1159
6363,12.724727527247275,1154
6364,12.726727327267273,1152
6365,12.728727127287272,1161
6366,12.73072692730727,1174
6367,12.732726727327266,1176
6368,12.734726527347265,1165
6369,12.736726327367263,1154
6370,12.738726127387261,1151
6371,12.74072592740726,1156
6372,12.742725727427256,1162
6373,12.744725527447255,1169
6374,12.746725327467253,1171
6375,12.748725127487251,1167
6376,12.75072492750725,1161
6377,12.752724727527246,1163
6378,12.754724527547245,1171
6379,12.756724327567243,1179
6380,12.758724127587241,1177
6381,12.76072392760724,1159
6382,12.762723727627238,1133
6383,12.764723527647234,1112
6384,12.766723327667233,1108
6385,12.768723127687231,1116
6386,12.77072292770723,1124
6387,12.772722727727228,1132
6388,12.774722527747224,1135
6389,12.776722327767223,1123
6390,12.778722127787221,1103
6391,12.78072192780722,1093
6392,12.782721727827218,1104
6393,12.784721527847214,1120
6394,12.786721327867212,1131
6395,12.78872112788721,1138
6396,12.79072092790721,1143
6397,12.792720727927207,1139
6398,12.794720527947206,1130
6399,12.796720327967202,1129
6400,12.7987201279872,1148
6401,12.800719928007199,1178
6402,12.802719728027197,1199
6403,12.804719528047196,1198
6404,12.806719328067192,1177
6405,12.80871912808719,1151
6406,12.810718928107189,1132
6407,12.812718728127187,1125
6408,12.814718528147186,1131
6409,12.816718328167182,1145
6410,12.81871812818718,1157
6411,12.820717928207179,1155
6412,12.822717728227177,1143
6413,12.824717528247175,1135
6414,12.826717328267174,1139
6415,12.82871712828717,1148
6416,12.830716928307169,1155
6417,12.832716728327167,1160
6418,12.834716528347165,1163
6419,12.836716328367164,1165
6420,12.83871612838716,1166
6421,12.840715928407159,1169
6422,12.842715728427157,1171
6423,12.844715528447155,1170
6424,12.846715328467154,1167
6425,12.84871512848715,1166
6426,12.850714928507148,1165
6427,12.852714728527147,1157
6428,12.854714528547145,1138
6429,12.856714328567143,1122
6430,12.858714128587142,1117
6431,12.860713928607138,1127
6432,12.862713728627137,1140
6433,12.864713528647135,1142
6434,12.866713328667133,1130
6435,12.868713128687132,1118
6436,12.870712928707128,1118
6437,12.872712728727127,1130
6438,12.874712528747125,1136
6439,12.876712328767123,1125
6440,12.878712128787122,1108
6441,12.880711928807118,1103
6442,12.882711728827116,1108
6443,12.884711528847115,1113
6444,12.886711328867113,1119
6445,12.888711128887111,1130
6446,12.89071092890711,1139
6447,12.892710728927106,1135
6448,12.894710528947105,1119
6449,12.896710328967103,1107
6450,12.898710128987101,1114
6451,12.9007099290071,1138
6452,12.902709729027096,1157
6453,12.904709529047095,1151
6454,12.906709329067093,1129
6455,12.908709129087091,1114
6456,12.91070892910709,1115
6457,12.912708729127086,1128
6458,12.914708529147084,1144
6459,12.916708329167083,1151
6460,12.918708129187081,1141
6461,12.92070792920708,1127
6462,12.922707729227078,1129
6463,12.924707529247074,1144
6464,12.926707329267073,1150
6465,12.928707129287071,1137
6466,12.93070692930707,1119
6467,12.932706729327068,1112
6468,12.934706529347064,1116
6469,12.936706329367063,1119
6470,12.93870612938706,1119
6471,12.94070592940706,1119
6472,12.942705729427058,1116
6473,12.944705529447056,1113
6474,12.946705329467052,1117
6475,12.94870512948705,1129
6476,12.950704929507049,1145
6477,12.952704729527047,1160
6478,12.954704529547046,1173
6479,12.956704329567042,1185
6480,12.95870412958704,1184
6481,12.960703929607039,1169
6482,12.962703729627037,1154
6483,12.964703529647036,1154
6484,12.966703329667032,1164
6485,12.96870312968703,1173
6486,12.970702929707029,1179
6487,12.972702729727027,1189
6488,12.974702529747026,1201
6489,12.976702329767024,1199
6490,12.97870212978702,1182
6491,12.980701929807019,1166
6492,12.982701729827017,1170
6493,12.984701529847015,1187
6494,12.986701329867014,1190
6495,12.98870112988701,1170
6496,12.990700929907009,1147
6497,12.992700729927007,1138
6498,12.994700529947005,1140
6499,12.996700329967004,1141
6500,12.998700129987,1143
6501,13.000699930006999,1152
6502,13.002699730026997,1163
6503,13.004699530046995,1164
6504,13.006699330066994,1157
6505,13.008699130086992,1156
6506,13.010698930106988,1162
6507,13.012698730126987,1161
6508,13.014698530146985,1148
6509,13.016698330166983,1133
6510,13.018698130186982,1121
6511,13.020697930206978,1109
6512,13.022697730226977,1102
6513,13.024697530246975,1113
6514,13.026697330266973,1136
6515,13.028697130286972,1151
6516,13.030696930306968,1148
6517,13.032696730326967,1135
6518,13.034696530346965,1131
6519,13.036696330366963,1140
6520,13.038696130386962,1150
6521,13.04069593040696,1155
6522,13.042695730426956,1159
6523,13.044695530446955,1161
6524,13.046695330466953,1150
6525,13.048695130486951,1130
6526,13.05069493050695,1120
6527,13.052694730526946,1128
6528,13.054694530546945,1145
6529,13.056694330566943,1160
6530,13.058694130586941,1164
6531,13.06069393060694,1152
6532,13.062693730626936,1135
6533,13.064693530646935,1126
6534,13.066693330666933,1131
6535,13.068693130686931,1143
6536,13.07069293070693,1157
6537,13.072692730726928,1163
6538,13.074692530746924,1161
6539,13.076692330766923,1158
6540,13.078692130786921,1149
6541,13.08069193080692,1135
6542,13.082691730826918,1127
6543,13.084691530846914,1136
6544,13.086691330866913,1153
6545,13.088691130886911,1160
6546,13.09069093090691,1152
6547,13.092690730926908,1139
6548,13.094690530946904,1140
6549,13.096690330966902,1160
6550,13.0986901309869,1183
6551,13.1006899310069,1187
6552,13.102689731026897,1173
6553,13.104689531046896,1161
6554,13.106689331066892,1164
6555,13.10868913108689,1173
6556,13.110688931106889,1177
6557,13.112688731126887,1174
6558,13.114688531146886,1169
6559,13.116688331166882,1171
6560,13.11868813118688,1188
6561,13.120687931206879,1204
6562,13.122687731226877,1203
6563,13.124687531246876,1186
6564,13.126687331266872,1175
6565,13.12868713128687,1180
6566,13.130686931306869,1186
6567,13.132686731326867,1185
6568,13.134686531346865,1184
6569,13.136686331366864,1186
6570,13.13868613138686,1186
6571,13.140685931406859,1180
6572,13.142685731426857,1174
6573,13.144685531446855,1174
6574,13.146685331466854,1178
6575,13.14868513148685,1182
6576,13.150684931506849,1182
6577,13.152684731526847,1177
6578,13.154684531546845,1164
6579,13.156684331566844,1156
6580,13.15868413158684,1165
6581,13.160683931606838,1179
6582,13.162683731626837,1180
6583,13.164683531646835,1168
6584,13.166683331666833,1162
6585,13.168683131686832,1173
6586,13.170682931706828,1190
6587,13.172682731726827,1190
6588,13.174682531746825,1173
6589,13.176682331766823,1158
6590,13.178682131786822,1160
6591,13.180681931806818,1172
6592,13.182681731826817,1178
6593,13.184681531846815,1171
6594,13.186681331866813,1157
6595,13.188681131886812,1145
6596,13.19068093190681,1140
6597,13.192680731926806,1143
6598,13.194680531946805,1151
6599,13.196680331966803,1156
6600,13.198680131986801,1154
6601,13.2006799320068,1150
6602,13.202679732026796,1153
6603,13.204679532046795,1160
6604,13.206679332066793,1162
6605,13.208679132086791,1159
6606,13.21067893210679,1157
6607,13.212678732126786,1161
6608,13.214678532146785,1168
6609,13.216678332166783,1173
6610,13.218678132186781,1175
6611,13.22067793220678,1174
6612,13.222677732226778,1171
6613,13.224677532246774,1167
6614,13.226677332266773,1163
6615,13.228677132286771,1161
6616,13.23067693230677,1162
6617,13.232676732326768,1165
6618,13.234676532346764,1167
6619,13.236676332366763,1168
6620,13.238676132386761,1169
6621,13.24067593240676,1166
6622,13.242675732426758,1162
6623,13.244675532446754,1164
6624,13.246675332466753,1173
6625,13.24867513248675,1180
6626,13.25067493250675,1179
6627,13.252674732526748,1173
6628,13.254674532546746,1169
6629,13.256674332566742,1171
6630,13.25867413258674,1177
6631,13.260673932606739,1180
6632,13.262673732626737,1180
6633,13.264673532646736,1175
6634,13.266673332666732,1172
6635,13.26867313268673,1180
6636,13.270672932706729,1200
6637,13.272672732726727,1218
6638,13.274672532746726,1218
6639,13.276672332766722,1204
6640,13.27867213278672,1192
6641,13.280671932806719,1193
6642,13.282671732826717,1201
6643,13.284671532846716,1209
6644,13.286671332866714,1212
6645,13.28867113288671,1207
6646,13.290670932906709,1196
6647,13.292670732926707,1182
6648,13.294670532946705,1171
6649,13.296670332966704,1170
6650,13.2986701329867,1176
6651,13.300669933006699,1172
6652,13.302669733026697,1161
6653,13.304669533046695,1154
6654,13.306669333066694,1159
6655,13.30866913308669,1168
6656,13.310668933106689,1173
6657,13.312668733126687,1171
6658,13.314668533146685,1159
6659,13.316668333166684,1142
6660,13.318668133186682,1136
6661,13.320667933206678,1144
6662,13.322667733226677,1156
6663,13.324667533246675,1158
6664,13.326667333266673,1151
6665,13.328667133286672,1143
6666,13.330666933306668,1136
6667,13.332666733326667,1132
6668,13.334666533346665,1136
6669,13.336666333366663,1143
6670,13.338666133386662,1147
6671,13.340665933406658,1144
6672,13.342665733426657,1136
6673,13.344665533446655,1130
6674,13.346665333466653,1122
6675,13.348665133486652,1108
6676,13.35066493350665,1098
6677,13.352664733526646,1103
6678,13.354664533546645,1116
6679,13.356664333566643,1123
6680,13.358664133586641,1120
6681,13.36066393360664,1117
6682,13.362663733626636,1121
6683,13.364663533646635,1131
6684,13.366663333666633,1139
6685,13.368663133686631,1143
6686,13.37066293370663,1149
6687,13.372662733726626,1157
6688,13.374662533746625,1159
6689,13.376662333766623,1149
6690,13.378662133786621,1133
6691,13.38066193380662,1128
6692,13.382661733826618,1133
6693,13.384661533846614,1134
6694,13.386661333866613,1131
6695,13.388661133886611,1130
6696,13.39066093390661,1128
6697,13.392660733926608,1124
6698,13.394660533946604,1130
6699,13.396660333966603,1146
6700,13.398660133986601,1158
6701,13.4006599340066,1161
6702,13.402659734026598,1157
6703,13.404659534046594,1151
6704,13.406659334066592,1147
6705,13.40865913408659,1146
6706,13.41065893410659,1149
6707,13.412658734126587,1149
6708,13.414658534146586,1141
6709,13.416658334166582,1127
6710,13.41865813418658,1123
6711,13.420657934206579,1132
6712,13.422657734226577,1142
6713,13.424657534246576,1137
6714,13.426657334266572,1127
6715,13.42865713428657,1125
6716,13.430656934306569,1128
6717,13.432656734326567,1127
6718,13.434656534346566,1122
6719,13.436656334366564,1125
6720,13.43865613438656,1135
6721,13.440655934406559,1140
6722,13.442655734426557,1136
6723,13.444655534446555,1134
6724,13.446655334466554,1147
6725,13.44865513448655,1171
6726,13.450654934506549,1191
6727,13.452654734526547,1193
6728,13.454654534546545,1177
6729,13.456654334566544,1160
6730,13.45865413458654,1160
6731,13.460653934606539,1179
6732,13.462653734626537,1196
6733,13.464653534646535,1193
6734,13.466653334666534,1179
6735,13.468653134686532,1173
6736,13.470652934706528,1180
6737,13.472652734726527,1189
6738,13.474652534746525,1188
6739,13.476652334766523,1174
6740,13.478652134786522,1159
6741,13.480651934806518,1150
6742,13.482651734826517,1149
6743,13.484651534846515,1153
6744,13.486651334866513,1158
6745,13.488651134886512,1155
6746,13.490650934906508,1142
6747,13.492650734926507,1130
6748,13.494650534946505,1136
6749,13.496650334966503,1154
6750,13.498650134986502,1168
6751,13.5006499350065,1169
6752,13.502649735026496,1158
6753,13.504649535046495,1142
6754,13.506649335066493,1131
6755,13.508649135086491,1134
6756,13.51064893510649,1148
6757,13.512648735126486,1159
6758,13.514648535146485,1160
6759,13.516648335166483,1156
6760,13.518648135186481,1152
6761,13.52064793520648,1146
6762,13.522647735226476,1143
6763,13.524647535246475,1148
6764,13.526647335266473,1154
6765,13.528647135286471,1149
6766,13.53064693530647,1140
6767,13.532646735326468,1133
6768,13.534646535346464,1127
6769,13.536646335366463,1119
6770,13.538646135386461,1113
6771,13.54064593540646,1114
6772,13.542645735426458,1122
6773,13.544645535446454,1135
6774,13.546645335466453,1144
6775,13.548645135486451,1144
6776,13.55064493550645,1137
6777,13.552644735526448,1133
6778,13.554644535546444,1136
6779,13.556644335566443,1140
6780,13.55864413558644,1142
6781,13.56064393560644,1144
6782,13.562643735626438,1144
6783,13.564643535646436,1140
6784,13.566643335666432,1139
6785,13.56864313568643,1138
6786,13.570642935706429,1131
6787,13.572642735726427,1124
6788,13.574642535746426,1130
6789,13.576642335766422,1145
6790,13.57864213578642,1150
6791,13.580641935806419,1138
6792,13.582641735826417,1127
6793,13.584641535846416,1133
6794,13.586641335866412,1146
6795,13.58864113588641,1141
6796,13.590640935906409,1123
6797,13.592640735926407,1113
6798,13.594640535946406,1120
6799,13.596640335966404,1134
6800,13.5986401359864,1138
6801,13.600639936006399,1128
6802,13.602639736026397,1118
6803,13.604639536046395,1115
6804,13.606639336066394,1116
6805,13.60863913608639,1119
6806,13.610638936106389,1124
6807,13.612638736126387,1130
6808,13.614638536146385,1134
6809,13.616638336166384,1140
6810,13.61863813618638,1147
6811,13.620637936206379,1142
6812,13.622637736226377,1127
6813,13.624637536246375,1120
6814,13.626637336266374,1132
6815,13.628637136286372,1147
6816,13.630636936306368,1150
6817,13.632636736326367,1145
6818,13.634636536346365,1139
6819,13.636636336366363,1131
6820,13.638636136386362,1119
6821,13.640635936406358,1106
6822,13.642635736426357,1106
6823,13.644635536446355,1122
6824,13.646635336466353,1138
6825,13.648635136486352,1142
6826,13.650634936506348,1129
6827,13.652634736526347,1110
6828,13.654634536546345,1102
6829,13.656634336566343,1111
6830,13.658634136586342,1126
6831,13.66063393660634,1136
6832,13.662633736626336,1138
6833,13.664633536646335,1140
6834,13.666633336666333,1148
6835,13.668633136686331,1153
6836,13.67063293670633,1155
6837,13.672632736726326,1161
6838,13.674632536746325,1163
6839,13.676632336766323,1156
6840,13.678632136786321,1144
6841,13.68063193680632,1141
6842,13.682631736826316,1147
6843,13.684631536846315,1140
6844,13.686631336866313,1114
6845,13.688631136886311,1094
6846,13.69063093690631,1102
6847,13.692630736926308,1126
6848,13.694630536946304,1138
6849,13.696630336966303,1130
6850,13.698630136986301,1123
6851,13.7006299370063,1130
6852,13.702629737026298,1141
6853,13.704629537046294,1141
6854,13.706629337066293,1132
6855,13.708629137086291,1127
6856,13.71062893710629,1135
6857,13.712628737126288,1145
6858,13.714628537146286,1148
6859,13.716628337166282,1142
6860,13.71862813718628,1133
6861,13.72062793720628,1124
6862,13.722627737226277,1120
6863,13.724627537246276,1126
6864,13.726627337266272,1136
6865,13.72862713728627,1135
6866,13.730626937306269,1124
6867,13.732626737326267,1112
6868,13.734626537346266,1107
6869,13.736626337366262,1108
6870,13.73862613738626,1112
6871,13.740625937406259,1122
6872,13.742625737426257,1139
6873,13.744625537446256,1150
6874,13.746625337466254,1144
6875,13.74862513748625,1129
6876,13.750624937506249,1122
6877,13.752624737526247,1126
6878,13.754624537546245,1134
6879,13.756624337566244,1139
6880,13.75862413758624,1141
6881,13.760623937606239,1144
6882,13.762623737626237,1146
6883,13.764623537646235,1141
6884,13.766623337666234,1133
6885,13.76862313768623,1131
6886,13.770622937706229,1136
6887,13.772622737726227,1143
6888,13.774622537746225,1148
6889,13.776622337766224,1145
6890,13.778622137786222,1134
6891,13.780621937806218,1125
6892,13.782621737826217,1122
6893,13.784621537846215,1122
6894,13.786621337866213,1123
6895,13.788621137886212,1127
6896,13.790620937906208,1131
6897,13.792620737926207,1135
6898,13.794620537946205,1137
6899,13.796620337966203,1139
6900,13.798620137986202,1141
6901,13.800619938006198,1139
6902,13.802619738026197,1133
6903,13.804619538046195,1124
6904,13.806619338066193,1115
6905,13.808619138086192,1110
6906,13.81061893810619,1112
6907,13.812618738126186,1121
6908,13.814618538146185,1130
6909,13.816618338166183,1137
6910,13.818618138186181,1136
6911,13.82061793820618,1124
6912,13.822617738226176,1109
6913,13.824617538246175,1107
6914,13.826617338266173,1118
6915,13.828617138286171,1128
6916,13.83061693830617,1124
6917,13.832616738326166,1110
6918,13.834616538346165,1100
6919,13.836616338366163,1100
6920,13.838616138386161,1106
6921,13.84061593840616,1115
6922,13.842615738426158,1129
6923,13.844615538446154,1144
6924,13.846615338466153,1150
6925,13.848615138486151,1145
6926,13.85061493850615,1139
6927,13.852614738526148,1135
6928,13.854614538546144,1132
6929,13.856614338566143,1125
6930,13.858614138586141,1116
6931,13.86061393860614,1112
6932,13.862613738626138,1120
6933,13.864613538646134,1137
6934,13.866613338666133,1149
6935,13.86861313868613,1149
6936,13.87061293870613,1144
6937,13.872612738726128,1142
6938,13.874612538746126,1142
6939,13.876612338766122,1140
6940,13.87861213878612,1140
6941,13.880611938806119,1149
6942,13.882611738826117,1158
6943,13.884611538846116,1153
6944,13.886611338866112,1139
6945,13.88861113888611,1131
6946,13.890610938906109,1133
6947,13.892610738926107,1134
6948,13.894610538946106,1126
6949,13.896610338966102,1115
6950,13.8986101389861,1110
6951,13.900609939006099,1111
6952,13.902609739026097,1115
6953,13.904609539046096,1123
6954,13.906609339066094,1133
6955,13.90860913908609,1135
6956,13.910608939106089,1126
6957,13.912608739126087,1122
6958,13.914608539146085,1132
6959,13.916608339166084,1147
6960,13.91860813918608,1151
6961,13.920607939206079,1147
6962,13.922607739226077,1138
6963,13.924607539246075,1126
6964,13.926607339266074,1114
6965,13.92860713928607,1106
6966,13.930606939306069,1106
6967,13.932606739326067,1113
6968,13.934606539346065,1121
6969,13.936606339366064,1130
6970,13.938606139386062,1135
6971,13.940605939406058,1127
6972,13.942605739426057,1107
6973,13.944605539446055,1092
6974,13.946605339466053,1098
6975,13.948605139486052,1119
6976,13.950604939506048,1137
6977,13.952604739526047,1135
6978,13.954604539546045,1115
6979,13.956604339566043,1101
6980,13.958604139586042,1112
6981,13.96060393960604,1142
6982,13.962603739626037,1164
6983,13.964603539646035,1159
6984,13.966603339666033,1136
6985,13.968603139686032,1121
6986,13.97060293970603,1121
6987,13.972602739726026,1127
6988,13.974602539746025,1132
6989,13.976602339766023,1133
6990,13.978602139786021,1129
6991,13.98060193980602,1122
6992,13.982601739826016,1119
6993,13.984601539846015,1122
6994,13.986601339866013,1127
6995,13.988601139886011,1135
6996,13.99060093990601,1143
6997,13.992600739926008,1146
6998,13.994600539946005,1143
6999,13.996600339966003,1143
7000,13.998600139986001,1147
7001,14.000599940006,1148
7002,14.002599740025998,1144
7003,14.004599540045994,1139
7004,14.006599340065993,1134
7005,14.008599140085991,1131
7006,14.01059894010599,1132
7007,14.012598740125988,1136
7008,14.014598540145984,1140
7009,14.016598340165983,1142
7010,14.018598140185981,1137
7011,14.02059794020598,1128
7012,14.022597740225978,1120
7013,14.024597540245976,1120
7014,14.026597340265972,1128
7015,14.02859714028597,1140
7016,14.03059694030597,1147
7017,14.032596740325967,1143
7018,14.034596540345966,1132
7019,14.036596340365962,1131
7020,14.03859614038596,1147
7021,14.040595940405959,1167
7022,14.042595740425957,1175
7023,14.044595540445956,1169
7024,14.046595340465952,1158
7025,14.04859514048595,1155
7026,14.050594940505949,1161
7027,14.052594740525947,1168
7028,14.054594540545946,1163
7029,14.056594340565944,1145
7030,14.05859414058594,1130
7031,14.060593940605939,1126
7032,14.062593740625937,1130
7033,14.064593540645935,1132
7034,14.066593340665934,1122
7035,14.06859314068593,1108
7036,14.070592940705929,1103
7037,14.072592740725927,1107
7038,14.074592540745925,1113
7039,14.076592340765924,1114
7040,14.07859214078592,1108
7041,14.080591940805919,1104
7042,14.082591740825917,1110
7043,14.084591540845915,1121
7044,14.086591340865914,1129
7045,14.088591140885912,1130
7046,14.090590940905908,1125
7047,14.092590740925907,1112
7048,14.094590540945905,1102
7049,14.096590340965903,1106
7050,14.098590140985902,1113
7051,14.100589941005898,1110
7052,14.102589741025897,1101
7053,14.104589541045895,1102
7054,14.106589341065893,1116
7055,14.108589141085892,1131
7056,14.110588941105888,1138
7057,14.112588741125887,1141
7058,14.114588541145885,1144
7059,14.116588341165883,1146
7060,14.118588141185882,1142
7061,14.12058794120588,1133
7062,14.122587741225876,1127
7063,14.124587541245875,1127
7064,14.126587341265873,1127
7065,14.128587141285871,1117
7066,14.13058694130587,1104
7067,14.132586741325866,1103
7068,14.134586541345865,1113
7069,14.136586341365863,1117
7070,14.138586141385861,1113
7071,14.14058594140586,1113
7072,14.142585741425856,1122
7073,14.144585541445855,1138
7074,14.146585341465853,1153
7075,14.148585141485851,1155
7076,14.15058494150585,1136
7077,14.152584741525848,1111
7078,14.154584541545844,1097
7079,14.156584341565843,1099
7080,14.158584141585841,1107
7081,14.16058394160584,1112
7082,14.162583741625838,1111
7083,14.164583541645834,1110
7084,14.166583341665833,1116
7085,14.168583141685831,1123
7086,14.17058294170583,1125
7087,14.172582741725828,1129
7088,14.174582541745824,1136
7089,14.176582341765823,1140
7090,14.17858214178582,1133
7091,14.18058194180582,1122
7092,14.182581741825818,1116
7093,14.184581541845816,1114
7094,14.186581341865812,1114
7095,14.18858114188581,1115
7096,14.190580941905809,1118
7097,14.192580741925807,1121
7098,14.194580541945806,1128
7099,14.196580341965802,1140
7100,14.1985801419858,1153
7101,14.200579942005799,1154
7102,14.202579742025797,1136
7103,14.204579542045796,1116
7104,14.206579342065794,1110
7105,14.20857914208579,1123
7106,14.210578942105789,1142
7107,14.212578742125787,1151
7108,14.214578542145786,1141
7109,14.216578342165784,1119
7110,14.21857814218578,1101
7111,14.220577942205779,1093
7112,14.222577742225777,1090
7113,14.224577542245775,1093
7114,14.226577342265774,1099
7115,14.22857714228577,1101
7116,14.230576942305769,1093
7117,14.232576742325767,1077
7118,14.234576542345765,1068
7119,14.236576342365764,1077
7120,14.238576142385762,1101
7121,14.240575942405759,1122
7122,14.242575742425757,1128
7123,14.244575542445755,1122
7124,14.246575342465754,1119
7125,14.248575142485752,1121
7126,14.250574942505748,1118
7127,14.252574742525747,1109
7128,14.254574542545745,1094
7129,14.256574342565743,1079
7130,14.258574142585742,1074
7131,14.260573942605738,1081
7132,14.262573742625737,1088
7133,14.264573542645735,1086
7134,14.266573342665733,1081
7135,14.268573142685732,1082
7136,14.27057294270573,1084
7137,14.272572742725727,1085
7138,14.274572542745725,1084
7139,14.276572342765723,1086
7140,14.278572142785722,1094
7141,14.28057194280572,1105
7142,14.282571742825716,1109
7143,14.284571542845715,1101
7144,14.286571342865713,1092
7145,14.288571142885711,1097
7146,14.29057094290571,1115
7147,14.292570742925706,1129
7148,14.294570542945705,1128
7149,14.296570342965703,1122
7150,14.298570142985701,1125
7151,14.3005699430057,1140
7152,14.302569743025698,1157
7153,14.304569543045695,1162
7154,14.306569343065693,1150
7155,14.308569143085691,1137
7156,14.31056894310569,1140
7157,14.312568743125688,1154
7158,14.314568543145684,1161
7159,14.316568343165683,1150
7160,14.318568143185681,1130
7161,14.32056794320568,1116
7162,14.322567743225678,1118
7163,14.324567543245674,1132
7164,14.326567343265673,1149
7165,14.328567143285671,1155
7166,14.33056694330567,1144
7167,14.332566743325668,1128
7168,14.334566543345666,1126
7169,14.336566343365662,1138
7170,14.33856614338566,1147
7171,14.34056594340566,1144
7172,14.342565743425657,1137
7173,14.344565543445656,1133
7174,14.346565343465652,1131
7175,14.34856514348565,1127
7176,14.350564943505649,1118
7177,14.352564743525647,1108
7178,14.354564543545646,1110
7179,14.356564343565642,1125
7180,14.35856414358564,1143
7181,14.360563943605639,1156
7182,14.362563743625637,1159
7183,14.364563543645636,1152
7184,14.366563343665634,1144
7185,14.36856314368563,1136
7186,14.370562943705629,1133
7187,14.372562743725627,1139
7188,14.374562543745625,1149
7189,14.376562343765624,1152
7190,14.37856214378562,1147
7191,14.380561943805619,1136
7192,14.382561743825617,1123
7193,14.384561543845615,1112
7194,14.386561343865614,1109
7195,14.38856114388561,1112
7196,14.390560943905609,1120
7197,14.392560743925607,1128
7198,14.394560543945605,1130
7199,14.396560343965604,1124
7200,14.398560143985602,1118
7201,14.400559944005598,1119
7202,14.402559744025597,1122
7203,14.404559544045595,1119
7204,14.406559344065593,1115
7205,14.408559144085592,1113
7206,14.410558944105588,1114
7207,14.412558744125587,1116
7208,14.414558544145585,1120
7209,14.416558344165583,1122
7210,14.418558144185582,1116
7211,14.420557944205578,1112
7212,14.422557744225577,1120
7213,14.424557544245575,1137
7214,14.426557344265573,1145
7215,14.428557144285572,1138
7216,14.43055694430557,1121
7217,14.432556744325566,1104
7218,14.434556544345565,1090
7219,14.436556344365563,1082
7220,14.438556144385561,1085
7221,14.44055594440556,1094
7222,14.442555744425556,1092
7223,14.444555544445555,1077
7224,14.446555344465553,1068
7225,14.448555144485551,1076
7226,14.45055494450555,1097
7227,14.452554744525548,1117
7228,14.454554544545545,1124
7229,14.456554344565543,1123
7230,14.458554144585541,1126
7231,14.46055394460554,1130
7232,14.462553744625538,1126
7233,14.464553544645534,1118
7234,14.466553344665533,1116
7235,14.468553144685531,1119
7236,14.47055294470553,1121
7237,14.472552744725528,1122
7238,14.474552544745524,1126
7239,14.476552344765523,1134
7240,14.478552144785521,1144
7241,14.48055194480552,1152
7242,14.482551744825518,1148
7243,14.484551544845516,1135
7244,14.486551344865513,1122
7245,14.48855114488551,1116
7246,14.49055094490551,1111
7247,14.492550744925508,1108
7248,14.494550544945506,1112
7249,14.496550344965502,1126
7250,14.4985501449855,1146
7251,14.500549945005499,1158
7252,14.502549745025497,1154
7253,14.504549545045496,1139
7254,14.506549345065492,1128
7255,14.50854914508549,1129
7256,14.510548945105489,1134
7257,14.512548745125487,1130
7258,14.514548545145486,1116
7259,14.516548345165484,1099
7260,14.51854814518548,1085
7261,14.520547945205479,1075
7262,14.522547745225477,1067
7263,14.524547545245476,1067
7264,14.526547345265474,1078
7265,14.52854714528547,1096
7266,14.530546945305469,1109
7267,14.532546745325467,1109
7268,14.534546545345465,1103
7269,14.536546345365464,1096
7270,14.53854614538546,1095
7271,14.540545945405459,1100
7272,14.542545745425457,1109
7273,14.544545545445455,1120
7274,14.546545345465454,1129
7275,14.548545145485452,1139
7276,14.550544945505449,1144
7277,14.552544745525447,1142
7278,14.554544545545445,1139
7279,14.556544345565444,1142
7280,14.558544145585442,1152
7281,14.560543945605438,1154
7282,14.562543745625437,1141
7283,14.564543545645435,1119
7284,14.566543345665433,1098
7285,14.568543145685432,1087
7286,14.570542945705428,1092
7287,14.572542745725427,1108
7288,14.574542545745425,1116
7289,14.576542345765423,1108
7290,14.578542145785422,1098
7291,14.58054194580542,1105
7292,14.582541745825417,1119
7293,14.584541545845415,1123
7294,14.586541345865413,1120
7295,14.588541145885412,1124
7296,14.59054094590541,1137
7297,14.592540745925406,1152
7298,14.594540545945405,1155
7299,14.596540345965403,1140
7300,14.598540145985401,1124
7301,14.6005399460054,1124
7302,14.602539746025396,1132
7303,14.604539546045395,1128
7304,14.606539346065393,1115
7305,14.608539146085391,1106
7306,14.61053894610539,1104
7307,14.612538746125388,1106
7308,14.614538546145385,1110
7309,14.616538346165383,1116
7310,14.618538146185381,1118
7311,14.62053794620538,1113
7312,14.622537746225378,1109
7313,14.624537546245374,1113
7314,14.626537346265373,1123
7315,14.628537146285371,1128
7316,14.63053694630537,1126
7317,14.632536746325368,1122
7318,14.634536546345364,1124
7319,14.636536346365363,1127
7320,14.638536146385361,1120
7321,14.64053594640536,1102
7322,14.642535746425358,1091
7323,14.644535546445356,1095
7324,14.646535346465352,1106
7325,14.64853514648535,1110
7326,14.65053494650535,1104
7327,14.652534746525347,1094
7328,14.654534546545346,1089
7329,14.656534346565342,1095
7330,14.65853414658534,1106
7331,14.660533946605339,1113
7332,14.662533746625337,1114
7333,14.664533546645336,1112
7334,14.666533346665332,1112
7335,14.66853314668533,1109
7336,14.670532946705329,1098
7337,14.672532746725327,1086
7338,14.674532546745326,1083
7339,14.676532346765324,1086
7340,14.67853214678532,1089
7341,14.680531946805319,1090
7342,14.682531746825317,1092
7343,14.684531546845315,1093
7344,14.686531346865314,1091
7345,14.68853114688531,1084
7346,14.690530946905309,1081
7347,14.692530746925307,1083
7348,14.694530546945305,1086
7349,14.696530346965304,1088
7350,14.6985301469853,1088
7351,14.700529947005299,1092
7352,14.702529747025297,1106
7353,14.704529547045295,1121
7354,14.706529347065294,1119
7355,14.708529147085292,1107
7356,14.710528947105288,1107
7357,14.712528747125287,1119
7358,14.714528547145285,1121
7359,14.716528347165283,1107
7360,14.718528147185282,1096
7361,14.720527947205278,1103
7362,14.722527747225277,1117
7363,14.724527547245275,1121
7364,14.726527347265273,1111
7365,14.728527147285272,1099
7366,14.73052694730527,1093
7367,14.732526747325267,1094
7368,14.734526547345265,1105
7369,14.736526347365263,1120
7370,14.738526147385262,1123
7371,14.74052594740526,1111
7372,14.742525747425256,1105
7373,14.744525547445255,1117
7374,14.746525347465253,1139
7375,14.748525147485251,1154
7376,14.75052494750525,1156
7377,14.752524747525246,1148
7378,14.754524547545245,1136
7379,14.756524347565243,1128
7380,14.758524147585241,1126
7381,14.76052394760524,1129
7382,14.762523747625238,1132
7383,14.764523547645235,1136
7384,14.766523347665233,1142
7385,14.768523147685231,1137
7386,14.77052294770523,1113
7387,14.772522747725228,1092
7388,14.774522547745224,1096
7389,14.776522347765223,1114
7390,14.778522147785221,1123
7391,14.78052194780522,1115
7392,14.782521747825218,1100
7393,14.784521547845214,1094
7394,14.786521347865213,1105
7395,14.788521147885211,1124
7396,14.79052094790521,1138
7397,14.792520747925208,1141
7398,14.794520547945206,1141
7399,14.796520347965203,1140
7400,14.7985201479852,1138
7401,14.8005199480052,1134
7402,14.802519748025198,1130
7403,14.804519548045196,1128
7404,14.806519348065192,1131
7405,14.80851914808519,1139
7406,14.810518948105189,1145
7407,14.812518748125187,1148
7408,14.814518548145186,1152
7409,14.816518348165182,1158
7410,14.81851814818518,1161
7411,14.820517948205179,1154
7412,14.822517748225177,1142
7413,14.824517548245176,1136
7414,14.826517348265174,1138
7415,14.82851714828517,1136
7416,14.830516948305169,1131
7417,14.832516748325167,1127
7418,14.834516548345166,1124
7419,14.836516348365164,1119
7420,14.83851614838516,1117
7421,14.840515948405159,1115
7422,14.842515748425157,1111
7423,14.844515548445155,1109
7424,14.846515348465154,1115
7425,14.84851514848515,1125
7426,14.850514948505149,1132
7427,14.852514748525147,1134
7428,14.854514548545145,1134
7429,14.856514348565144,1138
7430,14.858514148585142,1145
7431,14.860513948605139,1153
7432,14.862513748625137,1160
7433,14.864513548645135,1166
7434,14.866513348665134,1170
7435,14.868513148685132,1170
7436,14.870512948705128,1163
7437,14.872512748725127,1155
7438,14.874512548745125,1150
7439,14.876512348765123,1149
7440,14.878512148785122,1149
7441,14.880511948805118,1150
7442,14.882511748825117,1151
7443,14.884511548845115,1156
7444,14.886511348865113,1162
7445,14.888511148885112,1160
7446,14.89051094890511,1154
7447,14.892510748925107,1151
7448,14.894510548945105,1159
7449,14.896510348965103,1173
7450,14.898510148985102,1184
7451,14.9005099490051,1180
7452,14.902509749025096,1163
7453,14.904509549045095,1146
7454,14.906509349065093,1144
7455,14.908509149085091,1154
7456,14.91050894910509,1159
7457,14.912508749125086,1154
7458,14.914508549145085,1145
7459,14.916508349165083,1141
7460,14.918508149185081,1141
7461,14.92050794920508,1140
7462,14.922507749225078,1142
7463,14.924507549245075,1149
7464,14.926507349265073,1156
7465,14.928507149285071,1161
7466,14.93050694930507,1164
7467,14.932506749325068,1159
7468,14.934506549345064,1147
7469,14.936506349365063,1144
7470,14.938506149385061,1153
7471,14.94050594940506,1166
7472,14.942505749425058,1169
7473,14.944505549445054,1161
7474,14.946505349465053,1149
7475,14.948505149485051,1142
7476,14.95050494950505,1145
7477,14.952504749525048,1154
7478,14.954504549545046,1161
7479,14.956504349565042,1161
7480,14.95850414958504,1156
7481,14.96050394960504,1149
7482,14.962503749625037,1145
7483,14.964503549645036,1145
7484,14.966503349665032,1148
7485,14.96850314968503,1150
7486,14.970502949705029,1150
7487,14.972502749725027,1146
7488,14.974502549745026,1141
7489,14.976502349765024,1140
7490,14.97850214978502,1147
7491,14.980501949805019,1152
7492,14.982501749825017,1149
7493,14.984501549845016,1139
7494,14.986501349865014,1131
7495,14.98850114988501,1131
7496,14.990500949905009,1138
7497,14.992500749925007,1148
7498,14.994500549945005,1156
7499,14.996500349965004,1159
7500,14.998500149985,1158
7501,15.000499950004999,1154
7502,15.002499750024997,1156
7503,15.004499550044995,1167
7504,15.006499350064994,1175
7505,15.008499150084992,1168
7506,15.010498950104989,1148
7507,15.012498750124987,1130
7508,15.014498550144985,1124
7509,15.016498350164984,1125
7510,15.018498150184982,1127
7511,15.020497950204978,1129
7512,15.022497750224977,1127
7513,15.024497550244975,1121
7514,15.026497350264973,1118
7515,15.028497150284972,1124
7516,15.030496950304968,1132
7517,15.032496750324967,1133
7518,15.034496550344965,1128
7519,15.036496350364963,1124
7520,15.038496150384962,1123
7521,15.04049595040496,1116
7522,15.042495750424957,1102
7523,15.044495550444955,1090
7524,15.046495350464953,1094
7525,15.048495150484952,1111
7526,15.05049495050495,1131
7527,15.052494750524946,1143
7528,15.054494550544945,1142
7529,15.056494350564943,1129
7530,15.058494150584941,1120
7531,15.06049395060494,1130
7532,15.062493750624936,1154
7533,15.064493550644935,1174
7534,15.066493350664933,1179
7535,15.068493150684931,1175
7536,15.07049295070493,1168
7537,15.072492750724928,1164
7538,15.074492550744925,1157
7539,15.076492350764923,1148
7540,15.078492150784921,1143
7541,15.08049195080492,1144
7542,15.082491750824918,1147
7543,15.084491550844914,1149
7544,15.086491350864913,1155
7545,15.088491150884911,1167
7546,15.09049095090491,1177
7547,15.092490750924908,1169
7548,15.094490550944904,1154
7549,15.096490350964903,1153
7550,15.098490150984901,1171
7551,15.1004899510049,1185
7552,15.102489751024898,1180
7553,15.104489551044896,1161
7554,15.106489351064893,1144
7555,15.10848915108489,1139
7556,15.11048895110489,1143
7557,15.112488751124888,1152
7558,15.114488551144886,1160
7559,15.116488351164882,1162
7560,15.11848815118488,1158
7561,15.120487951204879,1146
7562,15.122487751224877,1136
7563,15.124487551244876,1133
7564,15.126487351264872,1134
7565,15.12848715128487,1132
7566,15.130486951304869,1128
7567,15.132486751324867,1123
7568,15.134486551344866,1124
7569,15.136486351364864,1133
7570,15.13848615138486,1147
7571,15.140485951404859,1163
7572,15.142485751424857,1173
7573,15.144485551444856,1170
7574,15.146485351464854,1159
7575,15.14848515148485,1153
7576,15.150484951504849,1157
7577,15.152484751524847,1158
7578,15.154484551544845,1152
7579,15.156484351564844,1139
7580,15.15848415158484,1129
7581,15.160483951604839,1128
7582,15.162483751624837,1140
7583,15.164483551644835,1150
7584,15.166483351664834,1150
7585,15.168483151684832,1146
7586,15.170482951704829,1145
7587,15.172482751724827,1146
7588,15.174482551744825,1147
7589,15.176482351764824,1153
7590,15.178482151784822,1161
7591,15.180481951804818,1165
7592,15.182481751824817,1167
7593,15.184481551844815,1170
7594,15.186481351864813,1170
7595,15.188481151884812,1164
7596,15.190480951904808,1156
7597,15.192480751924807,1154
7598,15.194480551944805,1157
7599,15.196480351964803,1156
7600,15.198480151984802,1154
7601,15.2004799520048,1157
7602,15.202479752024797,1165
7603,15.204479552044795,1175
7604,15.206479352064793,1184
7605,15.208479152084792,1182
7606,15.21047895210479,1172
7607,15.212478752124786,1164
7608,15.214478552144785,1164
7609,15.216478352164783,1167
7610,15.218478152184781,1168
7611,15.22047795220478,1158
7612,15.222477752224778,1143
7613,15.224477552244775,1134
7614,15.226477352264773,1135
7615,15.228477152284771,1143
7616,15.23047695230477,1154
7617,15.232476752324768,1163
7618,15.234476552344764,1167
7619,15.236476352364763,1166
7620,15.238476152384761,1165
7621,15.24047595240476,1162
7622,15.242475752424758,1155
7623,15.244475552444754,1148
7624,15.246475352464753,1147
7625,15.248475152484751,1147
7626,15.25047495250475,1139
7627,15.252474752524748,1126
7628,15.254474552544746,1118
7629,15.256474352564743,1120
7630,15.258474152584741,1125
7631,15.26047395260474,1125
7632,15.262473752624738,1123
7633,15.264473552644736,1124
7634,15.266473352664732,1128
7635,15.26847315268473,1131
7636,15.27047295270473,1135
7637,15.272472752724727,1144
7638,15.274472552744726,1157
7639,15.276472352764722,1166
7640,15.27847215278472,1171
7641,15.280471952804719,1172
7642,15.282471752824717,1168
7643,15.284471552844716,1162
7644,15.286471352864714,1159
7645,15.28847115288471,1157
7646,15.290470952904709,1159
7647,15.292470752924707,1163
7648,15.294470552944706,1165
7649,15.296470352964704,1159
7650,15.2984701529847,1149
7651,15.300469953004699,1143
7652,15.302469753024697,1144
7653,15.304469553044695,1151
7654,15.306469353064694,1160
7655,15.30846915308469,1168
7656,15.310468953104689,1172
7657,15.312468753124687,1169
7658,15.314468553144685,1164
7659,15.316468353164684,1164
7660,15.318468153184682,1170
7661,15.320467953204679,1169
7662,15.322467753224677,1151
7663,15.324467553244675,1132
7664,15.326467353264674,1134
7665,15.328467153284672,1148
7666,15.330466953304668,1153
7667,15.332466753324667,1147
7668,15.334466553344665,1144
7669,15.336466353364663,1147
7670,15.338466153384662,1145
7671,15.340465953404658,1136
7672,15.342465753424657,1128
7673,15.344465553444655,1129
7674,15.346465353464653,1135
7675,15.348465153484652,1136
7676,15.35046495350465,1130
7677,15.352464753524647,1124
7678,15.354464553544645,1121
7679,15.356464353564643,1119
7680,15.358464153584642,1117
7681,15.36046395360464,1120
7682,15.362463753624636,1126
7683,15.364463553644635,1131
7684,15.366463353664633,1137
7685,15.368463153684631,1145
7686,15.37046295370463,1143
7687,15.372462753724626,1128
7688,15.374462553744625,1121
7689,15.376462353764623,1138
7690,15.378462153784621,1166
7691,15.38046195380462,1178
7692,15.382461753824618,1171
7693,15.384461553844615,1162
7694,15.386461353864613,1165
7695,15.388461153884611,1172
7696,15.39046095390461,1176
7697,15.392460753924608,1175
7698,15.394460553944604,1174
7699,15.396460353964603,1174
7700,15.398460153984601,1179
7701,15.4004599540046,1183
7702,15.402459754024598,1180
7703,15.404459554044594,1175
7704,15.406459354064593,1174
7705,15.408459154084591,1180
7706,15.41045895410459,1187
7707,15.412458754124588,1187
7708,15.414458554144586,1176
7709,15.416458354164583,1169
7710,15.41845815418458,1175
7711,15.42045795420458,1185
7712,15.422457754224578,1184
7713,15.424457554244576,1179
7714,15.426457354264572,1177
7715,15.42845715428457,1175
7716,15.430456954304569,1167
7717,15.432456754324567,1161
7718,15.434456554344566,1159
7719,15.436456354364562,1154
7720,15.43845615438456,1149
7721,15.440455954404559,1148
7722,15.442455754424557,1150
7723,15.444455554444556,1152
7724,15.446455354464554,1154
7725,15.44845515448455,1154
7726,15.450454954504549,1148
7727,15.452454754524547,1139
7728,15.454454554544546,1138
7729,15.456454354564544,1151
7730,15.45845415458454,1164
7731,15.460453954604539,1163
7732,15.462453754624537,1153
7733,15.464453554644535,1141
7734,15.466453354664534,1131
7735,15.468453154684532,1126
7736,15.470452954704529,1130
7737,15.472452754724527,1135
7738,15.474452554744525,1136
7739,15.476452354764524,1141
7740,15.478452154784522,1155
7741,15.480451954804519,1161
7742,15.482451754824517,1150
7743,15.484451554844515,1136
7744,15.486451354864514,1139
7745,15.488451154884512,1153
7746,15.490450954904508,1162
7747,15.492450754924507,1156
7748,15.494450554944505,1140
7749,15.496450354964503,1124
7750,15.498450154984502,1118
7751,15.5004499550045,1116
7752,15.502449755024497,1114
7753,15.504449555044495,1114
7754,15.506449355064493,1122
7755,15.508449155084492,1134
7756,15.51044895510449,1137
7757,15.512448755124487,1130
7758,15.514448555144485,1126
7759,15.516448355164483,1135
7760,15.518448155184482,1148
7761,15.52044795520448,1151
7762,15.522447755224476,1148
7763,15.524447555244475,1147
7764,15.526447355264473,1148
7765,15.528447155284471,1151
7766,15.53044695530447,1160
7767,15.532446755324468,1170
7768,15.534446555344465,1175
7769,15.536446355364463,1170
7770,15.538446155384461,1154
7771,15.54044595540446,1130
7772,15.542445755424458,1115
7773,15.544445555444454,1122
7774,15.546445355464453,1139
7775,15.548445155484451,1148
7776,15.55044495550445,1144
7777,15.552444755524448,1133
7778,15.554444555544444,1128
7779,15.556444355564443,1131
7780,15.558444155584441,1139
7781,15.56044395560444,1146
7782,15.562443755624438,1146
7783,15.564443555644436,1140
7784,15.566443355664433,1135
7785,15.568443155684431,1134
7786,15.57044295570443,1143
7787,15.572442755724428,1155
7788,15.574442555744426,1160
7789,15.576442355764422,1157
7790,15.57844215578442,1152
7791,15.58044195580442,1150
7792,15.582441755824417,1147
7793,15.584441555844416,1141
7794,15.586441355864412,1137
7795,15.58844115588441,1136
7796,15.590440955904409,1133
7797,15.592440755924407,1120
7798,15.594440555944406,1107
7799,15.596440355964404,1106
7800,15.5984401559844,1111
7801,15.600439956004399,1115
7802,15.602439756024397,1113
7803,15.604439556044396,1113
7804,15.606439356064394,1120
7805,15.60843915608439,1135
7806,15.610438956104389,1147
7807,15.612438756124387,1147
7808,15.614438556144385,1139
7809,15.616438356164384,1133
7810,15.61843815618438,1135
7811,15.620437956204379,1142
7812,15.622437756224377,1145
7813,15.624437556244375,1142
7814,15.626437356264374,1142
7815,15.628437156284372,1150
7816,15.630436956304369,1153
7817,15.632436756324367,1139
7818,15.634436556344365,1119
7819,15.636436356364364,1118
7820,15.638436156384362,1135
7821,15.640435956404358,1149
7822,15.642435756424357,1149
7823,15.644435556444355,1145
7824,15.646435356464353,1147
7825,15.648435156484352,1151
7826,15.650434956504348,1149
7827,15.652434756524347,1143
7828,15.654434556544345,1143
7829,15.656434356564343,1152
7830,15.658434156584342,1160
7831,15.66043395660434,1157
7832,15.662433756624337,1145
7833,15.664433556644335,1135
7834,15.666433356664333,1133
7835,15.668433156684332,1138
7836,15.67043295670433,1144
7837,15.672432756724326,1145
7838,15.674432556744325,1135
7839,15.676432356764323,1125
7840,15.678432156784321,1130
7841,15.68043195680432,1146
7842,15.682431756824316,1156
7843,15.684431556844315,1151
7844,15.686431356864313,1134
7845,15.688431156884311,1122
7846,15.69043095690431,1125
7847,15.692430756924308,1134
7848,15.694430556944305,1142
7849,15.696430356964303,1146
7850,15.698430156984301,1148
7851,15.7004299570043,1145
7852,15.702429757024298,1141
7853,15.704429557044294,1143
7854,15.706429357064293,1152
7855,15.708429157084291,1161
7856,15.71042895710429,1163
7857,15.712428757124288,1160
7858,15.714428557144284,1159
7859,15.716428357164283,1163
7860,15.718428157184281,1171
7861,15.72042795720428,1180
7862,15.722427757224278,1184
7863,15.724427557244276,1181
7864,15.726427357264273,1174
7865,15.72842715728427,1171
7866,15.73042695730427,1172
7867,15.732426757324268,1171
7868,15.734426557344266,1163
7869,15.736426357364262,1158
7870,15.73842615738426,1163
7871,15.740425957404259,1170
7872,15.742425757424257,1167
7873,15.744425557444256,1157
7874,15.746425357464254,1157
7875,15.74842515748425,1164
7876,15.750424957504249,1162
7877,15.752424757524247,1148
7878,15.754424557544246,1138
7879,15.756424357564244,1144
7880,15.75842415758424,1156
7881,15.760423957604239,1158
7882,15.762423757624237,1150
7883,15.764423557644236,1145
7884,15.766423357664234,1148
7885,15.76842315768423,1150
7886,15.770422957704229,1148
7887,15.772422757724227,1152
7888,15.774422557744225,1164
7889,15.776422357764224,1174
7890,15.778422157784222,1172
7891,15.780421957804219,1160
7892,15.782421757824217,1149
7893,15.784421557844215,1149
7894,15.786421357864214,1161
7895,15.788421157884212,1171
7896,15.790420957904209,1165
7897,15.792420757924207,1150
7898,15.794420557944205,1143
7899,15.796420357964204,1154
7900,15.798420157984202,1170
7901,15.800419958004198,1174
7902,15.802419758024197,1166
7903,15.804419558044195,1162
7904,15.806419358064193,1173
7905,15.808419158084192,1188
7906,15.81041895810419,1192
7907,15.812418758124187,1187
7908,15.814418558144185,1179
7909,15.816418358164183,1179
7910,15.818418158184182,1184
7911,15.82041795820418,1181
7912,15.822417758224177,1167
7913,15.824417558244175,1154
7914,15.826417358264173,1151
7915,15.828417158284172,1155
7916,15.83041695830417,1158
7917,15.832416758324166,1156
7918,15.834416558344165,1150
7919,15.836416358364163,1142
7920,15.838416158384161,1138
7921,15.84041595840416,1141
7922,15.842415758424158,1154
7923,15.844415558444155,1172
7924,15.846415358464153,1184
7925,15.848415158484151,1181
7926,15.85041495850415,1164
7927,15.852414758524148,1151
7928,15.854414558544144,1153
7929,15.856414358564143,1163
7930,15.858414158584141,1168
7931,15.86041395860414,1168
7932,15.862413758624138,1169
7933,15.864413558644134,1174
7934,15.866413358664133,1180
7935,15.868413158684131,1180
7936,15.87041295870413,1180
7937,15.872412758724128,1185
7938,15.874412558744126,1187
7939,15.876412358764123,1178
7940,15.878412158784121,1166
7941,15.88041195880412,1162
7942,15.882411758824118,1164
7943,15.884411558844116,1161
7944,15.886411358864112,1152
7945,15.88841115888411,1143
7946,15.89041095890411,1138
7947,15.892410758924107,1140
7948,15.894410558944106,1149
7949,15.896410358964102,1155
7950,15.8984101589841,1149
7951,15.900409959004099,1141
7952,15.902409759024097,1138
7953,15.904409559044096,1136
7954,15.906409359064094,1129
7955,15.90840915908409,1122
7956,15.910408959104089,1118
7957,15.912408759124087,1112
7958,15.914408559144086,1106
7959,15.916408359164084,1108
7960,15.91840815918408,1116
7961,15.920407959204079,1120
7962,15.922407759224077,1123
7963,15.924407559244075,1129
7964,15.926407359264074,1135
7965,15.92840715928407,1137
7966,15.930406959304069,1142
7967,15.932406759324067,1150
7968,15.934406559344065,1155
7969,15.936406359364064,1156
7970,15.938406159384062,1159
7971,15.940405959404059,1168
7972,15.942405759424057,1170
7973,15.944405559444055,1159
7974,15.946405359464054,1146
7975,15.948405159484052,1148
7976,15.950404959504048,1161
7977,15.952404759524047,1167
7978,15.954404559544045,1162
7979,15.956404359564043,1156
7980,15.958404159584042,1159
7981,15.960403959604038,1168
7982,15.962403759624037,1177
7983,15.964403559644035,1180
7984,15.966403359664033,1176
7985,15.968403159684032,1170
7986,15.97040295970403,1164
7987,15.972402759724027,1160
7988,15.974402559744025,1156
7989,15.976402359764023,1153
7990,15.978402159784022,1151
7991,15.98040195980402,1148
7992,15.982401759824016,1144
7993,15.984401559844015,1142
7994,15.986401359864013,1143
7995,15.988401159884011,1145
7996,15.99040095990401,1148
7997,15.992400759924008,1153
7998,15.994400559944005,1155
7999,15.996400359964003,1156
8000,15.998400159984001,1160
8001,16.000399960004,1162
8002,16.002399760023998,1159
8003,16.004399560043996,1148
8004,16.006399360063995,1139
8005,16.008399160083993,1146
8006,16.010398960103988,1168
8007,16.012398760123986,1184
8008,16.014398560143984,1177
8009,16.016398360163983,1158
8010,16.01839816018398,1154
8011,16.02039796020398,1168
8012,16.022397760223978,1186
8013,16.024397560243976,1193
8014,16.026397360263974,1190
8015,16.028397160283973,1184
8016,16.030396960303968,1184
8017,16.032396760323966,1184
8018,16.034396560343964,1179
8019,16.036396360363963,1171
8020,16.03839616038396,1161
8021,16.04039596040396,1149
8022,16.042395760423958,1139
8023,16.044395560443956,1138
8024,16.046395360463954,1146
8025,16.048395160483953,1149
8026,16.05039496050395,1140
8027,16.052394760523946,1130
8028,16.054394560543944,1137
8029,16.056394360563942,1158
8030,16.05839416058394,1169
8031,16.06039396060394,1161
8032,16.062393760623937,1150
8033,16.064393560643936,1153
8034,16.066393360663934,1167
8035,16.068393160683932,1182
8036,16.07039296070393,1184
8037,16.07239276072393,1175
8038,16.074392560743924,1175
8039,16.076392360763922,1186
8040,16.07839216078392,1193
8041,16.08039196080392,1190
8042,16.082391760823917,1179
8043,16.084391560843915,1167
8044,16.086391360863914,1159
8045,16.088391160883912,1158
8046,16.09039096090391,1159
8047,16.09239076092391,1156
8048,16.094390560943904,1149
8049,16.096390360963902,1142
8050,16.0983901609839,1143
8051,16.1003899610039,1156
8052,16.102389761023897,1171
8053,16.104389561043895,1175
8054,16.106389361063894,1171
8055,16.108389161083892,1172
8056,16.11038896110389,1177
8057,16.11238876112389,1175
8058,16.114388561143887,1170
8059,16.11638836116388,1171
8060,16.11838816118388,1176
8061,16.12038796120388,1176
8062,16.122387761223877,1169
8063,16.124387561243875,1166
8064,16.126387361263873,1167
8065,16.12838716128387,1171
8066,16.13038696130387,1177
8067,16.13238676132387,1184
8068,16.134386561343867,1190
8069,16.136386361363865,1191
8070,16.13838616138386,1184
8071,16.140385961403858,1173
8072,16.142385761423856,1168
8073,16.144385561443855,1171
8074,16.146385361463853,1173
8075,16.14838516148385,1170
8076,16.15038496150385,1167
8077,16.152384761523848,1171
8078,16.154384561543846,1173
8079,16.156384361563845,1167
8080,16.15838416158384,1164
8081,16.160383961603838,1167
8082,16.162383761623836,1165
8083,16.164383561643834,1154
8084,16.166383361663833,1148
8085,16.16838316168383,1153
8086,16.17038296170383,1163
8087,16.172382761723828,1170
8088,16.174382561743826,1174
8089,16.176382361763824,1172
8090,16.178382161783823,1173
8091,16.180381961803818,1184
8092,16.182381761823816,1196
8093,16.184381561843814,1195
8094,16.186381361863813,1182
8095,16.18838116188381,1167
8096,16.19038096190381,1153
8097,16.192380761923808,1142
8098,16.194380561943806,1136
8099,16.196380361963804,1134
8100,16.198380161983803,1137
8101,16.2003799620038,1142
8102,16.202379762023796,1146
8103,16.204379562043794,1155
8104,16.206379362063792,1169
8105,16.20837916208379,1176
8106,16.21037896210379,1172
8107,16.212378762123787,1162
8108,16.214378562143786,1156
8109,16.216378362163784,1160
8110,16.218378162183782,1169
8111,16.22037796220378,1176
8112,16.22237776222378,1173
8113,16.224377562243774,1165
8114,16.226377362263772,1162
8115,16.22837716228377,1165
8116,16.23037696230377,1164
8117,16.232376762323767,1160
8118,16.234376562343765,1161
8119,16.236376362363764,1168
8120,16.238376162383762,1168
8121,16.24037596240376,1157
8122,16.24237576242376,1145
8123,16.244375562443754,1141
8124,16.246375362463752,1146
8125,16.24837516248375,1151
8126,16.25037496250375,1149
8127,16.252374762523747,1138
8128,16.254374562543745,1130
8129,16.256374362563744,1132
8130,16.258374162583742,1137
8131,16.26037396260374,1129
8132,16.26237376262374,1112
8133,16.264373562643737,1107
8134,16.26637336266373,1117
8135,16.26837316268373,1125
8136,16.27037296270373,1125
8137,16.272372762723727,1126
8138,16.274372562743725,1133
8139,16.276372362763723,1134
8140,16.27837216278372,1125
8141,16.28037196280372,1118
8142,16.28237176282372,1120
8143,16.284371562843717,1127
8144,16.286371362863715,1128
8145,16.28837116288371,1124
8146,16.290370962903708,1119
8147,16.292370762923706,1119
8148,16.294370562943705,1124
8149,16.296370362963703,1133
8150,16.2983701629837,1142
8151,16.3003699630037,1145
8152,16.302369763023698,1139
8153,16.304369563043696,1135
8154,16.306369363063695,1143
8155,16.30836916308369,1157
8156,16.310368963103688,1164
8157,16.312368763123686,1167
8158,16.314368563143685,1166
8159,16.316368363163683,1161
8160,16.31836816318368,1159
8161,16.32036796320368,1162
8162,16.322367763223678,1167
8163,16.324367563243676,1169
8164,16.326367363263675,1169
8165,16.328367163283673,1168
8166,16.330366963303668,1166
8167,16.332366763323666,1161
8168,16.334366563343664,1157
8169,16.336366363363663,1157
8170,16.33836616338366,1164
8171,16.34036596340366,1172
8172,16.342365763423658,1175
8173,16.344365563443656,1170
8174,16.346365363463654,1166
8175,16.348365163483653,1166
8176,16.35036496350365,1166
8177,16.352364763523646,1163
8178,16.354364563543644,1161
8179,16.356364363563642,1159
8180,16.35836416358364,1158
8181,16.36036396360364,1156
8182,16.362363763623637,1154
8183,16.364363563643636,1153
8184,16.366363363663634,1151
8185,16.368363163683632,1145
8186,16.37036296370363,1139
8187,16.372362763723626,1135
8188,16.374362563743624,1134
8189,16.376362363763622,1135
8190,16.37836216378362,1135
8191,16.38036196380362,1125
8192,16.382361763823617,1106
8193,16.384361563843616,1092
8194,16.386361363863614,1096
8195,16.388361163883612,1116
8196,16.39036096390361,1133
8197,16.39236076392361,1138
8198,16.394360563943604,1135
8199,16.396360363963602,1134
8200,16.3983601639836,1141
8201,16.4003599640036,1152
8202,16.402359764023597,1163
8203,16.404359564043595,1174
8204,16.406359364063594,1184
8205,16.408359164083592,1188
8206,16.41035896410359,1181
8207,16.41235876412359,1168
8208,16.414358564143587,1159
8209,16.41635836416358,1156
8210,16.41835816418358,1157
8211,16.42035796420358,1164
8212,16.422357764223577,1173
8213,16.424357564243575,1177
8214,16.426357364263573,1169
8215,16.42835716428357,1160
8216,16.43035696430357,1160
8217,16.43235676432357,1167
8218,16.434356564343567,1171
8219,16.43635636436356,1164
8220,16.43835616438356,1151
8221,16.440355964403558,1142
8222,16.442355764423557,1145
8223,16.444355564443555,1152
8224,16.446355364463553,1157
8225,16.44835516448355,1156
8226,16.45035496450355,1154
8227,16.452354764523548,1162
8228,16.454354564543547,1182
8229,16.456354364563545,1197
8230,16.45835416458354,1192
8231,16.460353964603538,1177
8232,16.462353764623536,1161
8233,16.464353564643535,1148
8234,16.466353364663533,1132
8235,16.46835316468353,1115
8236,16.47035296470353,1101
8237,16.472352764723528,1101
8238,16.474352564743526,1117
8239,16.476352364763525,1138
8240,16.478352164783523,1147
8241,16.480351964803518,1142
8242,16.482351764823516,1130
8243,16.484351564843514,1126
8244,16.486351364863513,1138
8245,16.48835116488351,1157
8246,16.49035096490351,1163
8247,16.492350764923508,1155
8248,16.494350564943506,1144
8249,16.496350364963504,1142
8250,16.498350164983503,1147
8251,16.5003499650035,1146
8252,16.502349765023496,1134
8253,16.504349565043494,1118
8254,16.506349365063492,1113
8255,16.50834916508349,1125
8256,16.51034896510349,1140
8257,16.512348765123487,1143
8258,16.514348565143486,1133
8259,16.516348365163484,1120
8260,16.518348165183482,1119
8261,16.52034796520348,1129
8262,16.522347765223476,1135
8263,16.524347565243474,1130
8264,16.526347365263472,1128
8265,16.52834716528347,1133
8266,16.53034696530347,1132
8267,16.532346765323467,1123
8268,16.534346565343466,1115
8269,16.536346365363464,1116
8270,16.538346165383462,1121
8271,16.54034596540346,1130
8272,16.54234576542346,1140
8273,16.544345565443454,1147
8274,16.546345365463452,1145
8275,16.54834516548345,1138
8276,16.55034496550345,1133
8277,16.552344765523447,1136
8278,16.554344565543445,1140
8279,16.556344365563444,1140
8280,16.558344165583442,1140
8281,16.56034396560344,1144
8282,16.56234376562344,1151
8283,16.564343565643437,1152
8284,16.566343365663432,1144
8285,16.56834316568343,1128
8286,16.57034296570343,1121
8287,16.572342765723427,1130
8288,16.574342565743425,1141
8289,16.576342365763423,1135
8290,16.578342165783422,1114
8291,16.58034196580342,1100
8292,16.58234176582342,1107
8293,16.584341565843417,1123
8294,16.58634136586341,1129
8295,16.58834116588341,1121
8296,16.59034096590341,1108
8297,16.592340765923407,1102
8298,16.594340565943405,1104
8299,16.596340365963403,1112
8300,16.5983401659834,1121
8301,16.6003399660034,1125
8302,16.6023397660234,1124
8303,16.604339566043397,1129
8304,16.606339366063395,1144
8305,16.60833916608339,1156
8306,16.610338966103388,1155
8307,16.612338766123386,1149
8308,16.614338566143385,1150
8309,16.616338366163383,1149
8310,16.61833816618338,1136
8311,16.62033796620338,1118
8312,16.622337766223378,1114
8313,16.624337566243376,1127
8314,16.626337366263375,1138
8315,16.628337166283373,1136
8316,16.630336966303368,1124
8317,16.632336766323366,1113
8318,16.634336566343364,1110
8319,16.636336366363363,1114
8320,16.63833616638336,1121
8321,16.64033596640336,1124
8322,16.642335766423358,1124
8323,16.644335566443356,1126
8324,16.646335366463354,1129
8325,16.648335166483353,1129
8326,16.650334966503348,1124
8327,16.652334766523346,1119
8328,16.654334566543344,1120
8329,16.656334366563343,1126
8330,16.65833416658334,1131
8331,16.66033396660334,1133
8332,16.662333766623338,1133
8333,16.664333566643336,1128
8334,16.666333366663334,1121
8335,16.668333166683333,1117
8336,16.67033296670333,1118
8337,16.672332766723326,1128
8338,16.674332566743324,1147
8339,16.676332366763322,1158
8340,16.67833216678332,1152
8341,16.68033196680332,1140
8342,16.682331766823317,1138
8343,16.684331566843316,1146
8344,16.686331366863314,1151
8345,16.688331166883312,1148
8346,16.69033096690331,1143
8347,16.69233076692331,1141
8348,16.694330566943304,1144
8349,16.696330366963302,1154
8350,16.6983301669833,1162
8351,16.7003299670033,1158
8352,16.702329767023297,1152
8353,16.704329567043295,1153
8354,16.706329367063294,1161
8355,16.708329167083292,1169
8356,16.71032896710329,1174
8357,16.71232876712329,1179
8358,16.714328567143284,1178
8359,16.716328367163282,1169
8360,16.71832816718328,1158
8361,16.72032796720328,1158
8362,16.722327767223277,1170
8363,16.724327567243275,1180
8364,16.726327367263274,1177
8365,16.728327167283272,1163
8366,16.73032696730327,1150
8367,16.73232676732327,1147
8368,16.734326567343267,1152
8369,16.73632636736326,1156
8370,16.73832616738326,1151
8371,16.74032596740326,1140
8372,16.742325767423257,1131
8373,16.744325567443255,1134
8374,16.746325367463253,1149
8375,16.74832516748325,1155
8376,16.75032496750325,1142
8377,16.75232476752325,1128
8378,16.754324567543247,1136
8379,16.756324367563245,1162
8380,16.75832416758324,1178
8381,16.760323967603238,1171
8382,16.762323767623236,1146
8383,16.764323567643235,1127
8384,16.766323367663233,1131
8385,16.76832316768323,1153
8386,16.77032296770323,1170
8387,16.772322767723228,1163
8388,16.774322567743226,1141
8389,16.776322367763225,1127
8390,16.778322167783223,1134
8391,16.780321967803218,1151
8392,16.782321767823216,1160
8393,16.784321567843214,1154
8394,16.786321367863213,1144
8395,16.78832116788321,1140
8396,16.79032096790321,1147
8397,16.792320767923208,1160
8398,16.794320567943206,1169
8399,16.796320367963204,1172
8400,16.798320167983203,1169
8401,16.800319968003198,1167
8402,16.802319768023196,1172
8403,16.804319568043194,1176
8404,16.806319368063193,1174
8405,16.80831916808319,1172
8406,16.81031896810319,1179
8407,16.812318768123188,1191
8408,16.814318568143186,1192
8409,16.816318368163184,1181
8410,16.818318168183183,1172
8411,16.82031796820318,1171
8412,16.822317768223176,1169
8413,16.824317568243174,1166
8414,16.826317368263172,1169
8415,16.82831716828317,1177
8416,16.83031696830317,1183
8417,16.832316768323167,1181
8418,16.834316568343166,1176
8419,16.836316368363164,1171
8420,16.838316168383162,1167
8421,16.84031596840316,1166
8422,16.84231576842316,1163
8423,16.844315568443154,1154
8424,16.846315368463152,1149
8425,16.84831516848315,1150
8426,16.85031496850315,1154
8427,16.852314768523147,1157
8428,16.854314568543145,1153
8429,16.856314368563144,1147
8430,16.858314168583142,1148
8431,16.86031396860314,1154
8432,16.86231376862314,1159
8433,16.864313568643134,1166
8434,16.866313368663132,1172
8435,16.86831316868313,1164
8436,16.87031296870313,1144
8437,16.872312768723127,1129
8438,16.874312568743125,1130
8439,16.876312368763124,1138
8440,16.878312168783122,1138
8441,16.88031196880312,1129
8442,16.88231176882312,1125
8443,16.884311568843117,1132
8444,16.88631136886311,1140
8445,16.88831116888311,1140
8446,16.89031096890311,1141
8447,16.892310768923107,1150
8448,16.894310568943105,1158
8449,16.896310368963103,1153
8450,16.8983101689831,1142
8451,16.9003099690031,1141
8452,16.9023097690231,1148
8453,16.904309569043097,1152
8454,16.906309369063095,1149
8455,16.90830916908309,1139
8456,16.910308969103088,1128
8457,16.912308769123086,1127
8458,16.914308569143085,1138
8459,16.916308369163083,1149
8460,16.91830816918308,1154
8461,16.92030796920308,1153
8462,16.922307769223078,1152
8463,16.924307569243076,1151
8464,16.926307369263075,1148
8465,16.92830716928307,1148
8466,16.930306969303068,1154
8467,16.932306769323066,1162
8468,16.934306569343065,1165
8469,16.936306369363063,1162
8470,16.93830616938306,1158
8471,16.94030596940306,1155
8472,16.942305769423058,1149
8473,16.944305569443056,1143
8474,16.946305369463055,1148
8475,16.948305169483053,1157
8476,16.950304969503048,1158
8477,16.952304769523046,1152
8478,16.954304569543044,1154
8479,16.956304369563043,1162
8480,16.95830416958304,1168
8481,16.96030396960304,1171
8482,16.962303769623038,1173
8483,16.964303569643036,1174
8484,16.966303369663034,1172
8485,16.968303169683033,1169
8486,16.97030296970303,1164
8487,16.972302769723026,1156
8488,16.974302569743024,1149
8489,16.976302369763022,1147
8490,16.97830216978302,1154
8491,16.98030196980302,1162
8492,16.982301769823017,1166
8493,16.984301569843016,1170
8494,16.986301369863014,1179
8495,16.988301169883012,1184
8496,16.99030096990301,1178
8497,16.99230076992301,1162
8498,16.994300569943004,1152
8499,16.996300369963002,1151
8500,16.998300169983,1152
8501,17.000299970003,1144
8502,17.002299770022997,1129
8503,17.004299570042996,1119
8504,17.006299370062994,1123
8505,17.008299170082992,1138
8506,17.01029897010299,1152
8507,17.01229877012299,1151
8508,17.014298570142984,1142
8509,17.016298370162982,1142
8510,17.01829817018298,1154
8511,17.02029797020298,1163
8512,17.022297770222977,1159
8513,17.024297570242975,1151
8514,17.026297370262974,1142
8515,17.028297170282972,1137
8516,17.03029697030297,1138
8517,17.03229677032297,1146
8518,17.034296570342967,1153
8519,17.03629637036296,1152
8520,17.03829617038296,1148
8521,17.04029597040296,1152
8522,17.042295770422957,1159
8523,17.044295570442955,1152
8524,17.046295370462953,1133
8525,17.04829517048295,1122
8526,17.05029497050295,1128
8527,17.05229477052295,1138
8528,17.054294570542947,1144
8529,17.056294370562945,1150
8530,17.05829417058294,1158
8531,17.060293970602938,1158
8532,17.062293770622937,1151
8533,17.064293570642935,1150
8534,17.066293370662933,1163
8535,17.06829317068293,1180
8536,17.07029297070293,1185
8537,17.072292770722928,1177
8538,17.074292570742927,1165
8539,17.076292370762925,1160
8540,17.07829217078292,1162
8541,17.080291970802918,1166
8542,17.082291770822916,1169
8543,17.084291570842915,1175
8544,17.086291370862913,1183
8545,17.08829117088291,1183
8546,17.09029097090291,1167
8547,17.092290770922908,1144
8548,17.094290570942906,1129
8549,17.096290370962905,1130
8550,17.098290170982903,1141
8551,17.100289971002898,1150
8552,17.102289771022896,1151
8553,17.104289571042894,1147
8554,17.106289371062893,1142
8555,17.10828917108289,1141
8556,17.11028897110289,1143
8557,17.112288771122888,1145
8558,17.114288571142886,1146
8559,17.116288371162884,1145
8560,17.118288171182883,1139
8561,17.12028797120288,1138
8562,17.122287771222876,1144
8563,17.124287571242874,1148
8564,17.126287371262872,1142
8565,17.12828717128287,1138
8566,17.13028697130287,1145
8567,17.132286771322867,1157
8568,17.134286571342866,1162
8569,17.136286371362864,1164
8570,17.138286171382862,1167
8571,17.14028597140286,1163
8572,17.142285771422856,1147
8573,17.144285571442854,1135
8574,17.146285371462852,1139
8575,17.14828517148285,1152
8576,17.15028497150285,1156
8577,17.152284771522847,1147
8578,17.154284571542846,1134
8579,17.156284371562844,1130
8580,17.158284171582842,1137
8581,17.16028397160284,1149
8582,17.16228377162284,1156
8583,17.164283571642834,1152
8584,17.166283371662832,1139
8585,17.16828317168283,1125
8586,17.17028297170283,1114
8587,17.172282771722827,1112
8588,17.174282571742825,1124
8589,17.176282371762824,1136
8590,17.178282171782822,1137
8591,17.18028197180282,1135
8592,17.18228177182282,1139
8593,17.184281571842817,1143
8594,17.186281371862812,1141
8595,17.18828117188281,1142
8596,17.19028097190281,1145
8597,17.192280771922807,1145
8598,17.194280571942805,1137
8599,17.196280371962803,1125
8600,17.198280171982802,1114
8601,17.2002799720028,1104
8602,17.2022797720228,1101
8603,17.204279572042797,1107
8604,17.20627937206279,1117
8605,17.20827917208279,1119
8606,17.21027897210279,1113
8607,17.212278772122787,1107
8608,17.214278572142785,1111
8609,17.216278372162783,1120
8610,17.21827817218278,1126
8611,17.22027797220278,1121
8612,17.22227777222278,1114
8613,17.224277572242777,1115
8614,17.226277372262775,1129
8615,17.22827717228277,1146
8616,17.230276972302768,1149
8617,17.232276772322766,1136
8618,17.234276572342765,1125
8619,17.236276372362763,1125
8620,17.23827617238276,1133
8621,17.24027597240276,1138
8622,17.242275772422758,1134
8623,17.244275572442756,1122
8624,17.246275372462755,1110
8625,17.248275172482753,1109
8626,17.250274972502748,1117
8627,17.252274772522746,1127
8628,17.254274572542744,1133
8629,17.256274372562743,1134
8630,17.25827417258274,1131
8631,17.26027397260274,1135
8632,17.262273772622738,1148
8633,17.264273572642736,1163
8634,17.266273372662734,1170
8635,17.268273172682733,1169
8636,17.27027297270273,1157
8637,17.272272772722726,1137
8638,17.274272572742724,1118
8639,17.276272372762723,1116
8640,17.27827217278272,1130
8641,17.28027197280272,1139
8642,17.282271772822718,1127
8643,17.284271572842716,1111
8644,17.286271372862714,1112
8645,17.288271172882713,1127
8646,17.29027097290271,1139
8647,17.292270772922706,1141
8648,17.294270572942704,1137
8649,17.296270372962702,1129
8650,17.2982701729827,1123
8651,17.3002699730027,1124
8652,17.302269773022697,1129
8653,17.304269573042696,1137
8654,17.306269373062694,1139
8655,17.308269173082692,1130
8656,17.31026897310269,1118
8657,17.31226877312269,1115
8658,17.314268573142684,1119
8659,17.316268373162682,1121
8660,17.31826817318268,1118
8661,17.32026797320268,1112
8662,17.322267773222677,1106
8663,17.324267573242675,1106
8664,17.326267373262674,1118
8665,17.328267173282672,1136
8666,17.33026697330267,1145
8667,17.33226677332267,1145
8668,17.334266573342667,1145
8669,17.336266373362662,1145
8670,17.33826617338266,1141
8671,17.34026597340266,1132
8672,17.342265773422657,1121
8673,17.344265573442655,1111
8674,17.346265373462654,1108
8675,17.348265173482652,1114
8676,17.35026497350265,1131
8677,17.35226477352265,1148
8678,17.354264573542647,1159
8679,17.35626437356264,1164
8680,17.35826417358264,1169
8681,17.36026397360264,1173
8682,17.362263773622637,1168
8683,17.364263573642635,1153
8684,17.366263373662633,1135
8685,17.36826317368263,1127
8686,17.37026297370263,1128
8687,17.37226277372263,1127
8688,17.374262573742627,1120
8689,17.376262373762625,1117
8690,17.37826217378262,1126
8691,17.380261973802618,1139
8692,17.382261773822616,1138
8693,17.384261573842615,1126
8694,17.386261373862613,1121
8695,17.38826117388261,1127
8696,17.39026097390261,1134
8697,17.392260773922608,1135
8698,17.394260573942606,1128
8699,17.396260373962605,1116
8700,17.398260173982603,1110
8701,17.400259974002598,1117
8702,17.402259774022596,1131
8703,17.404259574042594,1139
8704,17.406259374062593,1130
8705,17.40825917408259,1111
8706,17.41025897410259,1095
8707,17.412258774122588,1093
8708,17.414258574142586,1103
8709,17.416258374162584,1118
8710,17.418258174182583,1129
8711,17.420257974202578,1132
8712,17.422257774222576,1132
8713,17.424257574242574,1134
8714,17.426257374262573,1139
8715,17.42825717428257,1142
8716,17.43025697430257,1139
8717,17.432256774322568,1132
8718,17.434256574342566,1133
8719,17.436256374362564,1145
8720,17.438256174382563,1158
8721,17.44025597440256,1157
8722,17.442255774422556,1142
8723,17.444255574442554,1129
8724,17.446255374462552,1131
8725,17.44825517448255,1144
8726,17.45025497450255,1152
8727,17.452254774522547,1146
8728,17.454254574542546,1132
8729,17.456254374562544,1122
8730,17.458254174582542,1123
8731,17.46025397460254,1130
8732,17.46225377462254,1137
8733,17.464253574642534,1139
8734,17.466253374662532,1133
8735,17.46825317468253,1128
8736,17.47025297470253,1133
8737,17.472252774722527,1142
8738,17.474252574742525,1145
8739,17.476252374762524,1143
8740,17.478252174782522,1146
8741,17.48025197480252,1153
8742,17.48225177482252,1154
8743,17.484251574842514,1145
8744,17.486251374862512,1138
8745,17.48825117488251,1142
8746,17.49025097490251,1153
8747,17.492250774922507,1160
8748,17.494250574942505,1155
8749,17.496250374962504,1143
8750,17.498250174982502,1136
8751,17.5002499750025,1140
8752,17.5022497750225,1150
8753,17.504249575042497,1159
8754,17.50624937506249,1164
8755,17.50824917508249,1166
8756,17.51024897510249,1163
8757,17.512248775122487,1156
8758,17.514248575142485,1149
8759,17.516248375162483,1144
8760,17.51824817518248,1144
8761,17.52024797520248,1145
8762,17.52224777522248,1141
8763,17.524247575242477,1134
8764,17.526247375262475,1135
8765,17.52824717528247,1145
8766,17.530246975302468,1150
8767,17.532246775322466,1141
8768,17.534246575342465,1125
8769,17.536246375362463,1117
8770,17.53824617538246,1119
8771,17.54024597540246,1121
8772,17.542245775422458,1123
8773,17.544245575442456,1125
8774,17.546245375462455,1124
8775,17.548245175482453,1119
8776,17.550244975502448,1117
8777,17.552244775522446,1118
8778,17.554244575542445,1119
8779,17.556244375562443,1117
8780,17.55824417558244,1112
8781,17.56024397560244,1112
8782,17.562243775622438,1114
8783,17.564243575642436,1109
8784,17.566243375662435,1103
8785,17.568243175682433,1111
8786,17.570242975702428,1131
8787,17.572242775722426,1140
8788,17.574242575742424,1132
8789,17.576242375762423,1121
8790,17.57824217578242,1119
8791,17.58024197580242,1117
8792,17.582241775822418,1110
8793,17.584241575842416,1105
8794,17.586241375862414,1109
8795,17.588241175882413,1116
8796,17.59024097590241,1119
8797,17.592240775922406,1122
8798,17.594240575942404,1126
8799,17.596240375962402,1132
8800,17.5982401759824,1141
8801,17.6002399760024,1146
8802,17.602239776022397,1138
8803,17.604239576042396,1126
8804,17.606239376062394,1121
8805,17.608239176082392,1130
8806,17.61023897610239,1145
8807,17.61223877612239,1153
8808,17.614238576142384,1151
8809,17.616238376162382,1146
8810,17.61823817618238,1145
8811,17.62023797620238,1148
8812,17.622237776222377,1152
8813,17.624237576242376,1156
8814,17.626237376262374,1154
8815,17.628237176282372,1144
8816,17.63023697630237,1135
8817,17.63223677632237,1132
8818,17.634236576342364,1134
8819,17.636236376362362,1135
8820,17.63823617638236,1134
8821,17.64023597640236,1136
8822,17.642235776422357,1142
8823,17.644235576442355,1143
8824,17.646235376462354,1137
8825,17.648235176482352,1129
8826,17.65023497650235,1127
8827,17.65223477652235,1126
8828,17.654234576542347,1123
8829,17.65623437656234,1125
8830,17.65823417658234,1130
8831,17.66023397660234,1128
8832,17.662233776622337,1118
8833,17.664233576642335,1112
8834,17.666233376662333,1115
8835,17.66823317668233,1123
8836,17.67023297670233,1131
8837,17.67223277672233,1137
8838,17.674232576742327,1134
8839,17.676232376762325,1124
8840,17.67823217678232,1123
8841,17.680231976802318,1134
8842,17.682231776822317,1147
8843,17.684231576842315,1149
8844,17.686231376862313,1145
8845,17.68823117688231,1142
8846,17.69023097690231,1139
8847,17.692230776922308,1140
8848,17.694230576942306,1146
8849,17.696230376962305,1144
8850,17.6982301769823,1131
8851,17.700229977002298,1126
8852,17.702229777022296,1143
8853,17.704229577042295,1166
8854,17.706229377062293,1168
8855,17.70822917708229,1152
8856,17.71022897710229,1138
8857,17.712228777122288,1136
8858,17.714228577142286,1140
8859,17.716228377162285,1144
8860,17.718228177182283,1145
8861,17.720227977202278,1144
8862,17.722227777222276,1139
8863,17.724227577242274,1137
8864,17.726227377262273,1148
8865,17.72822717728227,1171
8866,17.73022697730227,1184
8867,17.732226777322268,1173
8868,17.734226577342266,1145
8869,17.736226377362264,1117
8870,17.738226177382263,1103
8871,17.74022597740226,1107
8872,17.742225777422256,1116
8873,17.744225577442254,1116
8874,17.746225377462252,1107
8875,17.74822517748225,1095
8876,17.75022497750225,1088
8877,17.752224777522247,1094
8878,17.754224577542246,1112
8879,17.756224377562244,1131
8880,17.758224177582242,1139
8881,17.76022397760224,1139
8882,17.76222377762224,1131
8883,17.764223577642234,1118
8884,17.766223377662232,1108
8885,17.76822317768223,1110
8886,17.77022297770223,1124
8887,17.772222777722227,1141
8888,17.774222577742226,1149
8889,17.776222377762224,1144
8890,17.778222177782222,1135
8891,17.78022197780222,1128
8892,17.78222177782222,1125
8893,17.784221577842214,1130
8894,17.786221377862212,1143
8895,17.78822117788221,1147
8896,17.79022097790221,1136
8897,17.792220777922207,1121
8898,17.794220577942205,1116
8899,17.796220377962204,1119
8900,17.798220177982202,1118
8901,17.8002199780022,1115
8902,17.8022197780222,1117
8903,17.804219578042197,1121
8904,17.806219378062192,1121
8905,17.80821917808219,1114
8906,17.81021897810219,1107
8907,17.812218778122187,1100
8908,17.814218578142185,1090
8909,17.816218378162183,1079
8910,17.818218178182182,1073
8911,17.82021797820218,1076
8912,17.82221777822218,1085
8913,17.824217578242177,1096
8914,17.826217378262175,1102
8915,17.82821717828217,1102
8916,17.83021697830217,1105
8917,17.832216778322167,1115
8918,17.834216578342165,1121
8919,17.836216378362163,1119
8920,17.83821617838216,1112
8921,17.84021597840216,1110
8922,17.842215778422158,1112
8923,17.844215578442157,1108
8924,17.846215378462155,1095
8925,17.84821517848215,1091
8926,17.850214978502148,1104
8927,17.852214778522146,1118
8928,17.854214578542145,1120
8929,17.856214378562143,1117
8930,17.85821417858214,1125
8931,17.86021397860214,1143
8932,17.862213778622138,1152
8933,17.864213578642136,1146
8934,17.866213378662135,1133
8935,17.868213178682133,1130
8936,17.870212978702128,1139
8937,17.872212778722126,1153
8938,17.874212578742124,1163
8939,17.876212378762123,1164
8940,17.87821217878212,1164
8941,17.88021197880212,1163
8942,17.882211778822118,1161
8943,17.884211578842116,1157
8944,17.886211378862114,1152
8945,17.888211178882113,1144
8946,17.89021097890211,1136
8947,17.892210778922106,1128
8948,17.894210578942104,1119
8949,17.896210378962103,1112
8950,17.8982101789821,1111
8951,17.9002099790021,1114
8952,17.902209779022098,1115
8953,17.904209579042096,1120
8954,17.906209379062094,1133
8955,17.908209179082093,1144
8956,17.91020897910209,1146
8957,17.912208779122086,1146
8958,17.914208579142084,1151
8959,17.916208379162082,1155
8960,17.91820817918208,1148
8961,17.92020797920208,1135
8962,17.922207779222077,1130
8963,17.924207579242076,1131
8964,17.926207379262074,1127
8965,17.928207179282072,1123
8966,17.93020697930207,1126
8967,17.93220677932207,1136
8968,17.934206579342064,1141
8969,17.936206379362062,1144
8970,17.93820617938206,1150
8971,17.94020597940206,1158
8972,17.942205779422057,1158
8973,17.944205579442055,1146
8974,17.946205379462054,1130
8975,17.948205179482052,1120
8976,17.95020497950205,1119
8977,17.95220477952205,1123
8978,17.954204579542047,1124
8979,17.956204379562042,1123
8980,17.95820417958204,1125
8981,17.96020397960204,1127
8982,17.962203779622037,1127
8983,17.964203579642035,1126
8984,17.966203379662034,1127
8985,17.968203179682032,1128
8986,17.97020297970203,1130
8987,17.97220277972203,1135
8988,17.974202579742027,1142
8989,17.97620237976202,1145
8990,17.97820217978202,1139
8991,17.98020197980202,1135
8992,17.982201779822017,1137
8993,17.984201579842015,1137
8994,17.986201379862013,1127
8995,17.98820117988201,1119
8996,17.99020097990201,1122
8997,17.99220077992201,1128
8998,17.994200579942007,1129
8999,17.996200379962005,1129
9000,17.998200179982,1135
9001,18.000199980001998,1141
9002,18.002199780021996,1143
9003,18.004199580041995,1146
9004,18.006199380061993,1152
9005,18.00819918008199,1155
9006,18.01019898010199,1150
9007,18.012198780121988,1147
9008,18.014198580141986,1150
9009,18.016198380161985,1154
9010,18.018198180181983,1153
9011,18.020197980201978,1147
9012,18.022197780221976,1140
9013,18.024197580241974,1135
9014,18.026197380261973,1135
9015,18.02819718028197,1134
9016,18.03019698030197,1129
9017,18.032196780321968,1125
9018,18.034196580341966,1127
9019,18.036196380361964,1134
9020,18.038196180381963,1144
9021,18.04019598040196,1152
9022,18.042195780421956,1149
9023,18.044195580441954,1141
9024,18.046195380461953,1137
9025,18.04819518048195,1139
9026,18.05019498050195,1145
9027,18.052194780521948,1150
9028,18.054194580541946,1146
9029,18.056194380561944,1134
9030,18.058194180581943,1129
9031,18.06019398060194,1136
9032,18.062193780621936,1153
9033,18.064193580641934,1170
9034,18.066193380661932,1180
9035,18.06819318068193,1178
9036,18.07019298070193,1167
9037,18.072192780721927,1155
9038,18.074192580741926,1145
9039,18.076192380761924,1139
9040,18.078192180781922,1140
9041,18.08019198080192,1146
9042,18.08219178082192,1148
9043,18.084191580841914,1143
9044,18.086191380861912,1136
9045,18.08819118088191,1138
9046,18.09019098090191,1146
9047,18.092190780921907,1144
9048,18.094190580941905,1136
9049,18.096190380961904,1135
9050,18.098190180981902,1142
9051,18.1001899810019,1149
9052,18.1021897810219,1160
9053,18.104189581041897,1172
9054,18.106189381061892,1178
9055,18.10818918108189,1177
9056,18.11018898110189,1171
9057,18.112188781121887,1164
9058,18.114188581141885,1156
9059,18.116188381161884,1147
9060,18.118188181181882,1139
9061,18.12018798120188,1132
9062,18.12218778122188,1128
9063,18.124187581241877,1131
9064,18.12618738126187,1142
9065,18.12818718128187,1153
9066,18.13018698130187,1154
9067,18.132186781321867,1149
9068,18.134186581341865,1145
9069,18.136186381361863,1146
9070,18.13818618138186,1143
9071,18.14018598140186,1133
9072,18.14218578142186,1123
9073,18.144185581441857,1115
9074,18.146185381461855,1108
9075,18.14818518148185,1105
9076,18.150184981501848,1107
9077,18.152184781521846,1113
9078,18.154184581541845,1124
9079,18.156184381561843,1137
9080,18.15818418158184,1146
9081,18.16018398160184,1144
9082,18.162183781621838,1133
9083,18.164183581641836,1118
9084,18.166183381661835,1108
9085,18.168183181681833,1107
9086,18.170182981701828,1114
9087,18.172182781721826,1120
9088,18.174182581741825,1125
9089,18.176182381761823,1129
9090,18.17818218178182,1135
9091,18.18018198180182,1135
9092,18.182181781821818,1126
9093,18.184181581841816,1120
9094,18.186181381861815,1124
9095,18.188181181881813,1134
9096,18.190180981901808,1137
9097,18.192180781921806,1132
9098,18.194180581941804,1130
9099,18.196180381961803,1142
9100,18.1981801819818,1160
9101,18.2001799820018,1166
9102,18.202179782021798,1159
9103,18.204179582041796,1149
9104,18.206179382061794,1150
9105,18.208179182081793,1158
9106,18.21017898210179,1166
9107,18.212178782121786,1168
9108,18.214178582141784,1162
9109,18.216178382161782,1155
9110,18.21817818218178,1154
9111,18.22017798220178,1160
9112,18.222177782221777,1166
9113,18.224177582241776,1172
9114,18.226177382261774,1177
9115,18.228177182281772,1178
9116,18.23017698230177,1172
9117,18.23217678232177,1159
9118,18.234176582341764,1142
9119,18.236176382361762,1134
9120,18.23817618238176,1143
9121,18.24017598240176,1155
9122,18.242175782421757,1156
9123,18.244175582441756,1147
9124,18.246175382461754,1142
9125,18.248175182481752,1146
9126,18.25017498250175,1152
9127,18.25217478252175,1157
9128,18.254174582541747,1171
9129,18.256174382561742,1195
9130,18.25817418258174,1214
9131,18.26017398260174,1213
9132,18.262173782621737,1193
9133,18.264173582641735,1169
9134,18.266173382661734,1152
9135,18.268173182681732,1142
9136,18.27017298270173,1139
9137,18.27217278272173,1139
9138,18.274172582741727,1143
9139,18.27617238276172,1146
9140,18.27817218278172,1138
9141,18.28017198280172,1122
9142,18.282171782821717,1116
9143,18.284171582841715,1133
9144,18.286171382861713,1162
9145,18.28817118288171,1181
9146,18.29017098290171,1185
9147,18.29217078292171,1178
9148,18.294170582941707,1169
9149,18.296170382961705,1163
9150,18.2981701829817,1163
9151,18.300169983001698,1168
9152,18.302169783021697,1173
9153,18.304169583041695,1173
9154,18.306169383061693,1172
9155,18.30816918308169,1175
9156,18.31016898310169,1181
9157,18.312168783121688,1184
9158,18.314168583141686,1178
9159,18.316168383161685,1164
9160,18.318168183181683,1151
9161,18.320167983201678,1145
9162,18.322167783221676,1142
9163,18.324167583241675,1140
9164,18.326167383261673,1144
9165,18.32816718328167,1152
9166,18.33016698330167,1153
9167,18.332166783321668,1145
9168,18.334166583341666,1136
9169,18.336166383361665,1132
9170,18.338166183381663,1132
9171,18.340165983401658,1134
9172,18.342165783421656,1132
9173,18.344165583441654,1127
9174,18.346165383461653,1127
9175,18.34816518348165,1131
9176,18.35016498350165,1128
9177,18.352164783521648,1117
9178,18.354164583541646,1111
9179,18.356164383561644,1116
9180,18.358164183581643,1130
9181,18.36016398360164,1144
9182,18.362163783621636,1150
9183,18.364163583641634,1149
9184,18.366163383661632,1148
9185,18.36816318368163,1151
9186,18.37016298370163,1157
9187,18.372162783721627,1162
9188,18.374162583741626,1164
9189,18.376162383761624,1165
9190,18.378162183781622,1169
9191,18.38016198380162,1174
9192,18.38216178382162,1172
9193,18.384161583841614,1168
9194,18.386161383861612,1164
9195,18.38816118388161,1154
9196,18.39016098390161,1137
9197,18.392160783921607,1128
9198,18.394160583941606,1139
9199,18.396160383961604,1153
9200,18.398160183981602,1151
9201,18.4001599840016,1141
9202,18.4021597840216,1141
9203,18.404159584041594,1156
9204,18.406159384061592,1171
9205,18.40815918408159,1173
9206,18.41015898410159,1162
9207,18.412158784121587,1148
9208,18.414158584141585,1143
9209,18.416158384161584,1149
9210,18.418158184181582,1159
9211,18.42015798420158,1163
9212,18.42215778422158,1163
9213,18.424157584241577,1159
9214,18.426157384261572,1154
9215,18.42815718428157,1153
9216,18.43015698430157,1156
9217,18.432156784321567,1156
9218,18.434156584341565,1154
9219,18.436156384361563,1153
9220,18.438156184381562,1155
9221,18.44015598440156,1154
9222,18.44215578442156,1147
9223,18.444155584441557,1143
9224,18.446155384461555,1147
9225,18.44815518448155,1148
9226,18.45015498450155,1141
9227,18.452154784521547,1135
9228,18.454154584541545,1139
9229,18.456154384561543,1152
9230,18.45815418458154,1161
9231,18.46015398460154,1158
9232,18.462153784621538,1150
9233,18.464153584641537,1147
9234,18.466153384661535,1153
9235,18.46815318468153,1166
9236,18.470152984701528,1180
9237,18.472152784721526,1186
9238,18.474152584741525,1179
9239,18.476152384761523,1168
9240,18.47815218478152,1167
9241,18.48015198480152,1178
9242,18.482151784821518,1193
9243,18.484151584841516,1207
9244,18.486151384861515,1216
9245,18.488151184881513,1216
9246,18.490150984901508,1212
9247,18.492150784921506,1214
9248,18.494150584941504,1220
9249,18.496150384961503,1221
9250,18.4981501849815,1214
9251,18.5001499850015,1205
9252,18.502149785021498,1201
9253,18.504149585041496,1207
9254,18.506149385061494,1219
9255,18.508149185081493,1228
9256,18.51014898510149,1228
9257,18.512148785121486,1221
9258,18.514148585141484,1219
9259,18.516148385161483,1230
9260,18.51814818518148,1243
9261,18.52014798520148,1243
9262,18.522147785221478,1227
9263,18.524147585241476,1206
9264,18.526147385261474,1196
9265,18.528147185281473,1202
9266,18.53014698530147,1207
9267,18.53214678532147,1198
9268,18.534146585341464,1186
9269,18.536146385361462,1187
9270,18.53814618538146,1199
9271,18.54014598540146,1209
9272,18.542145785421457,1207
9273,18.544145585441456,1193
9274,18.546145385461454,1181
9275,18.548145185481452,1177
9276,18.55014498550145,1180
9277,18.55214478552145,1184
9278,18.554144585541444,1185
9279,18.556144385561442,1178
9280,18.55814418558144,1174
9281,18.56014398560144,1181
9282,18.562143785621437,1194
9283,18.564143585641435,1201
9284,18.566143385661434,1197
9285,18.568143185681432,1189
9286,18.57014298570143,1185
9287,18.57214278572143,1193
9288,18.574142585741427,1207
9289,18.576142385761422,1211
9290,18.57814218578142,1200
9291,18.58014198580142,1183
9292,18.582141785821417,1175
9293,18.584141585841415,1177
9294,18.586141385861414,1179
9295,18.588141185881412,1176
9296,18.59014098590141,1174
9297,18.59214078592141,1176
9298,18.594140585941407,1177
9299,18.596140385961405,1177
9300,18.5981401859814,1177
9301,18.6001399860014,1175
9302,18.602139786021397,1166
9303,18.604139586041395,1154
9304,18.606139386061393,1152
9305,18.60813918608139,1168
9306,18.61013898610139,1191
9307,18.61213878612139,1205
9308,18.614138586141387,1201
9309,18.616138386161385,1185
9310,18.61813818618138,1166
9311,18.620137986201378,1156
9312,18.622137786221376,1164
9313,18.624137586241375,1179
9314,18.626137386261373,1182
9315,18.62813718628137,1170
9316,18.63013698630137,1157
9317,18.632136786321368,1153
9318,18.634136586341366,1157
9319,18.636136386361365,1160
9320,18.638136186381363,1164
9321,18.640135986401358,1173
9322,18.642135786421356,1189
9323,18.644135586441354,1202
9324,18.646135386461353,1204
9325,18.64813518648135,1203
9326,18.65013498650135,1206
9327,18.652134786521348,1204
9328,18.654134586541346,1184
9329,18.656134386561344,1160
9330,18.658134186581343,1151
9331,18.66013398660134,1160
9332,18.662133786621336,1167
9333,18.664133586641334,1156
9334,18.666133386661333,1136
9335,18.66813318668133,1129
9336,18.67013298670133,1145
9337,18.672132786721328,1166
9338,18.674132586741326,1171
9339,18.676132386761324,1165
9340,18.678132186781323,1163
9341,18.68013198680132,1171
9342,18.682131786821316,1183
9343,18.684131586841314,1191
9344,18.686131386861312,1192
9345,18.68813118688131,1191
9346,18.69013098690131,1195
9347,18.692130786921307,1194
9348,18.694130586941306,1182
9349,18.696130386961304,1168
9350,18.698130186981302,1168
9351,18.7001299870013,1179
9352,18.7021297870213,1183
9353,18.704129587041294,1177
9354,18.706129387061292,1170
9355,18.70812918708129,1169
9356,18.71012898710129,1167
9357,18.712128787121287,1160
9358,18.714128587141285,1155
9359,18.716128387161284,1156
9360,18.718128187181282,1160
9361,18.72012798720128,1160
9362,18.72212778722128,1158
9363,18.724127587241277,1159
9364,18.726127387261272,1159
9365,18.72812718728127,1153
9366,18.73012698730127,1146
9367,18.732126787321267,1147
9368,18.734126587341265,1159
9369,18.736126387361264,1173
9370,18.738126187381262,1175
9371,18.74012598740126,1161
9372,18.74212578742126,1142
9373,18.744125587441257,1135
9374,18.74612538746125,1140
9375,18.74812518748125,1148
9376,18.75012498750125,1154
9377,18.752124787521247,1164
9378,18.754124587541245,1182
9379,18.756124387561243,1193
9380,18.75812418758124,1185
9381,18.76012398760124,1160
9382,18.76212378762124,1140
9383,18.764123587641237,1141
9384,18.766123387661235,1153
9385,18.76812318768123,1158
9386,18.770122987701228,1150
9387,18.772122787721226,1139
9388,18.774122587741225,1135
9389,18.776122387761223,1138
9390,18.77812218778122,1147
9391,18.78012198780122,1155
9392,18.782121787821218,1157
9393,18.784121587841216,1153
9394,18.786121387861215,1151
9395,18.788121187881213,1149
9396,18.790120987901208,1146
9397,18.792120787921206,1141
9398,18.794120587941205,1136
9399,18.796120387961203,1133
9400,18.7981201879812,1138
9401,18.8001199880012,1147
9402,18.802119788021198,1154
9403,18.804119588041196,1155
9404,18.806119388061195,1152
9405,18.808119188081193,1148
9406,18.81011898810119,1146
9407,18.812118788121186,1149
9408,18.814118588141184,1151
9409,18.816118388161183,1149
9410,18.81811818818118,1149
9411,18.82011798820118,1154
9412,18.822117788221178,1155
9413,18.824117588241176,1150
9414,18.826117388261174,1149
9415,18.828117188281173,1151
9416,18.83011698830117,1153
9417,18.832116788321166,1161
9418,18.834116588341164,1171
9419,18.836116388361162,1169
9420,18.83811618838116,1149
9421,18.84011598840116,1128
9422,18.842115788421157,1122
9423,18.844115588441156,1131
9424,18.846115388461154,1140
9425,18.848115188481152,1140
9426,18.85011498850115,1135
9427,18.85211478852115,1131
9428,18.854114588541144,1138
9429,18.856114388561142,1157
9430,18.85811418858114,1176
9431,18.86011398860114,1183
9432,18.862113788621137,1176
9433,18.864113588641136,1156
9434,18.866113388661134,1132
9435,18.868113188681132,1116
9436,18.87011298870113,1118
9437,18.87211278872113,1125
9438,18.874112588741127,1121
9439,18.876112388761122,1111
9440,18.87811218878112,1107
9441,18.88011198880112,1108
9442,18.882111788821117,1112
9443,18.884111588841115,1123
9444,18.886111388861114,1140
9445,18.888111188881112,1149
9446,18.89011098890111,1141
9447,18.89211078892111,1129
9448,18.894110588941107,1130
9449,18.8961103889611,1144
9450,18.8981101889811,1154
9451,18.9001099890011,1148
9452,18.902109789021097,1132
9453,18.904109589041095,1123
9454,18.906109389061093,1124
9455,18.90810918908109,1129
9456,18.91010898910109,1132
9457,18.91210878912109,1134
9458,18.914108589141087,1135
9459,18.916108389161085,1129
9460,18.91810818918108,1116
9461,18.920107989201078,1110
9462,18.922107789221077,1122
9463,18.924107589241075,1145
9464,18.926107389261073,1163
9465,18.92810718928107,1164
9466,18.93010698930107,1150
9467,18.932106789321068,1136
9468,18.934106589341066,1133
9469,18.936106389361065,1142
9470,18.938106189381063,1156
9471,18.940105989401058,1167
9472,18.942105789421056,1169
9473,18.944105589441055,1162
9474,18.946105389461053,1155
9475,18.94810518948105,1152
9476,18.95010498950105,1149
9477,18.952104789521048,1142
9478,18.954104589541046,1134
9479,18.956104389561045,1133
9480,18.958104189581043,1138
9481,18.960103989601038,1141
9482,18.962103789621036,1143
9483,18.964103589641034,1145
9484,18.966103389661033,1142
9485,18.96810318968103,1134
9486,18.97010298970103,1134
9487,18.972102789721028,1151
9488,18.974102589741026,1175
9489,18.976102389761024,1185
9490,18.978102189781023,1177
9491,18.98010198980102,1166
9492,18.982101789821016,1166
9493,18.984101589841014,1171
9494,18.986101389861012,1172
9495,18.98810118988101,1170
9496,18.99010098990101,1171
9497,18.992100789921007,1179
9498,18.994100589941006,1185
9499,18.996100389961004,1179
9500,18.998100189981002,1164
9501,19.000099990001,1151
9502,19.002099790021,1152
9503,19.004099590040994,1166
9504,19.006099390060992,1183
9505,19.00809919008099,1191
9506,19.01009899010099,1186
9507,19.012098790120987,1178
9508,19.014098590140986,1171
9509,19.016098390160984,1166
9510,19.018098190180982,1166
9511,19.02009799020098,1170
9512,19.02209779022098,1172
9513,19.024097590240977,1166
9514,19.026097390260972,1155
9515,19.02809719028097,1146
9516,19.03009699030097,1139
9517,19.032096790320967,1134
9518,19.034096590340965,1131
9519,19.036096390360964,1129
9520,19.038096190380962,1127
9521,19.04009599040096,1125
9522,19.04209579042096,1126
9523,19.044095590440957,1131
9524,19.046095390460952,1136
9525,19.04809519048095,1139
9526,19.05009499050095,1137
9527,19.052094790520947,1137
9528,19.054094590540945,1142
9529,19.056094390560943,1140
9530,19.058094190580942,1128
9531,19.06009399060094,1122
9532,19.06209379062094,1132
9533,19.064093590640937,1149
9534,19.066093390660935,1158
9535,19.06809319068093,1156
9536,19.07009299070093,1151
9537,19.072092790720927,1146
9538,19.074092590740925,1143
9539,19.076092390760923,1144
9540,19.07809219078092,1153
9541,19.08009199080092,1164
9542,19.082091790820918,1169
9543,19.084091590840917,1168
9544,19.086091390860915,1165
9545,19.088091190880913,1161
9546,19.090090990900908,1156
9547,19.092090790920906,1152
9548,19.094090590940905,1148
9549,19.096090390960903,1142
9550,19.0980901909809,1141
9551,19.1000899910009,1149
9552,19.102089791020898,1156
9553,19.104089591040896,1152
9554,19.106089391060895,1138
9555,19.108089191080893,1132
9556,19.110088991100888,1143
9557,19.112088791120886,1161
9558,19.114088591140884,1165
9559,19.116088391160883,1151
9560,19.11808819118088,1136
9561,19.12008799120088,1136
9562,19.122087791220878,1147
9563,19.124087591240876,1153
9564,19.126087391260874,1149
9565,19.128087191280873,1147
9566,19.13008699130087,1157
9567,19.132086791320866,1171
9568,19.134086591340864,1178
9569,19.136086391360863,1181
9570,19.13808619138086,1181
9571,19.14008599140086,1175
9572,19.142085791420858,1165
9573,19.144085591440856,1161
9574,19.146085391460854,1165
9575,19.148085191480853,1167
9576,19.15008499150085,1161
9577,19.15208479152085,1153
9578,19.154084591540844,1148
9579,19.156084391560842,1146
9580,19.15808419158084,1144
9581,19.16008399160084,1141
9582,19.162083791620837,1137
9583,19.164083591640836,1129
9584,19.166083391660834,1122
9585,19.168083191680832,1119
9586,19.17008299170083,1120
9587,19.17208279172083,1119
9588,19.174082591740824,1122
9589,19.176082391760822,1132
9590,19.17808219178082,1140
9591,19.18008199180082,1137
9592,19.182081791820817,1121
9593,19.184081591840815,1104
9594,19.186081391860814,1105
9595,19.188081191880812,1120
9596,19.19008099190081,1130
9597,19.19208079192081,1124
9598,19.194080591940807,1110
9599,19.196080391960802,1103
9600,19.1980801919808,1109
9601,19.2000799920008,1117
9602,19.202079792020797,1116
9603,19.204079592040795,1106
9604,19.206079392060794,1103
9605,19.208079192080792,1108
9606,19.21007899210079,1113
9607,19.21207879212079,1111
9608,19.214078592140787,1108
9609,19.216078392160785,1110
9610,19.21807819218078,1117
9611,19.22007799220078,1120
9612,19.222077792220777,1114
9613,19.224077592240775,1106
9614,19.226077392260773,1101
9615,19.22807719228077,1101
9616,19.23007699230077,1102
9617,19.23207679232077,1099
9618,19.234076592340767,1092
9619,19.236076392360765,1087
9620,19.23807619238076,1086
9621,19.240075992400758,1094
9622,19.242075792420756,1112
9623,19.244075592440755,1133
9624,19.246075392460753,1146
9625,19.24807519248075,1148
9626,19.25007499250075,1147
9627,19.252074792520748,1146
9628,19.254074592540746,1149
9629,19.256074392560745,1154
9630,19.258074192580743,1156
9631,19.260073992600738,1149
9632,19.262073792620736,1136
9633,19.264073592640734,1129
9634,19.266073392660733,1133
9635,19.26807319268073,1144
9636,19.27007299270073,1155
9637,19.272072792720728,1155
9638,19.274072592740726,1148
9639,19.276072392760724,1140
9640,19.278072192780723,1138
9641,19.28007199280072,1141
9642,19.282071792820716,1142
9643,19.284071592840714,1141
9644,19.286071392860713,1140
9645,19.28807119288071,1141
9646,19.29007099290071,1142
9647,19.292070792920708,1135
9648,19.294070592940706,1124
9649,19.296070392960704,1121
9650,19.298070192980703,1132
9651,19.3000699930007,1146
9652,19.3020697930207,1151
9653,19.304069593040694,1144
9654,19.306069393060692,1130
9655,19.30806919308069,1121
9656,19.31006899310069,1129
9657,19.312068793120687,1147
9658,19.314068593140686,1162
9659,19.316068393160684,1161
9660,19.318068193180682,1150
9661,19.32006799320068,1144
9662,19.32206779322068,1152
9663,19.324067593240674,1168
9664,19.326067393260672,1183
9665,19.32806719328067,1192
9666,19.33006699330067,1190
9667,19.332066793320667,1176
9668,19.334066593340665,1157
9669,19.336066393360664,1148
9670,19.338066193380662,1157
9671,19.34006599340066,1177
9672,19.34206579342066,1187
9673,19.344065593440657,1170
9674,19.346065393460652,1139
9675,19.34806519348065,1124
9676,19.35006499350065,1139
9677,19.352064793520647,1162
9678,19.354064593540645,1164
9679,19.356064393560644,1145
9680,19.358064193580642,1125
9681,19.36006399360064,1122
9682,19.36206379362064,1131
9683,19.364063593640637,1141
9684,19.366063393660635,1143
9685,19.36806319368063,1143
9686,19.37006299370063,1150
9687,19.372062793720627,1161
9688,19.374062593740625,1169
9689,19.376062393760623,1171
9690,19.37806219378062,1177
9691,19.38006199380062,1187
9692,19.38206179382062,1190
9693,19.384061593840617,1184
9694,19.386061393860615,1173
9695,19.38806119388061,1162
9696,19.390060993900608,1155
9697,19.392060793920606,1153
9698,19.394060593940605,1150
9699,19.396060393960603,1142
9700,19.3980601939806,1133
9701,19.4000599940006,1130
9702,19.402059794020598,1133
9703,19.404059594040596,1134
9704,19.406059394060595,1136
9705,19.408059194080593,1144
9706,19.410058994100588,1154
9707,19.412058794120586,1151
9708,19.414058594140585,1133
9709,19.416058394160583,1118
9710,19.41805819418058,1125
9711,19.42005799420058,1147
9712,19.422057794220578,1160
9713,19.424057594240576,1158
9714,19.426057394260575,1145
9715,19.428057194280573,1132
9716,19.43005699430057,1127
9717,19.432056794320566,1133
9718,19.434056594340564,1146
9719,19.436056394360563,1160
9720,19.43805619438056,1165
9721,19.44005599440056,1154
9722,19.442055794420558,1132
9723,19.444055594440556,1114
9724,19.446055394460554,1108
9725,19.448055194480553,1111
9726,19.45005499450055,1116
9727,19.452054794520546,1120
9728,19.454054594540544,1121
9729,19.456054394560542,1128
9730,19.45805419458054,1138
9731,19.46005399460054,1144
9732,19.462053794620537,1143
9733,19.464053594640536,1145
9734,19.466053394660534,1150
9735,19.468053194680532,1150
9736,19.47005299470053,1141
9737,19.47205279472053,1134
9738,19.474052594740524,1137
9739,19.476052394760522,1143
9740,19.47805219478052,1144
9741,19.48005199480052,1135
9742,19.482051794820517,1123
9743,19.484051594840516,1119
9744,19.486051394860514,1122
9745,19.488051194880512,1127
9746,19.49005099490051,1128
9747,19.49205079492051,1131
9748,19.494050594940507,1136
9749,19.496050394960502,1141
9750,19.4980501949805,1143
9751,19.5000499950005,1140
9752,19.502049795020497,1127
9753,19.504049595040495,1107
9754,19.506049395060494,1100
9755,19.508049195080492,1117
9756,19.51004899510049,1139
9757,19.51204879512049,1141
9758,19.514048595140487,1124
9759,19.51604839516048,1114
9760,19.51804819518048,1126
9761,19.52004799520048,1147
9762,19.522047795220477,1155
9763,19.524047595240475,1149
9764,19.526047395260473,1144
9765,19.52804719528047,1145
9766,19.53004699530047,1145
9767,19.53204679532047,1135
9768,19.534046595340467,1126
9769,19.536046395360465,1129
9770,19.53804619538046,1144
9771,19.540045995400458,1165
9772,19.542045795420456,1183
9773,19.544045595440455,1191
9774,19.546045395460453,1191
9775,19.54804519548045,1192
9776,19.55004499550045,1194
9777,19.552044795520448,1192
9778,19.554044595540446,1183
9779,19.556044395560445,1170
9780,19.558044195580443,1162
9781,19.560043995600438,1163
9782,19.562043795620436,1169
9783,19.564043595640435,1171
9784,19.566043395660433,1162
9785,19.56804319568043,1145
9786,19.57004299570043,1135
9787,19.572042795720428,1141
9788,19.574042595740426,1156
9789,19.576042395760425,1164
9790,19.578042195780423,1160
9791,19.58004199580042,1150
9792,19.582041795820416,1144
9793,19.584041595840414,1148
9794,19.586041395860413,1165
9795,19.58804119588041,1180
9796,19.59004099590041,1176
9797,19.592040795920408,1158
9798,19.594040595940406,1147
9799,19.596040395960404,1148
9800,19.598040195980403,1150
9801,19.6000399960004,1143
9802,19.602039796020396,1130
9803,19.604039596040394,1119
9804,19.606039396060392,1118
9805,19.60803919608039,1130
9806,19.61003899610039,1150
9807,19.612038796120387,1158
9808,19.614038596140386,1154
9809,19.616038396160384,1154
9810,19.618038196180382,1169
9811,19.62003799620038,1184
9812,19.62203779622038,1186
9813,19.624037596240374,1176
9814,19.626037396260372,1163
9815,19.62803719628037,1151
9816,19.63003699630037,1144
9817,19.632036796320367,1136
9818,19.634036596340366,1120
9819,19.636036396360364,1106
9820,19.638036196380362,1108
9821,19.64003599640036,1119
9822,19.64203579642036,1119
9823,19.644035596440357,1108
9824,19.646035396460352,1107
9825,19.64803519648035,1125
9826,19.65003499650035,1146
9827,19.652034796520347,1154
9828,19.654034596540345,1152
9829,19.656034396560344,1153
9830,19.658034196580342,1159
9831,19.66003399660034,1169
9832,19.66203379662034,1179
9833,19.664033596640337,1182
9834,19.666033396660332,1176
9835,19.66803319668033,1171
9836,19.67003299670033,1176
9837,19.672032796720327,1185
9838,19.674032596740325,1191
9839,19.676032396760323,1190
9840,19.678032196780322,1184
9841,19.68003199680032,1177
9842,19.68203179682032,1176
9843,19.684031596840317,1176
9844,19.686031396860315,1170
9845,19.68803119688031,1164
9846,19.69003099690031,1162
9847,19.692030796920307,1165
9848,19.694030596940305,1169
9849,19.696030396960303,1172
9850,19.6980301969803,1172
9851,19.7000299970003,1173
9852,19.702029797020298,1180
9853,19.704029597040297,1188
9854,19.706029397060295,1188
9855,19.708029197080293,1181
9856,19.710028997100288,1175
9857,19.712028797120286,1176
9858,19.714028597140285,1182
9859,19.716028397160283,1186
9860,19.71802819718028,1184
9861,19.72002799720028,1173
9862,19.722027797220278,1162
9863,19.724027597240276,1162
9864,19.726027397260275,1169
9865,19.728027197280273,1170
9866,19.730026997300268,1163
9867,19.732026797320266,1158
9868,19.734026597340264,1157
9869,19.736026397360263,1151
9870,19.73802619738026,1141
9871,19.74002599740026,1138
9872,19.742025797420258,1148
9873,19.744025597440256,1163
9874,19.746025397460254,1173
9875,19.748025197480253,1179
9876,19.75002499750025,1183
9877,19.752024797520246,1182
9878,19.754024597540244,1173
9879,19.756024397560243,1160
9880,19.75802419758024,1157
9881,19.76002399760024,1165
9882,19.762023797620238,1175
9883,19.764023597640236,1177
9884,19.766023397660234,1168
9885,19.768023197680233,1157
9886,19.77002299770023,1151
9887,19.77202279772023,1152
9888,19.774022597740224,1155
9889,19.776022397760222,1156
9890,19.77802219778022,1156
9891,19.78002199780022,1157
9892,19.782021797820217,1156
9893,19.784021597840216,1154
9894,19.786021397860214,1152
9895,19.788021197880212,1152
9896,19.79002099790021,1153
9897,19.79202079792021,1153
9898,19.794020597940207,1155
9899,19.796020397960202,1161
9900,19.7980201979802,1166
9901,19.8000199980002,1168
9902,19.802019798020197,1170
9903,19.804019598040195,1177
9904,19.806019398060194,1187
9905,19.808019198080192,1193
9906,19.81001899810019,1192
9907,19.81201879812019,1191
9908,19.814018598140187,1197
9909,19.816018398160182,1200
9910,19.81801819818018,1193
9911,19.82001799820018,1180
9912,19.822017798220177,1166
9913,19.824017598240175,1155
9914,19.826017398260174,1147
9915,19.828017198280172,1149
9916,19.83001699830017,1156
9917,19.83201679832017,1162
9918,19.834016598340167,1165
9919,19.836016398360165,1161
9920,19.83801619838016,1152
9921,19.84001599840016,1144
9922,19.842015798420157,1143
9923,19.844015598440155,1147
9924,19.846015398460153,1151
9925,19.84801519848015,1154
9926,19.85001499850015,1153
9927,19.85201479852015,1149
9928,19.854014598540147,1145
9929,19.856014398560145,1145
9930,19.858014198580143,1150
9931,19.860013998600138,1158
9932,19.862013798620136,1158
9933,19.864013598640135,1149
9934,19.866013398660133,1137
9935,19.86801319868013,1131
9936,19.87001299870013,1129
9937,19.872012798720128,1130
9938,19.874012598740126,1132
9939,19.876012398760125,1130
9940,19.878012198780123,1127
9941,19.880011998800118,1127
9942,19.882011798820116,1129
9943,19.884011598840114,1127
9944,19.886011398860113,1119
9945,19.88801119888011,1114
9946,19.89001099890011,1117
9947,19.892010798920108,1124
9948,19.894010598940106,1132
9949,19.896010398960104,1133
9950,19.898010198980103,1126
9951,19.9000099990001,1120
9952,19.902009799020096,1123
9953,19.904009599040094,1128
9954,19.906009399060093,1132
9955,19.90800919908009,1137
9956,19.91000899910009,1141
9957,19.912008799120088,1142
9958,19.914008599140086,1143
9959,19.916008399160084,1142
9960,19.918008199180083,1140
9961,19.92000799920008,1141
9962,19.92200779922008,1151
9963,19.924007599240074,1159
9964,19.926007399260072,1156
9965,19.92800719928007,1144
9966,19.93000699930007,1130
9967,19.932006799320067,1125
9968,19.934006599340066,1131
9969,19.936006399360064,1139
9970,19.938006199380062,1136
9971,19.94000599940006,1128
9972,19.94200579942006,1126
9973,19.944005599440054,1131
9974,19.946005399460052,1137
9975,19.94800519948005,1146
9976,19.95000499950005,1155
9977,19.952004799520047,1156
9978,19.954004599540045,1149
9979,19.956004399560044,1140
9980,19.958004199580042,1136
9981,19.96000399960004,1141
9982,19.96200379962004,1147
9983,19.964003599640037,1143
9984,19.966003399660032,1136
9985,19.96800319968003,1132
9986,19.97000299970003,1130
9987,19.972002799720027,1123
9988,19.974002599740025,1114
9989,19.976002399760024,1116
9990,19.978002199780022,1132
9991,19.98000199980002,1147
9992,19.98200179982002,1150
9993,19.984001599840017,1147
9994,19.986001399860015,1144
9995,19.98800119988001,1141
9996,19.99000099990001,1143
9997,19.992000799920007,1151
9998,19.994000599940005,1154
9999,19.996000399960003,1144
10000,19.99800019998,1131
10001,20.0,1130
10002,20.00199980002,1142
10003,20.003999600039997,1149
10004,20.005999400059995,1141
10005,20.00799920007999,1129
10006,20.009999000099988,1125
10007,20.011998800119986,1129
10008,20.013998600139985,1134
10009,20.015998400159983,1136
10010,20.01799820017998,1136
10011,20.01999800019998,1140
10012,20.021997800219978,1146
10013,20.023997600239976,1148
10014,20.025997400259975,1143
10015,20.027997200279973,1138
10016,20.029997000299968,1135
10017,20.031996800319966,1129
10018,20.033996600339965,1116
10019,20.035996400359963,1105
10020,20.03799620037996,1105
10021,20.03999600039996,1110
10022,20.041995800419958,1110
10023,20.043995600439956,1105
10024,20.045995400459955,1105
10025,20.047995200479953,1113
10026,20.04999500049995,1122
10027,20.051994800519946,1128
10028,20.053994600539944,1132
10029,20.055994400559943,1138
10030,20.05799420057994,1146
10031,20.05999400059994,1147
10032,20.061993800619938,1140
10033,20.063993600639936,1131
10034,20.065993400659934,1123
10035,20.067993200679933,1116
10036,20.06999300069993,1115
10037,20.07199280071993,1122
10038,20.073992600739924,1132
10039,20.075992400759922,1139
10040,20.07799220077992,1141
10041,20.07999200079992,1142
10042,20.081991800819917,1138
10043,20.083991600839916,1135
10044,20.085991400859914,1140
10045,20.087991200879912,1147
10046,20.08999100089991,1147
10047,20.09199080091991,1143
10048,20.093990600939904,1140
10049,20.095990400959902,1137
10050,20.0979902009799,1129
10051,20.0999900009999,1118
10052,20.101989801019897,1111
10053,20.103989601039896,1120
10054,20.105989401059894,1142
10055,20.107989201079892,1158
10056,20.10998900109989,1153
10057,20.11198880111989,1136
10058,20.113988601139887,1134
10059,20.115988401159882,1159
10060,20.11798820117988,1183
10061,20.11998800119988,1181
10062,20.121987801219877,1164
10063,20.123987601239875,1159
10064,20.125987401259874,1167
10065,20.127987201279872,1177
10066,20.12998700129987,1180
10067,20.13198680131987,1171
10068,20.133986601339867,1155
10069,20.135986401359865,1139
10070,20.13798620137986,1135
10071,20.13998600139986,1145
10072,20.141985801419857,1164
10073,20.143985601439855,1175
10074,20.145985401459853,1166
10075,20.14798520147985,1147
10076,20.14998500149985,1137
10077,20.15198480151985,1142
10078,20.153984601539847,1151
10079,20.155984401559845,1154
10080,20.15798420157984,1152
10081,20.159984001599838,1154
10082,20.161983801619836,1162
10083,20.163983601639835,1164
10084,20.165983401659833,1156
10085,20.16798320167983,1150
10086,20.16998300169983,1159
10087,20.171982801719828,1174
10088,20.173982601739826,1179
10089,20.175982401759825,1169
10090,20.177982201779823,1151
10091,20.179982001799818,1142
10092,20.181981801819816,1144
10093,20.183981601839815,1147
10094,20.185981401859813,1146
10095,20.18798120187981,1146
10096,20.18998100189981,1154
10097,20.191980801919808,1164
10098,20.193980601939806,1172
10099,20.195980401959805,1177
10100,20.197980201979803,1178
10101,20.1999800019998,1170
10102,20.201979802019796,1162
10103,20.203979602039794,1157
10104,20.205979402059793,1155
10105,20.20797920207979,1157
10106,20.20997900209979,1159
10107,20.211978802119788,1156
10108,20.213978602139786,1149
10109,20.215978402159784,1144
10110,20.217978202179783,1141
10111,20.21997800219978,1135
10112,20.221977802219776,1130
10113,20.223977602239774,1136
10114,20.225977402259772,1151
10115,20.22797720227977,1163
10116,20.22997700229977,1164
10117,20.231976802319767,1156
10118,20.233976602339766,1147
10119,20.235976402359764,1145
10120,20.237976202379762,1148
10121,20.23997600239976,1151
10122,20.24197580241976,1150
10123,20.243975602439754,1144
10124,20.245975402459752,1136
10125,20.24797520247975,1130
10126,20.24997500249975,1130
10127,20.251974802519747,1140
10128,20.253974602539746,1157
10129,20.255974402559744,1166
10130,20.257974202579742,1161
10131,20.25997400259974,1151
10132,20.26197380261974,1149
10133,20.263973602639737,1154
10134,20.265973402659732,1161
10135,20.26797320267973,1165
10136,20.26997300269973,1159
10137,20.271972802719727,1145
10138,20.273972602739725,1134
10139,20.275972402759724,1136
10140,20.277972202779722,1145
10141,20.27997200279972,1145
10142,20.28197180281972,1134
10143,20.283971602839717,1129
10144,20.285971402859715,1136
10145,20.28797120287971,1145
10146,20.28997100289971,1150
10147,20.291970802919707,1149
10148,20.293970602939705,1143
10149,20.295970402959703,1132
10150,20.297970202979702,1118
10151,20.2999700029997,1106
10152,20.3019698030197,1098
10153,20.303969603039697,1095
10154,20.305969403059695,1094
10155,20.30796920307969,1096
10156,20.309969003099688,1100
10157,20.311968803119687,1102
10158,20.313968603139685,1096
10159,20.315968403159683,1085
10160,20.31796820317968,1082
10161,20.31996800319968,1092
10162,20.321967803219678,1104
10163,20.323967603239677,1109
10164,20.325967403259675,1113
10165,20.327967203279673,1119
10166,20.329967003299668,1126
10167,20.331966803319666,1136
10168,20.333966603339665,1146
10169,20.335966403359663,1148
10170,20.33796620337966,1140
10171,20.33996600339966,1131
10172,20.341965803419658,1132
10173,20.343965603439656,1139
10174,20.345965403459655,1135
10175,20.347965203479653,1116
10176,20.34996500349965,1094
10177,20.351964803519646,1085
10178,20.353964603539644,1092
10179,20.355964403559643,1108
10180,20.35796420357964,1125
10181,20.35996400359964,1132
10182,20.361963803619638,1129
10183,20.363963603639636,1130
10184,20.365963403659634,1135
10185,20.367963203679633,1133
10186,20.36996300369963,1123
10187,20.371962803719626,1116
10188,20.373962603739624,1116
10189,20.375962403759623,1124
10190,20.37796220377962,1135
10191,20.37996200379962,1140
10192,20.381961803819618,1133
10193,20.383961603839616,1124
10194,20.385961403859614,1126
10195,20.387961203879613,1128
10196,20.38996100389961,1122
10197,20.39196080391961,1116
10198,20.393960603939604,1124
10199,20.395960403959602,1138
10200,20.3979602039796,1136
10201,20.3999600039996,1120
10202,20.401959804019597,1109
10203,20.403959604039596,1115
10204,20.405959404059594,1125
10205,20.407959204079592,1126
10206,20.40995900409959,1120
10207,20.41195880411959,1114
10208,20.413958604139587,1116
10209,20.415958404159582,1125
10210,20.41795820417958,1138
10211,20.41995800419958,1146
10212,20.421957804219577,1146
10213,20.423957604239575,1142
10214,20.425957404259574,1142
10215,20.427957204279572,1147
10216,20.42995700429957,1156
10217,20.43195680431957,1159
10218,20.433956604339567,1154
10219,20.435956404359562,1155
10220,20.43795620437956,1163
10221,20.43995600439956,1164
10222,20.441955804419557,1149
10223,20.443955604439555,1130
10224,20.445955404459554,1120
10225,20.447955204479552,1119
10226,20.44995500449955,1119
10227,20.45195480451955,1115
10228,20.453954604539547,1110
10229,20.455954404559545,1110
10230,20.45795420457954,1117
10231,20.45995400459954,1129
10232,20.461953804619537,1139
10233,20.463953604639535,1143
10234,20.465953404659533,1146
10235,20.46795320467953,1150
10236,20.46995300469953,1154
10237,20.47195280471953,1150
10238,20.473952604739527,1132
10239,20.475952404759525,1109
10240,20.477952204779523,1101
10241,20.479952004799518,1113
10242,20.481951804819516,1131
10243,20.483951604839515,1143
10244,20.485951404859513,1147
10245,20.48795120487951,1144
10246,20.48995100489951,1137
10247,20.491950804919508,1132
10248,20.493950604939506,1133
10249,20.495950404959505,1138
10250,20.497950204979503,1141
10251,20.499950004999498,1137
10252,20.501949805019496,1125
10253,20.503949605039494,1111
10254,20.505949405059493,1105
10255,20.50794920507949,1111
10256,20.50994900509949,1129
10257,20.511948805119488,1149
10258,20.513948605139486,1154
10259,20.515948405159484,1139
10260,20.517948205179483,1119
10261,20.51994800519948,1113
10262,20.521947805219476,1123
10263,20.523947605239474,1138
10264,20.525947405259473,1152
10265,20.52794720527947,1160
10266,20.52994700529947,1158
10267,20.531946805319468,1150
10268,20.533946605339466,1146
10269,20.535946405359464,1155
10270,20.537946205379463,1165
10271,20.53994600539946,1162
10272,20.54194580541946,1151
10273,20.543945605439454,1145
10274,20.545945405459452,1146
10275,20.54794520547945,1146
10276,20.54994500549945,1141
10277,20.551944805519447,1136
10278,20.553944605539446,1139
10279,20.555944405559444,1150
10280,20.557944205579442,1161
10281,20.55994400559944,1161
10282,20.56194380561944,1153
10283,20.563943605639437,1148
10284,20.565943405659432,1149
10285,20.56794320567943,1155
10286,20.56994300569943,1160
10287,20.571942805719427,1157
10288,20.573942605739425,1151
10289,20.575942405759424,1150
10290,20.577942205779422,1152
10291,20.57994200579942,1151
10292,20.58194180581942,1151
10293,20.583941605839417,1159
10294,20.585941405859412,1172
10295,20.58794120587941,1178
10296,20.58994100589941,1176
10297,20.591940805919407,1169
10298,20.593940605939405,1162
10299,20.595940405959404,1159
10300,20.597940205979402,1161
10301,20.5999400059994,1162
10302,20.6019398060194,1160
10303,20.603939606039397,1155
10304,20.605939406059395,1151
10305,20.60793920607939,1148
10306,20.60993900609939,1141
10307,20.611938806119387,1130
10308,20.613938606139385,1121
10309,20.615938406159383,1117
10310,20.61793820617938,1115
10311,20.61993800619938,1112
10312,20.62193780621938,1106
10313,20.623937606239377,1097
10314,20.625937406259375,1091
10315,20.627937206279373,1092
10316,20.629937006299368,1102
10317,20.631936806319366,1111
10318,20.633936606339365,1113
10319,20.635936406359363,1108
10320,20.63793620637936,1101
10321,20.63993600639936,1101
10322,20.641935806419358,1103
10323,20.643935606439356,1100
10324,20.645935406459355,1092
10325,20.647935206479353,1089
10326,20.649935006499348,1093
10327,20.651934806519346,1105
10328,20.653934606539345,1120
10329,20.655934406559343,1132
10330,20.65793420657934,1138
10331,20.65993400659934,1139
10332,20.661933806619338,1141
10333,20.663933606639336,1143
10334,20.665933406659335,1146
10335,20.667933206679333,1146
10336,20.66993300669933,1145
10337,20.671932806719326,1144
10338,20.673932606739324,1147
10339,20.675932406759323,1152
10340,20.67793220677932,1149
10341,20.67993200679932,1132
10342,20.681931806819318,1113
10343,20.683931606839316,1107
10344,20.685931406859314,1111
10345,20.687931206879313,1112
10346,20.68993100689931,1111
10347,20.69193080691931,1115
10348,20.693930606939304,1116
10349,20.695930406959302,1104
10350,20.6979302069793,1087
10351,20.6999300069993,1083
10352,20.701929807019297,1093
10353,20.703929607039296,1104
10354,20.705929407059294,1104
10355,20.707929207079292,1098
10356,20.70992900709929,1099
10357,20.71192880711929,1102
10358,20.713928607139284,1101
10359,20.715928407159282,1102
10360,20.71792820717928,1108
10361,20.71992800719928,1108
10362,20.721927807219277,1099
10363,20.723927607239276,1087
10364,20.725927407259274,1079
10365,20.727927207279272,1068
10366,20.72992700729927,1049
10367,20.73192680731927,1034
10368,20.733926607339267,1037
10369,20.735926407359262,1053
10370,20.73792620737926,1066
10371,20.73992600739926,1067
10372,20.741925807419257,1064
10373,20.743925607439255,1066
10374,20.745925407459254,1071
10375,20.747925207479252,1073
10376,20.74992500749925,1069
10377,20.75192480751925,1064
10378,20.753924607539247,1065
10379,20.755924407559245,1072
10380,20.75792420757924,1079
10381,20.75992400759924,1080
10382,20.761923807619237,1078
10383,20.763923607639235,1084
10384,20.765923407659233,1108
10385,20.76792320767923,1134
10386,20.76992300769923,1142
10387,20.77192280771923,1135
10388,20.773922607739227,1130
10389,20.775922407759225,1134
10390,20.77792220777922,1146
10391,20.779922007799218,1160
10392,20.781921807819216,1165
10393,20.783921607839215,1156
10394,20.785921407859213,1142
10395,20.78792120787921,1139
10396,20.78992100789921,1141
10397,20.791920807919208,1135
10398,20.793920607939206,1120
10399,20.795920407959205,1110
10400,20.797920207979203,1112
10401,20.799920007999198,1117
10402,20.801919808019196,1112
10403,20.803919608039195,1101
10404,20.805919408059193,1093
10405,20.80791920807919,1091
10406,20.80991900809919,1094
10407,20.811918808119188,1102
10408,20.813918608139186,1110
10409,20.815918408159185,1113
10410,20.817918208179183,1108
10411,20.81991800819918,1098
10412,20.821917808219176,1097
10413,20.823917608239174,1113
10414,20.825917408259173,1132
10415,20.82791720827917,1137
10416,20.82991700829917,1124
10417,20.831916808319168,1109
10418,20.833916608339166,1100
10419,20.835916408359164,1097
10420,20.837916208379163,1094
10421,20.83991600839916,1089
10422,20.84191580841916,1084
10423,20.843915608439154,1091
10424,20.845915408459152,1110
10425,20.84791520847915,1126
10426,20.84991500849915,1127
10427,20.851914808519147,1120
10428,20.853914608539146,1114
10429,20.855914408559144,1114
10430,20.857914208579142,1120
10431,20.85991400859914,1126
10432,20.86191380861914,1126
10433,20.863913608639134,1117
10434,20.865913408659132,1106
10435,20.86791320867913,1100
10436,20.86991300869913,1097
10437,20.871912808719127,1095
10438,20.873912608739126,1096
10439,20.875912408759124,1105
10440,20.877912208779122,1116
10441,20.87991200879912,1120
10442,20.88191180881912,1115
10443,20.883911608839117,1111
10444,20.885911408859112,1117
10445,20.88791120887911,1128
10446,20.88991100889911,1135
10447,20.891910808919107,1135
10448,20.893910608939105,1132
10449,20.895910408959104,1127
10450,20.897910208979102,1120
10451,20.8999100089991,1117
10452,20.9019098090191,1124
10453,20.903909609039097,1135
10454,20.905909409059095,1139
10455,20.90790920907909,1136
10456,20.90990900909909,1136
10457,20.911908809119087,1145
10458,20.913908609139085,1158
10459,20.915908409159083,1161
10460,20.917908209179082,1150
10461,20.91990800919908,1132
10462,20.92190780921908,1116
10463,20.923907609239077,1108
10464,20.925907409259075,1108
10465,20.92790720927907,1120
10466,20.929907009299068,1142
10467,20.931906809319067,1153
10468,20.933906609339065,1142
10469,20.935906409359063,1125
10470,20.93790620937906,1121
10471,20.93990600939906,1131
10472,20.941905809419058,1141
10473,20.943905609439057,1140
10474,20.945905409459055,1133
10475,20.947905209479053,1124
10476,20.949905009499048,1113
10477,20.951904809519046,1108
10478,20.953904609539045,1113
10479,20.955904409559043,1127
10480,20.95790420957904,1142
10481,20.95990400959904,1154
10482,20.961903809619038,1162
10483,20.963903609639036,1165
10484,20.965903409659035,1158
10485,20.967903209679033,1146
10486,20.96990300969903,1139
10487,20.971902809719026,1141
10488,20.973902609739024,1145
10489,20.975902409759023,1149
10490,20.97790220977902,1150
10491,20.97990200979902,1144
10492,20.981901809819018,1134
10493,20.983901609839016,1128
10494,20.985901409859014,1126
10495,20.987901209879013,1130
10496,20.98990100989901,1143
10497,20.991900809919006,1157
10498,20.993900609939004,1156
10499,20.995900409959003,1147
10500,20.997900209979,1144
10501,20.999900009999,1146
10502,21.001899810018998,1141
10503,21.003899610038996,1133
10504,21.005899410058994,1134
10505,21.007899210078993,1139
10506,21.00989901009899,1139
10507,21.01189881011899,1135
10508,21.013898610138984,1138
10509,21.015898410158982,1151
10510,21.01789821017898,1163
10511,21.01989801019898,1163
10512,21.021897810218977,1156
10513,21.023897610238976,1146
10514,21.025897410258974,1137
10515,21.027897210278972,1130
10516,21.02989701029897,1136
10517,21.03189681031897,1150
10518,21.033896610338967,1152
10519,21.035896410358962,1142
10520,21.03789621037896,1137
10521,21.03989601039896,1143
10522,21.041895810418957,1152
10523,21.043895610438955,1156
10524,21.045895410458954,1156
10525,21.047895210478952,1152
10526,21.04989501049895,1146
10527,21.05189481051895,1149
10528,21.053894610538947,1159
10529,21.055894410558945,1161
10530,21.05789421057894,1152
10531,21.05989401059894,1145
10532,21.061893810618937,1153
10533,21.063893610638935,1170
10534,21.065893410658934,1181
10535,21.067893210678932,1178
10536,21.06989301069893,1171
10537,21.07189281071893,1168
10538,21.073892610738927,1166
10539,21.075892410758925,1159
10540,21.07789221077892,1153
10541,21.07989201079892,1156
10542,21.081891810818917,1168
10543,21.083891610838915,1180
10544,21.085891410858913,1182
10545,21.08789121087891,1173
10546,21.08989101089891,1156
10547,21.09189081091891,1143
10548,21.093890610938907,1144
10549,21.095890410958905,1157
10550,21.097890210978903,1166
10551,21.099890010998898,1163
10552,21.101889811018896,1158
10553,21.103889611038895,1161
10554,21.105889411058893,1169
10555,21.10788921107889,1177
10556,21.10988901109889,1186
10557,21.111888811118888,1195
10558,21.113888611138886,1200
10559,21.115888411158885,1200
10560,21.117888211178883,1194
10561,21.11988801119888,1187
10562,21.121887811218876,1183
10563,21.123887611238874,1187
10564,21.125887411258873,1201
10565,21.12788721127887,1213
10566,21.12988701129887,1209
10567,21.131886811318868,1189
10568,21.133886611338866,1168
10569,21.135886411358864,1163
10570,21.137886211378863,1173
10571,21.13988601139886,1183
10572,21.141885811418856,1183
10573,21.143885611438854,1177
10574,21.145885411458853,1172
10575,21.14788521147885,1170
10576,21.14988501149885,1172
10577,21.151884811518848,1182
10578,21.153884611538846,1197
10579,21.155884411558844,1210
10580,21.157884211578843,1209
10581,21.15988401159884,1192
10582,21.16188381161884,1167
10583,21.163883611638834,1151
10584,21.165883411658832,1147
10585,21.16788321167883,1142
10586,21.16988301169883,1134
10587,21.171882811718827,1130
10588,21.173882611738826,1136
10589,21.175882411758824,1142
10590,21.177882211778822,1141
10591,21.17988201179882,1138
10592,21.18188181181882,1139
10593,21.183881611838817,1144
10594,21.185881411858812,1148
10595,21.18788121187881,1146
10596,21.18988101189881,1136
10597,21.191880811918807,1123
10598,21.193880611938805,1119
10599,21.195880411958804,1125
10600,21.197880211978802,1136
10601,21.1998800119988,1147
10602,21.2018798120188,1156
10603,21.203879612038797,1160
10604,21.205879412058792,1158
10605,21.20787921207879,1148
10606,21.20987901209879,1140
10607,21.211878812118787,1141
10608,21.213878612138785,1153
10609,21.215878412158784,1169
10610,21.217878212178782,1175
10611,21.21987801219878,1161
10612,21.22187781221878,1144
10613,21.223877612238777,1146
10614,21.225877412258775,1164
10615,21.22787721227877,1180
10616,21.22987701229877,1184
10617,21.231876812318767,1177
10618,21.233876612338765,1160
10619,21.235876412358763,1145
10620,21.23787621237876,1142
10621,21.23987601239876,1145
10622,21.24187581241876,1142
10623,21.243875612438757,1131
10624,21.245875412458755,1128
10625,21.247875212478753,1139
10626,21.249875012498748,1146
10627,21.251874812518746,1139
10628,21.253874612538745,1129
10629,21.255874412558743,1132
10630,21.25787421257874,1146
10631,21.25987401259874,1159
10632,21.261873812618738,1160
10633,21.263873612638736,1154
10634,21.265873412658735,1152
10635,21.267873212678733,1160
10636,21.269873012698728,1172
10637,21.271872812718726,1178
10638,21.273872612738725,1177
10639,21.275872412758723,1175
10640,21.27787221277872,1177
10641,21.27987201279872,1181
10642,21.281871812818718,1177
10643,21.283871612838716,1168
10644,21.285871412858715,1158
10645,21.287871212878713,1148
10646,21.28987101289871,1134
10647,21.291870812918706,1119
10648,21.293870612938704,1108
10649,21.295870412958703,1105
10650,21.2978702129787,1110
10651,21.2998700129987,1114
10652,21.301869813018698,1111
10653,21.303869613038696,1109
10654,21.305869413058694,1115
10655,21.307869213078693,1122
10656,21.30986901309869,1121
10657,21.31186881311869,1120
10658,21.313868613138684,1129
10659,21.315868413158682,1146
10660,21.31786821317868,1157
10661,21.31986801319868,1158
10662,21.321867813218677,1154
10663,21.323867613238676,1151
10664,21.325867413258674,1149
10665,21.327867213278672,1150
10666,21.32986701329867,1154
10667,21.33186681331867,1154
10668,21.333866613338667,1145
10669,21.335866413358662,1132
10670,21.33786621337866,1125
10671,21.33986601339866,1127
10672,21.341865813418657,1134
10673,21.343865613438656,1140
10674,21.345865413458654,1145
10675,21.347865213478652,1150
10676,21.34986501349865,1155
10677,21.35186481351865,1159
10678,21.353864613538647,1161
10679,21.355864413558642,1158
10680,21.35786421357864,1152
10681,21.35986401359864,1144
10682,21.361863813618637,1136
10683,21.363863613638635,1135
10684,21.365863413658634,1141
10685,21.367863213678632,1146
10686,21.36986301369863,1146
10687,21.37186281371863,1147
10688,21.373862613738627,1148
10689,21.375862413758625,1147
10690,21.37786221377862,1147
10691,21.37986201379862,1156
10692,21.381861813818617,1169
10693,21.383861613838615,1181
10694,21.385861413858613,1187
10695,21.38786121387861,1183
10696,21.38986101389861,1172
10697,21.39186081391861,1160
10698,21.393860613938607,1155
10699,21.395860413958605,1155
10700,21.397860213978603,1159
10701,21.399860013998598,1160
10702,21.401859814018596,1154
10703,21.403859614038595,1147
10704,21.405859414058593,1144
10705,21.40785921407859,1146
10706,21.40985901409859,1146
10707,21.411858814118588,1143
10708,21.413858614138586,1138
10709,21.415858414158585,1133
10710,21.417858214178583,1128
10711,21.419858014198578,1121
10712,21.421857814218576,1114
10713,21.423857614238575,1114
10714,21.425857414258573,1119
10715,21.42785721427857,1126
10716,21.42985701429857,1138
10717,21.431856814318568,1150
10718,21.433856614338566,1150
10719,21.435856414358565,1136
10720,21.437856214378563,1126
10721,21.43985601439856,1135
10722,21.441855814418556,1151
10723,21.443855614438554,1155
10724,21.445855414458553,1141
10725,21.44785521447855,1129
10726,21.44985501449855,1132
10727,21.451854814518548,1146
10728,21.453854614538546,1154
10729,21.455854414558544,1153
10730,21.457854214578543,1149
10731,21.45985401459854,1153
10732,21.46185381461854,1158
10733,21.463853614638534,1156
10734,21.465853414658532,1149
10735,21.46785321467853,1144
10736,21.46985301469853,1142
10737,21.471852814718527,1143
10738,21.473852614738526,1146
10739,21.475852414758524,1148
10740,21.477852214778522,1147
10741,21.47985201479852,1147
10742,21.48185181481852,1150
10743,21.483851614838514,1153
10744,21.485851414858512,1154
10745,21.48785121487851,1155
10746,21.48985101489851,1156
10747,21.491850814918507,1155
10748,21.493850614938506,1155
10749,21.495850414958504,1154
10750,21.497850214978502,1149
10751,21.4998500149985,1144
10752,21.5018498150185,1144
10753,21.503849615038497,1145
10754,21.505849415058492,1140
10755,21.50784921507849,1133
10756,21.50984901509849,1138
10757,21.511848815118487,1157
10758,21.513848615138485,1173
10759,21.515848415158484,1172
10760,21.517848215178482,1159
10761,21.51984801519848,1153
10762,21.52184781521848,1158
10763,21.523847615238477,1160
10764,21.525847415258475,1155
10765,21.52784721527847,1157
10766,21.52984701529847,1166
10767,21.531846815318467,1161
10768,21.533846615338465,1143
10769,21.535846415358463,1132
10770,21.537846215378462,1142
10771,21.53984601539846,1160
10772,21.54184581541846,1169
10773,21.543845615438457,1168
10774,21.545845415458455,1166
10775,21.547845215478453,1164
10776,21.549845015498448,1161
10777,21.551844815518447,1163
10778,21.553844615538445,1170
10779,21.555844415558443,1170
10780,21.55784421557844,1161
10781,21.55984401559844,1161
10782,21.561843815618438,1173
10783,21.563843615638437,1181
10784,21.565843415658435,1168
10785,21.567843215678433,1148
10786,21.569843015698428,1147
10787,21.571842815718426,1163
10788,21.573842615738425,1172
10789,21.575842415758423,1162
10790,21.57784221577842,1142
10791,21.57984201579842,1127
10792,21.581841815818418,1122
10793,21.583841615838416,1118
10794,21.585841415858415,1111
10795,21.587841215878413,1105
10796,21.58984101589841,1108
10797,21.591840815918406,1117
10798,21.593840615938404,1123
10799,21.595840415958403,1120
10800,21.5978402159784,1111
10801,21.5998400159984,1112
10802,21.601839816018398,1130
10803,21.603839616038396,1152
10804,21.605839416058394,1159
10805,21.607839216078393,1147
10806,21.60983901609839,1128
10807,21.61183881611839,1112
10808,21.613838616138384,1111
10809,21.615838416158383,1126
10810,21.61783821617838,1143
10811,21.61983801619838,1146
10812,21.621837816218378,1139
10813,21.623837616238376,1137
10814,21.625837416258374,1138
10815,21.627837216278373,1140
10816,21.62983701629837,1146
10817,21.63183681631837,1156
10818,21.633836616338364,1162
10819,21.635836416358362,1159
10820,21.63783621637836,1150
10821,21.63983601639836,1144
10822,21.641835816418357,1150
10823,21.643835616438356,1163
10824,21.645835416458354,1172
10825,21.647835216478352,1171
10826,21.64983501649835,1169
10827,21.65183481651835,1171
10828,21.653834616538347,1174
10829,21.655834416558342,1173
10830,21.65783421657834,1165
10831,21.65983401659834,1156
10832,21.661833816618337,1153
10833,21.663833616638335,1159
10834,21.665833416658334,1171
10835,21.667833216678332,1174
10836,21.66983301669833,1160
10837,21.67183281671833,1140
10838,21.673832616738327,1134
10839,21.675832416758325,1143
10840,21.67783221677832,1149
10841,21.67983201679832,1147
10842,21.681831816818317,1146
10843,21.683831616838315,1154
10844,21.685831416858314,1175
10845,21.687831216878312,1197
10846,21.68983101689831,1201
10847,21.69183081691831,1185
10848,21.693830616938307,1168
10849,21.695830416958305,1169
10850,21.6978302169783,1176
10851,21.6998300169983,1172
10852,21.701829817018297,1159
10853,21.703829617038295,1149
10854,21.705829417058293,1145
10855,21.70782921707829,1141
10856,21.70982901709829,1140
10857,21.71182881711829,1146
10858,21.713828617138287,1159
10859,21.715828417158285,1176
10860,21.717828217178283,1187
10861,21.719828017198278,1187
10862,21.721827817218276,1176
10863,21.723827617238275,1166
10864,21.725827417258273,1167
10865,21.72782721727827,1171
10866,21.72982701729827,1168
10867,21.731826817318268,1164
10868,21.733826617338266,1170
10869,21.735826417358265,1184
10870,21.737826217378263,1192
10871,21.73982601739826,1186
10872,21.741825817418256,1171
10873,21.743825617438254,1164
10874,21.745825417458253,1167
10875,21.74782521747825,1171
10876,21.74982501749825,1167
10877,21.751824817518248,1156
10878,21.753824617538246,1142
10879,21.755824417558244,1134
10880,21.757824217578243,1134
10881,21.75982401759824,1141
10882,21.761823817618236,1149
10883,21.763823617638234,1150
10884,21.765823417658233,1142
10885,21.76782321767823,1129
10886,21.76982301769823,1120
10887,21.771822817718228,1128
10888,21.773822617738226,1151
10889,21.775822417758224,1170
10890,21.777822217778223,1171
10891,21.77982201779822,1159
10892,21.78182181781822,1145
10893,21.783821617838214,1140
10894,21.785821417858212,1140
10895,21.78782121787821,1144
10896,21.78982101789821,1147
10897,21.791820817918207,1151
10898,21.793820617938206,1154
10899,21.795820417958204,1156
10900,21.797820217978202,1154
10901,21.7998200179982,1150
10902,21.8018198180182,1151
10903,21.803819618038197,1155
10904,21.805819418058192,1157
10905,21.80781921807819,1157
10906,21.80981901809819,1156
10907,21.811818818118187,1151
10908,21.813818618138185,1147
10909,21.815818418158184,1148
10910,21.817818218178182,1150
10911,21.81981801819818,1146
10912,21.82181781821818,1138
10913,21.823817618238177,1133
10914,21.825817418258175,1137
10915,21.82781721827817,1143
10916,21.82981701829817,1138
10917,21.831816818318167,1126
10918,21.833816618338165,1124
10919,21.835816418358164,1138
10920,21.837816218378162,1154
10921,21.83981601839816,1155
10922,21.84181581841816,1143
10923,21.843815618438157,1131
10924,21.845815418458155,1130
10925,21.84781521847815,1144
10926,21.84981501849815,1160
10927,21.851814818518147,1160
10928,21.853814618538145,1140
10929,21.855814418558143,1118
10930,21.85781421857814,1112
10931,21.85981401859814,1117
10932,21.86181381861814,1121
10933,21.863813618638137,1129
10934,21.865813418658135,1145
10935,21.867813218678133,1155
10936,21.869813018698128,1148
10937,21.871812818718126,1128
10938,21.873812618738125,1110
10939,21.875812418758123,1103
10940,21.87781221877812,1108
10941,21.87981201879812,1120
10942,21.881811818818118,1131
10943,21.883811618838116,1137
10944,21.885811418858115,1138
10945,21.887811218878113,1139
10946,21.88981101889811,1147
10947,21.891810818918106,1159
10948,21.893810618938105,1172
10949,21.895810418958103,1184
10950,21.8978102189781,1190
10951,21.8998100189981,1182
10952,21.901809819018098,1166
10953,21.903809619038096,1159
10954,21.905809419058095,1169
10955,21.907809219078093,1182
10956,21.90980901909809,1183
10957,21.911808819118086,1170
10958,21.913808619138084,1157
10959,21.915808419158083,1155
10960,21.91780821917808,1165
10961,21.91980801919808,1170
10962,21.921807819218078,1158
10963,21.923807619238076,1134
10964,21.925807419258074,1113
10965,21.927807219278073,1109
10966,21.92980701929807,1120
10967,21.93180681931807,1131
10968,21.933806619338064,1133
10969,21.935806419358062,1130
10970,21.93780621937806,1136
10971,21.93980601939806,1152
10972,21.941805819418057,1164
10973,21.943805619438056,1165
10974,21.945805419458054,1159
10975,21.947805219478052,1156
10976,21.94980501949805,1158
10977,21.95180481951805,1158
10978,21.953804619538047,1152
10979,21.955804419558042,1149
10980,21.95780421957804,1151
10981,21.95980401959804,1159
10982,21.961803819618037,1166
10983,21.963803619638036,1162
10984,21.965803419658034,1146
10985,21.967803219678032,1126
10986,21.96980301969803,1110
10987,21.97180281971803,1106
10988,21.973802619738027,1114
10989,21.975802419758022,1127
10990,21.97780221977802,1140
10991,21.97980201979802,1147
10992,21.981801819818017,1150
10993,21.983801619838015,1153
10994,21.985801419858014,1162
10995,21.987801219878012,1171
10996,21.98980101989801,1171
10997,21.99180081991801,1159
10998,21.993800619938007,1138
10999,21.995800419958005,1120
11000,21.997800219978,1110
11001,21.999800019998,1104
11002,22.001799820017997,1098
11003,22.003799620037995,1095
11004,22.005799420057993,1099
11005,22.00779922007799,1108
11006,22.00979902009799,1119
11007,22.01179882011799,1128
11008,22.013798620137987,1136
11009,22.015798420157985,1137
11010,22.017798220177983,1126
11011,22.019798020197978,1114
11012,22.021797820217976,1115
11013,22.023797620237975,1126
11014,22.025797420257973,1132
11015,22.02779722027797,1124
11016,22.02979702029797,1114
11017,22.031796820317968,1117
11018,22.033796620337966,1128
11019,22.035796420357965,1136
11020,22.037796220377963,1135
11021,22.039796020397958,1129
11022,22.041795820417956,1125
11023,22.043795620437955,1125
11024,22.045795420457953,1130
11025,22.04779522047795,1138
11026,22.04979502049795,1148
11027,22.051794820517948,1160
11028,22.053794620537946,1170
11029,22.055794420557945,1172
11030,22.057794220577943,1169
11031,22.05979402059794,1165
11032,22.061793820617936,1154
11033,22.063793620637934,1136
11034,22.065793420657933,1124
11035,22.06779322067793,1130
11036,22.06979302069793,1144
11037,22.071792820717928,1148
11038,22.073792620737926,1142
11039,22.075792420757924,1139
11040,22.077792220777923,1143
11041,22.07979202079792,1149
11042,22.08179182081792,1156
11043,22.083791620837914,1160
11044,22.085791420857912,1159
11045,22.08779122087791,1157
11046,22.08979102089791,1158
11047,22.091790820917907,1157
11048,22.093790620937906,1149
11049,22.095790420957904,1140
11050,22.097790220977902,1137
11051,22.0997900209979,1142
11052,22.1017898210179,1152
11053,22.103789621037897,1164
11054,22.105789421057892,1173
11055,22.10778922107789,1172
11056,22.10978902109789,1159
11057,22.111788821117887,1150
11058,22.113788621137886,1155
11059,22.115788421157884,1164
11060,22.117788221177882,1165
11061,22.11978802119788,1160
11062,22.12178782121788,1158
11063,22.123787621237877,1159
11064,22.125787421257872,1159
11065,22.12778722127787,1158
11066,22.12978702129787,1157
11067,22.131786821317867,1155
11068,22.133786621337865,1157
11069,22.135786421357864,1164
11070,22.137786221377862,1170
11071,22.13978602139786,1167
11072,22.14178582141786,1157
11073,22.143785621437857,1153
11074,22.145785421457855,1160
11075,22.14778522147785,1170
11076,22.14978502149785,1174
11077,22.151784821517847,1172
11078,22.153784621537845,1168
11079,22.155784421557843,1163
11080,22.157784221577842,1155
11081,22.15978402159784,1145
11082,22.16178382161784,1137
11083,22.163783621637837,1136
11084,22.165783421657835,1138
11085,22.167783221677833,1139
11086,22.169783021697828,1136
11087,22.171782821717827,1135
11088,22.173782621737825,1141
11089,22.175782421757823,1155
11090,22.17778222177782,1165
11091,22.17978202179782,1172
11092,22.181781821817818,1178
11093,22.183781621837817,1184
11094,22.185781421857815,1190
11095,22.187781221877813,1190
11096,22.189781021897808,1182
11097,22.191780821917806,1168
11098,22.193780621937805,1157
11099,22.195780421957803,1151
11100,22.1977802219778,1149
11101,22.1997800219978,1149
11102,22.201779822017798,1152
11103,22.203779622037796,1154
11104,22.205779422057795,1154
11105,22.207779222077793,1153
11106,22.20977902209779,1152
11107,22.211778822117786,1153
11108,22.213778622137784,1156
11109,22.215778422157783,1163
11110,22.21777822217778,1175
11111,22.21977802219778,1190
11112,22.221777822217778,1196
11113,22.223777622237776,1181
11114,22.225777422257774,1151
11115,22.227777222277773,1127
11116,22.22977702229777,1126
11117,22.23177682231777,1136
11118,22.233776622337764,1134
11119,22.235776422357763,1122
11120,22.23777622237776,1123
11121,22.23977602239776,1136
11122,22.241775822417758,1142
11123,22.243775622437756,1136
11124,22.245775422457754,1134
11125,22.247775222477753,1141
11126,22.24977502249775,1151
11127,22.25177482251775,1162
11128,22.253774622537744,1175
11129,22.255774422557742,1181
11130,22.25777422257774,1171
11131,22.25977402259774,1156
11132,22.261773822617737,1153
11133,22.263773622637736,1164
11134,22.265773422657734,1178
11135,22.267773222677732,1179
11136,22.26977302269773,1168
11137,22.27177282271773,1153
11138,22.273772622737727,1144
11139,22.275772422757722,1138
11140,22.27777222277772,1126
11141,22.27977202279772,1114
11142,22.281771822817717,1119
11143,22.283771622837715,1138
11144,22.285771422857714,1153
11145,22.287771222877712,1154
11146,22.28977102289771,1151
11147,22.29177082291771,1152
11148,22.293770622937707,1148
11149,22.295770422957705,1138
11150,22.2977702229777,1133
11151,22.2997700229977,1139
11152,22.301769823017697,1145
11153,22.303769623037695,1145
11154,22.305769423057694,1136
11155,22.307769223077692,1128
11156,22.30976902309769,1127
11157,22.31176882311769,1130
11158,22.313768623137687,1132
11159,22.315768423157685,1134
11160,22.317768223177683,1136
11161,22.31976802319768,1134
11162,22.321767823217677,1127
11163,22.323767623237675,1119
11164,22.325767423257673,1113
11165,22.32776722327767,1107
11166,22.32976702329767,1105
11167,22.33176682331767,1111
11168,22.333766623337667,1123
11169,22.335766423357665,1138
11170,22.337766223377663,1153
11171,22.339766023397658,1166
11172,22.341765823417656,1178
11173,22.343765623437655,1188
11174,22.345765423457653,1186
11175,22.34776522347765,1175
11176,22.34976502349765,1168
11177,22.351764823517648,1172
11178,22.353764623537646,1180
11179,22.355764423557645,1178
11180,22.357764223577643,1161
11181,22.35976402359764,1138
11182,22.361763823617636,1121
11183,22.363763623637634,1122
11184,22.365763423657633,1140
11185,22.36776322367763,1155
11186,22.36976302369763,1159
11187,22.371762823717628,1160
11188,22.373762623737626,1163
11189,22.375762423757624,1166
11190,22.377762223777623,1166
11191,22.37976202379762,1161
11192,22.38176182381762,1155
11193,22.383761623837614,1148
11194,22.385761423857613,1143
11195,22.38776122387761,1144
11196,22.38976102389761,1151
11197,22.391760823917608,1157
11198,22.393760623937606,1150
11199,22.395760423957604,1133
11200,22.397760223977603,1122
11201,22.3997600239976,1128
11202,22.4017598240176,1142
11203,22.403759624037594,1152
11204,22.405759424057592,1162
11205,22.40775922407759,1177
11206,22.40975902409759,1186
11207,22.411758824117587,1176
11208,22.413758624137586,1159
11209,22.415758424157584,1152
11210,22.417758224177582,1159
11211,22.41975802419758,1169
11212,22.42175782421758,1171
11213,22.423757624237577,1158
11214,22.425757424257572,1141
11215,22.42775722427757,1132
11216,22.42975702429757,1133
11217,22.431756824317567,1134
11218,22.433756624337565,1136
11219,22.435756424357564,1143
11220,22.437756224377562,1153
11221,22.43975602439756,1154
11222,22.44175582441756,1149
11223,22.443755624437557,1146
11224,22.445755424457555,1147
11225,22.44775522447755,1145
11226,22.44975502449755,1136
11227,22.451754824517547,1128
11228,22.453754624537545,1128
11229,22.455754424557544,1133
11230,22.457754224577542,1140
11231,22.45975402459754,1149
11232,22.46175382461754,1160
11233,22.463753624637537,1167
11234,22.465753424657535,1162
11235,22.46775322467753,1150
11236,22.46975302469753,1145
11237,22.471752824717527,1156
11238,22.473752624737525,1172
11239,22.475752424757523,1171
11240,22.47775222477752,1151
11241,22.47975202479752,1131
11242,22.48175182481752,1132
11243,22.483751624837517,1151
11244,22.485751424857515,1170
11245,22.487751224877513,1174
11246,22.489751024897508,1165
11247,22.491750824917506,1158
11248,22.493750624937505,1163
11249,22.495750424957503,1173
11250,22.4977502249775,1172
11251,22.4997500249975,1160
11252,22.501749825017498,1151
11253,22.503749625037496,1149
11254,22.505749425057495,1147
11255,22.507749225077493,1139
11256,22.50974902509749,1130
11257,22.511748825117486,1130
11258,22.513748625137485,1143
11259,22.515748425157483,1155
11260,22.51774822517748,1152
11261,22.51974802519748,1136
11262,22.521747825217478,1126
11263,22.523747625237476,1128
11264,22.525747425257475,1133
11265,22.527747225277473,1134
11266,22.52974702529747,1134
11267,22.531746825317466,1134
11268,22.533746625337464,1129
11269,22.535746425357463,1119
11270,22.53774622537746,1115
11271,22.53974602539746,1124
11272,22.541745825417458,1140
11273,22.543745625437456,1150
11274,22.545745425457454,1150
11275,22.547745225477453,1145
11276,22.54974502549745,1138
11277,22.55174482551745,1131
11278,22.553744625537444,1129
11279,22.555744425557442,1128
11280,22.55774422557744,1120
11281,22.55974402559744,1109
11282,22.561743825617437,1105
11283,22.563743625637436,1109
11284,22.565743425657434,1114
11285,22.567743225677432,1113
11286,22.56974302569743,1111
11287,22.57174282571743,1115
11288,22.573742625737427,1118
11289,22.575742425757422,1119
11290,22.57774222577742,1126
11291,22.57974202579742,1137
11292,22.581741825817417,1142
11293,22.583741625837416,1137
11294,22.585741425857414,1130
11295,22.587741225877412,1129
11296,22.58974102589741,1134
11297,22.59174082591741,1139
11298,22.593740625937407,1140
11299,22.595740425957406,1138
11300,22.5977402259774,1137
11301,22.5997400259974,1134
11302,22.601739826017397,1130
11303,22.603739626037395,1127
11304,22.605739426057394,1129
11305,22.607739226077392,1130
11306,22.60973902609739,1126
11307,22.61173882611739,1123
11308,22.613738626137387,1128
11309,22.615738426157385,1133
11310,22.61773822617738,1131
11311,22.61973802619738,1130
11312,22.621737826217377,1133
11313,22.623737626237375,1136
11314,22.625737426257373,1136
11315,22.62773722627737,1136
11316,22.62973702629737,1144
11317,22.63173682631737,1155
11318,22.633736626337367,1157
11319,22.635736426357365,1153
11320,22.637736226377363,1154
11321,22.639736026397358,1158
11322,22.641735826417356,1154
11323,22.643735626437355,1145
11324,22.645735426457353,1135
11325,22.64773522647735,1127
11326,22.64973502649735,1129
11327,22.651734826517348,1142
11328,22.653734626537346,1154
11329,22.655734426557345,1155
11330,22.657734226577343,1152
11331,22.65973402659734,1155
11332,22.661733826617336,1160
11333,22.663733626637335,1160
11334,22.665733426657333,1160
11335,22.66773322667733,1162
11336,22.66973302669733,1157
11337,22.671732826717328,1142
11338,22.673732626737326,1130
11339,22.675732426757325,1137
11340,22.677732226777323,1159
11341,22.67973202679732,1179
11342,22.681731826817316,1182
11343,22.683731626837314,1176
11344,22.685731426857313,1175
11345,22.68773122687731,1180
11346,22.68973102689731,1184
11347,22.691730826917308,1185
11348,22.693730626937306,1184
11349,22.695730426957304,1180
11350,22.697730226977303,1178
11351,22.6997300269973,1183
11352,22.7017298270173,1189
11353,22.703729627037294,1186
11354,22.705729427057292,1179
11355,22.70772922707729,1176
11356,22.70972902709729,1171
11357,22.711728827117287,1160
11358,22.713728627137286,1153
11359,22.715728427157284,1156
11360,22.717728227177282,1161
11361,22.71972802719728,1161
11362,22.72172782721728,1158
11363,22.723727627237277,1158
11364,22.725727427257272,1164
11365,22.72772722727727,1173
11366,22.72972702729727,1180
11367,22.731726827317267,1178
11368,22.733726627337266,1166
11369,22.735726427357264,1152
11370,22.737726227377262,1146
11371,22.73972602739726,1141
11372,22.74172582741726,1126
11373,22.743725627437257,1109
11374,22.745725427457252,1109
11375,22.74772522747725,1122
11376,22.74972502749725,1127
11377,22.751724827517247,1119
11378,22.753724627537245,1117
11379,22.755724427557244,1126
11380,22.757724227577242,1133
11381,22.75972402759724,1130
11382,22.76172382761724,1126
11383,22.763723627637237,1130
11384,22.765723427657235,1137
11385,22.76772322767723,1138
11386,22.76972302769723,1130
11387,22.771722827717227,1129
11388,22.773722627737225,1143
11389,22.775722427757223,1158
11390,22.77772222777722,1153
11391,22.77972202779722,1131
11392,22.78172182781722,1114
11393,22.783721627837217,1112
11394,22.785721427857215,1121
11395,22.787721227877213,1132
11396,22.789721027897208,1139
11397,22.791720827917207,1139
11398,22.793720627937205,1137
11399,22.795720427957203,1137
11400,22.7977202279772,1130
11401,22.7997200279972,1120
11402,22.801719828017198,1122
11403,22.803719628037197,1137
11404,22.805719428057195,1144
11405,22.807719228077193,1131
11406,22.809719028097188,1116
11407,22.811718828117186,1117
11408,22.813718628137185,1131
11409,22.815718428157183,1140
11410,22.81771822817718,1141
11411,22.81971802819718,1139
11412,22.821717828217178,1141
11413,22.823717628237176,1143
11414,22.825717428257175,1142
11415,22.827717228277173,1142
11416,22.82971702829717,1147
11417,22.831716828317166,1152
11418,22.833716628337164,1149
11419,22.835716428357163,1139
11420,22.83771622837716,1132
11421,22.83971602839716,1133
11422,22.841715828417158,1138
11423,22.843715628437156,1140
11424,22.845715428457154,1144
11425,22.847715228477153,1151
11426,22.84971502849715,1155
11427,22.85171482851715,1152
11428,22.853714628537144,1151
11429,22.855714428557143,1154
11430,22.85771422857714,1157
11431,22.85971402859714,1154
11432,22.861713828617138,1149
11433,22.863713628637136,1143
11434,22.865713428657134,1136
11435,22.867713228677133,1125
11436,22.86971302869713,1110
11437,22.87171282871713,1101
11438,22.873712628737128,1107
11439,22.875712428757122,1123
11440,22.87771222877712,1137
11441,22.87971202879712,1145
11442,22.881711828817117,1145
11443,22.883711628837116,1140
11444,22.885711428857114,1134
11445,22.887711228877112,1129
11446,22.88971102889711,1125
11447,22.89171082891711,1121
11448,22.893710628937107,1121
11449,22.895710428957102,1126
11450,22.8977102289771,1131
11451,22.8997100289971,1134
11452,22.901709829017097,1139
11453,22.903709629037095,1150
11454,22.905709429057094,1160
11455,22.907709229077092,1162
11456,22.90970902909709,1157
11457,22.91170882911709,1154
11458,22.913708629137087,1152
11459,22.915708429157085,1143
11460,22.91770822917708,1130
11461,22.91970802919708,1121
11462,22.921707829217077,1119
11463,22.923707629237075,1121
11464,22.925707429257073,1127
11465,22.927707229277072,1134
11466,22.92970702929707,1134
11467,22.93170682931707,1118
11468,22.933706629337067,1096
11469,22.935706429357065,1087
11470,22.937706229377063,1098
11471,22.93970602939706,1115
11472,22.941705829417057,1118
11473,22.943705629437055,1111
11474,22.945705429457053,1111
11475,22.94770522947705,1126
11476,22.94970502949705,1145
11477,22.95170482951705,1159
11478,22.953704629537047,1164
11479,22.955704429557045,1157
11480,22.957704229577043,1143
11481,22.959704029597038,1129
11482,22.961703829617036,1119
11483,22.963703629637035,1116
11484,22.965703429657033,1115
11485,22.96770322967703,1107
11486,22.96970302969703,1097
11487,22.971702829717028,1094
11488,22.973702629737026,1101
11489,22.975702429757025,1112
11490,22.977702229777023,1120
11491,22.97970202979702,1121
11492,22.981701829817016,1114
11493,22.983701629837014,1104
11494,22.985701429857013,1101
11495,22.98770122987701,1109
11496,22.98970102989701,1118
11497,22.991700829917008,1118
11498,22.993700629937006,1116
11499,22.995700429957004,1116
11500,22.997700229977003,1119
11501,22.999700029997,1128
11502,23.001699830017,1142
11503,23.003699630036994,1148
11504,23.005699430056993,1134
11505,23.00769923007699,1113
11506,23.00969903009699,1110
11507,23.011698830116988,1121
11508,23.013698630136986,1124
11509,23.015698430156984,1113
11510,23.017698230176983,1099
11511,23.01969803019698,1094
11512,23.02169783021698,1102
11513,23.023697630236974,1121
11514,23.025697430256972,1141
11515,23.02769723027697,1149
11516,23.02969703029697,1142
11517,23.031696830316967,1132
11518,23.033696630336966,1132
11519,23.035696430356964,1144
11520,23.037696230376962,1156
11521,23.03969603039696,1157
11522,23.04169583041696,1149
11523,23.043695630436957,1142
11524,23.045695430456952,1142
11525,23.04769523047695,1146
11526,23.04969503049695,1149
11527,23.051694830516947,1152
11528,23.053694630536945,1152
11529,23.055694430556944,1149
11530,23.057694230576942,1144
11531,23.05969403059694,1137
11532,23.06169383061694,1130
11533,23.063693630636937,1121
11534,23.065693430656935,1113
11535,23.06769323067693,1110
11536,23.06969303069693,1111
11537,23.071692830716927,1111
11538,23.073692630736925,1114
11539,23.075692430756924,1120
11540,23.077692230776922,1128
11541,23.07969203079692,1129
11542,23.08169183081692,1120
11543,23.083691630836917,1108
11544,23.085691430856915,1104
11545,23.087691230876914,1102
11546,23.08969103089691,1098
11547,23.091690830916907,1092
11548,23.093690630936905,1086
11549,23.095690430956903,1079
11550,23.0976902309769,1070
11551,23.0996900309969,1060
11552,23.1016898310169,1053
11553,23.103689631036897,1053
11554,23.105689431056895,1059
11555,23.107689231076893,1073
11556,23.109689031096888,1086
11557,23.111688831116886,1087
11558,23.113688631136885,1081
11559,23.115688431156883,1083
11560,23.11768823117688,1092
11561,23.11968803119688,1090
11562,23.121687831216878,1076
11563,23.123687631236876,1070
11564,23.125687431256875,1087
11565,23.127687231276873,1112
11566,23.12968703129687,1121
11567,23.131686831316866,1109
11568,23.133686631336865,1095
11569,23.135686431356863,1091
11570,23.13768623137686,1096
11571,23.13968603139686,1104
11572,23.141685831416858,1112
11573,23.143685631436856,1115
11574,23.145685431456855,1113
11575,23.147685231476853,1111
11576,23.14968503149685,1108
11577,23.15168483151685,1102
11578,23.153684631536844,1095
11579,23.155684431556843,1096
11580,23.15768423157684,1103
11581,23.15968403159684,1106
11582,23.161683831616838,1106
11583,23.163683631636836,1103
11584,23.165683431656834,1097
11585,23.167683231676833,1092
11586,23.16968303169683,1095
11587,23.17168283171683,1107
11588,23.173682631736824,1123
11589,23.175682431756822,1136
11590,23.17768223177682,1145
11591,23.17968203179682,1150
11592,23.181681831816817,1149
11593,23.183681631836816,1142
11594,23.185681431856814,1136
11595,23.187681231876812,1135
11596,23.18968103189681,1137
11597,23.19168083191681,1133
11598,23.193680631936807,1117
11599,23.195680431956802,1096
11600,23.1976802319768,1085
11601,23.1996800319968,1088
11602,23.201679832016797,1094
11603,23.203679632036796,1098
11604,23.205679432056794,1099
11605,23.207679232076792,1104
11606,23.20967903209679,1110
11607,23.21167883211679,1108
11608,23.213678632136787,1098
11609,23.215678432156786,1091
11610,23.21767823217678,1092
11611,23.21967803219678,1096
11612,23.221677832216777,1096
11613,23.223677632236775,1093
11614,23.225677432256774,1090
11615,23.227677232276772,1087
11616,23.22967703229677,1081
11617,23.23167683231677,1081
11618,23.233676632336767,1091
11619,23.235676432356765,1098
11620,23.23767623237676,1093
11621,23.23967603239676,1089
11622,23.241675832416757,1098
11623,23.243675632436755,1107
11624,23.245675432456753,1100
11625,23.24767523247675,1088
11626,23.24967503249675,1086
11627,23.25167483251675,1094
11628,23.253674632536747,1105
11629,23.255674432556745,1114
11630,23.257674232576743,1120
11631,23.259674032596738,1122
11632,23.261673832616736,1123
11633,23.263673632636735,1125
11634,23.265673432656733,1129
11635,23.26767323267673,1133
11636,23.26967303269673,1137
11637,23.271672832716728,1140
11638,23.273672632736726,1141
11639,23.275672432756725,1142
11640,23.277672232776723,1140
11641,23.27967203279672,1136
11642,23.281671832816716,1136
11643,23.283671632836715,1147
11644,23.285671432856713,1172
11645,23.28767123287671,1196
11646,23.28967103289671,1200
11647,23.291670832916708,1183
11648,23.293670632936706,1161
11649,23.295670432956705,1155
11650,23.297670232976703,1165
11651,23.2996700329967,1179
11652,23.301669833016696,1184
11653,23.303669633036694,1173
11654,23.305669433056693,1152
11655,23.30766923307669,1131
11656,23.30966903309669,1122
11657,23.311668833116688,1129
11658,23.313668633136686,1140
11659,23.315668433156684,1145
11660,23.317668233176683,1141
11661,23.31966803319668,1129
11662,23.32166783321668,1115
11663,23.323667633236674,1107
11664,23.325667433256672,1108
11665,23.32766723327667,1115
11666,23.32966703329667,1123
11667,23.331666833316667,1125
11668,23.333666633336666,1119
11669,23.335666433356664,1111
11670,23.337666233376662,1112
11671,23.33966603339666,1124
11672,23.34166583341666,1132
11673,23.343665633436657,1128
11674,23.345665433456652,1115
11675,23.34766523347665,1100
11676,23.34966503349665,1089
11677,23.351664833516647,1081
11678,23.353664633536646,1078
11679,23.355664433556644,1087
11680,23.357664233576642,1108
11681,23.35966403359664,1129
11682,23.36166383361664,1135
11683,23.363663633636637,1130
11684,23.365663433656636,1125
11685,23.36766323367663,1125
11686,23.36966303369663,1125
11687,23.371662833716627,1121
11688,23.373662633736625,1121
11689,23.375662433756624,1128
11690,23.377662233776622,1134
11691,23.37966203379662,1126
11692,23.38166183381662,1113
11693,23.383661633836617,1110
11694,23.385661433856615,1118
11695,23.38766123387661,1135
11696,23.38966103389661,1155
11697,23.391660833916607,1165
11698,23.393660633936605,1157
11699,23.395660433956603,1143
11700,23.3976602339766,1140
11701,23.3996600339966,1144
11702,23.4016598340166,1139
11703,23.403659634036597,1125
11704,23.405659434056595,1120
11705,23.407659234076593,1126
11706,23.409659034096588,1134
11707,23.411658834116587,1131
11708,23.413658634136585,1119
11709,23.415658434156583,1111
11710,23.41765823417658,1114
11711,23.41965803419658,1125
11712,23.421657834216578,1134
11713,23.423657634236577,1137
11714,23.425657434256575,1136
11715,23.427657234276573,1132
11716,23.42965703429657,1124
11717,23.431656834316566,1119
11718,23.433656634336565,1118
11719,23.435656434356563,1119
11720,23.43765623437656,1118
11721,23.43965603439656,1113
11722,23.441655834416558,1109
11723,23.443655634436556,1106
11724,23.445655434456555,1108
11725,23.447655234476553,1117
11726,23.44965503449655,1130
11727,23.451654834516546,1140
11728,23.453654634536544,1143
11729,23.455654434556543,1137
11730,23.45765423457654,1124
11731,23.45965403459654,1117
11732,23.461653834616538,1120
11733,23.463653634636536,1129
11734,23.465653434656534,1138
11735,23.467653234676533,1142
11736,23.46965303469653,1140
11737,23.47165283471653,1136
11738,23.473652634736524,1136
11739,23.475652434756523,1141
11740,23.47765223477652,1148
11741,23.47965203479652,1155
11742,23.481651834816518,1155
11743,23.483651634836516,1146
11744,23.485651434856514,1133
11745,23.487651234876513,1123
11746,23.48965103489651,1116
11747,23.49165083491651,1114
11748,23.493650634936508,1122
11749,23.495650434956502,1139
11750,23.4976502349765,1154
11751,23.4996500349965,1154
11752,23.501649835016497,1141
11753,23.503649635036496,1130
11754,23.505649435056494,1130
11755,23.507649235076492,1137
11756,23.50964903509649,1140
11757,23.51164883511649,1134
11758,23.513648635136487,1129
11759,23.515648435156482,1134
11760,23.51764823517648,1143
11761,23.51964803519648,1136
11762,23.521647835216477,1118
11763,23.523647635236475,1112
11764,23.525647435256474,1125
11765,23.527647235276472,1138
11766,23.52964703529647,1141
11767,23.53164683531647,1136
11768,23.533646635336467,1133
11769,23.535646435356465,1135
11770,23.53764623537646,1142
11771,23.53964603539646,1146
11772,23.541645835416457,1146
11773,23.543645635436455,1145
11774,23.545645435456453,1147
11775,23.547645235476452,1156
11776,23.54964503549645,1167
11777,23.55164483551645,1169
11778,23.553644635536447,1162
11779,23.555644435556445,1156
11780,23.557644235576443,1160
11781,23.55964403559644,1171
11782,23.561643835616437,1179
11783,23.563643635636435,1177
11784,23.565643435656433,1166
11785,23.56764323567643,1155
11786,23.56964303569643,1155
11787,23.57164283571643,1159
11788,23.573642635736427,1160
11789,23.575642435756425,1156
11790,23.577642235776423,1155
11791,23.57964203579642,1160
11792,23.581641835816416,1165
11793,23.583641635836415,1165
11794,23.585641435856413,1162
11795,23.58764123587641,1166
11796,23.58964103589641,1175
11797,23.591640835916408,1174
11798,23.593640635936406,1161
11799,23.595640435956405,1149
11800,23.597640235976403,1147
11801,23.5996400359964,1150
11802,23.601639836016396,1147
11803,23.603639636036394,1139
11804,23.605639436056393,1132
11805,23.60763923607639,1132
11806,23.60963903609639,1142
11807,23.611638836116388,1155
11808,23.613638636136386,1163
11809,23.615638436156384,1161
11810,23.617638236176383,1149
11811,23.61963803619638,1139
11812,23.62163783621638,1134
11813,23.623637636236374,1131
11814,23.625637436256373,1127
11815,23.62763723627637,1129
11816,23.62963703629637,1140
11817,23.631636836316368,1154
11818,23.633636636336366,1158
11819,23.635636436356364,1149
11820,23.637636236376363,1142
11821,23.63963603639636,1145
11822,23.64163583641636,1150
11823,23.643635636436358,1150
11824,23.645635436456352,1155
11825,23.64763523647635,1165
11826,23.64963503649635,1172
11827,23.651634836516347,1166
11828,23.653634636536346,1151
11829,23.655634436556344,1137
11830,23.657634236576342,1134
11831,23.65963403659634,1144
11832,23.66163383661634,1157
11833,23.663633636636337,1157
11834,23.665633436656332,1143
11835,23.66763323667633,1131
11836,23.66963303669633,1130
11837,23.671632836716327,1137
11838,23.673632636736325,1142
11839,23.675632436756324,1140
11840,23.677632236776322,1136
11841,23.67963203679632,1138
11842,23.68163183681632,1143
11843,23.683631636836317,1142
11844,23.685631436856315,1129
11845,23.68763123687631,1118
11846,23.68963103689631,1120
11847,23.691630836916307,1131
11848,23.693630636936305,1138
11849,23.695630436956304,1139
11850,23.697630236976302,1135
11851,23.6996300369963,1130
11852,23.7016298370163,1127
11853,23.703629637036297,1130
11854,23.705629437056295,1142
11855,23.707629237076294,1155
11856,23.70962903709629,1159
11857,23.711628837116287,1152
11858,23.713628637136285,1135
11859,23.715628437156283,1124
11860,23.71762823717628,1133
11861,23.71962803719628,1155
11862,23.72162783721628,1170
11863,23.723627637236277,1171
11864,23.725627437256275,1168
11865,23.727627237276273,1165
11866,23.729627037296268,1160
11867,23.731626837316266,1155
11868,23.733626637336265,1153
11869,23.735626437356263,1156
11870,23.73762623737626,1162
11871,23.73962603739626,1167
11872,23.741625837416258,1167
11873,23.743625637436256,1158
11874,23.745625437456255,1144
11875,23.747625237476253,1134
11876,23.74962503749625,1131
11877,23.751624837516246,1133
11878,23.753624637536245,1137
11879,23.755624437556243,1141
11880,23.75762423757624,1142
11881,23.75962403759624,1137
11882,23.761623837616238,1133
11883,23.763623637636236,1135
11884,23.765623437656235,1148
11885,23.767623237676233,1166
11886,23.76962303769623,1172
11887,23.77162283771623,1160
11888,23.773622637736224,1144
11889,23.775622437756223,1141
11890,23.77762223777622,1149
11891,23.77962203779622,1159
11892,23.781621837816218,1161
11893,23.783621637836216,1155
11894,23.785621437856214,1149
11895,23.787621237876213,1149
11896,23.78962103789621,1147
11897,23.79162083791621,1140
11898,23.793620637936204,1135
11899,23.795620437956202,1137
11900,23.7976202379762,1139
11901,23.7996200379962,1135
11902,23.801619838016197,1130
11903,23.803619638036196,1128
11904,23.805619438056194,1127
11905,23.807619238076192,1129
11906,23.80961903809619,1140
11907,23.81161883811619,1159
11908,23.813618638136187,1171
11909,23.815618438156182,1170
11910,23.81761823817618,1164
11911,23.81961803819618,1163
11912,23.821617838216177,1164
11913,23.823617638236176,1161
11914,23.825617438256174,1155
11915,23.827617238276172,1147
11916,23.82961703829617,1135
11917,23.83161683831617,1122
11918,23.833616638336167,1119
11919,23.835616438356166,1127
11920,23.83761623837616,1139
11921,23.83961603839616,1148
11922,23.841615838416157,1154
11923,23.843615638436155,1157
11924,23.845615438456154,1157
11925,23.847615238476152,1160
11926,23.84961503849615,1166
11927,23.85161483851615,1172
11928,23.853614638536147,1173
11929,23.855614438556145,1169
11930,23.857614238576144,1162
11931,23.85961403859614,1156
11932,23.861613838616137,1154
11933,23.863613638636135,1150
11934,23.865613438656133,1142
11935,23.86761323867613,1133
11936,23.86961303869613,1134
11937,23.87161283871613,1143
11938,23.873612638736127,1148
11939,23.875612438756125,1141
11940,23.877612238776123,1131
11941,23.879612038796118,1130
11942,23.881611838816116,1146
11943,23.883611638836115,1168
11944,23.885611438856113,1173
11945,23.88761123887611,1156
11946,23.88961103889611,1138
11947,23.891610838916108,1138
11948,23.893610638936106,1153
11949,23.895610438956105,1169
11950,23.897610238976103,1174
11951,23.8996100389961,1165
11952,23.901609839016096,1144
11953,23.903609639036095,1126
11954,23.905609439056093,1130
11955,23.90760923907609,1150
11956,23.90960903909609,1166
11957,23.911608839116088,1166
11958,23.913608639136086,1162
11959,23.915608439156085,1163
11960,23.917608239176083,1162
11961,23.91960803919608,1160
11962,23.92160783921608,1163
11963,23.923607639236074,1172
11964,23.925607439256073,1181
11965,23.92760723927607,1186
11966,23.92960703929607,1187
11967,23.931606839316068,1184
11968,23.933606639336066,1178
11969,23.935606439356064,1175
11970,23.937606239376063,1173
11971,23.93960603939606,1170
11972,23.94160583941606,1165
11973,23.943605639436054,1159
11974,23.945605439456052,1149
11975,23.94760523947605,1143
11976,23.94960503949605,1149
11977,23.951604839516047,1160
11978,23.953604639536046,1156
11979,23.955604439556044,1135
11980,23.957604239576042,1119
11981,23.95960403959604,1126
11982,23.96160383961604,1147
11983,23.963603639636037,1158
11984,23.965603439656032,1151
11985,23.96760323967603,1135
11986,23.96960303969603,1125
11987,23.971602839716027,1129
11988,23.973602639736026,1146
11989,23.975602439756024,1161
11990,23.977602239776022,1158
11991,23.97960203979602,1142
11992,23.98160183981602,1129
11993,23.983601639836017,1131
11994,23.985601439856016,1146
11995,23.98760123987601,1159
11996,23.98960103989601,1159
11997,23.991600839916007,1146
11998,23.993600639936005,1130
11999,23.995600439956004,1122
12000,23.997600239976002,1126
12001,23.999600039996,1134
12002,24.001599840016,1133
12003,24.003599640035997,1125
12004,24.005599440055995,1115
12005,24.00759924007599,1110
12006,24.00959904009599,1109
12007,24.011598840115987,1109
12008,24.013598640135985,1105
12009,24.015598440155983,1087
12010,24.01759824017598,1071
12011,24.01959804019598,1079
12012,24.02159784021598,1108
12013,24.023597640235977,1127
12014,24.025597440255975,1121
12015,24.027597240275973,1108
12016,24.029597040295968,1105
12017,24.031596840315967,1107
12018,24.033596640335965,1109
12019,24.035596440355963,1116
12020,24.03759624037596,1124
12021,24.03959604039596,1120
12022,24.041595840415958,1105
12023,24.043595640435957,1096
12024,24.045595440455955,1100
12025,24.047595240475953,1111
12026,24.04959504049595,1122
12027,24.051594840515946,1133
12028,24.053594640535945,1141
12029,24.055594440555943,1146
12030,24.05759424057594,1149
12031,24.05959404059594,1152
12032,24.061593840615938,1150
12033,24.063593640635936,1140
12034,24.065593440655935,1131
12035,24.067593240675933,1131
12036,24.06959304069593,1140
12037,24.071592840715926,1150
12038,24.073592640735924,1162
12039,24.075592440755923,1174
12040,24.07759224077592,1178
12041,24.07959204079592,1167
12042,24.081591840815918,1153
12043,24.083591640835916,1157
12044,24.085591440855914,1174
12045,24.087591240875913,1182
12046,24.08959104089591,1170
12047,24.09159084091591,1149
12048,24.093590640935904,1133
12049,24.095590440955903,1132
12050,24.0975902409759,1148
12051,24.0995900409959,1169
12052,24.101589841015898,1178
12053,24.103589641035896,1178
12054,24.105589441055894,1180
12055,24.107589241075893,1183
12056,24.10958904109589,1180
12057,24.11158884111589,1174
12058,24.113588641135888,1168
12059,24.115588441155882,1168
12060,24.11758824117588,1173
12061,24.11958804119588,1174
12062,24.121587841215877,1170
12063,24.123587641235876,1166
12064,24.125587441255874,1166
12065,24.127587241275872,1166
12066,24.12958704129587,1166
12067,24.13158684131587,1170
12068,24.133586641335867,1172
12069,24.135586441355866,1165
12070,24.13758624137586,1152
12071,24.13958604139586,1145
12072,24.141585841415857,1150
12073,24.143585641435855,1160
12074,24.145585441455854,1167
12075,24.147585241475852,1166
12076,24.14958504149585,1157
12077,24.15158484151585,1146
12078,24.153584641535847,1141
12079,24.155584441555845,1149
12080,24.15758424157584,1163
12081,24.15958404159584,1169
12082,24.161583841615837,1165
12083,24.163583641635835,1155
12084,24.165583441655833,1145
12085,24.167583241675832,1142
12086,24.16958304169583,1154
12087,24.17158284171583,1171
12088,24.173582641735827,1178
12089,24.175582441755825,1175
12090,24.177582241775823,1168
12091,24.17958204179582,1161
12092,24.181581841815817,1153
12093,24.183581641835815,1150
12094,24.185581441855813,1157
12095,24.18758124187581,1168
12096,24.18958104189581,1169
12097,24.19158084191581,1161
12098,24.193580641935807,1159
12099,24.195580441955805,1171
12100,24.197580241975803,1185
12101,24.1995800419958,1184
12102,24.201579842015796,1169
12103,24.203579642035795,1161
12104,24.205579442055793,1169
12105,24.20757924207579,1181
12106,24.20957904209579,1181
12107,24.211578842115788,1172
12108,24.213578642135786,1167
12109,24.215578442155785,1168
12110,24.217578242175783,1170
12111,24.21957804219578,1168
12112,24.221577842215776,1170
12113,24.223577642235774,1179
12114,24.225577442255773,1187
12115,24.22757724227577,1187
12116,24.22957704229577,1181
12117,24.231576842315768,1177
12118,24.233576642335766,1172
12119,24.235576442355764,1162
12120,24.237576242375763,1155
12121,24.23957604239576,1158
12122,24.24157584241576,1164
12123,24.243575642435754,1167
12124,24.245575442455753,1173
12125,24.24757524247575,1183
12126,24.24957504249575,1188
12127,24.251574842515748,1189
12128,24.253574642535746,1195
12129,24.255574442555744,1201
12130,24.257574242575743,1198
12131,24.25957404259574,1183
12132,24.26157384261574,1167
12133,24.263573642635738,1161
12134,24.265573442655732,1161
12135,24.26757324267573,1158
12136,24.26957304269573,1150
12137,24.271572842715727,1147
12138,24.273572642735726,1158
12139,24.275572442755724,1176
12140,24.277572242775722,1188
12141,24.27957204279572,1188
12142,24.28157184281572,1182
12143,24.283571642835717,1176
12144,24.285571442855712,1169
12145,24.28757124287571,1162
12146,24.28957104289571,1160
12147,24.291570842915707,1168
12148,24.293570642935705,1181
12149,24.295570442955704,1190
12150,24.297570242975702,1186
12151,24.2995700429957,1175
12152,24.3015698430157,1166
12153,24.303569643035697,1163
12154,24.305569443055695,1171
12155,24.30756924307569,1189
12156,24.30956904309569,1204
12157,24.311568843115687,1203
12158,24.313568643135685,1183
12159,24.315568443155684,1156
12160,24.317568243175682,1140
12161,24.31956804319568,1146
12162,24.32156784321568,1162
12163,24.323567643235677,1168
12164,24.325567443255675,1155
12165,24.327567243275674,1129
12166,24.32956704329567,1110
12167,24.331566843315667,1110
12168,24.333566643335665,1127
12169,24.335566443355663,1148
12170,24.33756624337566,1158
12171,24.33956604339566,1156
12172,24.34156584341566,1155
12173,24.343565643435657,1166
12174,24.345565443455655,1182
12175,24.347565243475653,1191
12176,24.34956504349565,1186
12177,24.351564843515646,1170
12178,24.353564643535645,1157
12179,24.355564443555643,1162
12180,24.35756424357564,1181
12181,24.35956404359564,1196
12182,24.361563843615638,1199
12183,24.363563643635636,1193
12184,24.365563443655635,1190
12185,24.367563243675633,1194
12186,24.36956304369563,1202
12187,24.371562843715626,1204
12188,24.373562643735625,1197
12189,24.375562443755623,1188
12190,24.37756224377562,1185
12191,24.37956204379562,1185
12192,24.381561843815618,1183
12193,24.383561643835616,1178
12194,24.385561443855615,1182
12195,24.387561243875613,1198
12196,24.38956104389561,1209
12197,24.39156084391561,1200
12198,24.393560643935604,1180
12199,24.395560443955603,1168
12200,24.3975602439756,1169
12201,24.3995600439956,1174
12202,24.401559844015598,1170
12203,24.403559644035596,1161
12204,24.405559444055594,1158
12205,24.407559244075593,1165
12206,24.40955904409559,1168
12207,24.41155884411559,1165
12208,24.413558644135588,1162
12209,24.415558444155582,1167
12210,24.41755824417558,1179
12211,24.41955804419558,1189
12212,24.421557844215577,1188
12213,24.423557644235576,1176
12214,24.425557444255574,1160
12215,24.427557244275572,1148
12216,24.42955704429557,1144
12217,24.43155684431557,1145
12218,24.433556644335567,1144
12219,24.435556444355562,1141
12220,24.43755624437556,1143
12221,24.43955604439556,1153
12222,24.441555844415557,1157
12223,24.443555644435556,1152
12224,24.445555444455554,1147
12225,24.447555244475552,1148
12226,24.44955504449555,1149
12227,24.45155484451555,1149
12228,24.453554644535547,1153
12229,24.455554444555546,1162
12230,24.45755424457554,1168
12231,24.45955404459554,1163
12232,24.461553844615537,1154
12233,24.463553644635535,1150
12234,24.465553444655534,1151
12235,24.467553244675532,1151
12236,24.46955304469553,1146
12237,24.47155284471553,1139
12238,24.473552644735527,1134
12239,24.475552444755525,1134
12240,24.477552244775524,1139
12241,24.47955204479552,1147
12242,24.481551844815517,1152
12243,24.483551644835515,1151
12244,24.485551444855513,1154
12245,24.48755124487551,1165
12246,24.48955104489551,1176
12247,24.49155084491551,1175
12248,24.493550644935507,1167
12249,24.495550444955505,1165
12250,24.497550244975503,1170
12251,24.499550044995498,1173
12252,24.501549845015496,1172
12253,24.503549645035495,1170
12254,24.505549445055493,1162
12255,24.50754924507549,1150
12256,24.50954904509549,1145
12257,24.511548845115488,1153
12258,24.513548645135486,1161
12259,24.515548445155485,1156
12260,24.517548245175483,1136
12261,24.51954804519548,1118
12262,24.521547845215476,1114
12263,24.523547645235475,1126
12264,24.525547445255473,1144
12265,24.52754724527547,1160
12266,24.52954704529547,1168
12267,24.531546845315468,1168
12268,24.533546645335466,1164
12269,24.535546445355465,1161
12270,24.537546245375463,1160
12271,24.53954604539546,1155
12272,24.54154584541546,1154
12273,24.543545645435454,1163
12274,24.545545445455453,1177
12275,24.54754524547545,1183
12276,24.54954504549545,1177
12277,24.551544845515448,1167
12278,24.553544645535446,1164
12279,24.555544445555444,1166
12280,24.557544245575443,1163
12281,24.55954404559544,1153
12282,24.56154384561544,1144
12283,24.563543645635434,1135
12284,24.565543445655432,1124
12285,24.56754324567543,1112
12286,24.56954304569543,1108
12287,24.571542845715427,1118
12288,24.573542645735426,1132
12289,24.575542445755424,1134
12290,24.577542245775422,1129
12291,24.57954204579542,1127
12292,24.58154184581542,1131
12293,24.583541645835417,1133
12294,24.585541445855412,1127
12295,24.58754124587541,1117
12296,24.58954104589541,1112
12297,24.591540845915407,1113
12298,24.593540645935406,1114
12299,24.595540445955404,1115
12300,24.597540245975402,1122
12301,24.5995400459954,1134
12302,24.6015398460154,1142
12303,24.603539646035397,1140
12304,24.605539446055396,1139
12305,24.60753924607539,1146
12306,24.60953904609539,1151
12307,24.611538846115387,1143
12308,24.613538646135385,1131
12309,24.615538446155384,1124
12310,24.617538246175382,1120
12311,24.61953804619538,1119
12312,24.62153784621538,1126
12313,24.623537646235377,1135
12314,24.625537446255375,1136
12315,24.627537246275374,1127
12316,24.62953704629537,1119
12317,24.631536846315367,1118
12318,24.633536646335365,1127
12319,24.635536446355363,1138
12320,24.63753624637536,1146
12321,24.63953604639536,1149
12322,24.64153584641536,1153
12323,24.643535646435357,1155
12324,24.645535446455355,1150
12325,24.647535246475353,1141
12326,24.649535046495348,1144
12327,24.651534846515347,1154
12328,24.653534646535345,1158
12329,24.655534446555343,1154
12330,24.65753424657534,1157
12331,24.65953404659534,1165
12332,24.661533846615338,1165
12333,24.663533646635337,1154
12334,24.665533446655335,1142
12335,24.667533246675333,1135
12336,24.66953304669533,1129
12337,24.671532846715326,1126
12338,24.673532646735325,1125
12339,24.675532446755323,1127
12340,24.67753224677532,1128
12341,24.67953204679532,1128
12342,24.681531846815318,1127
12343,24.683531646835316,1129
12344,24.685531446855315,1133
12345,24.687531246875313,1136
12346,24.68953104689531,1138
12347,24.69153084691531,1139
12348,24.693530646935304,1133
12349,24.695530446955303,1123
12350,24.6975302469753,1116
12351,24.6995300469953,1120
12352,24.701529847015298,1132
12353,24.703529647035296,1142
12354,24.705529447055294,1138
12355,24.707529247075293,1125
12356,24.70952904709529,1116
12357,24.71152884711529,1120
12358,24.713528647135284,1129
12359,24.715528447155283,1129
12360,24.71752824717528,1120
12361,24.71952804719528,1104
12362,24.721527847215278,1090
12363,24.723527647235276,1086
12364,24.725527447255274,1093
12365,24.727527247275273,1100
12366,24.72952704729527,1100
12367,24.73152684731527,1097
12368,24.733526647335268,1101
12369,24.735526447355262,1114
12370,24.73752624737526,1126
12371,24.73952604739526,1125
12372,24.741525847415257,1110
12373,24.743525647435256,1098
12374,24.745525447455254,1105
12375,24.747525247475252,1117
12376,24.74952504749525,1114
12377,24.75152484751525,1101
12378,24.753524647535247,1094
12379,24.755524447555246,1105
12380,24.75752424757524,1122
12381,24.75952404759524,1125
12382,24.761523847615237,1113
12383,24.763523647635235,1107
12384,24.765523447655234,1117
12385,24.767523247675232,1130
12386,24.76952304769523,1126
12387,24.77152284771523,1112
12388,24.773522647735227,1106
12389,24.775522447755225,1118
12390,24.77752224777522,1135
12391,24.77952204779522,1140
12392,24.781521847815217,1133
12393,24.783521647835215,1127
12394,24.785521447855213,1123
12395,24.787521247875212,1117
12396,24.78952104789521,1116
12397,24.79152084791521,1122
12398,24.793520647935207,1127
12399,24.795520447955205,1124
12400,24.797520247975203,1117
12401,24.7995200479952,1109
12402,24.801519848015197,1108
12403,24.803519648035195,1117
12404,24.805519448055193,1135
12405,24.80751924807519,1148
12406,24.80951904809519,1146
12407,24.81151884811519,1135
12408,24.813518648135187,1129
12409,24.815518448155185,1135
12410,24.817518248175183,1142
12411,24.81951804819518,1139
12412,24.821517848215176,1127
12413,24.823517648235175,1119
12414,24.825517448255173,1122
12415,24.82751724827517,1128
12416,24.82951704829517,1131
12417,24.831516848315168,1129
12418,24.833516648335166,1126
12419,24.835516448355165,1123
12420,24.837516248375163,1118
12421,24.83951604839516,1119
12422,24.84151584841516,1129
12423,24.843515648435154,1136
12424,24.845515448455153,1137
12425,24.84751524847515,1138
12426,24.84951504849515,1145
12427,24.851514848515148,1152
12428,24.853514648535146,1152
12429,24.855514448555144,1143
12430,24.857514248575143,1133
12431,24.85951404859514,1137
12432,24.86151384861514,1151
12433,24.863513648635134,1159
12434,24.865513448655133,1155
12435,24.86751324867513,1146
12436,24.86951304869513,1137
12437,24.871512848715128,1131
12438,24.873512648735126,1129
12439,24.875512448755124,1127
12440,24.877512248775123,1123
12441,24.87951204879512,1114
12442,24.88151184881512,1105
12443,24.883511648835118,1111
12444,24.885511448855112,1131
12445,24.88751124887511,1141
12446,24.88951104889511,1128
12447,24.891510848915107,1113
12448,24.893510648935106,1118
12449,24.895510448955104,1136
12450,24.897510248975102,1147
12451,24.8995100489951,1142
12452,24.9015098490151,1125
12453,24.903509649035097,1110
12454,24.905509449055096,1108
12455,24.90750924907509,1118
12456,24.90950904909509,1130
12457,24.911508849115087,1139
12458,24.913508649135085,1144
12459,24.915508449155084,1143
12460,24.917508249175082,1137
12461,24.91950804919508,1137
12462,24.92150784921508,1144
12463,24.923507649235077,1152
12464,24.925507449255075,1150
12465,24.92750724927507,1137
12466,24.92950704929507,1123
12467,24.931506849315067,1121
12468,24.933506649335065,1131
12469,24.935506449355064,1138
12470,24.937506249375062,1131
12471,24.93950604939506,1125
12472,24.94150584941506,1133
12473,24.943505649435057,1147
12474,24.945505449455055,1142
12475,24.947505249475054,1120
12476,24.94950504949505,1107
12477,24.951504849515047,1115
12478,24.953504649535045,1128
12479,24.955504449555043,1126
12480,24.95750424957504,1113
12481,24.95950404959504,1099
12482,24.96150384961504,1097
12483,24.963503649635037,1111
12484,24.965503449655035,1140
12485,24.967503249675033,1165
12486,24.96950304969503,1169
12487,24.971502849715026,1161
12488,24.973502649735025,1160
12489,24.975502449755023,1165
12490,24.97750224977502,1155
12491,24.97950204979502,1129
12492,24.981501849815018,1109
12493,24.983501649835016,1109
12494,24.985501449855015,1121
12495,24.987501249875013,1124
12496,24.98950104989501,1115
12497,24.991500849915006,1104
12498,24.993500649935005,1101
12499,24.995500449955003,1104
12500,24.997500249975,1110
12501,24.999500049995,1124
12502,25.001499850014998,1140
12503,25.003499650034996,1141
12504,25.005499450054995,1122
12505,25.007499250074993,1106
12506,25.00949905009499,1112
12507,25.01149885011499,1133
12508,25.013498650134984,1142
12509,25.015498450154983,1130
12510,25.01749825017498,1112
12511,25.01949805019498,1102
12512,25.021497850214978,1093
12513,25.023497650234976,1081
12514,25.025497450254974,1080
12515,25.027497250274973,1096
12516,25.02949705029497,1120
12517,25.03149685031497,1137
12518,25.033496650334968,1139
12519,25.035496450354962,1130
12520,25.03749625037496,1121
12521,25.03949605039496,1123
12522,25.041495850414957,1134
12523,25.043495650434956,1140
12524,25.045495450454954,1132
12525,25.047495250474952,1117
12526,25.04949505049495,1101
12527,25.05149485051495,1086
12528,25.053494650534947,1074
12529,25.055494450554942,1074
12530,25.05749425057494,1087
12531,25.05949405059494,1103
12532,25.061493850614937,1105
12533,25.063493650634936,1090
12534,25.065493450654934,1070
12535,25.067493250674932,1061
12536,25.06949305069493,1069
12537,25.07149285071493,1083
12538,25.073492650734927,1092
12539,25.075492450754925,1094
12540,25.07749225077492,1091
12541,25.07949205079492,1088
12542,25.081491850814917,1093
12543,25.083491650834915,1110
12544,25.085491450854914,1124
12545,25.087491250874912,1125
12546,25.08949105089491,1114
12547,25.09149085091491,1101
12548,25.093490650934907,1093
12549,25.095490450954905,1094
12550,25.097490250974904,1104
12551,25.0994900509949,1112
12552,25.101489851014897,1104
12553,25.103489651034895,1087
12554,25.105489451054893,1076
12555,25.10748925107489,1077
12556,25.10948905109489,1082
12557,25.11148885111489,1089
12558,25.113488651134887,1098
12559,25.115488451154885,1101
12560,25.117488251174883,1096
12561,25.11948805119488,1096
12562,25.121487851214876,1107
12563,25.123487651234875,1117
12564,25.125487451254873,1117
12565,25.12748725127487,1115
12566,25.12948705129487,1119
12567,25.131486851314868,1129
12568,25.133486651334866,1137
12569,25.135486451354865,1140
12570,25.137486251374863,1128
12571,25.13948605139486,1105
12572,25.141485851414856,1091
12573,25.143485651434855,1100
12574,25.145485451454853,1121
12575,25.14748525147485,1135
12576,25.14948505149485,1136
12577,25.151484851514848,1127
12578,25.153484651534846,1120
12579,25.155484451554845,1123
12580,25.157484251574843,1134
12581,25.15948405159484,1138
12582,25.16148385161484,1135
12583,25.163483651634834,1134
12584,25.165483451654833,1137
12585,25.16748325167483,1140
12586,25.16948305169483,1136
12587,25.171482851714828,1121
12588,25.173482651734826,1106
12589,25.175482451754824,1106
12590,25.177482251774823,1118
12591,25.17948205179482,1127
12592,25.18148185181482,1123
12593,25.183481651834818,1117
12594,25.185481451854812,1119
12595,25.18748125187481,1128
12596,25.18948105189481,1135
12597,25.191480851914807,1142
12598,25.193480651934806,1146
12599,25.195480451954804,1144
12600,25.197480251974802,1138
12601,25.1994800519948,1130
12602,25.2014798520148,1123
12603,25.203479652034797,1119
12604,25.205479452054792,1115
12605,25.20747925207479,1109
12606,25.20947905209479,1107
12607,25.211478852114787,1107
12608,25.213478652134786,1104
12609,25.215478452154784,1098
12610,25.217478252174782,1100
12611,25.21947805219478,1112
12612,25.22147785221478,1120
12613,25.223477652234777,1121
12614,25.225477452254776,1123
12615,25.22747725227477,1121
12616,25.22947705229477,1111
12617,25.231476852314767,1103
12618,25.233476652334765,1110
12619,25.235476452354764,1130
12620,25.237476252374762,1153
12621,25.23947605239476,1169
12622,25.24147585241476,1173
12623,25.243475652434757,1160
12624,25.245475452454755,1141
12625,25.247475252474754,1134
12626,25.24947505249475,1137
12627,25.251474852514747,1139
12628,25.253474652534745,1135
12629,25.255474452554743,1136
12630,25.25747425257474,1142
12631,25.25947405259474,1144
12632,25.26147385261474,1138
12633,25.263473652634737,1132
12634,25.265473452654735,1139
12635,25.267473252674733,1153
12636,25.269473052694728,1154
12637,25.271472852714727,1136
12638,25.273472652734725,1115
12639,25.275472452754723,1111
12640,25.27747225277472,1123
12641,25.27947205279472,1140
12642,25.281471852814718,1148
12643,25.283471652834717,1149
12644,25.285471452854715,1150
12645,25.287471252874713,1150
12646,25.28947105289471,1147
12647,25.291470852914706,1155
12648,25.293470652934705,1173
12649,25.295470452954703,1176
12650,25.2974702529747,1149
12651,25.2994700529947,1119
12652,25.301469853014698,1117
12653,25.303469653034696,1138
12654,25.305469453054695,1154
12655,25.307469253074693,1158
12656,25.30946905309469,1163
12657,25.31146885311469,1169
12658,25.313468653134684,1164
12659,25.315468453154683,1154
12660,25.31746825317468,1156
12661,25.31946805319468,1167
12662,25.321467853214678,1175
12663,25.323467653234676,1171
12664,25.325467453254674,1158
12665,25.327467253274673,1154
12666,25.32946705329467,1166
12667,25.33146685331467,1181
12668,25.333466653334664,1184
12669,25.335466453354663,1180
12670,25.33746625337466,1181
12671,25.33946605339466,1184
12672,25.341465853414658,1180
12673,25.343465653434656,1171
12674,25.345465453454654,1168
12675,25.347465253474653,1171
12676,25.34946505349465,1179
12677,25.35146485351465,1189
12678,25.353464653534648,1195
12679,25.355464453554642,1189
12680,25.35746425357464,1167
12681,25.35946405359464,1147
12682,25.361463853614637,1142
12683,25.363463653634636,1147
12684,25.365463453654634,1145
12685,25.367463253674632,1130
12686,25.36946305369463,1111
12687,25.37146285371463,1103
12688,25.373462653734627,1111
12689,25.375462453754626,1125
12690,25.37746225377462,1132
12691,25.37946205379462,1131
12692,25.381461853814617,1127
12693,25.383461653834615,1124
12694,25.385461453854614,1118
12695,25.387461253874612,1106
12696,25.38946105389461,1097
12697,25.39146085391461,1096
12698,25.393460653934607,1103
12699,25.395460453954605,1110
12700,25.397460253974604,1114
12701,25.3994600539946,1119
12702,25.401459854014597,1132
12703,25.403459654034595,1145
12704,25.405459454054593,1150
12705,25.407459254074592,1148
12706,25.40945905409459,1145
12707,25.41145885411459,1141
12708,25.413458654134587,1132
12709,25.415458454154585,1118
12710,25.417458254174583,1111
12711,25.41945805419458,1121
12712,25.421457854214577,1134
12713,25.423457654234575,1133
12714,25.425457454254573,1121
12715,25.42745725427457,1116
12716,25.42945705429457,1119
12717,25.43145685431457,1124
12718,25.433456654334567,1127
12719,25.435456454354565,1128
12720,25.437456254374563,1128
12721,25.43945605439456,1127
12722,25.441455854414556,1126
12723,25.443455654434555,1124
12724,25.445455454454553,1125
12725,25.44745525447455,1135
12726,25.44945505449455,1149
12727,25.451454854514548,1161
12728,25.453454654534546,1162
12729,25.455454454554545,1151
12730,25.457454254574543,1142
12731,25.45945405459454,1141
12732,25.46145385461454,1143
12733,25.463453654634534,1144
12734,25.465453454654533,1147
12735,25.46745325467453,1152
12736,25.46945305469453,1152
12737,25.471452854714528,1150
12738,25.473452654734526,1152
12739,25.475452454754524,1157
12740,25.477452254774523,1158
12741,25.47945205479452,1155
12742,25.48145185481452,1155
12743,25.483451654834514,1162
12744,25.485451454854513,1173
12745,25.48745125487451,1179
12746,25.48945105489451,1178
12747,25.491450854914508,1174
12748,25.493450654934506,1167
12749,25.495450454954504,1160
12750,25.497450254974503,1159
12751,25.4994500549945,1166
12752,25.5014498550145,1172
12753,25.503449655034498,1171
12754,25.505449455054492,1170
12755,25.50744925507449,1181
12756,25.50944905509449,1195
12757,25.511448855114487,1196
12758,25.513448655134486,1185
12759,25.515448455154484,1184
12760,25.517448255174482,1197
12761,25.51944805519448,1210
12762,25.52144785521448,1208
12763,25.523447655234477,1186
12764,25.525447455254476,1156
12765,25.52744725527447,1141
12766,25.52944705529447,1146
12767,25.531446855314467,1154
12768,25.533446655334465,1149
12769,25.535446455354464,1144
12770,25.537446255374462,1150
12771,25.53944605539446,1156
12772,25.54144585541446,1145
12773,25.543445655434457,1129
12774,25.545445455454455,1126
12775,25.54744525547445,1135
12776,25.54944505549445,1146
12777,25.551444855514447,1153
12778,25.553444655534445,1154
12779,25.555444455554444,1148
12780,25.557444255574442,1145
12781,25.55944405559444,1151
12782,25.56144385561444,1156
12783,25.563443655634437,1152
12784,25.565443455654435,1146
12785,25.567443255674434,1142
12786,25.56944305569443,1137
12787,25.571442855714427,1128
12788,25.573442655734425,1120
12789,25.575442455754423,1118
12790,25.57744225577442,1120
12791,25.57944205579442,1124
12792,25.58144185581442,1126
12793,25.583441655834417,1129
12794,25.585441455854415,1130
12795,25.587441255874413,1127
12796,25.58944105589441,1123
12797,25.591440855914406,1127
12798,25.593440655934405,1141
12799,25.595440455954403,1155
12800,25.5974402559744,1157
12801,25.5994400559944,1155
12802,25.601439856014398,1158
12803,25.603439656034396,1167
12804,25.605439456054395,1173
12805,25.607439256074393,1170
12806,25.60943905609439,1160
12807,25.61143885611439,1152
12808,25.613438656134385,1149
12809,25.615438456154383,1150
12810,25.61743825617438,1149
12811,25.61943805619438,1146
12812,25.621437856214378,1146
12813,25.623437656234376,1156
12814,25.625437456254375,1173
12815,25.627437256274373,1186
12816,25.62943705629437,1188
12817,25.63143685631437,1181
12818,25.633436656334364,1177
12819,25.635436456354363,1181
12820,25.63743625637436,1184
12821,25.63943605639436,1177
12822,25.641435856414358,1167
12823,25.643435656434356,1161
12824,25.645435456454354,1155
12825,25.647435256474353,1154
12826,25.64943505649435,1163
12827,25.65143485651435,1173
12828,25.653434656534348,1173
12829,25.655434456554342,1161
12830,25.65743425657434,1145
12831,25.65943405659434,1132
12832,25.661433856614337,1132
12833,25.663433656634336,1148
12834,25.665433456654334,1164
12835,25.667433256674332,1165
12836,25.66943305669433,1153
12837,25.67143285671433,1148
12838,25.673432656734327,1155
12839,25.675432456754326,1165
12840,25.67743225677432,1170
12841,25.67943205679432,1169
12842,25.681431856814317,1164
12843,25.683431656834316,1158
12844,25.685431456854314,1149
12845,25.687431256874312,1138
12846,25.68943105689431,1133
12847,25.69143085691431,1136
12848,25.693430656934307,1138
12849,25.695430456954305,1136
12850,25.6974302569743,1136
12851,25.6994300569943,1138
12852,25.701429857014297,1138
12853,25.703429657034295,1140
12854,25.705429457054294,1146
12855,25.707429257074292,1148
12856,25.70942905709429,1150
12857,25.71142885711429,1155
12858,25.713428657134287,1160
12859,25.715428457154285,1163
12860,25.717428257174284,1167
12861,25.71942805719428,1172
12862,25.721427857214277,1175
12863,25.723427657234275,1175
12864,25.725427457254273,1177
12865,25.72742725727427,1179
12866,25.72942705729427,1183
12867,25.73142685731427,1185
12868,25.733426657334267,1186
12869,25.735426457354265,1185
12870,25.737426257374263,1184
12871,25.73942605739426,1181
12872,25.741425857414256,1178
12873,25.743425657434255,1179
12874,25.745425457454253,1182
12875,25.74742525747425,1181
12876,25.74942505749425,1176
12877,25.751424857514248,1167
12878,25.753424657534246,1158
12879,25.755424457554245,1152
12880,25.757424257574243,1151
12881,25.75942405759424,1151
12882,25.761423857614236,1153
12883,25.763423657634235,1158
12884,25.765423457654233,1167
12885,25.76742325767423,1169
12886,25.76942305769423,1156
12887,25.771422857714228,1140
12888,25.773422657734226,1144
12889,25.775422457754225,1166
12890,25.777422257774223,1185
12891,25.77942205779422,1185
12892,25.78142185781422,1171
12893,25.783421657834214,1164
12894,25.785421457854213,1167
12895,25.78742125787421,1165
12896,25.78942105789421,1154
12897,25.791420857914208,1146
12898,25.793420657934206,1152
12899,25.795420457954204,1158
12900,25.797420257974203,1151
12901,25.7994200579942,1138
12902,25.8014198580142,1136
12903,25.803419658034198,1151
12904,25.805419458054192,1170
12905,25.80741925807419,1180
12906,25.80941905809419,1173
12907,25.811418858114187,1159
12908,25.813418658134186,1153
12909,25.815418458154184,1158
12910,25.817418258174182,1170
12911,25.81941805819418,1175
12912,25.82141785821418,1164
12913,25.823417658234177,1141
12914,25.825417458254172,1122
12915,25.82741725827417,1121
12916,25.82941705829417,1136
12917,25.831416858314167,1149
12918,25.833416658334166,1140
12919,25.835416458354164,1120
12920,25.837416258374162,1111
12921,25.83941605839416,1114
12922,25.84141585841416,1118
12923,25.843415658434157,1120
12924,25.845415458454156,1122
12925,25.84741525847415,1126
12926,25.84941505849415,1130
12927,25.851414858514147,1129
12928,25.853414658534145,1120
12929,25.855414458554144,1115
12930,25.857414258574142,1120
12931,25.85941405859414,1125
12932,25.86141385861414,1117
12933,25.863413658634137,1098
12934,25.865413458654135,1081
12935,25.867413258674134,1078
12936,25.86941305869413,1096
12937,25.871412858714127,1128
12938,25.873412658734125,1151
12939,25.875412458754123,1148
12940,25.87741225877412,1130
12941,25.87941205879412,1122
12942,25.88141185881412,1129
12943,25.883411658834117,1145
12944,25.885411458854115,1160
12945,25.887411258874113,1166
12946,25.88941105889411,1158
12947,25.891410858914107,1145
12948,25.893410658934105,1136
12949,25.895410458954103,1129
12950,25.8974102589741,1125
12951,25.8994100589941,1129
12952,25.901409859014098,1139
12953,25.903409659034097,1146
12954,25.905409459054095,1142
12955,25.907409259074093,1128
12956,25.90940905909409,1116
12957,25.911408859114086,1114
12958,25.913408659134085,1117
12959,25.915408459154083,1118
12960,25.91740825917408,1114
12961,25.91940805919408,1109
12962,25.921407859214078,1109
12963,25.923407659234076,1121
12964,25.925407459254075,1144
12965,25.927407259274073,1165
12966,25.92940705929407,1166
12967,25.93140685931407,1149
12968,25.933406659334064,1128
12969,25.935406459354063,1116
12970,25.93740625937406,1118
12971,25.93940605939406,1132
12972,25.941405859414058,1142
12973,25.943405659434056,1135
12974,25.945405459454054,1116
12975,25.947405259474053,1105
12976,25.94940505949405,1111
12977,25.95140485951405,1130
12978,25.953404659534048,1148
12979,25.955404459554043,1157
12980,25.95740425957404,1158
12981,25.95940405959404,1157
12982,25.961403859614038,1157
12983,25.963403659634036,1156
12984,25.965403459654034,1150
12985,25.967403259674033,1140
12986,25.96940305969403,1130
12987,25.97140285971403,1125
12988,25.973402659734028,1128
12989,25.975402459754022,1139
12990,25.97740225977402,1153
12991,25.97940205979402,1156
12992,25.981401859814017,1139
12993,25.983401659834016,1115
12994,25.985401459854014,1107
12995,25.987401259874012,1122
12996,25.98940105989401,1145
12997,25.99140085991401,1155
12998,25.993400659934007,1144
12999,25.995400459954006,1127
13000,25.997400259974,1117
13001,25.999400059994,1121
13002,26.001399860013997,1131
13003,26.003399660033995,1134
13004,26.005399460053994,1125
13005,26.007399260073992,1113
13006,26.00939906009399,1115
13007,26.01139886011399,1132
13008,26.013398660133987,1149
13009,26.015398460153985,1152
13010,26.017398260173984,1144
13011,26.01939806019398,1138
13012,26.021397860213977,1144
13013,26.023397660233975,1155
13014,26.025397460253973,1156
13015,26.027397260273972,1146
13016,26.02939706029397,1141
13017,26.03139686031397,1138
13018,26.033396660333967,1130
13019,26.035396460353965,1119
13020,26.037396260373963,1119
13021,26.03939606039396,1128
13022,26.041395860413957,1135
13023,26.043395660433955,1140
13024,26.045395460453953,1149
13025,26.04739526047395,1150
13026,26.04939506049395,1134
13027,26.05139486051395,1117
13028,26.053394660533947,1119
13029,26.055394460553945,1133
13030,26.057394260573943,1138
13031,26.05939406059394,1122
13032,26.061393860613936,1105
13033,26.063393660633935,1103
13034,26.065393460653933,1112
13035,26.06739326067393,1115
13036,26.06939306069393,1113
13037,26.071392860713928,1115
13038,26.073392660733926,1123
13039,26.075392460753925,1130
13040,26.077392260773923,1135
13041,26.07939206079392,1137
13042,26.08139186081392,1138
13043,26.083391660833914,1141
13044,26.085391460853913,1148
13045,26.08739126087391,1156
13046,26.08939106089391,1160
13047,26.091390860913908,1157
13048,26.093390660933906,1150
13049,26.095390460953904,1143
13050,26.097390260973903,1137
13051,26.0993900609939,1133
13052,26.1013898610139,1127
13053,26.103389661033894,1121
13054,26.105389461053893,1113
13055,26.10738926107389,1102
13056,26.10938906109389,1090
13057,26.111388861113888,1087
13058,26.113388661133886,1094
13059,26.115388461153884,1107
13060,26.117388261173883,1119
13061,26.11938806119388,1123
13062,26.12138786121388,1119
13063,26.123387661233878,1115
13064,26.125387461253872,1123
13065,26.12738726127387,1139
13066,26.12938706129387,1143
13067,26.131386861313867,1133
13068,26.133386661333866,1128
13069,26.135386461353864,1139
13070,26.137386261373862,1150
13071,26.13938606139386,1146
13072,26.14138586141386,1132
13073,26.143385661433857,1127
13074,26.145385461453856,1137
13075,26.14738526147385,1151
13076,26.14938506149385,1155
13077,26.151384861513847,1152
13078,26.153384661533845,1151
13079,26.155384461553844,1156
13080,26.157384261573842,1155
13081,26.15938406159384,1146
13082,26.16138386161384,1136
13083,26.163383661633837,1136
13084,26.165383461653835,1145
13085,26.167383261673834,1164
13086,26.16938306169383,1182
13087,26.171382861713827,1187
13088,26.173382661733825,1176
13089,26.175382461753824,1163
13090,26.177382261773822,1160
13091,26.17938206179382,1169
13092,26.18138186181382,1180
13093,26.183381661833817,1181
13094,26.185381461853815,1173
13095,26.187381261873814,1163
13096,26.18938106189381,1154
13097,26.191380861913807,1146
13098,26.193380661933805,1136
13099,26.195380461953803,1125
13100,26.1973802619738,1126
13101,26.1993800619938,1141
13102,26.2013798620138,1154
13103,26.203379662033797,1156
13104,26.205379462053795,1153
13105,26.207379262073793,1153
13106,26.20937906209379,1151
13107,26.211378862113786,1147
13108,26.213378662133785,1144
13109,26.215378462153783,1152
13110,26.21737826217378,1164
13111,26.21937806219378,1168
13112,26.221377862213778,1161
13113,26.223377662233776,1160
13114,26.225377462253775,1164
13115,26.227377262273773,1166
13116,26.22937706229377,1166
13117,26.23137686231377,1170
13118,26.233376662333765,1180
13119,26.235376462353763,1196
13120,26.23737626237376,1210
13121,26.23937606239376,1209
13122,26.241375862413758,1192
13123,26.243375662433756,1175
13124,26.245375462453755,1174
13125,26.247375262473753,1185
13126,26.24937506249375,1192
13127,26.25137486251375,1195
13128,26.253374662533744,1200
13129,26.255374462553743,1205
13130,26.25737426257374,1200
13131,26.25937406259374,1190
13132,26.261373862613738,1182
13133,26.263373662633736,1180
13134,26.265373462653734,1182
13135,26.267373262673733,1183
13136,26.26937306269373,1177
13137,26.27137286271373,1166
13138,26.273372662733728,1154
13139,26.275372462753722,1149
13140,26.27737226277372,1160
13141,26.27937206279372,1185
13142,26.281371862813717,1198
13143,26.283371662833716,1182
13144,26.285371462853714,1155
13145,26.287371262873712,1142
13146,26.28937106289371,1147
13147,26.29137086291371,1149
13148,26.293370662933707,1140
13149,26.295370462953706,1129
13150,26.2973702629737,1123
13151,26.2993700629937,1121
13152,26.301369863013697,1119
13153,26.303369663033696,1120
13154,26.305369463053694,1128
13155,26.307369263073692,1139
13156,26.30936906309369,1142
13157,26.31136886311369,1138
13158,26.313368663133687,1134
13159,26.315368463153685,1134
13160,26.31736826317368,1142
13161,26.31936806319368,1150
13162,26.321367863213677,1148
13163,26.323367663233675,1140
13164,26.325367463253674,1139
13165,26.327367263273672,1149
13166,26.32936706329367,1155
13167,26.33136686331367,1151
13168,26.333366663333667,1145
13169,26.335366463353665,1147
13170,26.337366263373664,1153
13171,26.33936606339366,1152
13172,26.341365863413657,1144
13173,26.343365663433655,1146
13174,26.345365463453653,1160
13175,26.34736526347365,1171
13176,26.34936506349365,1162
13177,26.35136486351365,1139
13178,26.353364663533647,1118
13179,26.355364463553645,1107
13180,26.357364263573643,1113
13181,26.35936406359364,1129
13182,26.361363863613636,1141
13183,26.363363663633635,1138
13184,26.365363463653633,1128
13185,26.36736326367363,1125
13186,26.36936306369363,1133
13187,26.371362863713628,1142
13188,26.373362663733626,1141
13189,26.375362463753625,1131
13190,26.377362263773623,1123
13191,26.37936206379362,1121
13192,26.38136186381362,1123
13193,26.383361663833615,1122
13194,26.385361463853613,1120
13195,26.38736126387361,1125
13196,26.38936106389361,1136
13197,26.391360863913608,1143
13198,26.393360663933606,1141
13199,26.395360463953605,1133
13200,26.397360263973603,1129
13201,26.3993600639936,1127
13202,26.4013598640136,1125
13203,26.403359664033594,1119
13204,26.405359464053593,1111
13205,26.40735926407359,1108
13206,26.40935906409359,1119
13207,26.411358864113588,1138
13208,26.413358664133586,1151
13209,26.415358464153584,1153
13210,26.417358264173583,1146
13211,26.41935806419358,1135
13212,26.42135786421358,1133
13213,26.423357664233578,1146
13214,26.425357464253572,1158
13215,26.42735726427357,1149
13216,26.42935706429357,1127
13217,26.431356864313567,1114
13218,26.433356664333566,1121
13219,26.435356464353564,1141
13220,26.437356264373562,1156
13221,26.43935606439356,1154
13222,26.44135586441356,1138
13223,26.443355664433557,1127
13224,26.445355464453556,1132
13225,26.44735526447355,1144
13226,26.44935506449355,1151
13227,26.451354864513547,1150
13228,26.453354664533546,1150
13229,26.455354464553544,1156
13230,26.457354264573542,1165
13231,26.45935406459354,1169
13232,26.46135386461354,1166
13233,26.463353664633537,1158
13234,26.465353464653536,1154
13235,26.46735326467353,1158
13236,26.46935306469353,1165
13237,26.471352864713527,1172
13238,26.473352664733525,1174
13239,26.475352464753524,1166
13240,26.477352264773522,1149
13241,26.47935206479352,1131
13242,26.48135186481352,1121
13243,26.483351664833517,1124
13244,26.485351464853515,1134
13245,26.487351264873514,1139
13246,26.48935106489351,1134
13247,26.491350864913507,1123
13248,26.493350664933505,1115
13249,26.495350464953503,1113
13250,26.4973502649735,1117
13251,26.4993500649935,1117
13252,26.5013498650135,1110
13253,26.503349665033497,1108
13254,26.505349465053495,1114
13255,26.507349265073493,1113
13256,26.50934906509349,1104
13257,26.511348865113487,1098
13258,26.513348665133485,1101
13259,26.515348465153483,1106
13260,26.51734826517348,1109
13261,26.51934806519348,1112
13262,26.521347865213478,1119
13263,26.523347665233477,1125
13264,26.525347465253475,1126
13265,26.527347265273473,1125
13266,26.52934706529347,1127
13267,26.531346865313466,1130
13268,26.533346665333465,1121
13269,26.535346465353463,1110
13270,26.53734626537346,1116
13271,26.53934606539346,1139
13272,26.541345865413458,1157
13273,26.543345665433456,1158
13274,26.545345465453455,1152
13275,26.547345265473453,1150
13276,26.54934506549345,1148
13277,26.55134486551345,1141
13278,26.553344665533444,1128
13279,26.555344465553443,1116
13280,26.55734426557344,1112
13281,26.55934406559344,1116
13282,26.561343865613438,1120
13283,26.563343665633436,1122
13284,26.565343465653434,1120
13285,26.567343265673433,1118
13286,26.56934306569343,1121
13287,26.57134286571343,1130
13288,26.573342665733428,1136
13289,26.575342465753423,1140
13290,26.57734226577342,1143
13291,26.57934206579342,1149
13292,26.581341865813418,1155
13293,26.583341665833416,1156
13294,26.585341465853414,1149
13295,26.587341265873413,1139
13296,26.58934106589341,1133
13297,26.59134086591341,1131
13298,26.593340665933408,1126
13299,26.595340465953402,1120
13300,26.5973402659734,1118
13301,26.5993400659934,1116
13302,26.601339866013397,1111
13303,26.603339666033396,1105
13304,26.605339466053394,1100
13305,26.607339266073392,1099
13306,26.60933906609339,1102
13307,26.61133886611339,1106
13308,26.613338666133387,1101
13309,26.615338466153386,1088
13310,26.61733826617338,1082
13311,26.61933806619338,1092
13312,26.621337866213377,1105
13313,26.623337666233375,1107
13314,26.625337466253374,1106
13315,26.627337266273372,1116
13316,26.62933706629337,1137
13317,26.63133686631337,1151
13318,26.633336666333367,1148
13319,26.635336466353365,1133
13320,26.637336266373364,1123
13321,26.63933606639336,1125
13322,26.641335866413357,1129
13323,26.643335666433355,1125
13324,26.645335466453353,1114
13325,26.647335266473352,1104
13326,26.64933506649335,1102
13327,26.65133486651335,1108
13328,26.653334666533347,1115
13329,26.655334466553345,1122
13330,26.657334266573343,1127
13331,26.659334066593342,1129
13332,26.661333866613337,1134
13333,26.663333666633335,1143
13334,26.665333466653333,1145
13335,26.66733326667333,1131
13336,26.66933306669333,1116
13337,26.67133286671333,1116
13338,26.673332666733327,1126
13339,26.675332466753325,1131
13340,26.677332266773323,1128
13341,26.67933206679332,1127
13342,26.681331866813316,1131
13343,26.683331666833315,1129
13344,26.685331466853313,1121
13345,26.68733126687331,1120
13346,26.68933106689331,1129
13347,26.691330866913308,1136
13348,26.693330666933306,1132
13349,26.695330466953305,1120
13350,26.697330266973303,1109
13351,26.6993300669933,1101
13352,26.7013298670133,1098
13353,26.703329667033294,1100
13354,26.705329467053293,1110
13355,26.70732926707329,1121
13356,26.70932906709329,1123
13357,26.711328867113288,1114
13358,26.713328667133286,1104
13359,26.715328467153284,1102
13360,26.717328267173283,1109
13361,26.71932806719328,1117
13362,26.72132786721328,1117
13363,26.723327667233278,1107
13364,26.725327467253273,1100
13365,26.72732726727327,1104
13366,26.72932706729327,1115
13367,26.731326867313268,1121
13368,26.733326667333266,1124
13369,26.735326467353264,1134
13370,26.737326267373263,1152
13371,26.73932606739326,1166
13372,26.74132586741326,1168
13373,26.743325667433258,1159
13374,26.745325467453252,1154
13375,26.74732526747325,1163
13376,26.74932506749325,1179
13377,26.751324867513247,1188
13378,26.753324667533246,1185
13379,26.755324467553244,1172
13380,26.757324267573242,1154
13381,26.75932406759324,1135
13382,26.76132386761324,1124
13383,26.763323667633237,1124
13384,26.765323467653236,1124
13385,26.76732326767323,1116
13386,26.76932306769323,1111
13387,26.771322867713227,1120
13388,26.773322667733225,1142
13389,26.775322467753224,1158
13390,26.777322267773222,1153
13391,26.77932206779322,1134
13392,26.78132186781322,1125
13393,26.783321667833217,1131
13394,26.785321467853215,1133
13395,26.787321267873214,1119
13396,26.78932106789321,1099
13397,26.791320867913207,1086
13398,26.793320667933205,1079
13399,26.795320467953204,1073
13400,26.797320267973202,1070
13401,26.7993200679932,1069
13402,26.8013198680132,1074
13403,26.803319668033197,1084
13404,26.805319468053195,1095
13405,26.807319268073194,1106
13406,26.80931906809319,1112
13407,26.811318868113187,1110
13408,26.813318668133185,1106
13409,26.815318468153183,1107
13410,26.81731826817318,1113
13411,26.81931806819318,1123
13412,26.82131786821318,1130
13413,26.823317668233177,1132
13414,26.825317468253175,1128
13415,26.827317268273173,1121
13416,26.82931706829317,1112
13417,26.831316868313166,1106
13418,26.833316668333165,1105
13419,26.835316468353163,1104
13420,26.83731626837316,1098
13421,26.83931606839316,1092
13422,26.841315868413158,1090
13423,26.843315668433156,1091
13424,26.845315468453155,1092
13425,26.847315268473153,1094
13426,26.84931506849315,1098
13427,26.85131486851315,1103
13428,26.853314668533145,1112
13429,26.855314468553143,1127
13430,26.85731426857314,1140
13431,26.85931406859314,1137
13432,26.861313868613138,1118
13433,26.863313668633136,1105
13434,26.865313468653135,1111
13435,26.867313268673133,1124
13436,26.86931306869313,1122
13437,26.87131286871313,1109
13438,26.873312668733128,1102
13439,26.875312468753123,1108
13440,26.87731226877312,1117
13441,26.87931206879312,1120
13442,26.881311868813118,1123
13443,26.883311668833116,1133
13444,26.885311468853114,1142
13445,26.887311268873113,1143
13446,26.88931106889311,1137
13447,26.89131086891311,1128
13448,26.893310668933108,1123
13449,26.895310468953102,1126
13450,26.8973102689731,1136
13451,26.8993100689931,1149
13452,26.901309869013097,1160
13453,26.903309669033096,1165
13454,26.905309469053094,1163
13455,26.907309269073092,1153
13456,26.90930906909309,1142
13457,26.91130886911309,1133
13458,26.913308669133087,1131
13459,26.915308469153086,1136
13460,26.91730826917308,1144
13461,26.91930806919308,1141
13462,26.921307869213077,1126
13463,26.923307669233076,1120
13464,26.925307469253074,1135
13465,26.927307269273072,1161
13466,26.92930706929307,1175
13467,26.93130686931307,1172
13468,26.933306669333067,1163
13469,26.935306469353065,1160
13470,26.937306269373064,1161
13471,26.93930606939306,1158
13472,26.941305869413057,1146
13473,26.943305669433055,1133
13474,26.945305469453054,1130
13475,26.947305269473052,1142
13476,26.94930506949305,1158
13477,26.95130486951305,1165
13478,26.953304669533047,1164
13479,26.955304469553045,1164
13480,26.957304269573044,1167
13481,26.95930406959304,1170
13482,26.961303869613037,1167
13483,26.963303669633035,1163
13484,26.965303469653033,1165
13485,26.96730326967303,1171
13486,26.96930306969303,1176
13487,26.97130286971303,1176
13488,26.973302669733027,1172
13489,26.975302469753025,1166
13490,26.977302269773023,1168
13491,26.97930206979302,1182
13492,26.981301869813016,1200
13493,26.983301669833015,1204
13494,26.985301469853013,1194
13495,26.98730126987301,1186
13496,26.98930106989301,1189
13497,26.991300869913008,1194
13498,26.993300669933006,1194
13499,26.995300469953005,1193
13500,26.997300269973003,1192
13501,26.999300069993,1189
13502,27.001299870013,1185
13503,27.003299670032995,1181
13504,27.005299470052993,1179
13505,27.00729927007299,1176
13506,27.00929907009299,1170
13507,27.011298870112988,1158
13508,27.013298670132986,1149
13509,27.015298470152985,1153
13510,27.017298270172983,1168
13511,27.01929807019298,1186
13512,27.02129787021298,1195
13513,27.023297670232974,1194
13514,27.025297470252973,1189
13515,27.02729727027297,1186
13516,27.02929707029297,1181
13517,27.031296870312968,1167
13518,27.033296670332966,1155
13519,27.035296470352964,1160
13520,27.037296270372963,1179
13521,27.03929607039296,1191
13522,27.04129587041296,1183
13523,27.043295670432958,1160
13524,27.045295470452952,1140
13525,27.04729527047295,1134
13526,27.04929507049295,1145
13527,27.051294870512947,1163
13528,27.053294670532946,1171
13529,27.055294470552944,1167
13530,27.057294270572942,1162
13531,27.05929407059294,1166
13532,27.06129387061294,1171
13533,27.063293670632937,1164
13534,27.065293470652936,1148
13535,27.06729327067293,1139
13536,27.06929307069293,1149
13537,27.071292870712927,1173
13538,27.073292670732926,1186
13539,27.075292470752924,1175
13540,27.077292270772922,1151
13541,27.07929207079292,1134
13542,27.08129187081292,1129
13543,27.083291670832917,1131
13544,27.085291470852916,1134
13545,27.08729127087291,1133
13546,27.08929107089291,1126
13547,27.091290870912907,1118
13548,27.093290670932905,1112
13549,27.095290470952904,1108
13550,27.097290270972902,1104
13551,27.0992900709929,1102
13552,27.1012898710129,1102
13553,27.103289671032897,1104
13554,27.105289471052895,1107
13555,27.107289271072894,1110
13556,27.10928907109289,1113
13557,27.111288871112887,1118
13558,27.113288671132885,1124
13559,27.115288471152883,1129
13560,27.11728827117288,1135
13561,27.11928807119288,1142
13562,27.12128787121288,1147
13563,27.123287671232877,1145
13564,27.125287471252875,1144
13565,27.127287271272873,1153
13566,27.12928707129287,1167
13567,27.131286871312867,1173
13568,27.133286671332865,1168
13569,27.135286471352863,1154
13570,27.13728627137286,1141
13571,27.13928607139286,1135
13572,27.141285871412858,1137
13573,27.143285671432857,1139
13574,27.145285471452855,1141
13575,27.147285271472853,1137
13576,27.14928507149285,1124
13577,27.15128487151285,1111
13578,27.153284671532845,1113
13579,27.155284471552843,1127
13580,27.15728427157284,1142
13581,27.15928407159284,1157
13582,27.161283871612838,1173
13583,27.163283671632836,1184
13584,27.165283471652835,1179
13585,27.167283271672833,1166
13586,27.16928307169283,1161
13587,27.17128287171283,1166
13588,27.173282671732824,1174
13589,27.175282471752823,1178
13590,27.17728227177282,1174
13591,27.17928207179282,1161
13592,27.181281871812818,1149
13593,27.183281671832816,1147
13594,27.185281471852814,1158
13595,27.187281271872813,1171
13596,27.18928107189281,1178
13597,27.19128087191281,1176
13598,27.193280671932808,1177
13599,27.195280471952803,1187
13600,27.1972802719728,1205
13601,27.1992800719928,1218
13602,27.201279872012798,1215
13603,27.203279672032796,1193
13604,27.205279472052794,1173
13605,27.207279272072793,1170
13606,27.20927907209279,1180
13607,27.21127887211279,1184
13608,27.213278672132788,1181
13609,27.215278472152786,1180
13610,27.21727827217278,1184
13611,27.21927807219278,1185
13612,27.221277872212777,1185
13613,27.223277672232776,1186
13614,27.225277472252774,1187
13615,27.227277272272772,1183
13616,27.22927707229277,1174
13617,27.23127687231277,1163
13618,27.233276672332767,1161
13619,27.235276472352766,1165
13620,27.23727627237276,1164
13621,27.23927607239276,1156
13622,27.241275872412757,1150
13623,27.243275672432755,1154
13624,27.245275472452754,1164
13625,27.247275272472752,1168
13626,27.24927507249275,1158
13627,27.25127487251275,1148
13628,27.253274672532747,1145
13629,27.255274472552745,1143
13630,27.257274272572744,1136
13631,27.25927407259274,1128
13632,27.261273872612737,1126
13633,27.263273672632735,1128
13634,27.265273472652733,1132
13635,27.267273272672732,1131
13636,27.26927307269273,1126
13637,27.27127287271273,1125
13638,27.273272672732727,1124
13639,27.275272472752725,1118
13640,27.277272272772723,1112
13641,27.279272072792722,1120
13642,27.281271872812717,1141
13643,27.283271672832715,1158
13644,27.285271472852713,1162
13645,27.28727127287271,1164
13646,27.28927107289271,1171
13647,27.29127087291271,1175
13648,27.293270672932707,1163
13649,27.295270472952705,1139
13650,27.297270272972703,1122
13651,27.2992700729927,1124
13652,27.301269873012696,1139
13653,27.303269673032695,1152
13654,27.305269473052693,1158
13655,27.30726927307269,1160
13656,27.30926907309269,1165
13657,27.311268873112688,1170
13658,27.313268673132686,1173
13659,27.315268473152685,1174
13660,27.317268273172683,1176
13661,27.31926807319268,1175
13662,27.32126787321268,1169
13663,27.323267673232674,1163
13664,27.325267473252673,1165
13665,27.32726727327267,1169
13666,27.32926707329267,1170
13667,27.331266873312668,1175
13668,27.333266673332666,1189
13669,27.335266473352664,1203
13670,27.337266273372663,1204
13671,27.33926607339266,1188
13672,27.34126587341266,1174
13673,27.343265673432658,1172
13674,27.345265473452653,1174
13675,27.34726527347265,1166
13676,27.34926507349265,1151
13677,27.351264873512648,1142
13678,27.353264673532646,1146
13679,27.355264473552644,1151
13680,27.357264273572643,1145
13681,27.35926407359264,1132
13682,27.36126387361264,1128
13683,27.363263673632638,1137
13684,27.365263473652632,1150
13685,27.36726327367263,1159
13686,27.36926307369263,1162
13687,27.371262873712627,1160
13688,27.373262673732626,1156
13689,27.375262473752624,1154
13690,27.377262273772622,1154
13691,27.37926207379262,1154
13692,27.38126187381262,1150
13693,27.383261673832617,1147
13694,27.385261473852616,1143
13695,27.38726127387261,1131
13696,27.38926107389261,1113
13697,27.391260873912607,1105
13698,27.393260673932605,1114
13699,27.395260473952604,1127
13700,27.397260273972602,1129
13701,27.3992600739926,1125
13702,27.4012598740126,1126
13703,27.403259674032597,1129
13704,27.405259474052595,1123
13705,27.407259274072594,1111
13706,27.40925907409259,1106
13707,27.411258874112587,1115
13708,27.413258674132585,1123
13709,27.415258474152584,1115
13710,27.417258274172582,1096
13711,27.41925807419258,1084
13712,27.42125787421258,1085
13713,27.423257674232577,1089
13714,27.425257474252575,1092
13715,27.427257274272574,1095
13716,27.429257074292572,1103
13717,27.431256874312567,1113
13718,27.433256674332565,1117
13719,27.435256474352563,1109
13720,27.43725627437256,1100
13721,27.43925607439256,1101
13722,27.44125587441256,1111
13723,27.443255674432557,1119
13724,27.445255474452555,1119
13725,27.447255274472553,1117
13726,27.44925507449255,1119
13727,27.451254874512546,1123
13728,27.453254674532545,1130
13729,27.455254474552543,1142
13730,27.45725427457254,1150
13731,27.45925407459254,1146
13732,27.461253874612538,1140
13733,27.463253674632536,1143
13734,27.465253474652535,1150
13735,27.467253274672533,1144
13736,27.46925307469253,1130
13737,27.47125287471253,1123
13738,27.473252674732525,1128
13739,27.475252474752523,1135
13740,27.47725227477252,1135
13741,27.47925207479252,1128
13742,27.481251874812518,1118
13743,27.483251674832516,1109
13744,27.485251474852515,1104
13745,27.487251274872513,1105
13746,27.48925107489251,1108
13747,27.49125087491251,1112
13748,27.493250674932508,1115
13749,27.495250474952503,1112
13750,27.4972502749725,1102
13751,27.4992500749925,1097
13752,27.501249875012498,1103
13753,27.503249675032496,1113
13754,27.505249475052494,1122
13755,27.507249275072493,1126
13756,27.50924907509249,1127
13757,27.51124887511249,1126
13758,27.513248675132488,1122
13759,27.515248475152482,1117
13760,27.51724827517248,1116
13761,27.51924807519248,1119
13762,27.521247875212477,1128
13763,27.523247675232476,1137
13764,27.525247475252474,1145
13765,27.527247275272472,1157
13766,27.52924707529247,1170
13767,27.53124687531247,1171
13768,27.533246675332467,1157
13769,27.535246475352466,1143
13770,27.53724627537246,1143
13771,27.53924607539246,1155
13772,27.541245875412457,1158
13773,27.543245675432455,1141
13774,27.545245475452454,1117
13775,27.547245275472452,1106
13776,27.54924507549245,1112
13777,27.55124487551245,1122
13778,27.553244675532447,1131
13779,27.555244475552445,1138
13780,27.557244275572444,1139
13781,27.55924407559244,1135
13782,27.561243875612437,1131
13783,27.563243675632435,1132
13784,27.565243475652434,1139
13785,27.567243275672432,1149
13786,27.56924307569243,1156
13787,27.57124287571243,1157
13788,27.573242675732427,1154
13789,27.575242475752425,1148
13790,27.577242275772424,1140
13791,27.57924207579242,1139
13792,27.581241875812417,1151
13793,27.583241675832415,1162
13794,27.585241475852413,1161
13795,27.58724127587241,1146
13796,27.58924107589241,1129
13797,27.59124087591241,1117
13798,27.593240675932407,1111
13799,27.595240475952405,1112
13800,27.597240275972403,1119
13801,27.5992400759924,1130
13802,27.601239876012396,1140
13803,27.603239676032395,1141
13804,27.605239476052393,1134
13805,27.60723927607239,1128
13806,27.60923907609239,1128
13807,27.611238876112388,1136
13808,27.613238676132386,1149
13809,27.615238476152385,1158
13810,27.617238276172383,1152
13811,27.61923807619238,1131
13812,27.62123787621238,1114
13813,27.623237676232375,1111
13814,27.625237476252373,1115
13815,27.62723727627237,1110
13816,27.62923707629237,1097
13817,27.631236876312368,1088
13818,27.633236676332366,1093
13819,27.635236476352365,1105
13820,27.637236276372363,1109
13821,27.63923607639236,1102
13822,27.64123587641236,1099
13823,27.643235676432358,1106
13824,27.645235476452353,1111
13825,27.64723527647235,1107
13826,27.64923507649235,1100
13827,27.651234876512348,1095
13828,27.653234676532346,1091
13829,27.655234476552344,1085
13830,27.657234276572343,1083
13831,27.65923407659234,1089
13832,27.66123387661234,1102
13833,27.663233676632338,1113
13834,27.665233476652332,1119
13835,27.66723327667233,1121
13836,27.66923307669233,1117
13837,27.671232876712327,1113
13838,27.673232676732326,1118
13839,27.675232476752324,1128
13840,27.677232276772322,1126
13841,27.67923207679232,1112
13842,27.68123187681232,1103
13843,27.683231676832317,1107
13844,27.685231476852316,1112
13845,27.68723127687231,1107
13846,27.68923107689231,1100
13847,27.691230876912307,1103
13848,27.693230676932306,1113
13849,27.695230476952304,1123
13850,27.697230276972302,1131
13851,27.6992300769923,1135
13852,27.7012298770123,1131
13853,27.703229677032297,1119
13854,27.705229477052296,1111
13855,27.707229277072294,1113
13856,27.70922907709229,1121
13857,27.711228877112287,1121
13858,27.713228677132285,1111
13859,27.715228477152284,1100
13860,27.717228277172282,1103
13861,27.71922807719228,1117
13862,27.72122787721228,1125
13863,27.723227677232277,1115
13864,27.725227477252275,1097
13865,27.727227277272274,1089
13866,27.72922707729227,1102
13867,27.731226877312267,1124
13868,27.733226677332265,1138
13869,27.735226477352263,1135
13870,27.73722627737226,1121
13871,27.73922607739226,1110
13872,27.74122587741226,1109
13873,27.743225677432257,1112
13874,27.745225477452255,1114
13875,27.747225277472253,1116
13876,27.74922507749225,1122
13877,27.751224877512247,1133
13878,27.753224677532245,1137
13879,27.755224477552243,1128
13880,27.75722427757224,1117
13881,27.75922407759224,1120
13882,27.761223877612238,1131
13883,27.763223677632237,1136
13884,27.765223477652235,1128
13885,27.767223277672233,1117
13886,27.76922307769223,1114
13887,27.77122287771223,1120
13888,27.773222677732225,1125
13889,27.775222477752223,1128
13890,27.77722227777222,1139
13891,27.77922207779222,1156
13892,27.781221877812218,1165
13893,27.783221677832216,1162
13894,27.785221477852215,1155
13895,27.787221277872213,1148
13896,27.78922107789221,1136
13897,27.79122087791221,1125
13898,27.793220677932204,1123
13899,27.795220477952203,1126
13900,27.7972202779722,1133
13901,27.7992200779922,1136
13902,27.801219878012198,1130
13903,27.803219678032196,1118
13904,27.805219478052194,1118
13905,27.807219278072193,1133
13906,27.80921907809219,1146
13907,27.81121887811219,1139
13908,27.813218678132188,1122
13909,27.815218478152183,1114
13910,27.81721827817218,1125
13911,27.81921807819218,1140
13912,27.821217878212178,1143
13913,27.823217678232176,1136
13914,27.825217478252174,1131
13915,27.827217278272173,1134
13916,27.82921707829217,1141
13917,27.83121687831217,1141
13918,27.833216678332168,1126
13919,27.835216478352166,1108
13920,27.83721627837216,1102
13921,27.83921607839216,1108
13922,27.841215878412157,1117
13923,27.843215678432156,1123
13924,27.845215478452154,1129
13925,27.847215278472152,1132
13926,27.84921507849215,1126
13927,27.85121487851215,1118
13928,27.853214678532147,1120
13929,27.855214478552146,1131
13930,27.85721427857214,1131
13931,27.85921407859214,1119
13932,27.861213878612137,1116
13933,27.863213678632135,1132
13934,27.865213478652134,1145
13935,27.867213278672132,1138
13936,27.86921307869213,1116
13937,27.87121287871213,1101
13938,27.873212678732127,1108
13939,27.875212478752125,1124
13940,27.877212278772124,1127
13941,27.87921207879212,1106
13942,27.881211878812117,1079
13943,27.883211678832115,1072
13944,27.885211478852113,1089
13945,27.887211278872112,1114
13946,27.88921107889211,1127
13947,27.89121087891211,1125
13948,27.893210678932107,1117
13949,27.895210478952105,1112
13950,27.897210278972103,1111
13951,27.899210078992102,1111
13952,27.901209879012097,1107
13953,27.903209679032095,1102
13954,27.905209479052093,1098
13955,27.90720927907209,1096
13956,27.90920907909209,1096
13957,27.91120887911209,1099
13958,27.913208679132087,1109
13959,27.915208479152085,1120
13960,27.917208279172083,1124
13961,27.91920807919208,1117
13962,27.92120787921208,1110
13963,27.923207679232075,1111
13964,27.925207479252073,1112
13965,27.92720727927207,1109
13966,27.92920707929207,1113
13967,27.931206879312068,1127
13968,27.933206679332066,1133
13969,27.935206479352065,1122
13970,27.937206279372063,1104
13971,27.93920607939206,1092
13972,27.94120587941206,1089
13973,27.943205679432054,1088
13974,27.945205479452053,1086
13975,27.94720527947205,1087
13976,27.94920507949205,1093
13977,27.951204879512048,1102
13978,27.953204679532046,1110
13979,27.955204479552044,1116
13980,27.957204279572043,1125
13981,27.95920407959204,1128
13982,27.96120387961204,1120
13983,27.963203679632038,1110
13984,27.965203479652033,1110
13985,27.96720327967203,1117
13986,27.96920307969203,1118
13987,27.971202879712028,1110
13988,27.973202679732026,1102
13989,27.975202479752024,1102
13990,27.977202279772023,1111
13991,27.97920207979202,1124
13992,27.98120187981202,1140
13993,27.983201679832018,1151
13994,27.985201479852016,1154
13995,27.98720127987201,1148
13996,27.98920107989201,1135
13997,27.991200879912007,1125
13998,27.993200679932006,1125
13999,27.995200479952004,1132
14000,27.997200279972002,1136
14001,27.999200079992,1137
14002,28.001199880012,1139
14003,28.003199680031997,1140
14004,28.005199480051996,1140
14005,28.00719928007199,1138
14006,28.00919908009199,1135
14007,28.011198880111987,1126
14008,28.013198680131985,1113
14009,28.015198480151984,1103
14010,28.017198280171982,1099
14011,28.01919808019198,1103
14012,28.02119788021198,1111
14013,28.023197680231977,1115
14014,28.025197480251975,1111
14015,28.027197280271974,1101
14016,28.02919708029197,1095
14017,28.031196880311967,1106
14018,28.033196680331965,1123
14019,28.035196480351964,1123
14020,28.037196280371962,1106
14021,28.03919608039196,1092
14022,28.04119588041196,1098
14023,28.043195680431957,1113
14024,28.045195480451955,1123
14025,28.047195280471954,1122
14026,28.049195080491952,1121
14027,28.051194880511947,1122
14028,28.053194680531945,1125
14029,28.055194480551943,1127
14030,28.05719428057194,1129
14031,28.05919408059194,1123
14032,28.06119388061194,1109
14033,28.063193680631937,1102
14034,28.065193480651935,1108
14035,28.067193280671933,1119
14036,28.06919308069193,1124
14037,28.071192880711926,1119
14038,28.073192680731925,1109
14039,28.075192480751923,1103
14040,28.07719228077192,1105
14041,28.07919208079192,1112
14042,28.081191880811918,1120
14043,28.083191680831916,1122
14044,28.085191480851915,1116
14045,28.087191280871913,1106
14046,28.08919108089191,1100
14047,28.09119088091191,1099
14048,28.093190680931905,1098
14049,28.095190480951903,1100
14050,28.0971902809719,1108
14051,28.0991900809919,1121
14052,28.101189881011898,1130
14053,28.103189681031896,1129
14054,28.105189481051895,1123
14055,28.107189281071893,1117
14056,28.10918908109189,1118
14057,28.11118888111189,1127
14058,28.113188681131888,1135
14059,28.115188481151883,1134
14060,28.11718828117188,1130
14061,28.11918808119188,1131
14062,28.121187881211878,1136
14063,28.123187681231876,1136
14064,28.125187481251874,1126
14065,28.127187281271873,1112
14066,28.12918708129187,1103
14067,28.13118688131187,1104
14068,28.133186681331868,1108
14069,28.135186481351862,1111
14070,28.13718628137186,1117
14071,28.13918608139186,1133
14072,28.141185881411857,1148
14073,28.143185681431856,1150
14074,28.145185481451854,1147
14075,28.147185281471852,1150
14076,28.14918508149185,1158
14077,28.15118488151185,1161
14078,28.153184681531847,1154
14079,28.155184481551846,1139
14080,28.15718428157184,1125
14081,28.15918408159184,1120
14082,28.161183881611837,1124
14083,28.163183681631835,1126
14084,28.165183481651834,1122
14085,28.167183281671832,1121
14086,28.16918308169183,1125
14087,28.17118288171183,1132
14088,28.173182681731827,1133
14089,28.175182481751825,1121
14090,28.177182281771824,1106
14091,28.17918208179182,1104
14092,28.181181881811817,1114
14093,28.183181681831815,1128
14094,28.185181481851814,1139
14095,28.187181281871812,1140
14096,28.18918108189181,1137
14097,28.19118088191181,1141
14098,28.193180681931807,1152
14099,28.195180481951805,1161
14100,28.197180281971804,1160
14101,28.199180081991802,1152
14102,28.201179882011797,1144
14103,28.203179682031795,1142
14104,28.205179482051793,1143
14105,28.20717928207179,1144
14106,28.20917908209179,1141
14107,28.21117888211179,1143
14108,28.213178682131787,1156
14109,28.215178482151785,1169
14110,28.217178282171783,1166
14111,28.21917808219178,1146
14112,28.221177882211776,1127
14113,28.223177682231775,1124
14114,28.225177482251773,1127
14115,28.22717728227177,1124
14116,28.22917708229177,1123
14117,28.231176882311768,1130
14118,28.233176682331766,1144
14119,28.235176482351765,1156
14120,28.237176282371763,1162
14121,28.23917608239176,1160
14122,28.24117588241176,1156
14123,28.243175682431755,1155
14124,28.245175482451753,1153
14125,28.24717528247175,1148
14126,28.24917508249175,1139
14127,28.251174882511748,1129
14128,28.253174682531746,1124
14129,28.255174482551745,1127
14130,28.257174282571743,1131
14131,28.25917408259174,1125
14132,28.26117388261174,1117
14133,28.263173682631738,1118
14134,28.265173482651733,1125
14135,28.26717328267173,1124
14136,28.26917308269173,1119
14137,28.271172882711728,1127
14138,28.273172682731726,1149
14139,28.275172482751724,1157
14140,28.277172282771723,1141
14141,28.27917208279172,1123
14142,28.28117188281172,1127
14143,28.283171682831718,1140
14144,28.285171482851712,1137
14145,28.28717128287171,1117
14146,28.28917108289171,1094
14147,28.291170882911707,1084
14148,28.293170682931706,1089
14149,28.295170482951704,1100
14150,28.297170282971702,1106
14151,28.2991700829917,1109
14152,28.3011698830117,1116
14153,28.303169683031697,1126
14154,28.305169483051696,1130
14155,28.30716928307169,1129
14156,28.30916908309169,1127
14157,28.311168883111687,1126
14158,28.313168683131686,1120
14159,28.315168483151684,1111
14160,28.317168283171682,1101
14161,28.31916808319168,1100
14162,28.32116788321168,1113
14163,28.323167683231677,1133
14164,28.325167483251676,1145
14165,28.327167283271674,1147
14166,28.32916708329167,1148
14167,28.331166883311667,1150
14168,28.333166683331665,1153
14169,28.335166483351664,1155
14170,28.337166283371662,1156
14171,28.33916608339166,1156
14172,28.34116588341166,1148
14173,28.343165683431657,1136
14174,28.345165483451655,1125
14175,28.347165283471654,1117
14176,28.34916508349165,1110
14177,28.351164883511647,1115
14178,28.353164683531645,1129
14179,28.355164483551643,1136
14180,28.35716428357164,1128
14181,28.35916408359164,1117
14182,28.36116388361164,1117
14183,28.363163683631637,1127
14184,28.365163483651635,1133
14185,28.367163283671633,1126
14186,28.36916308369163,1118
14187,28.371162883711627,1120
14188,28.373162683731625,1123
14189,28.375162483751623,1118
14190,28.37716228377162,1114
14191,28.37916208379162,1122
14192,28.381161883811618,1139
14193,28.383161683831617,1149
14194,28.385161483851615,1145
14195,28.387161283871613,1137
14196,28.38916108389161,1136
14197,28.39116088391161,1138
14198,28.393160683931605,1130
14199,28.395160483951603,1109
14200,28.3971602839716,1093
14201,28.3991600839916,1095
14202,28.401159884011598,1111
14203,28.403159684031596,1121
14204,28.405159484051595,1116
14205,28.407159284071593,1102
14206,28.40915908409159,1093
14207,28.41115888411159,1097
14208,28.413158684131588,1108
14209,28.415158484151583,1111
14210,28.41715828417158,1108
14211,28.41915808419158,1109
14212,28.421157884211578,1115
14213,28.423157684231576,1122
14214,28.425157484251574,1126
14215,28.427157284271573,1127
14216,28.42915708429157,1123
14217,28.43115688431157,1115
14218,28.433156684331568,1110
14219,28.435156484351563,1108
14220,28.43715628437156,1105
14221,28.43915608439156,1099
14222,28.441155884411558,1096
14223,28.443155684431556,1100
14224,28.445155484451554,1108
14225,28.447155284471553,1111
14226,28.44915508449155,1111
14227,28.45115488451155,1118
14228,28.453154684531548,1129
14229,28.455154484551546,1132
14230,28.45715428457154,1121
14231,28.45915408459154,1108
14232,28.461153884611537,1109
14233,28.463153684631536,1121
14234,28.465153484651534,1132
14235,28.467153284671532,1137
14236,28.46915308469153,1143
14237,28.47115288471153,1151
14238,28.473152684731527,1162
14239,28.475152484751526,1170
14240,28.477152284771524,1162
14241,28.47915208479152,1147
14242,28.481151884811517,1142
14243,28.483151684831515,1145
14244,28.485151484851514,1140
14245,28.487151284871512,1123
14246,28.48915108489151,1110
14247,28.49115088491151,1115
14248,28.493150684931507,1124
14249,28.495150484951505,1122
14250,28.497150284971504,1110
14251,28.4991500849915,1103
14252,28.501149885011497,1105
14253,28.503149685031495,1104
14254,28.505149485051493,1100
14255,28.507149285071492,1103
14256,28.50914908509149,1118
14257,28.51114888511149,1134
14258,28.513148685131487,1143
14259,28.515148485151485,1145
14260,28.517148285171483,1140
14261,28.519148085191482,1132
14262,28.521147885211477,1128
14263,28.523147685231475,1130
14264,28.525147485251473,1130
14265,28.52714728527147,1124
14266,28.52914708529147,1119
14267,28.53114688531147,1122
14268,28.533146685331467,1130
14269,28.535146485351465,1138
14270,28.537146285371463,1147
14271,28.53914608539146,1160
14272,28.54114588541146,1178
14273,28.543145685431455,1199
14274,28.545145485451453,1208
14275,28.54714528547145,1195
14276,28.54914508549145,1173
14277,28.551144885511448,1162
14278,28.553144685531446,1160
14279,28.555144485551445,1154
14280,28.557144285571443,1142
14281,28.55914408559144,1134
14282,28.56114388561144,1140
14283,28.563143685631434,1153
14284,28.565143485651433,1160
14285,28.56714328567143,1156
14286,28.56914308569143,1151
14287,28.571142885711428,1157
14288,28.573142685731426,1167
14289,28.575142485751424,1175
14290,28.577142285771423,1180
14291,28.57914208579142,1179
14292,28.58114188581142,1167
14293,28.583141685831418,1152
14294,28.585141485851413,1145
14295,28.58714128587141,1150
14296,28.58914108589141,1154
14297,28.591140885911408,1154
14298,28.593140685931406,1156
14299,28.595140485951404,1161
14300,28.597140285971403,1164
14301,28.5991400859914,1164
14302,28.6011398860114,1165
14303,28.603139686031398,1166
14304,28.605139486051396,1155
14305,28.60713928607139,1141
14306,28.60913908609139,1145
14307,28.611138886111387,1170
14308,28.613138686131386,1185
14309,28.615138486151384,1167
14310,28.617138286171382,1130
14311,28.61913808619138,1107
14312,28.62113788621138,1113
14313,28.623137686231377,1135
14314,28.625137486251376,1151
14315,28.62713728627137,1148
14316,28.62913708629137,1136
14317,28.631136886311367,1130
14318,28.633136686331365,1132
14319,28.635136486351364,1139
14320,28.637136286371362,1146
14321,28.63913608639136,1145
14322,28.64113588641136,1136
14323,28.643135686431357,1130
14324,28.645135486451355,1134
14325,28.647135286471354,1141
14326,28.64913508649135,1137
14327,28.651134886511347,1125
14328,28.653134686531345,1118
14329,28.655134486551344,1120
14330,28.657134286571342,1126
14331,28.65913408659134,1130
14332,28.66113388661134,1134
14333,28.663133686631337,1139
14334,28.665133486651335,1142
14335,28.667133286671334,1139
14336,28.669133086691332,1132
14337,28.671132886711327,1130
14338,28.673132686731325,1138
14339,28.675132486751323,1143
14340,28.67713228677132,1134
14341,28.67913208679132,1119
14342,28.68113188681132,1112
14343,28.683131686831317,1115
14344,28.685131486851315,1120
14345,28.687131286871313,1126
14346,28.68913108689131,1136
14347,28.69113088691131,1146
14348,28.693130686931305,1151
14349,28.695130486951303,1154
14350,28.6971302869713,1158
14351,28.6991300869913,1166
14352,28.701129887011298,1172
14353,28.703129687031296,1174
14354,28.705129487051295,1171
14355,28.707129287071293,1165
14356,28.70912908709129,1161
14357,28.71112888711129,1161
14358,28.713128687131285,1161
14359,28.715128487151283,1160
14360,28.71712828717128,1156
14361,28.71912808719128,1149
14362,28.721127887211278,1143
14363,28.723127687231276,1141
14364,28.725127487251275,1136
14365,28.727127287271273,1130
14366,28.72912708729127,1133
14367,28.73112688731127,1144
14368,28.733126687331268,1146
14369,28.735126487351263,1140
14370,28.73712628737126,1137
14371,28.73912608739126,1141
14372,28.741125887411258,1146
14373,28.743125687431256,1148
14374,28.745125487451254,1149
14375,28.747125287471253,1153
14376,28.74912508749125,1158
14377,28.75112488751125,1161
14378,28.753124687531248,1163
14379,28.755124487551246,1167
14380,28.75712428757124,1171
14381,28.75912408759124,1170
14382,28.761123887611237,1165
14383,28.763123687631236,1163
14384,28.765123487651234,1159
14385,28.767123287671232,1152
14386,28.76912308769123,1148
14387,28.77112288771123,1148
14388,28.773122687731227,1151
14389,28.775122487751226,1156
14390,28.77712228777122,1159
14391,28.77912208779122,1154
14392,28.781121887811217,1149
14393,28.783121687831215,1149
14394,28.785121487851214,1152
14395,28.787121287871212,1159
14396,28.78912108789121,1171
14397,28.79112088791121,1184
14398,28.793120687931207,1197
14399,28.795120487951205,1207
14400,28.797120287971204,1205
14401,28.7991200879912,1186
14402,28.801119888011197,1169
14403,28.803119688031195,1172
14404,28.805119488051194,1184
14405,28.807119288071192,1180
14406,28.80911908809119,1164
14407,28.81111888811119,1153
14408,28.813118688131187,1151
14409,28.815118488151185,1153
14410,28.817118288171184,1155
14411,28.819118088191182,1155
14412,28.821117888211177,1162
14413,28.823117688231175,1175
14414,28.825117488251173,1182
14415,28.82711728827117,1175
14416,28.82911708829117,1164
14417,28.83111688831117,1154
14418,28.833116688331167,1148
14419,28.835116488351165,1151
14420,28.837116288371163,1167
14421,28.83911608839116,1186
14422,28.841115888411156,1196
14423,28.843115688431155,1193
14424,28.845115488451153,1184
14425,28.84711528847115,1177
14426,28.84911508849115,1177
14427,28.851114888511148,1184
14428,28.853114688531146,1192
14429,28.855114488551145,1193
14430,28.857114288571143,1186
14431,28.85911408859114,1175
14432,28.86111388861114,1164
14433,28.863113688631135,1159
14434,28.865113488651133,1166
14435,28.86711328867113,1176
14436,28.86911308869113,1176
14437,28.871112888711128,1162
14438,28.873112688731126,1145
14439,28.875112488751125,1139
14440,28.877112288771123,1149
14441,28.87911208879112,1163
14442,28.88111188881112,1169
14443,28.883111688831118,1160
14444,28.885111488851113,1140
14445,28.88711128887111,1122
14446,28.88911108889111,1117
14447,28.891110888911108,1120
14448,28.893110688931106,1122
14449,28.895110488951104,1123
14450,28.897110288971103,1132
14451,28.8991100889911,1145
14452,28.9011098890111,1157
14453,28.903109689031098,1169
14454,28.905109489051096,1180
14455,28.90710928907109,1184
14456,28.90910908909109,1178
14457,28.911108889111087,1164
14458,28.913108689131086,1153
14459,28.915108489151084,1149
14460,28.917108289171082,1146
14461,28.91910808919108,1131
14462,28.92110788921108,1108
14463,28.923107689231077,1099
14464,28.925107489251076,1110
14465,28.92710728927107,1120
14466,28.92910708929107,1117
14467,28.931106889311067,1114
14468,28.933106689331066,1120
14469,28.935106489351064,1131
14470,28.937106289371062,1142
14471,28.93910608939106,1144
14472,28.94110588941106,1138
14473,28.943105689431057,1130
14474,28.945105489451056,1128
14475,28.947105289471054,1129
14476,28.94910508949105,1128
14477,28.951104889511047,1126
14478,28.953104689531045,1126
14479,28.955104489551044,1131
14480,28.957104289571042,1138
14481,28.95910408959104,1139
14482,28.96110388961104,1134
14483,28.963103689631037,1132
14484,28.965103489651035,1142
14485,28.967103289671034,1158
14486,28.969103089691032,1171
14487,28.971102889711027,1175
14488,28.973102689731025,1169
14489,28.975102489751023,1155
14490,28.97710228977102,1139
14491,28.97910208979102,1136
14492,28.98110188981102,1147
14493,28.983101689831017,1158
14494,28.985101489851015,1155
14495,28.987101289871013,1140
14496,28.98910108989101,1131
14497,28.991100889911007,1135
14498,28.993100689931005,1148
14499,28.995100489951003,1159
14500,28.997100289971,1157
14501,28.999100089991,1138
14502,29.001099890010998,1120
14503,29.003099690030997,1120
14504,29.005099490050995,1138
14505,29.007099290070993,1151
14506,29.00909909009099,1147
14507,29.01109889011099,1130
14508,29.013098690130985,1121
14509,29.015098490150983,1128
14510,29.01709829017098,1140
14511,29.01909809019098,1140
14512,29.021097890210978,1132
14513,29.023097690230976,1130
14514,29.025097490250975,1136
14515,29.027097290270973,1140
14516,29.02909709029097,1141
14517,29.03109689031097,1148
14518,29.033096690330968,1157
14519,29.035096490350963,1159
14520,29.03709629037096,1152
14521,29.03909609039096,1145
14522,29.041095890410958,1147
14523,29.043095690430956,1157
14524,29.045095490450954,1162
14525,29.047095290470953,1157
14526,29.04909509049095,1150
14527,29.05109489051095,1150
14528,29.053094690530948,1151
14529,29.055094490550943,1151
14530,29.05709429057094,1151
14531,29.05909409059094,1155
14532,29.061093890610938,1161
14533,29.063093690630936,1166
14534,29.065093490650934,1173
14535,29.067093290670933,1177
14536,29.06909309069093,1178
14537,29.07109289071093,1178
14538,29.073092690730928,1181
14539,29.075092490750926,1186
14540,29.07709229077092,1185
14541,29.07909209079092,1179
14542,29.081091890810917,1173
14543,29.083091690830916,1171
14544,29.085091490850914,1172
14545,29.087091290870912,1175
14546,29.08909109089091,1175
14547,29.09109089091091,1170
14548,29.093090690930907,1160
14549,29.095090490950906,1150
14550,29.097090290970904,1148
14551,29.0990900909909,1160
14552,29.101089891010897,1170
14553,29.103089691030895,1160
14554,29.105089491050894,1137
14555,29.107089291070892,1122
14556,29.10908909109089,1122
14557,29.11108889111089,1127
14558,29.113088691130887,1132
14559,29.115088491150885,1136
14560,29.117088291170884,1141
14561,29.11908809119088,1143
14562,29.121087891210877,1144
14563,29.123087691230875,1151
14564,29.125087491250873,1165
14565,29.127087291270872,1177
14566,29.12908709129087,1183
14567,29.13108689131087,1184
14568,29.133086691330867,1179
14569,29.135086491350865,1170
14570,29.137086291370863,1163
14571,29.139086091390862,1168
14572,29.141085891410857,1181
14573,29.143085691430855,1184
14574,29.145085491450853,1171
14575,29.14708529147085,1155
14576,29.14908509149085,1156
14577,29.15108489151085,1175
14578,29.153084691530847,1186
14579,29.155084491550845,1176
14580,29.157084291570843,1157
14581,29.15908409159084,1150
14582,29.16108389161084,1151
14583,29.163083691630835,1148
14584,29.165083491650833,1138
14585,29.16708329167083,1132
14586,29.16908309169083,1138
14587,29.171082891710828,1146
14588,29.173082691730826,1148
14589,29.175082491750825,1144
14590,29.177082291770823,1141
14591,29.17908209179082,1144
14592,29.18108189181082,1153
14593,29.183081691830818,1164
14594,29.185081491850813,1169
14595,29.18708129187081,1162
14596,29.18908109189081,1152
14597,29.191080891910808,1148
14598,29.193080691930806,1153
14599,29.195080491950804,1159
14600,29.197080291970803,1162
14601,29.1990800919908,1163
14602,29.2010798920108,1162
14603,29.203079692030798,1156
14604,29.205079492050793,1148
14605,29.20707929207079,1154
14606,29.20907909209079,1172
14607,29.211078892110788,1180
14608,29.213078692130786,1167
14609,29.215078492150784,1151
14610,29.217078292170783,1144
14611,29.21907809219078,1146
14612,29.22107789221078,1149
14613,29.223077692230778,1153
14614,29.225077492250776,1160
14615,29.22707729227077,1163
14616,29.22907709229077,1157
14617,29.231076892310767,1151
14618,29.233076692330766,1148
14619,29.235076492350764,1141
14620,29.237076292370762,1130
14621,29.23907609239076,1119
14622,29.24107589241076,1113
14623,29.243075692430757,1112
14624,29.245075492450756,1115
14625,29.247075292470754,1124
14626,29.24907509249075,1139
14627,29.251074892510747,1150
14628,29.253074692530745,1146
14629,29.255074492550744,1128
14630,29.257074292570742,1118
14631,29.25907409259074,1126
14632,29.26107389261074,1136
14633,29.263073692630737,1133
14634,29.265073492650735,1120
14635,29.267073292670734,1107
14636,29.26907309269073,1102
14637,29.271072892710727,1103
14638,29.273072692730725,1109
14639,29.275072492750724,1119
14640,29.277072292770722,1133
14641,29.27907209279072,1144
14642,29.28107189281072,1149
14643,29.283071692830717,1145
14644,29.285071492850715,1134
14645,29.287071292870714,1120
14646,29.289071092890712,1113
14647,29.291070892910707,1121
14648,29.293070692930705,1136
14649,29.295070492950703,1138
14650,29.2970702929707,1123
14651,29.2990700929907,1106
14652,29.3010698930107,1101
14653,29.303069693030697,1109
14654,29.305069493050695,1123
14655,29.307069293070693,1125
14656,29.30906909309069,1107
14657,29.31106889311069,1084
14658,29.313068693130685,1081
14659,29.315068493150683,1104
14660,29.31706829317068,1136
14661,29.31906809319068,1154
14662,29.321067893210678,1151
14663,29.323067693230676,1139
14664,29.325067493250675,1129
14665,29.327067293270673,1128
14666,29.32906709329067,1131
14667,29.33106689331067,1137
14668,29.333066693330665,1148
14669,29.335066493350663,1157
14670,29.33706629337066,1156
14671,29.33906609339066,1148
14672,29.341065893410658,1145
14673,29.343065693430656,1150
14674,29.345065493450655,1155
14675,29.347065293470653,1150
14676,29.34906509349065,1142
14677,29.35106489351065,1141
14678,29.353064693530648,1143
14679,29.355064493550643,1138
14680,29.35706429357064,1126
14681,29.35906409359064,1113
14682,29.361063893610638,1105
14683,29.363063693630636,1106
14684,29.365063493650634,1118
14685,29.367063293670633,1132
14686,29.36906309369063,1140
14687,29.37106289371063,1141
14688,29.373062693730628,1136
14689,29.375062493750626,1125
14690,29.37706229377062,1116
14691,29.37906209379062,1119
14692,29.381061893810617,1128
14693,29.383061693830616,1137
14694,29.385061493850614,1145
14695,29.387061293870612,1150
14696,29.38906109389061,1148
14697,29.39106089391061,1146
14698,29.393060693930607,1152
14699,29.395060493950606,1166
14700,29.3970602939706,1179
14701,29.3990600939906,1181
14702,29.401059894010597,1173
14703,29.403059694030595,1166
14704,29.405059494050594,1168
14705,29.407059294070592,1176
14706,29.40905909409059,1180
14707,29.41105889411059,1175
14708,29.413058694130587,1164
14709,29.415058494150585,1158
14710,29.417058294170584,1164
14711,29.41905809419058,1186
14712,29.421057894210577,1210
14713,29.423057694230575,1224
14714,29.425057494250574,1216
14715,29.427057294270572,1187
14716,29.42905709429057,1158
14717,29.43105689431057,1152
14718,29.433056694330567,1165
14719,29.435056494350565,1173
14720,29.437056294370564,1164
14721,29.439056094390562,1147
14722,29.441055894410557,1135
14723,29.443055694430555,1131
14724,29.445055494450553,1138
14725,29.44705529447055,1150
14726,29.44905509449055,1163
14727,29.45105489451055,1178
14728,29.453054694530547,1187
14729,29.455054494550545,1182
14730,29.457054294570543,1170
14731,29.45905409459054,1160
14732,29.46105389461054,1154
14733,29.463053694630535,1148
14734,29.465053494650533,1144
14735,29.46705329467053,1145
14736,29.46905309469053,1154
14737,29.471052894710528,1158
14738,29.473052694730526,1151
14739,29.475052494750525,1141
14740,29.477052294770523,1144
14741,29.47905209479052,1154
14742,29.48105189481052,1153
14743,29.483051694830515,1140
14744,29.485051494850513,1134
14745,29.48705129487051,1143
14746,29.48905109489051,1155
14747,29.491050894910508,1150
14748,29.493050694930506,1128
14749,29.495050494950505,1108
14750,29.497050294970503,1109
14751,29.4990500949905,1130
14752,29.5010498950105,1152
14753,29.503049695030498,1160
14754,29.505049495050493,1150
14755,29.50704929507049,1128
14756,29.50904909509049,1113
14757,29.511048895110488,1116
14758,29.513048695130486,1131
14759,29.515048495150484,1146
14760,29.517048295170483,1153
14761,29.51904809519048,1146
14762,29.52104789521048,1128
14763,29.523047695230478,1116
14764,29.525047495250476,1118
14765,29.52704729527047,1125
14766,29.52904709529047,1125
14767,29.531046895310467,1116
14768,29.533046695330466,1108
14769,29.535046495350464,1108
14770,29.537046295370462,1117
14771,29.53904609539046,1128
14772,29.54104589541046,1131
14773,29.543045695430457,1126
14774,29.545045495450456,1121
14775,29.54704529547045,1120
14776,29.54904509549045,1119
14777,29.551044895510447,1118
14778,29.553044695530446,1120
14779,29.555044495550444,1123
14780,29.557044295570442,1124
14781,29.55904409559044,1125
14782,29.56104389561044,1126
14783,29.563043695630437,1125
14784,29.565043495650436,1126
14785,29.567043295670434,1129
14786,29.56904309569043,1138
14787,29.571042895710427,1147
14788,29.573042695730425,1145
14789,29.575042495750424,1131
14790,29.577042295770422,1120
14791,29.57904209579042,1125
14792,29.58104189581042,1142
14793,29.583041695830417,1153
14794,29.585041495850415,1145
14795,29.587041295870414,1131
14796,29.589041095890412,1129
14797,29.591040895910407,1140
14798,29.593040695930405,1144
14799,29.595040495950403,1132
14800,29.5970402959704,1115
14801,29.5990400959904,1111
14802,29.6010398960104,1122
14803,29.603039696030397,1132
14804,29.605039496050395,1128
14805,29.607039296070393,1112
14806,29.60903909609039,1103
14807,29.611038896110387,1104
14808,29.613038696130385,1109
14809,29.615038496150383,1109
14810,29.61703829617038,1111
14811,29.61903809619038,1117
14812,29.621037896210378,1128
14813,29.623037696230377,1134
14814,29.625037496250375,1135
14815,29.627037296270373,1134
14816,29.62903709629037,1142
14817,29.63103689631037,1153
14818,29.633036696330365,1152
14819,29.635036496350363,1137
14820,29.63703629637036,1124
14821,29.63903609639036,1127
14822,29.641035896410358,1133
14823,29.643035696430356,1125
14824,29.645035496450355,1110
14825,29.647035296470353,1107
14826,29.64903509649035,1125
14827,29.65103489651035,1150
14828,29.653034696530348,1162
14829,29.655034496550343,1153
14830,29.65703429657034,1136
14831,29.65903409659034,1128
14832,29.661033896610338,1130
14833,29.663033696630336,1133
14834,29.665033496650334,1129
14835,29.667033296670333,1123
14836,29.66903309669033,1121
14837,29.67103289671033,1122
14838,29.673032696730328,1125
14839,29.675032496750326,1132
14840,29.67703229677032,1140
14841,29.67903209679032,1139
14842,29.681031896810318,1136
14843,29.683031696830316,1139
14844,29.685031496850314,1142
14845,29.687031296870313,1140
14846,29.68903109689031,1139
14847,29.69103089691031,1141
14848,29.693030696930307,1136
14849,29.695030496950306,1129
14850,29.6970302969703,1134
14851,29.6990300969903,1153
14852,29.701029897010297,1171
14853,29.703029697030296,1181
14854,29.705029497050294,1181
14855,29.707029297070292,1170
14856,29.70902909709029,1149
14857,29.71102889711029,1127
14858,29.713028697130287,1115
14859,29.715028497150286,1116
14860,29.717028297170284,1120
14861,29.71902809719028,1123
14862,29.721027897210277,1126
14863,29.723027697230275,1135
14864,29.725027497250274,1148
14865,29.727027297270272,1156
14866,29.72902709729027,1153
14867,29.73102689731027,1142
14868,29.733026697330267,1138
14869,29.735026497350265,1145
14870,29.737026297370264,1153
14871,29.739026097390262,1147
14872,29.741025897410257,1132
14873,29.743025697430255,1121
14874,29.745025497450253,1122
14875,29.747025297470252,1131
14876,29.74902509749025,1139
14877,29.75102489751025,1139
14878,29.753024697530247,1129
14879,29.755024497550245,1122
14880,29.757024297570243,1128
14881,29.759024097590242,1144
14882,29.761023897610237,1156
14883,29.763023697630235,1158
14884,29.765023497650233,1158
14885,29.76702329767023,1169
14886,29.76902309769023,1185
14887,29.77102289771023,1193
14888,29.773022697730227,1195
14889,29.775022497750225,1194
14890,29.777022297770223,1184
14891,29.77902209779022,1168
14892,29.78102189781022,1157
14893,29.783021697830215,1151
14894,29.785021497850213,1143
14895,29.78702129787021,1140
14896,29.78902109789021,1151
14897,29.791020897910208,1171
14898,29.793020697930206,1184
14899,29.795020497950205,1183
14900,29.797020297970203,1176
14901,29.7990200979902,1171
14902,29.8010198980102,1161
14903,29.803019698030198,1148
14904,29.805019498050193,1137
14905,29.80701929807019,1132
14906,29.80901909809019,1137
14907,29.811018898110188,1147
14908,29.813018698130186,1153
14909,29.815018498150184,1154
14910,29.817018298170183,1156
14911,29.81901809819018,1160
14912,29.82101789821018,1161
14913,29.823017698230178,1157
14914,29.825017498250173,1156
14915,29.82701729827017,1160
14916,29.82901709829017,1166
14917,29.831016898310168,1165
14918,29.833016698330166,1153
14919,29.835016498350164,1138
14920,29.837016298370163,1134
14921,29.83901609839016,1142
14922,29.84101589841016,1150
14923,29.843015698430158,1150
14924,29.845015498450156,1146
14925,29.84701529847015,1140
14926,29.84901509849015,1135
14927,29.851014898510147,1133
14928,29.853014698530146,1137
14929,29.855014498550144,1145
14930,29.857014298570142,1153
14931,29.85901409859014,1155
14932,29.86101389861014,1154
14933,29.863013698630137,1150
14934,29.865013498650136,1139
14935,29.867013298670134,1130
14936,29.86901309869013,1135
14937,29.871012898710127,1148
14938,29.873012698730125,1154
14939,29.875012498750124,1151
14940,29.877012298770122,1147
14941,29.87901209879012,1147
14942,29.88101189881012,1150
14943,29.883011698830117,1149
14944,29.885011498850115,1144
14945,29.887011298870114,1141
14946,29.88901109889011,1142
14947,29.891010898910107,1144
14948,29.893010698930105,1144
14949,29.895010498950104,1146
14950,29.897010298970102,1148
14951,29.8990100989901,1149
14952,29.9010098990101,1149
14953,29.903009699030097,1149
14954,29.905009499050095,1149
14955,29.907009299070094,1144
14956,29.909009099090092,1132
14957,29.911008899110087,1118
14958,29.913008699130085,1115
14959,29.915008499150083,1122
14960,29.91700829917008,1129
14961,29.91900809919008,1129
14962,29.92100789921008,1128
14963,29.923007699230077,1133
14964,29.925007499250075,1144
14965,29.927007299270073,1157
14966,29.92900709929007,1168
14967,29.93100689931007,1172
14968,29.933006699330065,1163
14969,29.935006499350063,1144
14970,29.93700629937006,1126
14971,29.93900609939006,1113
14972,29.941005899410058,1105
14973,29.943005699430056,1105
14974,29.945005499450055,1114
14975,29.947005299470053,1126
14976,29.94900509949005,1132
14977,29.95100489951005,1133
14978,29.953004699530048,1134
14979,29.955004499550043,1138
14980,29.95700429957004,1144
14981,29.95900409959004,1150
14982,29.961003899610038,1153
14983,29.963003699630036,1149
14984,29.965003499650035,1135
14985,29.967003299670033,1121
14986,29.96900309969003,1119
14987,29.97100289971003,1129
14988,29.973002699730028,1138
14989,29.975002499750023,1135
14990,29.97700229977002,1128
14991,29.97900209979002,1134
14992,29.981001899810018,1154
14993,29.983001699830016,1171
14994,29.985001499850014,1171
14995,29.987001299870013,1153
14996,29.98900109989001,1125
14997,29.99100089991001,1108
14998,29.993000699930008,1113
14999,29.995000499950006,1130
15000,29.99700029997,1140
