index,time_s,ch1_raw
0,0.0,1532
1,0.002001152016027023,1530
2,0.004002304032054046,1528
3,0.0060034560480810685,1535
4,0.008004608064108092,1546
5,0.010005760080135115,1552
6,0.012006912096162137,1553
7,0.01400806411218916,1552
8,0.016009216128216184,1547
9,0.018010368144243206,1535
10,0.02001152016027023,1525
11,0.02201267217629725,1525
12,0.024013824192324274,1525
13,0.026014976208351297,1518
14,0.02801612822437832,1511
15,0.030017280240405342,1510
16,0.03201843225643237,1512
17,0.03401958427245939,1509
18,0.03602073628848641,1504
19,0.03802188830451343,1501
20,0.04002304032054046,1500
21,0.04202419233656748,1505
22,0.0440253443525945,1513
23,0.04602649636862153,1521
24,0.04802764838464855,1522
25,0.050028800400675574,1519
26,0.05202995241670259,1519
27,0.05403110443272962,1521
28,0.05603225644875664,1522
29,0.058033408464783665,1523
30,0.060034560480810684,1527
31,0.06203571249683771,1531
32,0.06403686451286474,1532
33,0.06603801652889175,1532
34,0.06803916854491877,1528
35,0.0700403205609458,1520
36,0.07204147257697283,1516
37,0.07404262459299985,1522
38,0.07604377660902686,1528
39,0.0780449286250539,1522
40,0.08004608064108092,1508
41,0.08204723265710794,1501
42,0.08404838467313495,1504
43,0.08604953668916199,1508
44,0.088050688705189,1508
45,0.09005184072121603,1505
46,0.09205299273724306,1499
47,0.09405414475327008,1495
48,0.0960552967692971,1494
49,0.09805644878532412,1496
50,0.10005760080135115,1500
51,0.10205875281737817,1505
52,0.10405990483340519,1512
53,0.1060610568494322,1517
54,0.10806220886545924,1514
55,0.11006336088148626,1500
56,0.11206451289751328,1487
57,0.11406566491354031,1484
58,0.11606681692956733,1482
59,0.11806796894559435,1473
60,0.12006912096162137,1465
61,0.1220702729776484,1468
62,0.12407142499367542,1482
63,0.12607257700970245,1494
64,0.12807372902572947,1496
65,0.1300748810417565,1494
66,0.1320760330577835,1500
67,0.13407718507381053,1511
68,0.13607833708983755,1515
69,0.13807948910586457,1509
70,0.1400806411218916,1500
71,0.14208179313791863,1492
72,0.14408294515394565,1479
73,0.14608409716997267,1465
74,0.1480852491859997,1468
75,0.1500864012020267,1492
76,0.15208755321805373,1515
77,0.15408870523408075,1518
78,0.1560898572501078,1501
79,0.1580910092661348,1485
80,0.16009216128216183,1485
81,0.16209331329818885,1494
82,0.16409446531421587,1498
83,0.1660956173302429,1496
84,0.1680967693462699,1498
85,0.17009792136229696,1511
86,0.17209907337832397,1527
87,0.174100225394351,1533
88,0.176101377410378,1530
89,0.17810252942640503,1530
90,0.18010368144243205,1539
91,0.18210483345845907,1547
92,0.18410598547448612,1546
93,0.18610713749051314,1537
94,0.18810828950654016,1521
95,0.19010944152256717,1504
96,0.1921105935385942,1497
97,0.1941117455546212,1504
98,0.19611289757064823,1516
99,0.19811404958667525,1522
100,0.2001152016027023,1517
101,0.20211635361872932,1505
102,0.20411750563475634,1492
103,0.20611865765078335,1487
104,0.20811980966681037,1489
105,0.2101209616828374,1491
106,0.2121221136988644,1491
107,0.21412326571489146,1487
108,0.21612441773091848,1480
109,0.2181255697469455,1479
110,0.22012672176297252,1493
111,0.22212787377899954,1513
112,0.22412902579502655,1525
113,0.22613017781105357,1524
114,0.22813132982708062,1518
115,0.23013248184310764,1506
116,0.23213363385913466,1496
117,0.23413478587516168,1498
118,0.2361359378911887,1514
119,0.23813708990721572,1535
120,0.24013824192324273,1552
121,0.24213939393926975,1561
122,0.2441405459552968,1554
123,0.24614169797132382,1537
124,0.24814284998735084,1526
125,0.2501440020033779,1525
126,0.2521451540194049,1524
127,0.2541463060354319,1516
128,0.25614745805145894,1504
129,0.25814861006748596,1497
130,0.260149762083513,1497
131,0.26215091409954,1504
132,0.264152066115567,1515
133,0.26615321813159404,1525
134,0.26815437014762106,1530
135,0.2701555221636481,1530
136,0.2721566741796751,1530
137,0.2741578261957021,1533
138,0.27615897821172913,1538
139,0.27816013022775615,1537
140,0.2801612822437832,1523
141,0.28216243425981025,1500
142,0.28416358627583727,1483
143,0.2861647382918643,1486
144,0.2881658903078913,1505
145,0.2901670423239183,1521
146,0.29216819433994534,1523
147,0.29416934635597236,1513
148,0.2961704983719994,1500
149,0.2981716503880264,1491
150,0.3001728024040534,1486
151,0.30217395442008044,1485
152,0.30417510643610746,1490
153,0.3061762584521345,1495
154,0.3081774104681615,1492
155,0.31017856248418857,1486
156,0.3121797145002156,1487
157,0.3141808665162426,1503
158,0.3161820185322696,1529
159,0.31818317054829665,1547
160,0.32018432256432366,1542
161,0.3221854745803507,1519
162,0.3241866265963777,1498
163,0.3261877786124047,1494
164,0.32818893062843174,1500
165,0.33019008264445876,1506
166,0.3321912346604858,1506
167,0.3341923866765128,1504
168,0.3361935386925398,1502
169,0.3381946907085669,1501
170,0.3401958427245939,1503
171,0.34219699474062093,1511
172,0.34419814675664795,1523
173,0.34619929877267497,1530
174,0.348200450788702,1528
175,0.350201602804729,1525
176,0.352202754820756,1527
177,0.35420390683678304,1526
178,0.35620505885281006,1521
179,0.3582062108688371,1516
180,0.3602073628848641,1513
181,0.3622085149008911,1513
182,0.36420966691691814,1521
183,0.36621081893294516,1530
184,0.36821197094897223,1530
185,0.37021312296499925,1521
186,0.37221427498102627,1516
187,0.3742154269970533,1525
188,0.3762165790130803,1550
189,0.37821773102910733,1565
190,0.38021888304513435,1553
191,0.38222003506116137,1530
192,0.3842211870771884,1517
193,0.3862223390932154,1515
194,0.3882234911092424,1513
195,0.39022464312526944,1506
196,0.39222579514129646,1496
197,0.3942269471573235,1487
198,0.3962280991733505,1483
199,0.3982292511893776,1487
200,0.4002304032054046,1494
201,0.4022315552214316,1499
202,0.40423270723745863,1503
203,0.40623385925348565,1506
204,0.40823501126951267,1507
205,0.4102361632855397,1506
206,0.4122373153015667,1510
207,0.41423846731759373,1518
208,0.41623961933362075,1517
209,0.41824077134964777,1508
210,0.4202419233656748,1509
211,0.4222430753817018,1528
212,0.4242442273977288,1551
213,0.4262453794137559,1563
214,0.4282465314297829,1560
215,0.43024768344580994,1555
216,0.43224883546183696,1557
217,0.434249987477864,1568
218,0.436251139493891,1574
219,0.438252291509918,1568
220,0.44025344352594503,1551
221,0.44225459554197205,1539
222,0.44425574755799907,1535
223,0.4462568995740261,1532
224,0.4482580515900531,1523
225,0.4502592036060801,1512
226,0.45226035562210715,1506
227,0.45426150763813417,1502
228,0.45626265965416124,1503
229,0.45826381167018826,1508
230,0.4602649636862153,1510
231,0.4622661157022423,1503
232,0.4642672677182693,1497
233,0.46626841973429634,1502
234,0.46826957175032335,1516
235,0.4702707237663504,1528
236,0.4722718757823774,1535
237,0.4742730277984044,1538
238,0.47627417981443143,1545
239,0.47827533183045845,1548
240,0.48027648384648547,1543
241,0.4822776358625125,1538
242,0.4842787878785395,1544
243,0.4862799398945666,1554
244,0.4882810919105936,1553
245,0.4902822439266206,1535
246,0.49228339594264764,1511
247,0.49428454795867466,1494
248,0.4962856999747017,1489
249,0.4982868519907287,1491
250,0.5002880040067558,1494
251,0.5022891560227828,1503
252,0.5042903080388098,1515
253,0.5062914600548368,1517
254,0.5082926120708638,1510
255,0.5102937640868909,1506
256,0.5122949161029179,1510
257,0.5142960681189449,1516
258,0.5162972201349719,1515
259,0.5182983721509989,1504
260,0.520299524167026,1499
261,0.522300676183053,1507
262,0.52430182819908,1521
263,0.526302980215107,1531
264,0.528304132231134,1538
265,0.5303052842471611,1542
266,0.5323064362631881,1543
267,0.5343075882792151,1544
268,0.5363087402952421,1548
269,0.5383098923112691,1552
270,0.5403110443272962,1549
271,0.5423121963433232,1540
272,0.5443133483593502,1530
273,0.5463145003753772,1522
274,0.5483156523914042,1516
275,0.5503168044074312,1516
276,0.5523179564234583,1525
277,0.5543191084394853,1536
278,0.5563202604555123,1527
279,0.5583214124715394,1500
280,0.5603225644875665,1486
281,0.5623237165035935,1497
282,0.5643248685196205,1508
283,0.5663260205356475,1503
284,0.5683271725516745,1495
285,0.5703283245677016,1501
286,0.5723294765837286,1515
287,0.5743306285997556,1522
288,0.5763317806157826,1518
289,0.5783329326318096,1511
290,0.5803340846478366,1505
291,0.5823352366638637,1498
292,0.5843363886798907,1491
293,0.5863375406959177,1490
294,0.5883386927119447,1495
295,0.5903398447279717,1495
296,0.5923409967439988,1492
297,0.5943421487600258,1495
298,0.5963433007760528,1505
299,0.5983444527920798,1514
300,0.6003456048081068,1519
301,0.6023467568241339,1518
302,0.6043479088401609,1512
303,0.6063490608561879,1500
304,0.6083502128722149,1488
305,0.6103513648882419,1482
306,0.612352516904269,1487
307,0.614353668920296,1499
308,0.616354820936323,1513
309,0.6183559729523501,1520
310,0.6203571249683771,1518
311,0.6223582769844042,1516
312,0.6243594290004312,1522
313,0.6263605810164582,1531
314,0.6283617330324852,1537
315,0.6303628850485122,1535
316,0.6323640370645393,1519
317,0.6343651890805663,1499
318,0.6363663410965933,1496
319,0.6383674931126203,1510
320,0.6403686451286473,1520
321,0.6423697971446743,1518
322,0.6443709491607014,1510
323,0.6463721011767284,1508
324,0.6483732531927554,1512
325,0.6503744052087824,1517
326,0.6523755572248094,1520
327,0.6543767092408365,1519
328,0.6563778612568635,1518
329,0.6583790132728905,1524
330,0.6603801652889175,1532
331,0.6623813173049445,1531
332,0.6643824693209716,1524
333,0.6663836213369986,1520
334,0.6683847733530256,1523
335,0.6703859253690526,1530
336,0.6723870773850796,1532
337,0.6743882294011067,1523
338,0.6763893814171338,1510
339,0.6783905334331608,1499
340,0.6803916854491878,1497
341,0.6823928374652148,1506
342,0.6843939894812419,1522
343,0.6863951414972689,1528
344,0.6883962935132959,1521
345,0.6903974455293229,1508
346,0.6923985975453499,1501
347,0.694399749561377,1499
348,0.696400901577404,1498
349,0.698402053593431,1494
350,0.700403205609458,1486
351,0.702404357625485,1478
352,0.704405509641512,1473
353,0.7064066616575391,1469
354,0.7084078136735661,1470
355,0.7104089656895931,1479
356,0.7124101177056201,1496
357,0.7144112697216471,1509
358,0.7164124217376742,1511
359,0.7184135737537012,1506
360,0.7204147257697282,1508
361,0.7224158777857552,1517
362,0.7244170298017822,1520
363,0.7264181818178093,1509
364,0.7284193338338363,1493
365,0.7304204858498633,1488
366,0.7324216378658903,1496
367,0.7344227898819174,1498
368,0.7364239418979445,1481
369,0.7384250939139715,1458
370,0.7404262459299985,1446
371,0.7424273979460255,1446
372,0.7444285499620525,1447
373,0.7464297019780796,1440
374,0.7484308539941066,1426
375,0.7504320060101336,1414
376,0.7524331580261606,1415
377,0.7544343100421876,1426
378,0.7564354620582147,1439
379,0.7584366140742417,1450
380,0.7604377660902687,1457
381,0.7624389181062957,1463
382,0.7644400701223227,1471
383,0.7664412221383498,1486
384,0.7684423741543768,1497
385,0.7704435261704038,1497
386,0.7724446781864308,1491
387,0.7744458302024578,1493
388,0.7764469822184848,1501
389,0.7784481342345119,1508
390,0.7804492862505389,1511
391,0.7824504382665659,1510
392,0.7844515902825929,1508
393,0.78645274229862,1508
394,0.788453894314647,1517
395,0.790455046330674,1531
396,0.792456198346701,1537
397,0.7944573503627281,1535
398,0.7964585023787552,1529
399,0.7984596543947822,1524
400,0.8004608064108092,1521
401,0.8024619584268362,1523
402,0.8044631104428632,1532
403,0.8064642624588902,1540
404,0.8084654144749173,1532
405,0.8104665664909443,1510
406,0.8124677185069713,1494
407,0.8144688705229983,1492
408,0.8164700225390253,1495
409,0.8184711745550524,1500
410,0.8204723265710794,1507
411,0.8224734785871064,1515
412,0.8244746306031334,1521
413,0.8264757826191604,1525
414,0.8284769346351875,1528
415,0.8304780866512145,1524
416,0.8324792386672415,1513
417,0.8344803906832685,1503
418,0.8364815426992955,1502
419,0.8384826947153226,1511
420,0.8404838467313496,1520
421,0.8424849987473766,1519
422,0.8444861507634036,1510
423,0.8464873027794306,1505
424,0.8484884547954576,1510
425,0.8504896068114847,1516
426,0.8524907588275118,1519
427,0.8544919108435388,1523
428,0.8564930628595658,1535
429,0.8584942148755929,1550
430,0.8604953668916199,1557
431,0.8624965189076469,1548
432,0.8644976709236739,1533
433,0.8664988229397009,1525
434,0.868499974955728,1526
435,0.870501126971755,1526
436,0.872502278987782,1520
437,0.874503431003809,1509
438,0.876504583019836,1498
439,0.878505735035863,1488
440,0.8805068870518901,1478
441,0.8825080390679171,1473
442,0.8845091910839441,1477
443,0.8865103430999711,1489
444,0.8885114951159981,1502
445,0.8905126471320252,1509
446,0.8925137991480522,1509
447,0.8945149511640792,1506
448,0.8965161031801062,1507
449,0.8985172551961332,1508
450,0.9005184072121603,1506
451,0.9025195592281873,1500
452,0.9045207112442143,1498
453,0.9065218632602413,1503
454,0.9085230152762683,1514
455,0.9105241672922955,1524
456,0.9125253193083225,1527
457,0.9145264713243495,1522
458,0.9165276233403765,1512
459,0.9185287753564035,1504
460,0.9205299273724306,1505
461,0.9225310793884576,1514
462,0.9245322314044846,1513
463,0.9265333834205116,1498
464,0.9285345354365386,1489
465,0.9305356874525657,1495
466,0.9325368394685927,1500
467,0.9345379914846197,1496
468,0.9365391435006467,1492
469,0.9385402955166737,1495
470,0.9405414475327007,1499
471,0.9425425995487278,1498
472,0.9445437515647548,1500
473,0.9465449035807818,1499
474,0.9485460555968088,1492
475,0.9505472076128358,1487
476,0.9525483596288629,1489
477,0.9545495116448899,1492
478,0.9565506636609169,1490
479,0.9585518156769439,1487
480,0.9605529676929709,1487
481,0.962554119708998,1484
482,0.964555271725025,1474
483,0.966556423741052,1466
484,0.968557575757079,1467
485,0.9705587277731061,1477
486,0.9725598797891332,1486
487,0.9745610318051602,1493
488,0.9765621838211872,1497
489,0.9785633358372142,1495
490,0.9805644878532412,1488
491,0.9825656398692683,1482
492,0.9845667918852953,1478
493,0.9865679439013223,1482
494,0.9885690959173493,1494
495,0.9905702479333763,1508
496,0.9925713999494034,1512
497,0.9945725519654304,1504
498,0.9965737039814574,1498
499,0.9985748559974844,1500
500,1.0005760080135115,1505
501,1.0025771600295386,1503
502,1.0045783120455656,1497
503,1.0065794640615926,1493
504,1.0085806160776196,1496
505,1.0105817680936466,1494
506,1.0125829201096737,1484
507,1.0145840721257007,1479
508,1.0165852241417277,1493
509,1.0185863761577547,1515
510,1.0205875281737817,1528
511,1.0225886801898088,1532
512,1.0245898322058358,1530
513,1.0265909842218628,1520
514,1.0285921362378898,1507
515,1.0305932882539168,1500
516,1.0325944402699438,1499
517,1.0345955922859709,1502
518,1.0365967443019979,1506
519,1.038597896318025,1506
520,1.040599048334052,1502
521,1.042600200350079,1499
522,1.044601352366106,1497
523,1.046602504382133,1495
524,1.04860365639816,1492
525,1.050604808414187,1493
526,1.052605960430214,1496
527,1.054607112446241,1497
528,1.056608264462268,1491
529,1.058609416478295,1484
530,1.0606105684943221,1487
531,1.0626117205103491,1497
532,1.0646128725263762,1499
533,1.0666140245424032,1495
534,1.0686151765584302,1499
535,1.0706163285744572,1507
536,1.0726174805904842,1506
537,1.0746186326065112,1497
538,1.0766197846225383,1491
539,1.0786209366385653,1490
540,1.0806220886545923,1485
541,1.0826232406706193,1478
542,1.0846243926866463,1474
543,1.0866255447026734,1472
544,1.0886266967187004,1473
545,1.0906278487347274,1479
546,1.0926290007507544,1491
547,1.0946301527667814,1500
548,1.0966313047828085,1504
549,1.0986324567988355,1507
550,1.1006336088148625,1509
551,1.1026347608308895,1511
552,1.1046359128469165,1514
553,1.1066370648629436,1518
554,1.1086382168789706,1515
555,1.1106393688949976,1509
556,1.1126405209110246,1508
557,1.1146416729270516,1513
558,1.1166428249430789,1515
559,1.118643976959106,1513
560,1.120645128975133,1510
561,1.12264628099116,1510
562,1.124647433007187,1516
563,1.126648585023214,1528
564,1.128649737039241,1537
565,1.130650889055268,1535
566,1.132652041071295,1524
567,1.134653193087322,1511
568,1.136654345103349,1505
569,1.138655497119376,1508
570,1.140656649135403,1510
571,1.1426578011514301,1505
572,1.1446589531674571,1499
573,1.1466601051834842,1499
574,1.1486612571995112,1502
575,1.1506624092155382,1503
576,1.1526635612315652,1502
577,1.1546647132475922,1500
578,1.1566658652636193,1499
579,1.1586670172796463,1497
580,1.1606681692956733,1495
581,1.1626693213117003,1499
582,1.1646704733277273,1511
583,1.1666716253437543,1522
584,1.1686727773597814,1524
585,1.1706739293758084,1516
586,1.1726750813918354,1510
587,1.1746762334078624,1515
588,1.1766773854238894,1523
589,1.1786785374399165,1524
590,1.1806796894559435,1521
591,1.1826808414719705,1519
592,1.1846819934879975,1519
593,1.1866831455040245,1520
594,1.1886842975200516,1518
595,1.1906854495360786,1508
596,1.1926866015521056,1492
597,1.1946877535681326,1478
598,1.1966889055841596,1471
599,1.1986900576001867,1475
600,1.2006912096162137,1489
601,1.2026923616322407,1499
602,1.2046935136482677,1490
603,1.2066946656642947,1472
604,1.2086958176803217,1464
605,1.2106969696963488,1474
606,1.2126981217123758,1489
607,1.2146992737284028,1496
608,1.2167004257444298,1499
609,1.2187015777604568,1509
610,1.2207027297764839,1522
611,1.2227038817925109,1527
612,1.224705033808538,1519
613,1.226706185824565,1506
614,1.228707337840592,1501
615,1.230708489856619,1504
616,1.232709641872646,1515
617,1.2347107938886732,1526
618,1.2367119459047002,1527
619,1.2387130979207273,1517
620,1.2407142499367543,1501
621,1.2427154019527813,1487
622,1.2447165539688083,1481
623,1.2467177059848353,1486
624,1.2487188580008624,1495
625,1.2507200100168894,1500
626,1.2527211620329164,1500
627,1.2547223140489434,1498
628,1.2567234660649704,1494
629,1.2587246180809974,1492
630,1.2607257700970245,1494
631,1.2627269221130515,1492
632,1.2647280741290785,1480
633,1.2667292261451055,1468
634,1.2687303781611325,1475
635,1.2707315301771596,1498
636,1.2727326821931866,1511
637,1.2747338342092136,1502
638,1.2767349862252406,1480
639,1.2787361382412676,1466
640,1.2807372902572947,1472
641,1.2827384422733217,1490
642,1.2847395942893487,1501
643,1.2867407463053757,1498
644,1.2887418983214027,1489
645,1.2907430503374298,1477
646,1.2927442023534568,1465
647,1.2947453543694838,1460
648,1.2967465063855108,1468
649,1.2987476584015378,1483
650,1.3007488104175648,1487
651,1.3027499624335919,1479
652,1.3047511144496189,1473
653,1.306752266465646,1477
654,1.308753418481673,1484
655,1.3107545704977,1486
656,1.312755722513727,1484
657,1.314756874529754,1481
658,1.316758026545781,1476
659,1.318759178561808,1469
660,1.320760330577835,1469
661,1.322761482593862,1478
662,1.324762634609889,1492
663,1.326763786625916,1505
664,1.3287649386419431,1514
665,1.3307660906579701,1514
666,1.3327672426739972,1503
667,1.3347683946900242,1482
668,1.3367695467060512,1461
669,1.3387706987220782,1457
670,1.3407718507381052,1467
671,1.3427730027541322,1476
672,1.3447741547701593,1475
673,1.3467753067861863,1471
674,1.3487764588022133,1468
675,1.3507776108182403,1471
676,1.3527787628342676,1482
677,1.3547799148502946,1494
678,1.3567810668663216,1497
679,1.3587822188823486,1491
680,1.3607833708983756,1481
681,1.3627845229144027,1473
682,1.3647856749304297,1468
683,1.3667868269464567,1468
684,1.3687879789624837,1469
685,1.3707891309785107,1465
686,1.3727902829945378,1457
687,1.3747914350105648,1454
688,1.3767925870265918,1458
689,1.3787937390426188,1466
690,1.3807948910586458,1477
691,1.3827960430746729,1488
692,1.3847971950906999,1498
693,1.386798347106727,1502
694,1.388799499122754,1495
695,1.390800651138781,1483
696,1.392801803154808,1479
697,1.394802955170835,1487
698,1.396804107186862,1496
699,1.398805259202889,1500
700,1.400806411218916,1495
701,1.402807563234943,1481
702,1.40480871525097,1466
703,1.406809867266997,1455
704,1.408811019283024,1454
705,1.4108121712990511,1461
706,1.4128133233150781,1476
707,1.4148144753311052,1490
708,1.4168156273471322,1488
709,1.4188167793631592,1471
710,1.4208179313791862,1456
711,1.4228190833952132,1455
712,1.4248202354112403,1460
713,1.4268213874272673,1456
714,1.4288225394432943,1448
715,1.4308236914593213,1449
716,1.4328248434753483,1460
717,1.4348259954913753,1470
718,1.4368271475074024,1469
719,1.4388282995234294,1460
720,1.4408294515394564,1452
721,1.4428306035554834,1451
722,1.4448317555715104,1458
723,1.4468329075875375,1459
724,1.4488340596035645,1450
725,1.4508352116195915,1443
726,1.4528363636356185,1442
727,1.4548375156516455,1440
728,1.4568386676676726,1440
729,1.4588398196836996,1452
730,1.4608409716997266,1472
731,1.4628421237157536,1481
732,1.4648432757317806,1475
733,1.4668444277478077,1467
734,1.468845579763835,1463
735,1.470846731779862,1456
736,1.472847883795889,1452
737,1.474849035811916,1455
738,1.476850187827943,1456
739,1.47885133984397,1446
740,1.480852491859997,1438
741,1.482853643876024,1447
742,1.484854795892051,1466
743,1.486855947908078,1475
744,1.488857099924105,1464
745,1.490858251940132,1443
746,1.4928594039561591,1434
747,1.4948605559721861,1441
748,1.4968617079882132,1452
749,1.4988628600042402,1457
750,1.5008640120202672,1455
751,1.5028651640362942,1452
752,1.5048663160523212,1446
753,1.5068674680683483,1437
754,1.5088686200843753,1435
755,1.5108697721004023,1448
756,1.5128709241164293,1466
757,1.5148720761324563,1466
758,1.5168732281484834,1443
759,1.5188743801645104,1418
760,1.5208755321805374,1411
761,1.5228766841965644,1418
762,1.5248778362125914,1431
763,1.5268789882286185,1445
764,1.5288801402446455,1458
765,1.5308812922606725,1469
766,1.5328824442766995,1475
767,1.5348835962927265,1472
768,1.5368847483087535,1461
769,1.5388859003247806,1453
770,1.5408870523408076,1458
771,1.5428882043568346,1471
772,1.5448893563728616,1476
773,1.5468905083888886,1468
774,1.5488916604049157,1456
775,1.5508928124209427,1449
776,1.5528939644369697,1453
777,1.5548951164529967,1458
778,1.5568962684690237,1462
779,1.5588974204850508,1470
780,1.5608985725010778,1484
781,1.5628997245171048,1490
782,1.5649008765331318,1483
783,1.5669020285491588,1469
784,1.5689031805651859,1458
785,1.5709043325812129,1450
786,1.57290548459724,1446
787,1.574906636613267,1447
788,1.576907788629294,1448
789,1.578908940645321,1441
790,1.580910092661348,1432
791,1.582911244677375,1437
792,1.584912396693402,1453
793,1.5869135487094292,1463
794,1.5889147007254563,1458
795,1.5909158527414833,1440
796,1.5929170047575103,1424
797,1.5949181567735373,1418
798,1.5969193087895643,1423
799,1.5989204608055914,1430
800,1.6009216128216184,1427
801,1.6029227648376454,1419
802,1.6049239168536724,1419
803,1.6069250688696994,1427
804,1.6089262208857265,1432
805,1.6109273729017535,1434
806,1.6129285249177805,1436
807,1.6149296769338075,1434
808,1.6169308289498345,1427
809,1.6189319809658616,1416
810,1.6209331329818886,1403
811,1.6229342849979156,1391
812,1.6249354370139426,1385
813,1.6269365890299696,1392
814,1.6289377410459966,1407
815,1.6309388930620237,1422
816,1.6329400450780507,1430
817,1.6349411970940777,1428
818,1.6369423491101047,1424
819,1.6389435011261317,1429
820,1.6409446531421588,1437
821,1.6429458051581858,1439
822,1.6449469571742128,1438
823,1.6469481091902398,1440
824,1.6489492612062668,1443
825,1.6509504132222939,1448
826,1.6529515652383209,1456
827,1.654952717254348,1460
828,1.656953869270375,1455
829,1.658955021286402,1444
830,1.660956173302429,1434
831,1.662957325318456,1429
832,1.664958477334483,1425
833,1.66695962935051,1414
834,1.668960781366537,1400
835,1.670961933382564,1398
836,1.672963085398591,1411
837,1.674964237414618,1430
838,1.676965389430645,1441
839,1.6789665414466721,1447
840,1.6809676934626991,1454
841,1.6829688454787262,1457
842,1.6849699974947532,1449
843,1.6869711495107802,1438
844,1.6889723015268072,1435
845,1.6909734535428342,1442
846,1.6929746055588613,1448
847,1.6949757575748883,1446
848,1.6969769095909153,1443
849,1.6989780616069423,1448
850,1.7009792136229693,1457
851,1.7029803656389964,1463
852,1.7049815176550236,1467
853,1.7069826696710506,1472
854,1.7089838216870776,1476
855,1.7109849737031047,1477
856,1.7129861257191317,1473
857,1.7149872777351587,1465
858,1.7169884297511857,1453
859,1.7189895817672127,1446
860,1.7209907337832397,1446
861,1.7229918857992668,1449
862,1.7249930378152938,1450
863,1.7269941898313208,1446
864,1.7289953418473478,1439
865,1.7309964938633748,1434
866,1.7329976458794019,1430
867,1.7349987978954289,1429
868,1.736999949911456,1431
869,1.739001101927483,1438
870,1.74100225394351,1439
871,1.743003405959537,1432
872,1.745004557975564,1426
873,1.747005709991591,1433
874,1.749006862007618,1451
875,1.751008014023645,1460
876,1.753009166039672,1452
877,1.755010318055699,1441
878,1.757011470071726,1444
879,1.759012622087753,1459
880,1.7610137741037801,1475
881,1.7630149261198071,1480
882,1.7650160781358342,1468
883,1.7670172301518612,1445
884,1.7690183821678882,1431
885,1.7710195341839152,1434
886,1.7730206861999422,1443
887,1.7750218382159693,1441
888,1.7770229902319963,1428
889,1.7790241422480233,1416
890,1.7810252942640503,1415
891,1.7830264462800773,1423
892,1.7850275982961044,1430
893,1.7870287503121314,1429
894,1.7890299023281584,1424
895,1.7910310543441854,1427
896,1.7930322063602124,1444
897,1.7950333583762395,1465
898,1.7970345103922665,1471
899,1.7990356624082935,1457
900,1.8010368144243205,1439
901,1.8030379664403475,1437
902,1.8050391184563745,1450
903,1.8070402704724016,1459
904,1.8090414224884286,1457
905,1.8110425745044556,1455
906,1.8130437265204826,1461
907,1.8150448785365096,1472
908,1.8170460305525367,1486
909,1.8190471825685637,1499
910,1.821048334584591,1504
911,1.823049486600618,1494
912,1.825050638616645,1481
913,1.827051790632672,1478
914,1.829052942648699,1483
915,1.831054094664726,1475
916,1.833055246680753,1455
917,1.83505639869678,1442
918,1.837057550712807,1443
919,1.839058702728834,1445
920,1.8410598547448611,1436
921,1.8430610067608881,1427
922,1.8450621587769152,1431
923,1.8470633107929422,1450
924,1.8490644628089692,1464
925,1.8510656148249962,1459
926,1.8530667668410232,1447
927,1.8550679188570502,1441
928,1.8570690708730773,1442
929,1.8590702228891043,1439
930,1.8610713749051313,1426
931,1.8630725269211583,1412
932,1.8650736789371853,1405
933,1.8670748309532124,1401
934,1.8690759829692394,1401
935,1.8710771349852664,1405
936,1.8730782870012934,1410
937,1.8750794390173204,1412
938,1.8770805910333475,1410
939,1.8790817430493745,1406
940,1.8810828950654015,1406
941,1.8830840470814285,1411
942,1.8850851990974555,1418
943,1.8870863511134826,1419
944,1.8890875031295096,1415
945,1.8910886551455366,1411
946,1.8930898071615636,1408
947,1.8950909591775906,1412
948,1.8970921111936176,1426
949,1.8990932632096447,1445
950,1.9010944152256717,1454
951,1.9030955672416987,1449
952,1.9050967192577257,1440
953,1.9070978712737527,1437
954,1.9090990232897798,1443
955,1.9111001753058068,1448
956,1.9131013273218338,1444
957,1.9151024793378608,1438
958,1.9171036313538878,1437
959,1.9191047833699149,1436
960,1.9211059353859419,1431
961,1.923107087401969,1428
962,1.925108239417996,1434
963,1.927109391434023,1442
964,1.92911054345005,1443
965,1.931111695466077,1444
966,1.933112847482104,1452
967,1.935113999498131,1461
968,1.937115151514158,1457
969,1.9391163035301853,1443
970,1.9411174555462123,1436
971,1.9431186075622393,1443
972,1.9451197595782663,1449
973,1.9471209115942933,1444
974,1.9491220636103204,1435
975,1.9511232156263474,1441
976,1.9531243676423744,1460
977,1.9551255196584014,1472
978,1.9571266716744284,1471
979,1.9591278236904555,1468
980,1.9611289757064825,1470
981,1.9631301277225095,1469
982,1.9651312797385365,1464
983,1.9671324317545635,1462
984,1.9691335837705906,1462
985,1.9711347357866176,1455
986,1.9731358878026446,1437
987,1.9751370398186716,1419
988,1.9771381918346986,1417
989,1.9791393438507257,1429
990,1.9811404958667527,1435
991,1.9831416478827797,1432
992,1.9851427998988067,1435
993,1.9871439519148337,1447
994,1.9891451039308607,1455
995,1.9911462559468878,1452
996,1.9931474079629148,1443
997,1.9951485599789418,1438
998,1.9971497119949688,1438
999,1.9991508640109958,1439
1000,2.001152016027023,1439
1001,2.00315316804305,1439
1002,2.005154320059077,1439
1003,2.007155472075104,1442
1004,2.009156624091131,1448
1005,2.011157776107158,1451
1006,2.013158928123185,1444
1007,2.015160080139212,1435
1008,2.0171612321552392,1440
1009,2.019162384171266,1459
1010,2.0211635361872933,1475
1011,2.02316468820332,1472
1012,2.0251658402193473,1463
1013,2.027166992235374,1465
1014,2.0291681442514014,1479
1015,2.031169296267428,1487
1016,2.0331704482834554,1481
1017,2.035171600299482,1470
1018,2.0371727523155094,1459
1019,2.0391739043315362,1451
1020,2.0411750563475635,1450
1021,2.0431762083635903,1452
1022,2.0451773603796175,1450
1023,2.0471785123956443,1444
1024,2.0491796644116715,1444
1025,2.0511808164276983,1446
1026,2.0531819684437256,1445
1027,2.0551831204597524,1445
1028,2.0571842724757796,1455
1029,2.0591854244918064,1469
1030,2.0611865765078337,1481
1031,2.0631877285238605,1489
1032,2.0651888805398877,1490
1033,2.0671900325559145,1479
1034,2.0691911845719417,1462
1035,2.0711923365879685,1450
1036,2.0731934886039958,1448
1037,2.0751946406200226,1455
1038,2.07719579263605,1467
1039,2.0791969446520766,1473
1040,2.081198096668104,1469
1041,2.0831992486841306,1460
1042,2.085200400700158,1456
1043,2.0872015527161847,1461
1044,2.089202704732212,1474
1045,2.0912038567482387,1483
1046,2.093205008764266,1479
1047,2.0952061607802928,1470
1048,2.09720731279632,1473
1049,2.099208464812347,1482
1050,2.101209616828374,1484
1051,2.103210768844401,1477
1052,2.105211920860428,1473
1053,2.107213072876455,1477
1054,2.109214224892482,1480
1055,2.111215376908509,1476
1056,2.113216528924536,1472
1057,2.1152176809405634,1474
1058,2.11721883295659,1479
1059,2.1192199849726174,1484
1060,2.1212211369886442,1484
1061,2.1232222890046715,1478
1062,2.1252234410206983,1474
1063,2.1272245930367255,1471
1064,2.1292257450527523,1464
1065,2.1312268970687795,1453
1066,2.1332280490848063,1448
1067,2.1352292011008336,1447
1068,2.1372303531168604,1445
1069,2.1392315051328876,1438
1070,2.1412326571489144,1437
1071,2.1432338091649417,1446
1072,2.1452349611809685,1456
1073,2.1472361131969957,1465
1074,2.1492372652130225,1479
1075,2.1512384172290497,1492
1076,2.1532395692450765,1490
1077,2.1552407212611038,1475
1078,2.1572418732771306,1466
1079,2.159243025293158,1471
1080,2.1612441773091846,1475
1081,2.163245329325212,1468
1082,2.1652464813412386,1456
1083,2.167247633357266,1456
1084,2.1692487853732927,1468
1085,2.17124993738932,1476
1086,2.1732510894053467,1468
1087,2.175252241421374,1450
1088,2.1772533934374008,1438
1089,2.179254545453428,1440
1090,2.181255697469455,1448
1091,2.183256849485482,1453
1092,2.185258001501509,1453
1093,2.187259153517536,1453
1094,2.189260305533563,1451
1095,2.19126145754959,1448
1096,2.193262609565617,1450
1097,2.195263761581644,1462
1098,2.197264913597671,1478
1099,2.199266065613698,1485
1100,2.201267217629725,1482
1101,2.2032683696457522,1480
1102,2.205269521661779,1486
1103,2.2072706736778063,1492
1104,2.209271825693833,1489
1105,2.2112729777098603,1482
1106,2.213274129725887,1485
1107,2.2152752817419143,1496
1108,2.217276433757941,1506
1109,2.2192775857739684,1513
1110,2.221278737789995,1523
1111,2.2232798898060224,1533
1112,2.225281041822049,1536
1113,2.2272821938380765,1533
1114,2.2292833458541033,1530
1115,2.2312844978701305,1530
1116,2.2332856498861577,1529
1117,2.2352868019021845,1524
1118,2.237287953918212,1521
1119,2.2392891059342386,1520
1120,2.241290257950266,1509
1121,2.2432914099662926,1485
1122,2.24529256198232,1463
1123,2.2472937139983467,1459
1124,2.249294866014374,1466
1125,2.2512960180304007,1465
1126,2.253297170046428,1456
1127,2.2552983220624547,1455
1128,2.257299474078482,1465
1129,2.2593006260945088,1469
1130,2.261301778110536,1456
1131,2.263302930126563,1439
1132,2.26530408214259,1435
1133,2.267305234158617,1443
1134,2.269306386174644,1456
1135,2.271307538190671,1471
1136,2.273308690206698,1476
1137,2.275309842222725,1467
1138,2.277310994238752,1453
1139,2.279312146254779,1441
1140,2.281313298270806,1432
1141,2.283314450286833,1431
1142,2.2853156023028602,1442
1143,2.287316754318887,1449
1144,2.2893179063349143,1443
1145,2.291319058350941,1431
1146,2.2933202103669683,1431
1147,2.295321362382995,1448
1148,2.2973225143990224,1472
1149,2.299323666415049,1492
1150,2.3013248184310764,1503
1151,2.303325970447103,1505
1152,2.3053271224631304,1504
1153,2.3073282744791572,1503
1154,2.3093294264951845,1501
1155,2.3113305785112113,1497
1156,2.3133317305272385,1493
1157,2.3153328825432653,1489
1158,2.3173340345592925,1482
1159,2.3193351865753193,1472
1160,2.3213363385913466,1467
1161,2.3233374906073734,1476
1162,2.3253386426234006,1492
1163,2.3273397946394274,1500
1164,2.3293409466554547,1494
1165,2.3313420986714815,1482
1166,2.3333432506875087,1475
1167,2.3353444027035355,1475
1168,2.3373455547195627,1475
1169,2.3393467067355895,1465
1170,2.3413478587516168,1452
1171,2.3433490107676436,1449
1172,2.345350162783671,1454
1173,2.3473513147996976,1461
1174,2.349352466815725,1465
1175,2.351353618831752,1463
1176,2.353354770847779,1453
1177,2.355355922863806,1443
1178,2.357357074879833,1436
1179,2.35935822689586,1433
1180,2.361359378911887,1428
1181,2.363360530927914,1429
1182,2.365361682943941,1440
1183,2.3673628349599682,1448
1184,2.369363986975995,1439
1185,2.3713651389920223,1423
1186,2.373366291008049,1417
1187,2.3753674430240763,1421
1188,2.377368595040103,1425
1189,2.3793697470561304,1423
1190,2.381370899072157,1416
1191,2.3833720510881844,1412
1192,2.385373203104211,1414
1193,2.3873743551202384,1416
1194,2.3893755071362652,1420
1195,2.3913766591522925,1429
1196,2.3933778111683193,1441
1197,2.3953789631843465,1446
1198,2.3973801152003733,1444
1199,2.3993812672164005,1443
1200,2.4013824192324273,1443
1201,2.4033835712484546,1440
1202,2.4053847232644814,1432
1203,2.4073858752805086,1422
1204,2.4093870272965354,1416
1205,2.4113881793125627,1417
1206,2.4133893313285895,1430
1207,2.4153904833446167,1447
1208,2.4173916353606435,1453
1209,2.4193927873766707,1445
1210,2.4213939393926975,1438
1211,2.4233950914087248,1444
1212,2.4253962434247516,1451
1213,2.427397395440779,1445
1214,2.4293985474568056,1433
1215,2.431399699472833,1428
1216,2.4334008514888597,1430
1217,2.435402003504887,1434
1218,2.4374031555209137,1437
1219,2.439404307536941,1436
1220,2.4414054595529677,1434
1221,2.443406611568995,1435
1222,2.4454077635850218,1438
1223,2.447408915601049,1434
1224,2.449410067617076,1423
1225,2.451411219633103,1418
1226,2.45341237164913,1422
1227,2.455413523665157,1429
1228,2.457414675681184,1432
1229,2.459415827697211,1434
1230,2.461416979713238,1444
1231,2.463418131729265,1457
1232,2.465419283745292,1459
1233,2.467420435761319,1445
1234,2.4694215877773464,1430
1235,2.4714227397933732,1429
1236,2.4734238918094005,1437
1237,2.4754250438254273,1439
1238,2.4774261958414545,1434
1239,2.4794273478574813,1431
1240,2.4814284998735086,1427
1241,2.4834296518895354,1418
1242,2.4854308039055626,1406
1243,2.4874319559215894,1403
1244,2.4894331079376166,1414
1245,2.4914342599536434,1425
1246,2.4934354119696707,1428
1247,2.4954365639856975,1423
1248,2.4974377160017247,1414
1249,2.4994388680177515,1405
1250,2.5014400200337787,1400
1251,2.5034411720498055,1400
1252,2.505442324065833,1401
1253,2.5074434760818596,1403
1254,2.509444628097887,1409
1255,2.5114457801139136,1417
1256,2.513446932129941,1420
1257,2.5154480841459677,1416
1258,2.517449236161995,1410
1259,2.5194503881780217,1411
1260,2.521451540194049,1421
1261,2.5234526922100757,1431
1262,2.525453844226103,1428
1263,2.5274549962421298,1420
1264,2.529456148258157,1417
1265,2.531457300274184,1421
1266,2.533458452290211,1426
1267,2.535459604306238,1430
1268,2.537460756322265,1434
1269,2.539461908338292,1440
1270,2.541463060354319,1446
1271,2.543464212370346,1446
1272,2.545465364386373,1442
1273,2.5474665164024,1440
1274,2.549467668418427,1441
1275,2.551468820434454,1442
1276,2.5534699724504812,1438
1277,2.555471124466508,1427
1278,2.5574722764825353,1413
1279,2.559473428498562,1409
1280,2.5614745805145893,1420
1281,2.563475732530616,1430
1282,2.5654768845466434,1431
1283,2.56747803656267,1428
1284,2.5694791885786974,1428
1285,2.571480340594724,1429
1286,2.5734814926107514,1426
1287,2.5754826446267782,1425
1288,2.5774837966428055,1432
1289,2.5794849486588323,1441
1290,2.5814861006748595,1438
1291,2.5834872526908863,1427
1292,2.5854884047069135,1425
1293,2.587489556722941,1438
1294,2.5894907087389676,1453
1295,2.591491860754995,1456
1296,2.5934930127710216,1449
1297,2.595494164787049,1447
1298,2.5974953168030757,1453
1299,2.599496468819103,1454
1300,2.6014976208351297,1447
1301,2.603498772851157,1438
1302,2.6054999248671837,1435
1303,2.607501076883211,1436
1304,2.6095022288992378,1439
1305,2.611503380915265,1441
1306,2.613504532931292,1442
1307,2.615505684947319,1434
1308,2.617506836963346,1421
1309,2.619507988979373,1418
1310,2.6215091409954,1431
1311,2.623510293011427,1440
1312,2.625511445027454,1431
1313,2.627512597043481,1414
1314,2.629513749059508,1408
1315,2.631514901075535,1414
1316,2.633516053091562,1419
1317,2.6355172051075892,1424
1318,2.637518357123616,1430
1319,2.6395195091396433,1431
1320,2.64152066115567,1423
1321,2.6435218131716973,1414
1322,2.645522965187724,1414
1323,2.6475241172037514,1423
1324,2.649525269219778,1426
1325,2.6515264212358054,1418
1326,2.653527573251832,1409
1327,2.6555287252678594,1407
1328,2.6575298772838862,1410
1329,2.6595310292999135,1408
1330,2.6615321813159403,1405
1331,2.6635333333319675,1407
1332,2.6655344853479943,1416
1333,2.6675356373640216,1422
1334,2.6695367893800483,1418
1335,2.6715379413960756,1404
1336,2.6735390934121024,1390
1337,2.6755402454281296,1390
1338,2.6775413974441564,1401
1339,2.6795425494601837,1413
1340,2.6815437014762105,1417
1341,2.6835448534922377,1411
1342,2.6855460055082645,1404
1343,2.6875471575242917,1406
1344,2.6895483095403185,1420
1345,2.691549461556346,1438
1346,2.6935506135723726,1448
1347,2.6955517655884,1445
1348,2.6975529176044266,1430
1349,2.699554069620454,1414
1350,2.7015552216364807,1413
1351,2.703556373652508,1426
1352,2.705557525668535,1439
1353,2.707558677684562,1442
1354,2.709559829700589,1436
1355,2.711560981716616,1424
1356,2.713562133732643,1412
1357,2.71556328574867,1409
1358,2.7175644377646972,1415
1359,2.719565589780724,1422
1360,2.7215667417967513,1423
1361,2.723567893812778,1424
1362,2.7255690458288053,1426
1363,2.727570197844832,1423
1364,2.7295713498608594,1413
1365,2.731572501876886,1401
1366,2.7335736538929134,1397
1367,2.73557480590894,1402
1368,2.7375759579249674,1413
1369,2.7395771099409942,1426
1370,2.7415782619570215,1431
1371,2.7435794139730483,1424
1372,2.7455805659890755,1414
1373,2.7475817180051023,1416
1374,2.7495828700211296,1431
1375,2.7515840220371564,1449
1376,2.7535851740531836,1457
1377,2.7555863260692104,1453
1378,2.7575874780852376,1446
1379,2.7595886301012644,1445
1380,2.7615897821172917,1445
1381,2.7635909341333185,1436
1382,2.7655920861493457,1419
1383,2.7675932381653725,1407
1384,2.7695943901813997,1403
1385,2.7715955421974265,1396
1386,2.773596694213454,1380
1387,2.7755978462294806,1368
1388,2.777598998245508,1378
1389,2.7796001502615346,1401
1390,2.781601302277562,1410
1391,2.7836024542935887,1396
1392,2.785603606309616,1384
1393,2.7876047583256427,1398
1394,2.78960591034167,1422
1395,2.7916070623576967,1432
1396,2.793608214373724,1426
1397,2.7956093663897508,1417
1398,2.797610518405778,1413
1399,2.799611670421805,1410
1400,2.801612822437832,1406
1401,2.803613974453859,1405
1402,2.805615126469886,1413
1403,2.807616278485913,1424
1404,2.80961743050194,1431
1405,2.811618582517967,1426
1406,2.813619734533994,1421
1407,2.815620886550021,1423
1408,2.817622038566048,1427
1409,2.8196231905820754,1424
1410,2.8216243425981022,1418
1411,2.8236254946141295,1414
1412,2.8256266466301563,1408
1413,2.8276277986461835,1396
1414,2.8296289506622103,1388
1415,2.8316301026782376,1389
1416,2.8336312546942644,1393
1417,2.8356324067102916,1391
1418,2.8376335587263184,1387
1419,2.8396347107423456,1394
1420,2.8416358627583724,1407
1421,2.8436370147743997,1418
1422,2.8456381667904265,1422
1423,2.8476393188064537,1425
1424,2.8496404708224805,1429
1425,2.8516416228385078,1435
1426,2.8536427748545345,1443
1427,2.855643926870562,1451
1428,2.8576450788865886,1451
1429,2.859646230902616,1440
1430,2.8616473829186426,1425
1431,2.86364853493467,1416
1432,2.8656496869506967,1419
1433,2.867650838966724,1433
1434,2.8696519909827507,1445
1435,2.871653142998778,1443
1436,2.8736542950148047,1430
1437,2.875655447030832,1424
1438,2.8776565990468588,1428
1439,2.879657751062886,1432
1440,2.881658903078913,1434
1441,2.88366005509494,1438
1442,2.885661207110967,1438
1443,2.887662359126994,1423
1444,2.889663511143021,1400
1445,2.891664663159048,1388
1446,2.893665815175075,1392
1447,2.895666967191102,1401
1448,2.897668119207129,1406
1449,2.899669271223156,1404
1450,2.901670423239183,1400
1451,2.9036715752552102,1400
1452,2.905672727271237,1409
1453,2.9076738792872643,1421
1454,2.909675031303291,1424
1455,2.9116761833193183,1412
1456,2.913677335335345,1397
1457,2.9156784873513724,1397
1458,2.917679639367399,1406
1459,2.9196807913834264,1411
1460,2.921681943399453,1405
1461,2.9236830954154804,1394
1462,2.9256842474315072,1389
1463,2.9276853994475345,1398
1464,2.9296865514635613,1412
1465,2.9316877034795885,1416
1466,2.9336888554956153,1410
1467,2.9356900075116426,1404
1468,2.93769115952767,1404
1469,2.9396923115436966,1405
1470,2.941693463559724,1402
1471,2.9436946155757506,1398
1472,2.945695767591778,1397
1473,2.9476969196078047,1398
1474,2.949698071623832,1398
1475,2.9516992236398587,1397
1476,2.953700375655886,1401
1477,2.9557015276719127,1412
1478,2.95770267968794,1423
1479,2.959703831703967,1421
1480,2.961704983719994,1409
1481,2.963706135736021,1402
1482,2.965707287752048,1408
1483,2.967708439768075,1421
1484,2.969709591784102,1430
1485,2.971710743800129,1427
1486,2.973711895816156,1421
1487,2.975713047832183,1415
1488,2.97771419984821,1405
1489,2.979715351864237,1392
1490,2.981716503880264,1392
1491,2.983717655896291,1409
1492,2.9857188079123183,1423
1493,2.987719959928345,1420
1494,2.9897211119443723,1411
1495,2.991722263960399,1414
1496,2.9937234159764263,1427
1497,2.995724567992453,1437
1498,2.9977257200084804,1443
1499,2.999726872024507,1451
1500,3.0017280240405344,1456
1501,3.003729176056561,1449
1502,3.0057303280725884,1434
1503,3.0077314800886152,1424
1504,3.0097326321046425,1421
1505,3.0117337841206693,1416
1506,3.0137349361366965,1408
1507,3.0157360881527233,1405
1508,3.0177372401687506,1410
1509,3.0197383921847774,1412
1510,3.0217395442008046,1403
1511,3.0237406962168314,1393
1512,3.0257418482328586,1393
1513,3.0277430002488854,1401
1514,3.0297441522649127,1405
1515,3.0317453042809395,1400
1516,3.0337464562969667,1397
1517,3.0357476083129935,1402
1518,3.0377487603290207,1408
1519,3.0397499123450475,1410
1520,3.041751064361075,1412
1521,3.0437522163771016,1410
1522,3.045753368393129,1398
1523,3.0477545204091556,1386
1524,3.049755672425183,1385
1525,3.0517568244412097,1395
1526,3.053757976457237,1408
1527,3.055759128473264,1419
1528,3.057760280489291,1417
1529,3.059761432505318,1405
1530,3.061762584521345,1397
1531,3.063763736537372,1401
1532,3.065764888553399,1415
1533,3.0677660405694263,1427
1534,3.069767192585453,1428
1535,3.0717683446014803,1417
1536,3.073769496617507,1406
1537,3.0757706486335343,1406
1538,3.077771800649561,1420
1539,3.0797729526655884,1435
1540,3.081774104681615,1438
1541,3.0837752566976424,1435
1542,3.085776408713669,1438
1543,3.0877775607296964,1452
1544,3.0897787127457232,1468
1545,3.0917798647617505,1470
1546,3.0937810167777773,1457
1547,3.0957821687938045,1437
1548,3.0977833208098313,1427
1549,3.0997844728258586,1430
1550,3.1017856248418854,1438
1551,3.1037867768579126,1447
1552,3.1057879288739394,1452
1553,3.1077890808899666,1452
1554,3.1097902329059934,1447
1555,3.1117913849220207,1441
1556,3.1137925369380475,1442
1557,3.1157936889540747,1449
1558,3.1177948409701015,1450
1559,3.1197959929861288,1441
1560,3.1217971450021555,1428
1561,3.123798297018183,1414
1562,3.1257994490342096,1397
1563,3.127800601050237,1387
1564,3.1298017530662636,1394
1565,3.131802905082291,1414
1566,3.1338040570983177,1426
1567,3.135805209114345,1420
1568,3.1378063611303717,1406
1569,3.139807513146399,1401
1570,3.1418086651624257,1403
1571,3.143809817178453,1402
1572,3.14581096919448,1398
1573,3.147812121210507,1402
1574,3.149813273226534,1410
1575,3.151814425242561,1411
1576,3.153815577258588,1397
1577,3.155816729274615,1384
1578,3.157817881290642,1386
1579,3.159819033306669,1406
1580,3.161820185322696,1429
1581,3.163821337338723,1442
1582,3.16582248935475,1437
1583,3.167823641370777,1421
1584,3.169824793386804,1408
1585,3.1718259454028312,1407
1586,3.1738270974188585,1413
1587,3.1758282494348853,1419
1588,3.1778294014509125,1424
1589,3.1798305534669393,1424
1590,3.1818317054829666,1425
1591,3.1838328574989934,1431
1592,3.1858340095150206,1437
1593,3.1878351615310474,1437
1594,3.1898363135470746,1435
1595,3.1918374655631014,1437
1596,3.1938386175791287,1440
1597,3.1958397695951555,1440
1598,3.1978409216111827,1433
1599,3.1998420736272095,1424
1600,3.2018432256432368,1420
1601,3.2038443776592636,1427
1602,3.205845529675291,1442
1603,3.2078466816913176,1456
1604,3.209847833707345,1460
1605,3.2118489857233716,1455
1606,3.213850137739399,1452
1607,3.2158512897554257,1453
1608,3.217852441771453,1456
1609,3.2198535937874797,1455
1610,3.221854745803507,1445
1611,3.2238558978195337,1429
1612,3.225857049835561,1418
1613,3.227858201851588,1412
1614,3.229859353867615,1413
1615,3.231860505883642,1424
1616,3.233861657899669,1443
1617,3.235862809915696,1458
1618,3.237863961931723,1460
1619,3.23986511394775,1455
1620,3.241866265963777,1448
1621,3.243867417979804,1442
1622,3.245868569995831,1434
1623,3.247869722011858,1431
1624,3.249870874027885,1432
1625,3.251872026043912,1431
1626,3.2538731780599393,1423
1627,3.255874330075966,1421
1628,3.2578754820919933,1436
1629,3.25987663410802,1460
1630,3.2618777861240473,1474
1631,3.263878938140074,1472
1632,3.2658800901561014,1464
1633,3.267881242172128,1461
1634,3.2698823941881554,1460
1635,3.271883546204182,1452
1636,3.2738846982202094,1440
1637,3.2758858502362362,1439
1638,3.2778870022522635,1450
1639,3.2798881542682903,1454
1640,3.2818893062843175,1443
1641,3.2838904583003443,1429
1642,3.2858916103163716,1421
1643,3.2878927623323984,1422
1644,3.2898939143484256,1428
1645,3.291895066364453,1432
1646,3.2938962183804796,1427
1647,3.295897370396507,1417
1648,3.2978985224125337,1410
1649,3.299899674428561,1410
1650,3.3019008264445877,1417
1651,3.303901978460615,1419
1652,3.3059031304766417,1412
1653,3.307904282492669,1400
1654,3.309905434508696,1396
1655,3.311906586524723,1400
1656,3.31390773854075,1408
1657,3.315908890556777,1413
1658,3.317910042572804,1412
1659,3.319911194588831,1407
1660,3.321912346604858,1402
1661,3.323913498620885,1400
1662,3.325914650636912,1399
1663,3.327915802652939,1396
1664,3.329916954668966,1391
1665,3.331918106684993,1387
1666,3.33391925870102,1386
1667,3.3359204107170473,1389
1668,3.337921562733074,1395
1669,3.3399227147491013,1395
1670,3.341923866765128,1393
1671,3.3439250187811553,1395
1672,3.345926170797182,1402
1673,3.3479273228132094,1408
1674,3.349928474829236,1412
1675,3.3519296268452634,1412
1676,3.35393077886129,1410
1677,3.3559319308773174,1408
1678,3.3579330828933442,1400
1679,3.3599342349093715,1389
1680,3.3619353869253983,1388
1681,3.3639365389414255,1401
1682,3.3659376909574523,1416
1683,3.3679388429734796,1421
1684,3.3699399949895064,1415
1685,3.3719411470055336,1403
1686,3.3739422990215604,1386
1687,3.3759434510375876,1370
1688,3.3779446030536144,1359
1689,3.3799457550696417,1357
1690,3.3819469070856685,1365
1691,3.3839480591016957,1377
1692,3.3859492111177225,1387
1693,3.3879503631337498,1394
1694,3.3899515151497766,1394
1695,3.391952667165804,1392
1696,3.3939538191818306,1401
1697,3.395954971197858,1418
1698,3.3979561232138846,1426
1699,3.399957275229912,1419
1700,3.4019584272459387,1413
1701,3.403959579261966,1418
1702,3.4059607312779927,1420
1703,3.40796188329402,1405
1704,3.409963035310047,1382
1705,3.411964187326074,1373
1706,3.4139653393421012,1380
1707,3.415966491358128,1395
1708,3.4179676433741553,1404
1709,3.419968795390182,1398
1710,3.4219699474062093,1385
1711,3.423971099422236,1382
1712,3.4259722514382633,1392
1713,3.42797340345429,1407
1714,3.4299745554703174,1419
1715,3.431975707486344,1428
1716,3.4339768595023714,1433
1717,3.435978011518398,1434
1718,3.4379791635344255,1432
1719,3.4399803155504523,1427
1720,3.4419814675664795,1417
1721,3.4439826195825063,1403
1722,3.4459837715985335,1392
1723,3.4479849236145603,1389
1724,3.4499860756305876,1394
1725,3.4519872276466144,1398
1726,3.4539883796626416,1394
1727,3.4559895316786684,1384
1728,3.4579906836946956,1379
1729,3.4599918357107224,1384
1730,3.4619929877267497,1396
1731,3.4639941397427765,1407
1732,3.4659952917588037,1412
1733,3.4679964437748305,1410
1734,3.4699975957908578,1408
1735,3.4719987478068846,1410
1736,3.473999899822912,1408
1737,3.4760010518389386,1399
1738,3.478002203854966,1393
1739,3.4800033558709926,1395
1740,3.48200450788702,1400
1741,3.4840056599030467,1402
1742,3.486006811919074,1405
1743,3.4880079639351007,1414
1744,3.490009115951128,1425
1745,3.4920102679671547,1438
1746,3.494011419983182,1447
1747,3.496012571999209,1451
1748,3.498013724015236,1447
1749,3.500014876031263,1434
1750,3.50201602804729,1420
1751,3.504017180063317,1416
1752,3.506018332079344,1423
1753,3.508019484095371,1432
1754,3.510020636111398,1436
1755,3.512021788127425,1426
1756,3.514022940143452,1410
1757,3.516024092159479,1402
1758,3.518025244175506,1408
1759,3.520026396191533,1418
1760,3.5220275482075603,1424
1761,3.524028700223587,1424
1762,3.5260298522396143,1424
1763,3.5280310042556415,1424
1764,3.5300321562716683,1424
1765,3.5320333082876956,1426
1766,3.5340344603037224,1433
1767,3.5360356123197496,1437
1768,3.5380367643357764,1435
1769,3.5400379163518036,1428
1770,3.5420390683678304,1423
1771,3.5440402203838577,1422
1772,3.5460413723998845,1424
1773,3.5480425244159117,1424
1774,3.5500436764319385,1419
1775,3.5520448284479658,1409
1776,3.5540459804639926,1400
1777,3.55604713248002,1402
1778,3.5580482844960466,1409
1779,3.560049436512074,1409
1780,3.5620505885281006,1405
1781,3.564051740544128,1408
1782,3.5660528925601547,1417
1783,3.568054044576182,1416
1784,3.5700551965922087,1397
1785,3.572056348608236,1373
1786,3.5740575006242628,1361
1787,3.57605865264029,1365
1788,3.578059804656317,1372
1789,3.580060956672344,1375
1790,3.582062108688371,1374
1791,3.584063260704398,1375
1792,3.586064412720425,1377
1793,3.588065564736452,1378
1794,3.590066716752479,1382
1795,3.592067868768506,1393
1796,3.594069020784533,1404
1797,3.59607017280056,1408
1798,3.598071324816587,1410
1799,3.600072476832614,1413
1800,3.602073628848641,1415
1801,3.6040747808646683,1411
1802,3.606075932880695,1403
1803,3.6080770848967223,1397
1804,3.610078236912749,1394
1805,3.6120793889287763,1391
1806,3.614080540944803,1387
1807,3.6160816929608304,1385
1808,3.618082844976857,1388
1809,3.6200839969928844,1396
1810,3.622085149008911,1403
1811,3.6240863010249385,1407
1812,3.6260874530409652,1407
1813,3.6280886050569925,1405
1814,3.6300897570730193,1412
1815,3.6320909090890465,1426
1816,3.6340920611050733,1440
1817,3.6360932131211006,1453
1818,3.6380943651371274,1464
1819,3.6400955171531546,1462
1820,3.642096669169182,1445
1821,3.6440978211852086,1423
1822,3.646098973201236,1407
1823,3.6481001252172627,1399
1824,3.65010127723329,1397
1825,3.6521024292493167,1400
1826,3.654103581265344,1410
1827,3.6561047332813708,1421
1828,3.658105885297398,1425
1829,3.660107037313425,1419
1830,3.662108189329452,1407
1831,3.664109341345479,1403
1832,3.666110493361506,1414
1833,3.668111645377533,1427
1834,3.67011279739356,1425
1835,3.672113949409587,1412
1836,3.674115101425614,1406
1837,3.676116253441641,1411
1838,3.678117405457668,1417
1839,3.680118557473695,1417
1840,3.6821197094897222,1411
1841,3.684120861505749,1407
1842,3.6861220135217763,1405
1843,3.688123165537803,1404
1844,3.6901243175538303,1401
1845,3.692125469569857,1395
1846,3.6941266215858843,1388
1847,3.696127773601911,1389
1848,3.6981289256179384,1395
1849,3.700130077633965,1398
1850,3.7021312296499924,1394
1851,3.704132381666019,1393
1852,3.7061335336820465,1399
1853,3.7081346856980733,1412
1854,3.7101358377141005,1424
1855,3.7121369897301273,1429
1856,3.7141381417461545,1428
1857,3.7161392937621813,1426
1858,3.7181404457782086,1419
1859,3.7201415977942354,1409
1860,3.7221427498102626,1403
1861,3.7241439018262894,1401
1862,3.7261450538423166,1401
1863,3.7281462058583434,1399
1864,3.7301473578743707,1401
1865,3.7321485098903975,1410
1866,3.7341496619064247,1423
1867,3.7361508139224515,1428
1868,3.7381519659384788,1420
1869,3.7401531179545056,1413
1870,3.742154269970533,1417
1871,3.7441554219865596,1430
1872,3.746156574002587,1435
1873,3.7481577260186136,1422
1874,3.750158878034641,1398
1875,3.7521600300506677,1384
1876,3.754161182066695,1387
1877,3.7561623340827217,1395
1878,3.758163486098749,1395
1879,3.760164638114776,1387
1880,3.762165790130803,1382
1881,3.7641669421468302,1387
1882,3.766168094162857,1399
1883,3.7681692461788843,1407
1884,3.770170398194911,1406
1885,3.7721715502109383,1399
1886,3.774172702226965,1392
1887,3.7761738542429923,1392
1888,3.778175006259019,1394
1889,3.7801761582750464,1391
1890,3.782177310291073,1382
1891,3.7841784623071004,1373
1892,3.786179614323127,1370
1893,3.7881807663391545,1371
1894,3.7901819183551813,1372
1895,3.7921830703712085,1372
1896,3.7941842223872353,1368
1897,3.7961853744032625,1362
1898,3.7981865264192893,1359
1899,3.8001876784353166,1366
1900,3.8021888304513434,1378
1901,3.8041899824673706,1388
1902,3.8061911344833974,1394
1903,3.8081922864994247,1393
1904,3.8101934385154514,1391
1905,3.8121945905314787,1393
1906,3.8141957425475055,1398
1907,3.8161968945635327,1395
1908,3.8181980465795595,1386
1909,3.8201991985955868,1380
1910,3.8222003506116136,1381
1911,3.824201502627641,1388
1912,3.8262026546436676,1399
1913,3.828203806659695,1406
1914,3.8302049586757216,1398
1915,3.832206110691749,1378
1916,3.8342072627077757,1369
1917,3.836208414723803,1382
1918,3.8382095667398297,1402
1919,3.840210718755857,1412
1920,3.8422118707718838,1413
1921,3.844213022787911,1413
1922,3.846214174803938,1410
1923,3.848215326819965,1404
1924,3.850216478835992,1398
1925,3.852217630852019,1390
1926,3.854218782868046,1381
1927,3.856219934884073,1375
1928,3.8582210869001,1380
1929,3.860222238916127,1390
1930,3.862223390932154,1400
1931,3.864224542948181,1410
1932,3.866225694964208,1418
1933,3.8682268469802352,1421
1934,3.870227998996262,1420
1935,3.8722291510122893,1418
1936,3.874230303028316,1416
1937,3.8762314550443433,1414
1938,3.8782326070603705,1414
1939,3.8802337590763973,1415
1940,3.8822349110924246,1421
1941,3.8842360631084514,1427
1942,3.8862372151244786,1419
1943,3.8882383671405054,1401
1944,3.8902395191565327,1391
1945,3.8922406711725595,1399
1946,3.8942418231885867,1412
1947,3.8962429752046135,1416
1948,3.8982441272206407,1410
1949,3.9002452792366675,1402
1950,3.9022464312526948,1395
1951,3.9042475832687216,1388
1952,3.906248735284749,1384
1953,3.9082498873007756,1385
1954,3.910251039316803,1390
1955,3.9122521913328296,1395
1956,3.914253343348857,1392
1957,3.9162544953648837,1379
1958,3.918255647380911,1362
1959,3.9202567993969377,1355
1960,3.922257951412965,1369
1961,3.9242591034289918,1393
1962,3.926260255445019,1401
1963,3.928261407461046,1394
1964,3.930262559477073,1390
1965,3.9322637114931,1396
1966,3.934264863509127,1403
1967,3.936266015525154,1398
1968,3.938267167541181,1380
1969,3.940268319557208,1366
1970,3.942269471573235,1369
1971,3.944270623589262,1378
1972,3.946271775605289,1376
1973,3.948272927621316,1364
1974,3.9502740796373432,1359
1975,3.95227523165337,1368
1976,3.9542763836693973,1385
1977,3.956277535685424,1396
1978,3.9582786877014513,1394
1979,3.960279839717478,1391
1980,3.9622809917335053,1397
1981,3.964282143749532,1407
1982,3.9662832957655594,1408
1983,3.968284447781586,1400
1984,3.9702855997976134,1392
1985,3.97228675181364,1388
1986,3.9742879038296675,1388
1987,3.9762890558456943,1390
1988,3.9782902078617215,1388
1989,3.9802913598777483,1387
1990,3.9822925118937755,1389
1991,3.9842936639098023,1391
1992,3.9862948159258296,1389
1993,3.9882959679418564,1387
1994,3.9902971199578836,1389
1995,3.9922982719739104,1399
1996,3.9942994239899376,1412
1997,3.996300576005965,1414
1998,3.9983017280219917,1391
1999,4.000302880038019,1362
2000,4.002304032054046,1353
2001,4.0043051840700725,1367
2002,4.0063063360861,1387
2003,4.008307488102127,1394
2004,4.010308640118154,1391
2005,4.012309792134181,1383
2006,4.014310944150208,1377
2007,4.016312096166235,1378
2008,4.018313248182262,1387
2009,4.020314400198289,1398
2010,4.022315552214316,1406
2011,4.024316704230343,1402
2012,4.02631785624637,1387
2013,4.028319008262397,1373
2014,4.030320160278424,1363
2015,4.032321312294451,1355
2016,4.0343224643104785,1348
2017,4.036323616326505,1342
2018,4.038324768342532,1337
2019,4.040325920358559,1340
2020,4.0423270723745865,1355
2021,4.044328224390613,1370
2022,4.04632937640664,1370
2023,4.048330528422667,1359
2024,4.050331680438695,1359
2025,4.052332832454721,1378
2026,4.054333984470748,1399
2027,4.0563351364867755,1404
2028,4.058336288502803,1395
2029,4.060337440518829,1384
2030,4.062338592534856,1379
2031,4.0643397445508835,1378
2032,4.066340896566911,1376
2033,4.068342048582937,1373
2034,4.070343200598964,1367
2035,4.072344352614992,1359
2036,4.074345504631019,1353
2037,4.076346656647045,1353
2038,4.0783478086630724,1357
2039,4.0803489606791,1355
2040,4.082350112695127,1349
2041,4.084351264711153,1344
2042,4.0863524167271805,1346
2043,4.088353568743208,1350
2044,4.090354720759235,1350
2045,4.092355872775261,1349
2046,4.094357024791289,1354
2047,4.096358176807316,1361
2048,4.098359328823343,1364
2049,4.100360480839369,1363
2050,4.102361632855397,1362
2051,4.104362784871424,1361
2052,4.106363936887451,1361
2053,4.1083650889034775,1366
2054,4.110366240919505,1375
2055,4.112367392935532,1380
2056,4.114368544951559,1376
2057,4.1163696969675865,1367
2058,4.118370848983613,1368
2059,4.12037200099964,1383
2060,4.122373153015667,1399
2061,4.1243743050316946,1400
2062,4.126375457047721,1390
2063,4.128376609063748,1384
2064,4.130377761079775,1390
2065,4.132378913095803,1399
2066,4.134380065111829,1402
2067,4.136381217127856,1398
2068,4.1383823691438835,1398
2069,4.140383521159911,1408
2070,4.142384673175937,1418
2071,4.144385825191964,1416
2072,4.1463869772079915,1409
2073,4.148388129224019,1404
2074,4.150389281240045,1399
2075,4.152390433256072,1395
2076,4.1543915852721,1396
2077,4.156392737288127,1397
2078,4.158393889304153,1392
2079,4.1603950413201805,1388
2080,4.162396193336208,1390
2081,4.164397345352235,1390
2082,4.166398497368261,1380
2083,4.1683996493842885,1371
2084,4.170400801400316,1376
2085,4.172401953416343,1389
2086,4.174403105432369,1401
2087,4.176404257448397,1404
2088,4.178405409464424,1400
2089,4.180406561480451,1392
2090,4.182407713496477,1391
2091,4.184408865512505,1396
2092,4.186410017528532,1405
2093,4.188411169544559,1412
2094,4.1904123215605855,1410
2095,4.192413473576613,1402
2096,4.19441462559264,1396
2097,4.196415777608667,1396
2098,4.198416929624694,1396
2099,4.200418081640721,1395
2100,4.202419233656748,1395
2101,4.204420385672775,1394
2102,4.206421537688802,1390
2103,4.208422689704829,1385
2104,4.210423841720856,1386
2105,4.212424993736883,1392
2106,4.21442614575291,1399
2107,4.216427297768937,1401
2108,4.218428449784964,1397
2109,4.2204296018009915,1387
2110,4.222430753817018,1373
2111,4.224431905833045,1363
2112,4.226433057849072,1363
2113,4.2284342098650995,1366
2114,4.230435361881127,1359
2115,4.232436513897153,1347
2116,4.23443766591318,1346
2117,4.236438817929208,1356
2118,4.238439969945235,1358
2119,4.240441121961261,1351
2120,4.2424422739772885,1347
2121,4.244443425993316,1355
2122,4.246444578009343,1365
2123,4.248445730025369,1372
2124,4.2504468820413965,1375
2125,4.252448034057424,1380
2126,4.254449186073451,1385
2127,4.256450338089477,1388
2128,4.258451490105505,1389
2129,4.260452642121532,1389
2130,4.262453794137559,1383
2131,4.2644549461535854,1374
2132,4.266456098169613,1369
2133,4.26845725018564,1373
2134,4.270458402201667,1379
2135,4.2724595542176935,1382
2136,4.274460706233721,1386
2137,4.276461858249748,1393
2138,4.278463010265775,1396
2139,4.280464162281802,1399
2140,4.282465314297829,1406
2141,4.284466466313856,1412
2142,4.286467618329883,1407
2143,4.28846877034591,1397
2144,4.290469922361937,1393
2145,4.292471074377964,1393
2146,4.294472226393991,1398
2147,4.296473378410018,1407
2148,4.298474530426045,1412
2149,4.300475682442072,1406
2150,4.3024768344580995,1399
2151,4.304477986474126,1399
2152,4.306479138490153,1404
2153,4.30848029050618,1405
2154,4.3104814425222076,1405
2155,4.312482594538234,1406
2156,4.314483746554261,1404
2157,4.316484898570288,1395
2158,4.318486050586316,1385
2159,4.320487202602342,1383
2160,4.322488354618369,1388
2161,4.3244895066343965,1396
2162,4.326490658650424,1403
2163,4.32849181066645,1407
2164,4.330492962682477,1407
2165,4.3324941146985045,1404
2166,4.334495266714532,1398
2167,4.336496418730558,1386
2168,4.338497570746585,1372
2169,4.340498722762613,1364
2170,4.34249987477864,1366
2171,4.344501026794666,1372
2172,4.3465021788106935,1377
2173,4.348503330826721,1379
2174,4.350504482842748,1384
2175,4.352505634858775,1392
2176,4.3545067868748015,1402
2177,4.356507938890829,1411
2178,4.358509090906856,1419
2179,4.360510242922883,1426
2180,4.36251139493891,1428
2181,4.364512546954937,1421
2182,4.366513698970964,1409
2183,4.368514850986991,1402
2184,4.370516003003018,1402
2185,4.372517155019045,1404
2186,4.374518307035072,1400
2187,4.376519459051099,1398
2188,4.378520611067126,1402
2189,4.380521763083153,1408
2190,4.38252291509918,1404
2191,4.3845240671152075,1388
2192,4.386525219131234,1373
2193,4.388526371147261,1373
2194,4.390527523163288,1383
2195,4.392528675179316,1389
2196,4.394529827195342,1390
2197,4.396530979211369,1392
2198,4.398532131227396,1397
2199,4.400533283243424,1401
2200,4.40253443525945,1401
2201,4.404535587275477,1399
2202,4.4065367392915045,1395
2203,4.408537891307532,1392
2204,4.410539043323558,1393
2205,4.412540195339585,1396
2206,4.4145413473556125,1397
2207,4.41654249937164,1388
2208,4.418543651387666,1374
2209,4.420544803403693,1364
2210,4.422545955419721,1368
2211,4.424547107435748,1382
2212,4.426548259451774,1389
2213,4.4285494114678015,1378
2214,4.430550563483829,1359
2215,4.432551715499856,1355
2216,4.434552867515882,1373
2217,4.4365540195319095,1397
2218,4.438555171547937,1397
2219,4.440556323563964,1377
2220,4.44255747557999,1366
2221,4.444558627596018,1377
2222,4.446559779612045,1399
2223,4.448560931628072,1413
2224,4.450562083644098,1419
2225,4.452563235660126,1422
2226,4.454564387676153,1419
2227,4.45656553969218,1409
2228,4.4585666917082065,1397
2229,4.460567843724234,1391
2230,4.462568995740261,1387
2231,4.464570147756288,1377
2232,4.4665712997723155,1366
2233,4.468572451788342,1357
2234,4.470573603804369,1351
2235,4.472574755820396,1347
2236,4.474575907836424,1344
2237,4.47657705985245,1338
2238,4.478578211868477,1337
2239,4.480579363884504,1346
2240,4.482580515900532,1360
2241,4.484581667916558,1367
2242,4.486582819932585,1363
2243,4.4885839719486125,1357
2244,4.49058512396464,1353
2245,4.492586275980666,1348
2246,4.494587427996693,1343
2247,4.4965885800127205,1341
2248,4.498589732028748,1348
2249,4.500590884044774,1357
2250,4.502592036060801,1360
2251,4.504593188076829,1356
2252,4.506594340092856,1353
2253,4.508595492108882,1358
2254,4.5105966441249095,1367
2255,4.512597796140937,1371
2256,4.514598948156964,1365
2257,4.51660010017299,1359
2258,4.5186012521890175,1358
2259,4.520602404205045,1359
2260,4.522603556221072,1356
2261,4.524604708237098,1356
2262,4.526605860253126,1361
2263,4.528607012269153,1365
2264,4.53060816428518,1361
2265,4.5326093163012064,1352
2266,4.534610468317234,1353
2267,4.536611620333261,1368
2268,4.538612772349288,1381
2269,4.5406139243653145,1375
2270,4.542615076381342,1362
2271,4.544616228397369,1366
2272,4.546617380413396,1384
2273,4.548618532429423,1393
2274,4.55061968444545,1386
2275,4.552620836461477,1377
2276,4.554621988477504,1377
2277,4.556623140493531,1378
2278,4.558624292509558,1376
2279,4.560625444525585,1372
2280,4.562626596541612,1370
2281,4.564627748557639,1371
2282,4.566628900573666,1373
2283,4.568630052589693,1373
2284,4.5706312046057205,1368
2285,4.572632356621747,1363
2286,4.574633508637774,1365
2287,4.576634660653801,1375
2288,4.5786358126698286,1387
2289,4.580636964685855,1389
2290,4.582638116701882,1380
2291,4.584639268717909,1367
2292,4.586640420733937,1358
2293,4.588641572749964,1360
2294,4.59064272476599,1370
2295,4.5926438767820175,1379
2296,4.594645028798045,1382
2297,4.596646180814072,1381
2298,4.598647332830098,1375
2299,4.6006484848461255,1364
2300,4.602649636862153,1352
2301,4.60465078887818,1350
2302,4.606651940894206,1356
2303,4.608653092910234,1364
2304,4.610654244926261,1367
2305,4.612655396942288,1358
2306,4.6146565489583145,1340
2307,4.616657700974342,1330
2308,4.618658852990369,1335
2309,4.620660005006396,1343
2310,4.6226611570224225,1340
2311,4.62466230903845,1328
2312,4.626663461054477,1319
2313,4.628664613070504,1325
2314,4.630665765086531,1338
2315,4.632666917102558,1340
2316,4.634668069118585,1332
2317,4.636669221134612,1332
2318,4.638670373150639,1343
2319,4.640671525166666,1355
2320,4.642672677182693,1363
2321,4.64467382919872,1368
2322,4.646674981214747,1375
2323,4.648676133230774,1384
2324,4.650677285246801,1395
2325,4.6526784372628285,1402
2326,4.654679589278855,1394
2327,4.656680741294882,1380
2328,4.658681893310909,1381
2329,4.660683045326937,1397
2330,4.662684197342963,1407
2331,4.66468534935899,1404
2332,4.666686501375017,1396
2333,4.668687653391045,1395
2334,4.670688805407071,1396
2335,4.672689957423098,1386
2336,4.6746911094391255,1372
2337,4.676692261455153,1371
2338,4.678693413471179,1387
2339,4.680694565487206,1404
2340,4.6826957175032335,1404
2341,4.684696869519261,1391
2342,4.686698021535287,1381
2343,4.688699173551314,1376
2344,4.690700325567342,1375
2345,4.692701477583369,1375
2346,4.694702629599395,1373
2347,4.6967037816154225,1372
2348,4.69870493363145,1372
2349,4.700706085647477,1374
2350,4.702707237663504,1378
2351,4.7047083896795305,1383
2352,4.706709541695558,1390
2353,4.708710693711585,1390
2354,4.710711845727612,1378
2355,4.712712997743639,1368
2356,4.714714149759666,1378
2357,4.716715301775693,1401
2358,4.71871645379172,1408
2359,4.720717605807747,1388
2360,4.722718757823774,1366
2361,4.724719909839801,1361
2362,4.726721061855828,1366
2363,4.728722213871855,1371
2364,4.730723365887882,1376
2365,4.732724517903909,1382
2366,4.7347256699199365,1382
2367,4.736726821935963,1373
2368,4.73872797395199,1365
2369,4.740729125968017,1362
2370,4.742730277984045,1361
2371,4.744731430000071,1362
2372,4.746732582016098,1367
2373,4.748733734032125,1372
2374,4.750734886048153,1375
2375,4.752736038064179,1381
2376,4.754737190080206,1382
2377,4.7567383420962335,1376
2378,4.758739494112261,1370
2379,4.760740646128287,1367
2380,4.762741798144314,1360
2381,4.7647429501603416,1353
2382,4.766744102176369,1357
2383,4.768745254192395,1368
2384,4.770746406208422,1369
2385,4.77274755822445,1358
2386,4.774748710240477,1350
2387,4.776749862256503,1355
2388,4.7787510142725305,1366
2389,4.780752166288558,1371
2390,4.782753318304585,1364
2391,4.784754470320611,1357
2392,4.7867556223366385,1362
2393,4.788756774352666,1380
2394,4.790757926368693,1393
2395,4.792759078384719,1387
2396,4.794760230400747,1364
2397,4.796761382416774,1342
2398,4.798762534432801,1333
2399,4.8007636864488274,1338
2400,4.802764838464855,1346
2401,4.804765990480882,1350
2402,4.806767142496909,1347
2403,4.8087682945129355,1339
2404,4.810769446528963,1332
2405,4.81277059854499,1333
2406,4.814771750561017,1341
2407,4.8167729025770445,1347
2408,4.818774054593071,1345
2409,4.820775206609098,1343
2410,4.822776358625125,1342
2411,4.824777510641153,1343
2412,4.826778662657179,1345
2413,4.828779814673206,1350
2414,4.830780966689233,1358
2415,4.832782118705261,1361
2416,4.834783270721287,1355
2417,4.836784422737314,1348
2418,4.8387855747533415,1353
2419,4.840786726769369,1365
2420,4.842787878785395,1370
2421,4.844789030801422,1364
2422,4.8467901828174496,1356
2423,4.848791334833477,1359
2424,4.850792486849503,1370
2425,4.85279363886553,1374
2426,4.854794790881558,1365
2427,4.856795942897585,1357
2428,4.858797094913611,1365
2429,4.8607982469296385,1377
2430,4.862799398945666,1378
2431,4.864800550961693,1366
2432,4.866801702977719,1353
2433,4.8688028549937465,1354
2434,4.870804007009774,1365
2435,4.872805159025801,1373
2436,4.874806311041827,1378
2437,4.876807463057855,1384
2438,4.878808615073882,1390
2439,4.880809767089909,1388
2440,4.8828109191059355,1377
2441,4.884812071121963,1364
2442,4.88681322313799,1354
2443,4.888814375154017,1346
2444,4.8908155271700435,1337
2445,4.892816679186071,1336
2446,4.894817831202098,1352
2447,4.896818983218125,1372
2448,4.898820135234152,1383
2449,4.900821287250179,1383
2450,4.902822439266206,1379
2451,4.904823591282233,1379
2452,4.90682474329826,1383
2453,4.908825895314287,1384
2454,4.910827047330314,1374
2455,4.912828199346341,1359
2456,4.914829351362368,1350
2457,4.916830503378395,1348
2458,4.918831655394422,1346
2459,4.9208328074104495,1344
2460,4.922833959426476,1352
2461,4.924835111442503,1367
2462,4.92683626345853,1377
2463,4.928837415474558,1376
2464,4.930838567490584,1370
2465,4.932839719506611,1364
2466,4.934840871522638,1356
2467,4.936842023538666,1347
2468,4.938843175554693,1343
2469,4.940844327570719,1349
2470,4.9428454795867465,1364
2471,4.944846631602774,1378
2472,4.946847783618801,1379
2473,4.948848935634827,1371
2474,4.9508500876508545,1366
2475,4.952851239666882,1371
2476,4.954852391682909,1374
2477,4.956853543698935,1372
2478,4.958854695714963,1370
2479,4.96085584773099,1367
2480,4.962856999747017,1358
2481,4.9648581517630435,1346
2482,4.966859303779071,1340
2483,4.968860455795098,1339
2484,4.970861607811125,1344
2485,4.9728627598271515,1352
2486,4.974863911843179,1364
2487,4.976865063859206,1375
2488,4.978866215875233,1378
2489,4.98086736789126,1373
2490,4.982868519907287,1368
2491,4.984869671923314,1371
2492,4.986870823939341,1378
2493,4.988871975955368,1381
2494,4.990873127971395,1375
2495,4.992874279987422,1364
2496,4.994875432003449,1353
2497,4.996876584019476,1351
2498,4.998877736035503,1359
2499,5.00087888805153,1366
2500,5.0028800400675575,1361
2501,5.004881192083584,1350
2502,5.006882344099611,1347
2503,5.008883496115638,1360
2504,5.010884648131666,1378
2505,5.012885800147692,1390
2506,5.014886952163719,1392
2507,5.016888104179746,1385
2508,5.018889256195774,1374
2509,5.0208904082118,1366
2510,5.022891560227827,1360
2511,5.0248927122438545,1358
2512,5.026893864259882,1363
2513,5.028895016275908,1371
2514,5.030896168291935,1374
2515,5.0328973203079626,1369
2516,5.03489847232399,1361
2517,5.036899624340016,1355
2518,5.038900776356043,1354
2519,5.040901928372071,1354
2520,5.042903080388098,1353
2521,5.044904232404124,1351
2522,5.0469053844201515,1349
2523,5.048906536436179,1345
2524,5.050907688452206,1338
2525,5.052908840468233,1332
2526,5.0549099924842595,1331
2527,5.056911144500287,1338
2528,5.058912296516314,1352
2529,5.060913448532341,1368
2530,5.062914600548368,1379
2531,5.064915752564395,1382
2532,5.066916904580422,1379
2533,5.068918056596449,1376
2534,5.070919208612476,1379
2535,5.072920360628503,1383
2536,5.07492151264453,1381
2537,5.076922664660557,1373
2538,5.078923816676584,1369
2539,5.080924968692611,1368
2540,5.082926120708638,1365
2541,5.0849272727246655,1363
2542,5.086928424740692,1362
2543,5.088929576756719,1363
2544,5.090930728772746,1365
2545,5.092931880788774,1366
2546,5.0949330328048,1362
2547,5.096934184820827,1349
2548,5.098935336836854,1332
2549,5.100936488852882,1324
2550,5.102937640868908,1328
2551,5.104938792884935,1341
2552,5.1069399449009625,1355
2553,5.10894109691699,1363
2554,5.110942248933016,1359
2555,5.112943400949043,1350
2556,5.114944552965071,1348
2557,5.116945704981098,1357
2558,5.118946856997124,1369
2559,5.120948009013151,1369
2560,5.122949161029179,1365
2561,5.124950313045206,1367
2562,5.126951465061232,1369
2563,5.1289526170772595,1361
2564,5.130953769093287,1347
2565,5.132954921109314,1340
2566,5.13495607312534,1347
2567,5.1369572251413675,1368
2568,5.138958377157395,1388
2569,5.140959529173422,1389
2570,5.142960681189448,1369
2571,5.144961833205476,1347
2572,5.146962985221503,1338
2573,5.14896413723753,1340
2574,5.1509652892535565,1345
2575,5.152966441269584,1349
2576,5.154967593285611,1352
2577,5.156968745301638,1354
2578,5.1589698973176645,1347
2579,5.160971049333692,1336
2580,5.162972201349719,1334
2581,5.164973353365746,1344
2582,5.166974505381773,1356
2583,5.1689756573978,1364
2584,5.170976809413827,1365
2585,5.172977961429854,1362
2586,5.174979113445882,1357
2587,5.176980265461908,1353
2588,5.178981417477935,1351
2589,5.180982569493962,1350
2590,5.18298372150999,1346
2591,5.184984873526016,1342
2592,5.186986025542043,1344
2593,5.1889871775580705,1349
2594,5.190988329574098,1344
2595,5.192989481590124,1328
2596,5.194990633606151,1318
2597,5.196991785622179,1332
2598,5.198992937638206,1360
2599,5.200994089654232,1376
2600,5.202995241670259,1368
2601,5.204996393686287,1346
2602,5.206997545702314,1329
2603,5.20899869771834,1329
2604,5.2109998497343675,1339
2605,5.213001001750395,1341
2606,5.215002153766422,1333
2607,5.217003305782448,1328
2608,5.2190044577984755,1335
2609,5.221005609814503,1348
2610,5.22300676183053,1351
2611,5.225007913846556,1346
2612,5.227009065862584,1344
2613,5.229010217878611,1347
2614,5.231011369894638,1346
2615,5.2330125219106645,1342
2616,5.235013673926692,1338
2617,5.237014825942719,1335
2618,5.239015977958746,1332
2619,5.2410171299747725,1329
2620,5.2430182819908,1327
2621,5.245019434006827,1329
2622,5.247020586022854,1343
2623,5.249021738038881,1361
2624,5.251022890054908,1367
2625,5.253024042070935,1357
2626,5.255025194086962,1351
2627,5.257026346102989,1358
2628,5.259027498119016,1369
2629,5.261028650135043,1374
2630,5.26302980215107,1374
2631,5.265030954167097,1372
2632,5.267032106183124,1374
2633,5.269033258199151,1381
2634,5.2710344102151785,1385
2635,5.273035562231205,1377
2636,5.275036714247232,1362
2637,5.277037866263259,1354
2638,5.279039018279287,1358
2639,5.281040170295313,1371
2640,5.28304132231134,1383
2641,5.285042474327367,1385
2642,5.287043626343395,1372
2643,5.289044778359422,1353
2644,5.291045930375448,1349
2645,5.2930470823914755,1362
2646,5.295048234407503,1377
2647,5.29704938642353,1381
2648,5.299050538439556,1378
2649,5.3010516904555836,1374
2650,5.303052842471611,1372
2651,5.305053994487638,1370
2652,5.307055146503664,1372
2653,5.309056298519692,1381
2654,5.311057450535719,1396
2655,5.313058602551746,1408
2656,5.3150597545677725,1405
2657,5.3170609065838,1385
2658,5.319062058599827,1365
2659,5.321063210615854,1367
2660,5.3230643626318805,1389
2661,5.325065514647908,1409
2662,5.327066666663935,1410
2663,5.329067818679962,1396
2664,5.331068970695989,1381
2665,5.333070122712016,1377
2666,5.335071274728043,1384
2667,5.33707242674407,1389
2668,5.339073578760097,1383
2669,5.341074730776124,1371
2670,5.343075882792151,1363
2671,5.345077034808178,1364
2672,5.347078186824205,1370
2673,5.349079338840232,1373
2674,5.351080490856259,1368
2675,5.3530816428722865,1364
2676,5.355082794888313,1363
2677,5.35708394690434,1361
2678,5.359085098920367,1361
2679,5.361086250936395,1368
2680,5.363087402952421,1375
2681,5.365088554968448,1375
2682,5.367089706984475,1369
2683,5.369090859000503,1365
2684,5.371092011016529,1362
2685,5.373093163032556,1366
2686,5.3750943150485835,1378
2687,5.377095467064611,1388
2688,5.379096619080637,1380
2689,5.381097771096664,1360
2690,5.383098923112692,1343
2691,5.385100075128719,1335
2692,5.387101227144745,1334
2693,5.389102379160772,1337
2694,5.3911035311768,1343
2695,5.393104683192827,1350
2696,5.395105835208853,1350
2697,5.3971069872248805,1340
2698,5.399108139240908,1330
2699,5.401109291256935,1333
2700,5.403110443272961,1347
2701,5.4051115952889885,1357
2702,5.407112747305016,1358
2703,5.409113899321043,1360
2704,5.41111505133707,1370
2705,5.413116203353097,1383
2706,5.415117355369124,1388
2707,5.417118507385151,1382
2708,5.419119659401178,1371
2709,5.421120811417205,1363
2710,5.423121963433232,1362
2711,5.425123115449259,1362
2712,5.427124267465286,1360
2713,5.429125419481313,1359
2714,5.43112657149734,1354
2715,5.433127723513367,1338
2716,5.4351288755293945,1323
2717,5.437130027545421,1326
2718,5.439131179561448,1346
2719,5.441132331577475,1364
2720,5.443133483593503,1368
2721,5.445134635609529,1358
2722,5.447135787625556,1344
2723,5.449136939641583,1338
2724,5.451138091657611,1338
2725,5.453139243673637,1338
2726,5.455140395689664,1332
2727,5.4571415477056915,1323
2728,5.459142699721719,1316
2729,5.461143851737745,1315
2730,5.463145003753772,1315
2731,5.4651461557698,1313
2732,5.467147307785827,1312
2733,5.469148459801853,1317
2734,5.47114961181788,1326
2735,5.473150763833908,1337
2736,5.475151915849935,1348
2737,5.477153067865961,1354
2738,5.4791542198819885,1354
2739,5.481155371898016,1351
2740,5.483156523914043,1350
2741,5.485157675930069,1351
2742,5.4871588279460966,1352
2743,5.489159979962124,1350
2744,5.491161131978151,1348
2745,5.493162283994177,1348
2746,5.495163436010205,1344
2747,5.497164588026232,1335
2748,5.499165740042259,1334
2749,5.5011668920582855,1347
2750,5.503168044074313,1361
2751,5.50516919609034,1362
2752,5.507170348106367,1354
2753,5.5091715001223935,1348
2754,5.511172652138421,1347
2755,5.513173804154448,1349
2756,5.515174956170475,1352
2757,5.517176108186502,1351
2758,5.519177260202529,1345
2759,5.521178412218556,1336
2760,5.523179564234583,1328
2761,5.525180716250611,1323
2762,5.527181868266637,1329
2763,5.529183020282664,1345
2764,5.531184172298691,1356
2765,5.533185324314719,1351
2766,5.535186476330745,1346
2767,5.537187628346772,1354
2768,5.5391887803627995,1365
2769,5.541189932378827,1368
2770,5.543191084394853,1364
2771,5.54519223641088,1356
2772,5.547193388426908,1347
2773,5.549194540442935,1337
2774,5.551195692458961,1324
2775,5.553196844474988,1310
2776,5.555197996491016,1308
2777,5.557199148507043,1327
2778,5.559200300523069,1355
2779,5.5612014525390965,1372
2780,5.563202604555124,1368
2781,5.565203756571151,1353
2782,5.567204908587177,1343
2783,5.5692060606032046,1346
2784,5.571207212619232,1355
2785,5.573208364635259,1354
2786,5.575209516651285,1332
2787,5.577210668667313,1299
2788,5.57921182068334,1280
2789,5.581212972699367,1285
2790,5.5832141247153935,1306
2791,5.585215276731421,1322
2792,5.587216428747448,1323
2793,5.589217580763475,1322
2794,5.5912187327795015,1326
2795,5.593219884795529,1332
2796,5.595221036811556,1337
2797,5.597222188827583,1345
2798,5.59922334084361,1355
2799,5.601224492859637,1359
2800,5.603225644875664,1355
2801,5.605226796891691,1343
2802,5.607227948907718,1332
2803,5.609229100923745,1328
2804,5.611230252939772,1328
2805,5.613231404955799,1329
2806,5.615232556971826,1326
2807,5.617233708987853,1323
2808,5.61923486100388,1324
2809,5.6212360130199075,1327
2810,5.623237165035934,1324
2811,5.625238317051961,1316
2812,5.627239469067988,1314
2813,5.629240621084016,1321
2814,5.631241773100042,1329
2815,5.633242925116069,1330
2816,5.635244077132096,1321
2817,5.637245229148124,1310
2818,5.639246381164151,1307
2819,5.641247533180177,1313
2820,5.6432486851962045,1326
2821,5.645249837212232,1345
2822,5.647250989228259,1357
2823,5.649252141244285,1349
2824,5.651253293260313,1331
2825,5.65325444527634,1321
2826,5.655255597292367,1320
2827,5.657256749308393,1321
2828,5.659257901324421,1320
2829,5.661259053340448,1322
2830,5.663260205356475,1325
2831,5.6652613573725015,1321
2832,5.667262509388529,1312
2833,5.669263661404556,1309
2834,5.671264813420583,1323
2835,5.6732659654366095,1345
2836,5.675267117452637,1358
2837,5.677268269468664,1353
2838,5.679269421484691,1336
2839,5.681270573500718,1320
2840,5.683271725516745,1318
2841,5.685272877532772,1331
2842,5.687274029548799,1349
2843,5.689275181564826,1359
2844,5.691276333580853,1353
2845,5.69327748559688,1340
2846,5.695278637612907,1334
2847,5.697279789628934,1339
2848,5.699280941644961,1347
2849,5.701282093660988,1349
2850,5.7032832456770155,1347
2851,5.705284397693042,1344
2852,5.707285549709069,1344
2853,5.709286701725096,1345
2854,5.711287853741124,1345
2855,5.71328900575715,1352
2856,5.715290157773177,1366
2857,5.717291309789204,1373
2858,5.719292461805232,1363
2859,5.721293613821258,1338
2860,5.723294765837285,1314
2861,5.7252959178533125,1307
2862,5.72729706986934,1315
2863,5.729298221885366,1335
2864,5.731299373901393,1355
2865,5.733300525917421,1358
2866,5.735301677933448,1340
2867,5.737302829949474,1317
2868,5.739303981965501,1310
2869,5.741305133981529,1316
2870,5.743306285997556,1321
2871,5.745307438013582,1320
2872,5.7473085900296095,1320
2873,5.749309742045637,1322
2874,5.751310894061664,1323
2875,5.75331204607769,1320
2876,5.7553131980937176,1319
2877,5.757314350109745,1330
2878,5.759315502125772,1353
2879,5.761316654141799,1375
2880,5.763317806157826,1377
2881,5.765318958173853,1358
2882,5.76732011018988,1336
2883,5.769321262205907,1332
2884,5.771322414221934,1345
2885,5.773323566237961,1365
2886,5.775324718253988,1377
2887,5.777325870270015,1376
2888,5.779327022286042,1366
2889,5.781328174302069,1358
2890,5.783329326318096,1360
2891,5.7853304783341235,1367
2892,5.78733163035015,1369
2893,5.789332782366177,1364
2894,5.791333934382204,1356
2895,5.793335086398232,1352
2896,5.795336238414258,1357
2897,5.797337390430285,1366
2898,5.799338542446312,1367
2899,5.80133969446234,1359
2900,5.803340846478366,1356
2901,5.805341998494393,1360
2902,5.8073431505104205,1364
2903,5.809344302526448,1368
2904,5.811345454542474,1372
2905,5.813346606558501,1370
2906,5.815347758574529,1360
2907,5.817348910590556,1349
2908,5.819350062606582,1348
2909,5.821351214622609,1358
2910,5.823352366638637,1368
2911,5.825353518654664,1366
2912,5.82735467067069,1358
2913,5.8293558226867175,1351
2914,5.831356974702745,1350
2915,5.833358126718772,1352
2916,5.835359278734798,1350
2917,5.837360430750826,1343
2918,5.839361582766853,1338
2919,5.84136273478288,1334
2920,5.843363886798906,1325
2921,5.845365038814934,1315
2922,5.847366190830961,1310
2923,5.849367342846988,1313
2924,5.8513684948630145,1320
2925,5.853369646879042,1325
2926,5.855370798895069,1327
2927,5.857371950911096,1331
2928,5.8593731029271225,1341
2929,5.86137425494315,1351
2930,5.863375406959177,1354
2931,5.865376558975204,1346
2932,5.867377710991231,1336
2933,5.869378863007258,1330
2934,5.871380015023285,1330
2935,5.873381167039312,1329
2936,5.87538231905534,1327
2937,5.877383471071366,1321
2938,5.879384623087393,1318
2939,5.88138577510342,1325
2940,5.883386927119448,1340
2941,5.885388079135474,1354
2942,5.887389231151501,1360
2943,5.8893903831675285,1357
2944,5.891391535183556,1349
2945,5.893392687199582,1342
2946,5.895393839215609,1346
2947,5.897394991231637,1359
2948,5.899396143247664,1366
2949,5.90139729526369,1360
2950,5.903398447279717,1353
2951,5.905399599295745,1350
2952,5.907400751311772,1346
2953,5.909401903327798,1341
2954,5.9114030553438255,1339
2955,5.913404207359853,1344
2956,5.91540535937588,1349
2957,5.917406511391906,1348
2958,5.919407663407934,1348
2959,5.921408815423961,1356
2960,5.923409967439988,1371
2961,5.925411119456014,1383
2962,5.927412271472042,1383
2963,5.929413423488069,1371
2964,5.931414575504096,1361
2965,5.9334157275201225,1363
2966,5.93541687953615,1363
2967,5.937418031552177,1352
2968,5.939419183568204,1337
2969,5.9414203355842305,1330
2970,5.943421487600258,1330
2971,5.945422639616285,1335
2972,5.947423791632312,1340
2973,5.949424943648339,1346
2974,5.951426095664366,1354
2975,5.953427247680393,1363
2976,5.95542839969642,1369
2977,5.957429551712447,1366
2978,5.959430703728474,1358
2979,5.961431855744501,1349
2980,5.963433007760528,1339
2981,5.965434159776555,1326
2982,5.967435311792582,1318
2983,5.969436463808609,1315
2984,5.9714376158246365,1311
2985,5.973438767840663,1305
2986,5.97543991985669,1304
2987,5.977441071872717,1312
2988,5.979442223888745,1324
2989,5.981443375904771,1334
2990,5.983444527920798,1343
2991,5.985445679936825,1350
2992,5.987446831952853,1347
2993,5.989447983968879,1338
2994,5.991449135984906,1340
2995,5.9934502880009335,1357
2996,5.995451440016961,1374
2997,5.997452592032988,1374
2998,5.999453744049014,1360
2999,6.001454896065042,1346
3000,6.003456048081069,1341
3001,6.005457200097096,1340
3002,6.007458352113122,1339
3003,6.00945950412915,1341
3004,6.011460656145177,1344
3005,6.013461808161204,1345
3006,6.0154629601772305,1340
3007,6.017464112193258,1329
3008,6.019465264209285,1317
3009,6.021466416225312,1306
3010,6.0234675682413386,1298
3011,6.025468720257366,1296
3012,6.027469872273393,1304
3013,6.02947102428942,1319
3014,6.031472176305447,1328
3015,6.033473328321474,1329
3016,6.035474480337501,1327
3017,6.037475632353528,1327
3018,6.039476784369555,1336
3019,6.041477936385582,1353
3020,6.043479088401609,1364
3021,6.045480240417636,1361
3022,6.047481392433663,1346
3023,6.04948254444969,1331
3024,6.051483696465717,1328
3025,6.0534848484817445,1340
3026,6.055486000497771,1361
3027,6.057487152513798,1374
3028,6.059488304529825,1370
3029,6.061489456545853,1357
3030,6.063490608561879,1347
3031,6.065491760577906,1347
3032,6.067492912593933,1355
3033,6.069494064609961,1360
3034,6.071495216625987,1351
3035,6.073496368642014,1329
3036,6.0754975206580415,1308
3037,6.077498672674069,1307
3038,6.079499824690095,1330
3039,6.081500976706122,1354
3040,6.08350212872215,1355
3041,6.085503280738177,1338
3042,6.087504432754203,1325
3043,6.08950558477023,1329
3044,6.091506736786258,1340
3045,6.093507888802285,1344
3046,6.095509040818311,1334
3047,6.0975101928343385,1318
3048,6.099511344850366,1307
3049,6.101512496866393,1302
3050,6.103513648882419,1298
3051,6.105514800898447,1290
3052,6.107515952914474,1287
3053,6.109517104930501,1297
3054,6.111518256946528,1312
3055,6.113519408962555,1317
3056,6.115520560978582,1308
3057,6.117521712994609,1300
3058,6.119522865010636,1304
3059,6.121524017026663,1317
3060,6.12352516904269,1330
3061,6.125526321058717,1340
3062,6.127527473074744,1345
3063,6.129528625090771,1342
3064,6.131529777106798,1334
3065,6.133530929122825,1327
3066,6.1355320811388525,1323
3067,6.137533233154879,1325
3068,6.139534385170906,1328
3069,6.141535537186933,1325
3070,6.143536689202961,1320
3071,6.145537841218987,1318
3072,6.147538993235014,1318
3073,6.149540145251041,1316
3074,6.151541297267069,1315
3075,6.153542449283095,1319
3076,6.155543601299122,1324
3077,6.1575447533151495,1326
3078,6.159545905331177,1328
3079,6.161547057347203,1334
3080,6.16354820936323,1344
3081,6.165549361379258,1352
3082,6.167550513395285,1354
3083,6.169551665411311,1351
3084,6.171552817427338,1352
3085,6.173553969443366,1357
3086,6.175555121459393,1362
3087,6.177556273475419,1357
3088,6.1795574254914465,1349
3089,6.181558577507474,1348
3090,6.183559729523501,1352
3091,6.185560881539527,1354
3092,6.187562033555555,1356
3093,6.189563185571582,1356
3094,6.191564337587609,1348
3095,6.193565489603635,1343
3096,6.195566641619663,1354
3097,6.19756779363569,1377
3098,6.199568945651717,1388
3099,6.2015700976677435,1373
3100,6.203571249683771,1349
3101,6.205572401699798,1339
3102,6.207573553715825,1347
3103,6.2095747057318516,1355
3104,6.211575857747879,1348
3105,6.213577009763906,1332
3106,6.215578161779933,1326
3107,6.21757931379596,1333
3108,6.219580465811987,1344
3109,6.221581617828014,1349
3110,6.223582769844041,1347
3111,6.225583921860068,1345
3112,6.227585073876095,1357
3113,6.229586225892122,1380
3114,6.231587377908149,1389
3115,6.233588529924177,1370
3116,6.235589681940203,1341
3117,6.23759083395623,1326
3118,6.2395919859722575,1331
3119,6.241593137988285,1346
3120,6.243594290004311,1358
3121,6.245595442020338,1361
3122,6.247596594036366,1359
3123,6.249597746052393,1355
3124,6.251598898068419,1354
3125,6.253600050084446,1354
3126,6.255601202100474,1354
3127,6.257602354116501,1353
3128,6.259603506132527,1347
3129,6.2616046581485545,1339
3130,6.263605810164582,1333
3131,6.265606962180609,1333
3132,6.267608114196635,1335
3133,6.269609266212663,1340
3134,6.27161041822869,1344
3135,6.273611570244717,1345
3136,6.275612722260743,1340
3137,6.277613874276771,1339
3138,6.279615026292798,1346
3139,6.281616178308825,1353
3140,6.2836173303248515,1352
3141,6.285618482340879,1341
3142,6.287619634356906,1332
3143,6.289620786372933,1329
3144,6.29162193838896,1331
3145,6.293623090404987,1334
3146,6.295624242421014,1331
3147,6.297625394437041,1320
3148,6.299626546453068,1310
3149,6.301627698469095,1308
3150,6.303628850485122,1312
3151,6.305630002501149,1316
3152,6.307631154517176,1324
3153,6.309632306533203,1334
3154,6.31163345854923,1337
3155,6.313634610565257,1336
3156,6.315635762581284,1339
3157,6.317636914597311,1346
3158,6.319638066613338,1346
3159,6.3216392186293655,1339
3160,6.323640370645392,1337
3161,6.325641522661419,1349
3162,6.327642674677446,1364
3163,6.329643826693474,1365
3164,6.3316449787095,1354
3165,6.333646130725527,1345
3166,6.335647282741554,1346
3167,6.337648434757582,1347
3168,6.339649586773608,1339
3169,6.341650738789635,1321
3170,6.3436518908056625,1302
3171,6.34565304282169,1292
3172,6.347654194837717,1299
3173,6.349655346853743,1313
3174,6.351656498869771,1316
3175,6.353657650885798,1306
3176,6.355658802901825,1297
3177,6.357659954917851,1301
3178,6.359661106933879,1319
3179,6.361662258949906,1339
3180,6.363663410965933,1347
3181,6.3656645629819595,1332
3182,6.367665714997987,1307
3183,6.369666867014014,1290
3184,6.371668019030041,1290
3185,6.373669171046068,1300
3186,6.375670323062095,1301
3187,6.377671475078122,1288
3188,6.379672627094149,1275
3189,6.381673779110176,1275
3190,6.383674931126203,1283
3191,6.38567608314223,1287
3192,6.387677235158257,1288
3193,6.389678387174284,1292
3194,6.391679539190311,1296
3195,6.393680691206338,1295
3196,6.395681843222365,1293
3197,6.397682995238392,1298
3198,6.399684147254419,1311
3199,6.401685299270446,1320
3200,6.4036864512864735,1316
3201,6.4056876033025,1303
3202,6.407688755318527,1299
3203,6.409689907334554,1305
3204,6.411691059350582,1315
3205,6.413692211366608,1321
3206,6.415693363382635,1327
3207,6.417694515398662,1338
3208,6.41969566741469,1347
3209,6.421696819430716,1350
3210,6.423697971446743,1347
3211,6.4256991234627705,1343
3212,6.427700275478798,1344
3213,6.429701427494824,1352
3214,6.431702579510851,1360
3215,6.433703731526879,1359
3216,6.435704883542906,1347
3217,6.437706035558932,1341
3218,6.439707187574959,1353
3219,6.441708339590987,1371
3220,6.443709491607014,1374
3221,6.44571064362304,1365
3222,6.4477117956390675,1356
3223,6.449712947655095,1355
3224,6.451714099671122,1361
3225,6.453715251687148,1364
3226,6.455716403703176,1364
3227,6.457717555719203,1359
3228,6.45971870773523,1354
3229,6.461719859751257,1357
3230,6.463721011767284,1369
3231,6.465722163783311,1377
3232,6.467723315799338,1372
3233,6.469724467815365,1357
3234,6.471725619831392,1346
3235,6.473726771847419,1346
3236,6.475727923863446,1354
3237,6.477729075879473,1360
3238,6.4797302278955,1355
3239,6.481731379911527,1348
3240,6.483732531927554,1351
3241,6.4857336839435815,1358
3242,6.487734835959608,1361
3243,6.489735987975635,1365
3244,6.491737139991662,1374
3245,6.49373829200769,1379
3246,6.495739444023716,1375
3247,6.497740596039743,1364
3248,6.49974174805577,1354
3249,6.501742900071798,1352
3250,6.503744052087824,1356
3251,6.505745204103851,1357
3252,6.5077463561198785,1353
3253,6.509747508135906,1351
3254,6.511748660151932,1355
3255,6.513749812167959,1360
3256,6.515750964183987,1362
3257,6.517752116200014,1359
3258,6.51975326821604,1357
3259,6.521754420232067,1357
3260,6.523755572248095,1357
3261,6.525756724264122,1357
3262,6.527757876280148,1359
3263,6.5297590282961755,1361
3264,6.531760180312203,1357
3265,6.53376133232823,1346
3266,6.535762484344256,1337
3267,6.537763636360284,1335
3268,6.539764788376311,1340
3269,6.541765940392338,1345
3270,6.543767092408364,1342
3271,6.545768244424392,1332
3272,6.547769396440419,1328
3273,6.549770548456446,1333
3274,6.5517717004724725,1345
3275,6.5537728524885,1352
3276,6.555774004504527,1346
3277,6.557775156520554,1335
3278,6.559776308536581,1333
3279,6.561777460552608,1342
3280,6.563778612568635,1346
3281,6.565779764584662,1331
3282,6.567780916600689,1308
3283,6.569782068616716,1297
3284,6.571783220632743,1308
3285,6.57378437264877,1323
3286,6.575785524664797,1326
3287,6.577786676680824,1322
3288,6.579787828696851,1324
3289,6.581788980712878,1334
3290,6.583790132728906,1340
3291,6.585791284744932,1338
3292,6.587792436760959,1334
3293,6.5897935887769865,1334
3294,6.591794740793014,1334
3295,6.59379589280904,1323
3296,6.595797044825067,1305
3297,6.597798196841095,1295
3298,6.599799348857122,1299
3299,6.601800500873148,1307
3300,6.603801652889175,1311
3301,6.605802804905203,1308
3302,6.60780395692123,1307
3303,6.609805108937256,1311
3304,6.6118062609532835,1316
3305,6.613807412969311,1317
3306,6.615808564985338,1317
3307,6.617809717001364,1319
3308,6.619810869017392,1327
3309,6.621812021033419,1340
3310,6.623813173049446,1351
3311,6.625814325065472,1352
3312,6.6278154770815,1339
3313,6.629816629097527,1326
3314,6.631817781113554,1330
3315,6.6338189331295805,1347
3316,6.635820085145608,1358
3317,6.637821237161635,1352
3318,6.639822389177662,1338
3319,6.641823541193689,1331
3320,6.643824693209716,1333
3321,6.645825845225743,1335
3322,6.64782699724177,1331
3323,6.649828149257797,1324
3324,6.651829301273824,1320
3325,6.653830453289851,1321
3326,6.655831605305878,1329
3327,6.657832757321905,1338
3328,6.659833909337932,1341
3329,6.661835061353959,1335
3330,6.663836213369986,1324
3331,6.665837365386013,1317
3332,6.66783851740204,1320
3333,6.669839669418067,1327
3334,6.6718408214340945,1333
3335,6.673841973450121,1337
3336,6.675843125466148,1334
3337,6.677844277482175,1322
3338,6.679845429498203,1312
3339,6.681846581514229,1313
3340,6.683847733530256,1320
3341,6.685848885546283,1325
3342,6.687850037562311,1328
3343,6.689851189578337,1330
3344,6.691852341594364,1330
3345,6.6938534936103915,1332
3346,6.695854645626419,1335
3347,6.697855797642446,1338
3348,6.699856949658472,1337
3349,6.7018581016745,1331
3350,6.703859253690527,1325
3351,6.705860405706554,1326
3352,6.70786155772258,1333
3353,6.709862709738608,1341
3354,6.711863861754635,1350
3355,6.713865013770662,1360
3356,6.7158661657866885,1361
3357,6.717867317802716,1347
3358,6.719868469818743,1329
3359,6.72186962183477,1320
3360,6.723870773850797,1321
3361,6.725871925866824,1323
3362,6.727873077882851,1320
3363,6.729874229898878,1312
3364,6.731875381914905,1307
3365,6.733876533930932,1312
3366,6.735877685946959,1323
3367,6.737878837962986,1326
3368,6.739879989979013,1317
3369,6.74188114199504,1312
3370,6.743882294011067,1320
3371,6.745883446027094,1325
3372,6.747884598043121,1314
3373,6.749885750059148,1296
3374,6.751886902075175,1291
3375,6.7538880540912025,1302
3376,6.755889206107229,1309
3377,6.757890358123256,1301
3378,6.759891510139283,1294
3379,6.761892662155311,1304
3380,6.763893814171337,1324
3381,6.765894966187364,1340
3382,6.767896118203391,1344
3383,6.769897270219419,1335
3384,6.771898422235445,1317
3385,6.773899574251472,1301
3386,6.7759007262674995,1296
3387,6.777901878283527,1302
3388,6.779903030299553,1303
3389,6.78190418231558,1293
3390,6.783905334331608,1283
3391,6.785906486347635,1282
3392,6.787907638363661,1287
3393,6.789908790379688,1288
3394,6.791909942395716,1284
3395,6.793911094411743,1281
3396,6.795912246427769,1283
3397,6.7979133984437965,1293
3398,6.799914550459824,1304
3399,6.801915702475851,1307
3400,6.803916854491877,1299
3401,6.805918006507905,1293
3402,6.807919158523932,1299
3403,6.809920310539959,1305
3404,6.811921462555985,1300
3405,6.813922614572013,1289
3406,6.81592376658804,1289
3407,6.817924918604067,1300
3408,6.819926070620094,1304
3409,6.821927222636121,1292
3410,6.823928374652148,1281
3411,6.825929526668175,1280
3412,6.8279306786842024,1286
3413,6.829931830700229,1289
3414,6.831932982716256,1292
3415,6.833934134732283,1299
3416,6.8359352867483105,1317
3417,6.837936438764337,1340
3418,6.839937590780364,1356
3419,6.841938742796391,1359
3420,6.843939894812419,1356
3421,6.845941046828445,1355
3422,6.847942198844472,1354
3423,6.849943350860499,1349
3424,6.851944502876527,1345
3425,6.853945654892553,1338
3426,6.85594680690858,1324
3427,6.8579479589246075,1311
3428,6.859949110940635,1309
3429,6.861950262956661,1310
3430,6.863951414972688,1305
3431,6.865952566988716,1300
3432,6.867953719004743,1304
3433,6.869954871020769,1313
3434,6.871956023036796,1320
3435,6.873957175052824,1324
3436,6.875958327068851,1329
3437,6.877959479084877,1329
3438,6.8799606311009045,1322
3439,6.881961783116932,1315
3440,6.883962935132959,1321
3441,6.885964087148985,1340
3442,6.887965239165013,1355
3443,6.88996639118104,1359
3444,6.891967543197067,1361
3445,6.893968695213093,1364
3446,6.895969847229121,1362
3447,6.897970999245148,1360
3448,6.899972151261175,1365
3449,6.9019733032772015,1373
3450,6.903974455293229,1370
3451,6.905975607309256,1355
3452,6.907976759325283,1340
3453,6.90997791134131,1336
3454,6.911979063357337,1341
3455,6.913980215373364,1343
3456,6.915981367389391,1346
3457,6.917982519405418,1356
3458,6.919983671421445,1366
3459,6.921984823437472,1364
3460,6.923985975453499,1355
3461,6.925987127469526,1353
3462,6.927988279485553,1360
3463,6.92998943150158,1366
3464,6.931990583517607,1363
3465,6.933991735533635,1358
3466,6.935992887549661,1358
3467,6.937994039565688,1362
3468,6.9399951915817155,1367
3469,6.941996343597743,1364
3470,6.943997495613769,1351
3471,6.945998647629796,1340
3472,6.947999799645824,1347
3473,6.950000951661851,1369
3474,6.952002103677877,1383
3475,6.954003255693904,1373
3476,6.956004407709932,1346
3477,6.958005559725959,1329
3478,6.960006711741985,1332
3479,6.9620078637580125,1345
3480,6.96400901577404,1353
3481,6.966010167790067,1352
3482,6.968011319806093,1347
3483,6.970012471822121,1343
3484,6.972013623838148,1340
3485,6.974014775854175,1342
3486,6.976015927870201,1346
3487,6.978017079886229,1347
3488,6.980018231902256,1349
3489,6.982019383918283,1356
3490,6.9840205359343095,1367
3491,6.986021687950337,1369
3492,6.988022839966364,1359
3493,6.990023991982391,1347
3494,6.992025143998418,1340
3495,6.994026296014445,1332
3496,6.996027448030472,1322
3497,6.998028600046499,1315
3498,7.000029752062526,1314
3499,7.002030904078553,1315
3500,7.00403205609458,1315
3501,7.006033208110607,1317
3502,7.008034360126634,1322
3503,7.010035512142661,1325
3504,7.012036664158688,1325
3505,7.0140378161747154,1329
3506,7.016038968190742,1344
3507,7.018040120206769,1364
3508,7.020041272222796,1374
3509,7.0220424242388235,1372
3510,7.02404357625485,1365
3511,7.026044728270877,1357
3512,7.028045880286904,1352
3513,7.030047032302932,1355
3514,7.032048184318958,1361
3515,7.034049336334985,1365
3516,7.036050488351012,1364
3517,7.03805164036704,1357
3518,7.040052792383066,1347
3519,7.042053944399093,1341
3520,7.0440550964151205,1343
3521,7.046056248431148,1353
3522,7.048057400447174,1361
3523,7.050058552463201,1360
3524,7.052059704479229,1351
3525,7.054060856495256,1343
3526,7.056062008511283,1345
3527,7.058063160527309,1348
3528,7.060064312543337,1341
3529,7.062065464559364,1331
3530,7.064066616575391,1327
3531,7.0660677685914175,1332
3532,7.068068920607445,1347
3533,7.070070072623472,1366
3534,7.072071224639499,1376
3535,7.074072376655526,1369
3536,7.076073528671553,1359
3537,7.07807468068758,1363
3538,7.080075832703607,1377
3539,7.082076984719634,1381
3540,7.084078136735661,1368
3541,7.086079288751688,1351
3542,7.088080440767715,1350
3543,7.090081592783742,1358
3544,7.092082744799769,1362
3545,7.094083896815796,1356
3546,7.0960850488318234,1350
3547,7.09808620084785,1347
3548,7.100087352863877,1347
3549,7.102088504879904,1349
3550,7.1040896568959315,1353
3551,7.106090808911958,1353
3552,7.108091960927985,1347
3553,7.110093112944012,1338
3554,7.11209426496004,1331
3555,7.114095416976066,1330
3556,7.116096568992093,1330
3557,7.11809772100812,1329
3558,7.120098873024148,1327
3559,7.122100025040174,1325
3560,7.124101177056201,1328
3561,7.1261023290722285,1335
3562,7.128103481088256,1340
3563,7.130104633104282,1341
3564,7.132105785120309,1342
3565,7.134106937136337,1340
3566,7.136108089152364,1329
3567,7.13810924116839,1311
3568,7.140110393184417,1305
3569,7.142111545200445,1323
3570,7.144112697216472,1348
3571,7.146113849232498,1353
3572,7.1481150012485255,1337
3573,7.150116153264553,1321
3574,7.15211730528058,1322
3575,7.154118457296606,1336
3576,7.156119609312634,1345
3577,7.158120761328661,1337
3578,7.160121913344688,1320
3579,7.162123065360714,1309
3580,7.164124217376742,1309
3581,7.166125369392769,1316
3582,7.168126521408796,1321
3583,7.170127673424823,1320
3584,7.17212882544085,1318
3585,7.174129977456877,1317
3586,7.176131129472904,1314
3587,7.1781322814889315,1311
3588,7.180133433504958,1316
3589,7.182134585520985,1328
3590,7.184135737537012,1334
3591,7.1861368895530395,1333
3592,7.188138041569066,1331
3593,7.190139193585093,1333
3594,7.19214034560112,1336
3595,7.194141497617148,1337
3596,7.196142649633174,1338
3597,7.198143801649201,1340
3598,7.200144953665228,1336
3599,7.202146105681256,1321
3600,7.204147257697282,1307
3601,7.206148409713309,1308
3602,7.2081495617293365,1323
3603,7.210150713745364,1335
3604,7.21215186576139,1332
3605,7.214153017777417,1317
3606,7.216154169793445,1307
3607,7.218155321809472,1314
3608,7.220156473825498,1330
3609,7.222157625841525,1344
3610,7.224158777857553,1346
3611,7.22615992987358,1331
3612,7.228161081889606,1305
3613,7.2301622339056335,1288
3614,7.232163385921661,1293
3615,7.234164537937688,1307
3616,7.236165689953714,1310
3617,7.238166841969742,1300
3618,7.240167993985769,1294
3619,7.242169146001796,1306
3620,7.244170298017822,1327
3621,7.24617145003385,1338
3622,7.248172602049877,1332
3623,7.250173754065904,1316
3624,7.2521749060819305,1307
3625,7.254176058097958,1318
3626,7.256177210113985,1340
3627,7.258178362130012,1353
3628,7.260179514146039,1347
3629,7.262180666162066,1332
3630,7.264181818178093,1327
3631,7.26618297019412,1336
3632,7.268184122210147,1344
3633,7.270185274226174,1343
3634,7.272186426242201,1347
3635,7.274187578258228,1358
3636,7.276188730274255,1364
3637,7.278189882290282,1354
3638,7.280191034306309,1340
3639,7.2821921863223364,1330
3640,7.284193338338364,1321
3641,7.28619449035439,1312
3642,7.288195642370417,1308
3643,7.2901967943864445,1311
3644,7.292197946402472,1315
3645,7.294199098418498,1318
3646,7.296200250434525,1318
3647,7.298201402450553,1317
3648,7.30020255446658,1317
3649,7.302203706482606,1321
3650,7.304204858498633,1328
3651,7.306206010514661,1335
3652,7.308207162530688,1339
3653,7.310208314546714,1341
3654,7.3122094665627415,1335
3655,7.314210618578769,1321
3656,7.316211770594796,1310
3657,7.318212922610822,1316
3658,7.32021407462685,1332
3659,7.322215226642877,1338
3660,7.324216378658904,1323
3661,7.32621753067493,1306
3662,7.328218682690958,1301
3663,7.330219834706985,1304
3664,7.332220986723012,1306
3665,7.3342221387390385,1302
3666,7.336223290755066,1298
3667,7.338224442771093,1303
3668,7.34022559478712,1313
3669,7.342226746803147,1315
3670,7.344227898819174,1305
3671,7.346229050835201,1292
3672,7.348230202851228,1286
3673,7.350231354867255,1288
3674,7.352232506883282,1291
3675,7.354233658899309,1293
3676,7.356234810915336,1292
3677,7.358235962931363,1284
3678,7.36023711494739,1269
3679,7.362238266963417,1260
3680,7.3642394189794445,1263
3681,7.366240570995471,1273
3682,7.368241723011498,1282
3683,7.370242875027525,1287
3684,7.3722440270435525,1292
3685,7.374245179059579,1295
3686,7.376246331075606,1291
3687,7.378247483091633,1287
3688,7.380248635107661,1290
3689,7.382249787123687,1299
3690,7.384250939139714,1302
3691,7.386252091155741,1292
3692,7.388253243171769,1280
3693,7.390254395187795,1281
3694,7.392255547203822,1290
3695,7.3942566992198495,1298
3696,7.396257851235877,1304
3697,7.398259003251903,1312
3698,7.40026015526793,1317
3699,7.402261307283958,1313
3700,7.404262459299985,1297
3701,7.406263611316012,1285
3702,7.408264763332038,1288
3703,7.410265915348066,1301
3704,7.412267067364093,1305
3705,7.41426821938012,1290
3706,7.4162693713961465,1271
3707,7.418270523412174,1265
3708,7.420271675428201,1277
3709,7.422272827444228,1298
3710,7.424273979460255,1320
3711,7.426275131476282,1336
3712,7.428276283492309,1343
3713,7.430277435508336,1341
3714,7.432278587524363,1340
3715,7.43427973954039,1344
3716,7.436280891556417,1353
3717,7.438282043572444,1360
3718,7.440283195588471,1362
3719,7.442284347604498,1363
3720,7.444285499620525,1362
3721,7.4462866516365525,1356
3722,7.448287803652579,1350
3723,7.450288955668606,1348
3724,7.452290107684633,1345
3725,7.4542912597006605,1332
3726,7.456292411716687,1318
3727,7.458293563732714,1315
3728,7.460294715748741,1316
3729,7.462295867764769,1313
3730,7.464297019780795,1308
3731,7.466298171796822,1310
3732,7.468299323812849,1315
3733,7.470300475828877,1319
3734,7.472301627844903,1321
3735,7.47430277986093,1326
3736,7.4763039318769575,1331
3737,7.478305083892985,1335
3738,7.480306235909011,1337
3739,7.482307387925038,1336
3740,7.484308539941066,1338
3741,7.486309691957093,1346
3742,7.488310843973119,1355
3743,7.490311995989146,1357
3744,7.492313148005174,1352
3745,7.494314300021201,1352
3746,7.496315452037227,1354
3747,7.4983166040532545,1346
3748,7.500317756069282,1331
3749,7.502318908085309,1322
3750,7.504320060101335,1322
3751,7.506321212117363,1318
3752,7.50832236413339,1310
3753,7.510323516149417,1304
3754,7.512324668165443,1305
3755,7.514325820181471,1309
3756,7.516326972197498,1313
3757,7.518328124213525,1316
3758,7.520329276229552,1317
3759,7.522330428245579,1315
3760,7.524331580261606,1315
3761,7.526332732277633,1319
3762,7.5283338842936605,1322
3763,7.530335036309687,1318
3764,7.532336188325714,1311
3765,7.534337340341741,1306
3766,7.5363384923577685,1302
3767,7.538339644373795,1299
3768,7.540340796389822,1303
3769,7.542341948405849,1312
3770,7.544343100421877,1318
3771,7.546344252437903,1318
3772,7.54834540445393,1312
3773,7.5503465564699574,1309
3774,7.552347708485985,1315
3775,7.554348860502011,1332
3776,7.556350012518038,1350
3777,7.5583511645340655,1356
3778,7.560352316550093,1343
3779,7.562353468566119,1320
3780,7.564354620582146,1304
3781,7.566355772598174,1305
3782,7.568356924614201,1311
3783,7.570358076630227,1308
3784,7.572359228646254,1304
3785,7.574360380662282,1309
3786,7.576361532678309,1319
3787,7.578362684694335,1324
3788,7.5803638367103625,1324
3789,7.58236498872639,1321
3790,7.584366140742417,1318
3791,7.586367292758443,1316
3792,7.588368444774471,1315
3793,7.590369596790498,1307
3794,7.592370748806525,1294
3795,7.594371900822551,1284
3796,7.596373052838579,1283
3797,7.598374204854606,1292
3798,7.600375356870633,1304
3799,7.6023765088866595,1314
3800,7.604377660902687,1318
3801,7.606378812918714,1321
3802,7.608379964934741,1326
3803,7.610381116950768,1330
3804,7.612382268966795,1331
3805,7.614383420982822,1329
3806,7.616384572998849,1326
3807,7.618385725014876,1324
3808,7.620386877030903,1320
3809,7.62238802904693,1315
3810,7.624389181062957,1314
3811,7.626390333078984,1320
3812,7.628391485095011,1326
3813,7.630392637111038,1327
3814,7.6323937891270655,1323
3815,7.634394941143092,1316
3816,7.636396093159119,1304
3817,7.638397245175146,1294
3818,7.6403983971911735,1294
3819,7.642399549207201,1303
3820,7.644400701223227,1309
3821,7.646401853239254,1303
3822,7.648403005255282,1292
3823,7.650404157271309,1288
3824,7.652405309287335,1295
3825,7.654406461303362,1305
3826,7.65640761331939,1309
3827,7.658408765335417,1310
3828,7.660409917351443,1308
3829,7.6624110693674705,1299
3830,7.664412221383498,1288
3831,7.666413373399525,1283
3832,7.668414525415551,1286
3833,7.670415677431579,1287
3834,7.672416829447606,1280
3835,7.674417981463633,1277
3836,7.676419133479659,1284
3837,7.678420285495687,1288
3838,7.680421437511714,1282
3839,7.682422589527741,1280
3840,7.6844237415437675,1290
3841,7.686424893559795,1301
3842,7.688426045575822,1300
3843,7.690427197591849,1292
3844,7.692428349607876,1286
3845,7.694429501623903,1283
3846,7.69643065363993,1279
3847,7.698431805655957,1271
3848,7.700432957671984,1264
3849,7.702434109688011,1260
3850,7.704435261704038,1265
3851,7.706436413720065,1277
3852,7.708437565736092,1284
3853,7.710438717752119,1284
3854,7.712439869768146,1287
3855,7.7144410217841735,1291
3856,7.7164421738002,1289
3857,7.718443325816227,1284
3858,7.720444477832254,1282
3859,7.7224456298482815,1285
3860,7.724446781864308,1289
3861,7.726447933880335,1293
3862,7.728449085896362,1297
3863,7.73045023791239,1301
3864,7.732451389928416,1299
3865,7.734452541944443,1293
3866,7.7364536939604704,1286
3867,7.738454845976498,1286
3868,7.740455997992524,1290
3869,7.742457150008551,1295
3870,7.7444583020245785,1297
3871,7.746459454040606,1300
3872,7.748460606056632,1306
3873,7.750461758072659,1312
3874,7.752462910088687,1314
3875,7.754464062104714,1312
3876,7.756465214120741,1313
3877,7.758466366136767,1318
3878,7.760467518152795,1320
3879,7.762468670168822,1310
3880,7.764469822184849,1293
3881,7.7664709742008755,1281
3882,7.768472126216903,1279
3883,7.77047327823293,1281
3884,7.772474430248957,1281
3885,7.774475582264984,1284
3886,7.776476734281011,1290
3887,7.778477886297038,1297
3888,7.780479038313065,1301
3889,7.782480190329092,1301
3890,7.784481342345119,1295
3891,7.786482494361146,1286
3892,7.788483646377173,1280
3893,7.7904847983932,1279
3894,7.792485950409227,1280
3895,7.794487102425254,1288
3896,7.7964882544412815,1294
3897,7.798489406457308,1290
3898,7.800490558473335,1279
3899,7.802491710489362,1269
3900,7.8044928625053895,1270
3901,7.806494014521416,1271
3902,7.808495166537443,1266
3903,7.81049631855347,1258
3904,7.812497470569498,1257
3905,7.814498622585524,1262
3906,7.816499774601551,1265
3907,7.8185009266175785,1261
3908,7.820502078633606,1259
3909,7.822503230649632,1270
3910,7.824504382665659,1285
3911,7.8265055346816865,1297
3912,7.828506686697714,1308
3913,7.83050783871374,1320
3914,7.832508990729767,1330
3915,7.834510142745795,1327
3916,7.836511294761822,1315
3917,7.838512446777848,1308
3918,7.840513598793875,1317
3919,7.842514750809903,1330
3920,7.84451590282593,1334
3921,7.846517054841956,1323
3922,7.8485182068579835,1307
3923,7.850519358874011,1299
3924,7.852520510890038,1306
3925,7.854521662906064,1320
3926,7.856522814922092,1329
3927,7.858523966938119,1327
3928,7.860525118954146,1321
3929,7.862526270970172,1318
3930,7.8645274229862,1321
3931,7.866528575002227,1326
3932,7.868529727018254,1329
3933,7.8705308790342805,1326
3934,7.872532031050308,1318
3935,7.874533183066335,1310
3936,7.876534335082362,1309
3937,7.8785354870983895,1314
3938,7.880536639114416,1317
3939,7.882537791130443,1317
3940,7.88453894314647,1319
3941,7.8865400951624975,1318
3942,7.888541247178524,1312
3943,7.890542399194551,1312
3944,7.892543551210578,1328
3945,7.894544703226606,1348
3946,7.896545855242632,1352
3947,7.898547007258659,1338
3948,7.9005481592746865,1317
3949,7.902549311290714,1310
3950,7.90455046330674,1323
3951,7.906551615322767,1341
3952,7.9085527673387945,1346
3953,7.910553919354822,1337
3954,7.912555071370848,1326
3955,7.914556223386875,1326
3956,7.916557375402903,1330
3957,7.91855852741893,1324
3958,7.920559679434956,1316
3959,7.922560831450983,1319
3960,7.924561983467011,1324
3961,7.926563135483038,1317
3962,7.928564287499064,1303
3963,7.9305654395150915,1301
3964,7.932566591531119,1311
3965,7.934567743547146,1315
3966,7.936568895563172,1307
3967,7.9385700475792,1296
3968,7.940571199595227,1291
3969,7.942572351611254,1294
3970,7.94457350362728,1305
3971,7.946574655643308,1319
3972,7.948575807659335,1323
3973,7.950576959675362,1311
3974,7.9525781116913885,1296
3975,7.954579263707416,1292
3976,7.956580415723443,1301
3977,7.95858156773947,1312
3978,7.960582719755497,1314
3979,7.962583871771524,1304
3980,7.964585023787551,1297
3981,7.966586175803578,1303
3982,7.968587327819605,1318
3983,7.970588479835632,1326
3984,7.972589631851659,1323
3985,7.974590783867686,1318
3986,7.976591935883713,1320
3987,7.97859308789974,1327
3988,7.980594239915767,1332
3989,7.9825953919317945,1327
3990,7.984596543947821,1318
3991,7.986597695963848,1313
3992,7.988598847979875,1316
3993,7.9905999999959025,1324
3994,7.99260115201193,1334
3995,7.994602304027956,1341
3996,7.996603456043983,1341
3997,7.998604608060011,1337
3998,8.000605760076038,1339
3999,8.002606912092064,1348
4000,8.004608064108092,1351
4001,8.006609216124119,1343
4002,8.008610368140145,1331
4003,8.010611520156173,1323
4004,8.0126126721722,1319
4005,8.014613824188226,1318
4006,8.016614976204254,1315
4007,8.01861612822028,1312
4008,8.020617280236308,1312
4009,8.022618432252335,1314
4010,8.024619584268361,1318
4011,8.02662073628439,1318
4012,8.028621888300416,1317
4013,8.030623040316442,1322
4014,8.03262419233247,1330
4015,8.034625344348497,1330
4016,8.036626496364525,1321
4017,8.038627648380551,1319
4018,8.040628800396577,1327
4019,8.042629952412605,1327
4020,8.044631104428632,1311
4021,8.046632256444658,1294
4022,8.048633408460686,1293
4023,8.050634560476713,1302
4024,8.05263571249274,1300
4025,8.054636864508767,1282
4026,8.056638016524793,1271
4027,8.058639168540822,1279
4028,8.060640320556848,1293
4029,8.062641472572874,1300
4030,8.064642624588902,1303
4031,8.066643776604929,1305
4032,8.068644928620957,1300
4033,8.070646080636983,1291
4034,8.07264723265301,1289
4035,8.074648384669038,1299
4036,8.076649536685064,1313
4037,8.07865068870109,1326
4038,8.080651840717119,1336
4039,8.082652992733145,1341
4040,8.084654144749173,1330
4041,8.0866552967652,1307
4042,8.088656448781226,1290
4043,8.090657600797254,1288
4044,8.09265875281328,1297
4045,8.094659904829307,1305
4046,8.096661056845335,1304
4047,8.098662208861361,1297
4048,8.10066336087739,1295
4049,8.102664512893416,1303
4050,8.104665664909442,1311
4051,8.10666681692547,1312
4052,8.108667968941496,1313
4053,8.110669120957525,1319
4054,8.112670272973551,1326
4055,8.114671424989577,1331
4056,8.116672577005605,1330
4057,8.118673729021632,1324
4058,8.120674881037658,1318
4059,8.122676033053686,1315
4060,8.124677185069713,1317
4061,8.12667833708574,1323
4062,8.128679489101767,1331
4063,8.130680641117793,1335
4064,8.132681793133822,1323
4065,8.134682945149848,1294
4066,8.136684097165874,1268
4067,8.138685249181902,1265
4068,8.140686401197929,1283
4069,8.142687553213957,1305
4070,8.144688705229983,1316
4071,8.14668985724601,1310
4072,8.148691009262038,1290
4073,8.150692161278064,1274
4074,8.15269331329409,1274
4075,8.154694465310119,1290
4076,8.156695617326145,1310
4077,8.158696769342173,1317
4078,8.1606979213582,1305
4079,8.162699073374226,1290
4080,8.164700225390254,1290
4081,8.16670137740628,1299
4082,8.168702529422307,1296
4083,8.170703681438335,1279
4084,8.172704833454361,1262
4085,8.17470598547039,1254
4086,8.176707137486416,1254
4087,8.178708289502442,1256
4088,8.18070944151847,1252
4089,8.182710593534496,1238
4090,8.184711745550523,1227
4091,8.18671289756655,1232
4092,8.188714049582577,1255
4093,8.190715201598605,1282
4094,8.192716353614632,1300
4095,8.194717505630658,1310
4096,8.196718657646686,1313
4097,8.198719809662713,1310
4098,8.200720961678739,1303
4099,8.202722113694767,1300
4100,8.204723265710793,1304
4101,8.206724417726821,1308
4102,8.208725569742848,1298
4103,8.210726721758874,1282
4104,8.212727873774902,1277
4105,8.214729025790929,1288
4106,8.216730177806955,1299
4107,8.218731329822983,1295
4108,8.22073248183901,1280
4109,8.222733633855038,1279
4110,8.224734785871064,1298
4111,8.22673593788709,1319
4112,8.228737089903118,1321
4113,8.230738241919145,1306
4114,8.232739393935173,1297
4115,8.2347405459512,1301
4116,8.236741697967226,1299
4117,8.238742849983254,1283
4118,8.24074400199928,1266
4119,8.242745154015306,1265
4120,8.244746306031335,1275
4121,8.246747458047361,1287
4122,8.248748610063389,1298
4123,8.250749762079415,1304
4124,8.252750914095442,1300
4125,8.25475206611147,1288
4126,8.256753218127496,1279
4127,8.258754370143523,1279
4128,8.26075552215955,1274
4129,8.262756674175577,1260
4130,8.264757826191605,1244
4131,8.266758978207632,1236
4132,8.268760130223658,1230
4133,8.270761282239686,1226
4134,8.272762434255712,1232
4135,8.274763586271739,1246
4136,8.276764738287767,1260
4137,8.278765890303793,1265
4138,8.280767042319821,1262
4139,8.282768194335848,1261
4140,8.284769346351874,1269
4141,8.286770498367902,1276
4142,8.288771650383929,1268
4143,8.290772802399955,1248
4144,8.292773954415983,1240
4145,8.29477510643201,1263
4146,8.296776258448038,1303
4147,8.298777410464064,1328
4148,8.30077856248009,1324
4149,8.302779714496118,1304
4150,8.304780866512145,1285
4151,8.306782018528171,1276
4152,8.3087831705442,1275
4153,8.310784322560226,1280
4154,8.312785474576254,1285
4155,8.31478662659228,1286
4156,8.316787778608306,1279
4157,8.318788930624335,1269
4158,8.320790082640361,1266
4159,8.322791234656387,1273
4160,8.324792386672415,1282
4161,8.326793538688442,1284
4162,8.32879469070447,1279
4163,8.330795842720496,1269
4164,8.332796994736523,1260
4165,8.33479814675255,1257
4166,8.336799298768577,1267
4167,8.338800450784603,1279
4168,8.340801602800632,1279
4169,8.342802754816658,1271
4170,8.344803906832686,1275
4171,8.346805058848712,1294
4172,8.348806210864739,1314
4173,8.350807362880767,1317
4174,8.352808514896793,1305
4175,8.354809666912821,1292
4176,8.356810818928848,1288
4177,8.358811970944874,1292
4178,8.360813122960902,1293
4179,8.362814274976929,1290
4180,8.364815426992955,1287
4181,8.366816579008983,1291
4182,8.36881773102501,1299
4183,8.370818883041037,1304
4184,8.372820035057064,1301
4185,8.37482118707309,1293
4186,8.376822339089118,1288
4187,8.378823491105145,1285
4188,8.380824643121171,1280
4189,8.3828257951372,1270
4190,8.384826947153226,1263
4191,8.386828099169254,1271
4192,8.38882925118528,1282
4193,8.390830403201306,1279
4194,8.392831555217334,1258
4195,8.39483270723336,1246
4196,8.396833859249387,1252
4197,8.398835011265415,1263
4198,8.400836163281442,1265
4199,8.40283731529747,1263
4200,8.404838467313496,1260
4201,8.406839619329523,1257
4202,8.40884077134555,1255
4203,8.410841923361577,1257
4204,8.412843075377603,1262
4205,8.414844227393631,1265
4206,8.416845379409658,1262
4207,8.418846531425686,1254
4208,8.420847683441712,1247
4209,8.422848835457739,1245
4210,8.424849987473767,1249
4211,8.426851139489793,1249
4212,8.42885229150582,1242
4213,8.430853443521848,1235
4214,8.432854595537874,1232
4215,8.434855747553902,1229
4216,8.436856899569928,1226
4217,8.438858051585955,1227
4218,8.440859203601983,1237
4219,8.44286035561801,1250
4220,8.444861507634036,1255
4221,8.446862659650064,1251
4222,8.44886381166609,1249
4223,8.450864963682118,1253
4224,8.452866115698145,1258
4225,8.454867267714171,1254
4226,8.456868419730199,1251
4227,8.458869571746225,1254
4228,8.460870723762254,1254
4229,8.46287187577828,1247
4230,8.464873027794306,1243
4231,8.466874179810334,1246
4232,8.46887533182636,1249
4233,8.470876483842387,1246
4234,8.472877635858415,1238
4235,8.474878787874442,1228
4236,8.47687993989047,1224
4237,8.478881091906496,1231
4238,8.480882243922522,1242
4239,8.48288339593855,1252
4240,8.484884547954577,1260
4241,8.486885699970603,1265
4242,8.488886851986631,1268
4243,8.490888004002658,1269
4244,8.492889156018686,1266
4245,8.494890308034712,1260
4246,8.496891460050739,1249
4247,8.498892612066767,1240
4248,8.500893764082793,1240
4249,8.50289491609882,1247
4250,8.504896068114848,1254
4251,8.506897220130874,1258
4252,8.508898372146902,1261
4253,8.510899524162928,1264
4254,8.512900676178955,1266
4255,8.514901828194983,1264
4256,8.51690298021101,1258
4257,8.518904132227036,1252
4258,8.520905284243064,1249
4259,8.52290643625909,1237
4260,8.524907588275118,1216
4261,8.526908740291145,1209
4262,8.528909892307171,1226
4263,8.530911044323199,1250
4264,8.532912196339225,1259
4265,8.534913348355252,1255
4266,8.53691450037128,1252
4267,8.538915652387306,1258
4268,8.540916804403334,1274
4269,8.54291795641936,1286
4270,8.544919108435387,1284
4271,8.546920260451415,1271
4272,8.548921412467442,1263
4273,8.550922564483468,1267
4274,8.552923716499496,1273
4275,8.554924868515522,1273
4276,8.55692602053155,1268
4277,8.558927172547577,1271
4278,8.560928324563603,1279
4279,8.562929476579631,1281
4280,8.564930628595658,1281
4281,8.566931780611684,1283
4282,8.568932932627712,1285
4283,8.570934084643739,1283
4284,8.572935236659767,1276
4285,8.574936388675793,1266
4286,8.57693754069182,1257
4287,8.578938692707847,1250
4288,8.580939844723874,1244
4289,8.582940996739902,1244
4290,8.584942148755928,1249
4291,8.586943300771955,1254
4292,8.588944452787983,1255
4293,8.59094560480401,1254
4294,8.592946756820036,1257
4295,8.594947908836064,1261
4296,8.59694906085209,1263
4297,8.598950212868118,1260
4298,8.600951364884144,1248
4299,8.60295251690017,1228
4300,8.604953668916199,1212
4301,8.606954820932225,1210
4302,8.608955972948252,1215
4303,8.61095712496428,1217
4304,8.612958276980306,1216
4305,8.614959428996334,1217
4306,8.61696058101236,1226
4307,8.618961733028387,1240
4308,8.620962885044415,1254
4309,8.622964037060441,1257
4310,8.624965189076468,1249
4311,8.626966341092496,1243
4312,8.628967493108522,1247
4313,8.63096864512455,1254
4314,8.632969797140577,1250
4315,8.634970949156603,1237
4316,8.636972101172631,1231
4317,8.638973253188658,1240
4318,8.640974405204684,1260
4319,8.642975557220712,1277
4320,8.644976709236738,1283
4321,8.646977861252767,1275
4322,8.648979013268793,1261
4323,8.65098016528482,1251
4324,8.652981317300847,1250
4325,8.654982469316874,1253
4326,8.6569836213329,1254
4327,8.658984773348928,1251
4328,8.660985925364955,1246
4329,8.662987077380983,1242
4330,8.664988229397009,1242
4331,8.666989381413035,1243
4332,8.668990533429064,1236
4333,8.67099168544509,1221
4334,8.672992837461116,1206
4335,8.674993989477144,1204
4336,8.67699514149317,1211
4337,8.678996293509199,1219
4338,8.680997445525225,1222
4339,8.682998597541252,1218
4340,8.68499974955728,1215
4341,8.687000901573306,1220
4342,8.689002053589332,1236
4343,8.69100320560536,1259
4344,8.693004357621387,1280
4345,8.695005509637415,1289
4346,8.697006661653441,1283
4347,8.699007813669468,1271
4348,8.701008965685496,1258
4349,8.703010117701522,1245
4350,8.70501126971755,1235
4351,8.707012421733577,1229
4352,8.709013573749603,1225
4353,8.711014725765631,1219
4354,8.713015877781658,1211
4355,8.715017029797684,1207
4356,8.717018181813712,1212
4357,8.719019333829738,1226
4358,8.721020485845767,1243
4359,8.723021637861793,1251
4360,8.72502278987782,1248
4361,8.727023941893847,1243
4362,8.729025093909874,1249
4363,8.7310262459259,1261
4364,8.733027397941928,1268
4365,8.735028549957955,1264
4366,8.737029701973983,1254
4367,8.739030853990009,1252
4368,8.741032006006035,1258
4369,8.743033158022063,1260
4370,8.74503431003809,1253
4371,8.747035462054116,1250
4372,8.749036614070144,1258
4373,8.75103776608617,1272
4374,8.753038918102199,1285
4375,8.755040070118225,1298
4376,8.757041222134252,1310
4377,8.75904237415028,1308
4378,8.761043526166306,1289
4379,8.763044678182332,1265
4380,8.76504583019836,1253
4381,8.767046982214387,1257
4382,8.769048134230415,1262
4383,8.771049286246441,1252
4384,8.773050438262468,1235
4385,8.775051590278496,1231
4386,8.777052742294522,1249
4387,8.779053894310549,1265
4388,8.781055046326577,1264
4389,8.783056198342603,1259
4390,8.785057350358631,1269
4391,8.787058502374657,1288
4392,8.789059654390684,1300
4393,8.791060806406712,1302
4394,8.793061958422738,1298
4395,8.795063110438765,1289
4396,8.797064262454793,1276
4397,8.79906541447082,1266
4398,8.801066566486847,1267
4399,8.803067718502874,1273
4400,8.8050688705189,1274
4401,8.807070022534928,1267
4402,8.809071174550954,1261
4403,8.811072326566983,1263
4404,8.813073478583009,1266
4405,8.815074630599035,1262
4406,8.817075782615063,1252
4407,8.81907693463109,1243
4408,8.821078086647116,1247
4409,8.823079238663144,1258
4410,8.82508039067917,1265
4411,8.827081542695199,1261
4412,8.829082694711225,1252
4413,8.831083846727251,1248
4414,8.83308499874328,1250
4415,8.835086150759306,1247
4416,8.837087302775332,1236
4417,8.83908845479136,1233
4418,8.841089606807387,1245
4419,8.843090758823415,1264
4420,8.845091910839441,1273
4421,8.847093062855468,1270
4422,8.849094214871496,1265
4423,8.851095366887522,1266
4424,8.853096518903548,1269
4425,8.855097670919577,1274
4426,8.857098822935603,1282
4427,8.859099974951631,1291
4428,8.861101126967657,1300
4429,8.863102278983684,1301
4430,8.865103430999712,1292
4431,8.867104583015738,1280
4432,8.869105735031765,1274
4433,8.871106887047793,1269
4434,8.873108039063819,1258
4435,8.875109191079847,1249
4436,8.877110343095874,1253
4437,8.8791114951119,1260
4438,8.881112647127928,1258
4439,8.883113799143954,1252
4440,8.88511495115998,1249
4441,8.887116103176009,1248
4442,8.889117255192035,1245
4443,8.891118407208063,1245
4444,8.89311955922409,1253
4445,8.895120711240116,1262
4446,8.897121863256144,1261
4447,8.89912301527217,1248
4448,8.901124167288197,1236
4449,8.903125319304225,1239
4450,8.905126471320251,1253
4451,8.90712762333628,1264
4452,8.909128775352306,1259
4453,8.911129927368332,1247
4454,8.91313107938436,1244
4455,8.915132231400387,1255
4456,8.917133383416413,1266
4457,8.919134535432441,1272
4458,8.921135687448468,1273
4459,8.923136839464496,1271
4460,8.925137991480522,1263
4461,8.927139143496548,1253
4462,8.929140295512576,1250
4463,8.931141447528603,1260
4464,8.933142599544631,1274
4465,8.935143751560657,1279
4466,8.937144903576684,1274
4467,8.939146055592712,1267
4468,8.941147207608738,1260
4469,8.943148359624765,1259
4470,8.945149511640793,1266
4471,8.947150663656819,1275
4472,8.949151815672847,1281
4473,8.951152967688873,1287
4474,8.9531541197049,1302
4475,8.955155271720928,1325
4476,8.957156423736954,1340
4477,8.95915757575298,1338
4478,8.961158727769009,1327
4479,8.963159879785035,1321
4480,8.965161031801063,1322
4481,8.96716218381709,1322
4482,8.969163335833116,1310
4483,8.971164487849144,1284
4484,8.97316563986517,1258
4485,8.975166791881197,1247
4486,8.977167943897225,1251
4487,8.979169095913251,1257
4488,8.98117024792928,1254
4489,8.983171399945306,1244
4490,8.985172551961332,1239
4491,8.98717370397736,1243
4492,8.989174855993387,1251
4493,8.991176008009413,1255
4494,8.993177160025441,1256
4495,8.995178312041467,1257
4496,8.997179464057496,1257
4497,8.999180616073522,1254
4498,9.001181768089548,1254
4499,9.003182920105576,1255
4500,9.005184072121603,1253
4501,9.00718522413763,1247
4502,9.009186376153657,1243
4503,9.011187528169684,1252
4504,9.013188680185712,1270
4505,9.015189832201738,1275
4506,9.017190984217764,1256
4507,9.019192136233793,1234
4508,9.021193288249819,1236
4509,9.023194440265845,1259
4510,9.025195592281873,1281
4511,9.0271967442979,1286
4512,9.029197896313928,1274
4513,9.031199048329954,1258
4514,9.03320020034598,1251
4515,9.035201352362009,1256
4516,9.037202504378035,1267
4517,9.039203656394061,1276
4518,9.04120480841009,1277
4519,9.043205960426116,1267
4520,9.045207112442144,1255
4521,9.04720826445817,1256
4522,9.049209416474197,1269
4523,9.051210568490225,1279
4524,9.053211720506251,1270
4525,9.05521287252228,1250
4526,9.057214024538306,1240
4527,9.059215176554332,1246
4528,9.06121632857036,1252
4529,9.063217480586387,1253
4530,9.065218632602413,1255
4531,9.067219784618441,1264
4532,9.069220936634467,1275
4533,9.071222088650496,1285
4534,9.073223240666522,1289
4535,9.075224392682548,1292
4536,9.077225544698576,1297
4537,9.079226696714603,1305
4538,9.081227848730629,1311
4539,9.083229000746657,1309
4540,9.085230152762684,1300
4541,9.087231304778712,1295
4542,9.089232456794738,1300
4543,9.091233608810764,1313
4544,9.093234760826792,1321
4545,9.095235912842819,1322
4546,9.097237064858845,1319
4547,9.099238216874873,1317
4548,9.1012393688909,1314
4549,9.103240520906928,1308
4550,9.105241672922954,1302
4551,9.10724282493898,1304
4552,9.109243976955009,1310
4553,9.111245128971035,1312
4554,9.113246280987061,1307
4555,9.11524743300309,1304
4556,9.117248585019116,1302
4557,9.119249737035144,1301
4558,9.12125088905117,1301
4559,9.123252041067197,1305
4560,9.125253193083225,1308
4561,9.127254345099251,1302
4562,9.129255497115278,1293
4563,9.131256649131306,1284
4564,9.133257801147332,1277
4565,9.13525895316336,1274
4566,9.137260105179386,1279
4567,9.139261257195413,1284
4568,9.141262409211441,1287
4569,9.143263561227467,1298
4570,9.145264713243494,1318
4571,9.147265865259522,1330
4572,9.149267017275548,1323
4573,9.151268169291576,1302
4574,9.153269321307603,1287
4575,9.155270473323629,1292
4576,9.157271625339657,1310
4577,9.159272777355683,1321
4578,9.16127392937171,1312
4579,9.163275081387738,1295
4580,9.165276233403764,1289
4581,9.167277385419792,1292
4582,9.169278537435819,1297
4583,9.171279689451845,1304
4584,9.173280841467873,1314
4585,9.1752819934839,1321
4586,9.177283145499928,1320
4587,9.179284297515954,1314
4588,9.18128544953198,1311
4589,9.183286601548009,1310
4590,9.185287753564035,1312
4591,9.187288905580061,1318
4592,9.18929005759609,1323
4593,9.191291209612116,1325
4594,9.193292361628144,1322
4595,9.19529351364417,1314
4596,9.197294665660197,1304
4597,9.199295817676225,1299
4598,9.201296969692251,1302
4599,9.203298121708277,1307
4600,9.205299273724306,1306
4601,9.207300425740332,1298
4602,9.20930157775636,1288
4603,9.211302729772386,1284
4604,9.213303881788413,1285
4605,9.21530503380444,1289
4606,9.217306185820467,1291
4607,9.219307337836494,1293
4608,9.221308489852522,1296
4609,9.223309641868548,1299
4610,9.225310793884576,1299
4611,9.227311945900603,1296
4612,9.229313097916629,1293
4613,9.231314249932657,1290
4614,9.233315401948683,1287
4615,9.23531655396471,1284
4616,9.237317705980738,1282
4617,9.239318857996764,1283
4618,9.241320010012792,1288
4619,9.243321162028819,1294
4620,9.245322314044845,1294
4621,9.247323466060873,1285
4622,9.2493246180769,1275
4623,9.251325770092926,1274
4624,9.253326922108954,1288
4625,9.25532807412498,1307
4626,9.257329226141009,1321
4627,9.259330378157035,1321
4628,9.261331530173061,1309
4629,9.26333268218909,1302
4630,9.265333834205116,1311
4631,9.267334986221142,1323
4632,9.26933613823717,1319
4633,9.271337290253197,1302
4634,9.273338442269225,1292
4635,9.275339594285251,1291
4636,9.277340746301277,1294
4637,9.279341898317305,1296
4638,9.281343050333332,1294
4639,9.28334420234936,1288
4640,9.285345354365386,1281
4641,9.287346506381413,1283
4642,9.28934765839744,1295
4643,9.291348810413467,1313
4644,9.293349962429494,1329
4645,9.295351114445522,1334
4646,9.297352266461548,1326
4647,9.299353418477576,1316
4648,9.301354570493602,1321
4649,9.303355722509629,1331
4650,9.305356874525657,1329
4651,9.307358026541683,1313
4652,9.30935917855771,1295
4653,9.311360330573738,1284
4654,9.313361482589764,1285
4655,9.315362634605792,1289
4656,9.317363786621819,1285
4657,9.319364938637845,1277
4658,9.321366090653873,1279
4659,9.3233672426699,1293
4660,9.325368394685926,1311
4661,9.327369546701954,1317
4662,9.32937069871798,1309
4663,9.331371850734008,1299
4664,9.333373002750035,1298
4665,9.335374154766061,1305
4666,9.33737530678209,1309
4667,9.339376458798116,1301
4668,9.341377610814142,1289
4669,9.34337876283017,1289
4670,9.345379914846196,1301
4671,9.347381066862225,1315
4672,9.349382218878251,1325
4673,9.351383370894277,1330
4674,9.353384522910305,1335
4675,9.355385674926332,1342
4676,9.357386826942358,1345
4677,9.359387978958386,1335
4678,9.361389130974413,1317
4679,9.36339028299044,1301
4680,9.365391435006467,1291
4681,9.367392587022493,1285
4682,9.369393739038522,1286
4683,9.371394891054548,1297
4684,9.373396043070574,1307
4685,9.375397195086602,1304
4686,9.377398347102629,1286
4687,9.379399499118657,1268
4688,9.381400651134683,1264
4689,9.38340180315071,1274
4690,9.385402955166738,1288
4691,9.387404107182764,1297
4692,9.38940525919879,1297
4693,9.391406411214819,1291
4694,9.393407563230845,1287
4695,9.395408715246873,1288
4696,9.3974098672629,1288
4697,9.399411019278926,1284
4698,9.401412171294954,1279
4699,9.40341332331098,1272
4700,9.405414475327008,1268
4701,9.407415627343035,1269
4702,9.409416779359061,1270
4703,9.41141793137509,1264
4704,9.413419083391116,1263
4705,9.415420235407142,1280
4706,9.41742138742317,1300
4707,9.419422539439196,1305
4708,9.421423691455225,1301
4709,9.42342484347125,1301
4710,9.425425995487277,1309
4711,9.427427147503305,1317
4712,9.429428299519332,1318
4713,9.431429451535358,1314
4714,9.433430603551386,1308
4715,9.435431755567413,1302
4716,9.43743290758344,1303
4717,9.439434059599467,1312
4718,9.441435211615493,1323
4719,9.443436363631522,1330
4720,9.445437515647548,1332
4721,9.447438667663574,1330
4722,9.449439819679602,1320
4723,9.451440971695629,1307
4724,9.453442123711657,1305
4725,9.455443275727683,1314
4726,9.45744442774371,1324
4727,9.459445579759738,1324
4728,9.461446731775764,1313
4729,9.46344788379179,1305
4730,9.465449035807818,1312
4731,9.467450187823845,1327
4732,9.469451339839873,1325
4733,9.4714524918559,1295
4734,9.473453643871926,1259
4735,9.475454795887954,1249
4736,9.47745594790398,1268
4737,9.479457099920007,1295
4738,9.481458251936035,1311
4739,9.483459403952061,1315
4740,9.48546055596809,1312
4741,9.487461707984115,1307
4742,9.489462860000142,1303
4743,9.49146401201617,1304
4744,9.493465164032196,1313
4745,9.495466316048223,1322
4746,9.49746746806425,1317
4747,9.499468620080277,1293
4748,9.501469772096305,1264
4749,9.503470924112332,1250
4750,9.505472076128358,1256
4751,9.507473228144386,1267
4752,9.509474380160412,1272
4753,9.511475532176439,1270
4754,9.513476684192467,1272
4755,9.515477836208493,1281
4756,9.517478988224521,1291
4757,9.519480140240548,1293
4758,9.521481292256574,1288
4759,9.523482444272602,1285
4760,9.525483596288629,1288
4761,9.527484748304657,1293
4762,9.529485900320683,1296
4763,9.53148705233671,1294
4764,9.533488204352738,1285
4765,9.535489356368764,1276
4766,9.53749050838479,1274
4767,9.539491660400818,1277
4768,9.541492812416845,1280
4769,9.543493964432873,1283
4770,9.5454951164489,1279
4771,9.547496268464926,1265
4772,9.549497420480954,1257
4773,9.55149857249698,1267
4774,9.553499724513006,1283
4775,9.555500876529035,1286
4776,9.557502028545061,1277
4777,9.559503180561089,1273
4778,9.561504332577115,1279
4779,9.563505484593142,1287
4780,9.56550663660917,1289
4781,9.567507788625196,1286
4782,9.569508940641223,1282
4783,9.57151009265725,1281
4784,9.573511244673277,1280
4785,9.575512396689305,1279
4786,9.577513548705332,1281
4787,9.579514700721358,1285
4788,9.581515852737386,1287
4789,9.583517004753412,1286
4790,9.585518156769439,1292
4791,9.587519308785467,1304
4792,9.589520460801493,1313
4793,9.591521612817521,1319
4794,9.593522764833548,1324
4795,9.595523916849574,1324
4796,9.597525068865602,1312
4797,9.599526220881629,1298
4798,9.601527372897655,1295
4799,9.603528524913683,1301
4800,9.60552967692971,1306
4801,9.607530828945738,1302
4802,9.609531980961764,1294
4803,9.61153313297779,1281
4804,9.613534284993818,1266
4805,9.615535437009845,1256
4806,9.617536589025871,1255
4807,9.6195377410419,1258
4808,9.621538893057926,1259
4809,9.623540045073954,1261
4810,9.62554119708998,1271
4811,9.627542349106006,1289
4812,9.629543501122034,1300
4813,9.63154465313806,1296
4814,9.633545805154089,1287
4815,9.635546957170115,1287
4816,9.637548109186142,1300
4817,9.63954926120217,1312
4818,9.641550413218196,1313
4819,9.643551565234223,1306
4820,9.64555271725025,1296
4821,9.647553869266277,1290
4822,9.649555021282305,1294
4823,9.651556173298331,1305
4824,9.653557325314358,1312
4825,9.655558477330386,1312
4826,9.657559629346412,1305
4827,9.659560781362439,1296
4828,9.661561933378467,1283
4829,9.663563085394493,1269
4830,9.665564237410521,1263
4831,9.667565389426548,1272
4832,9.669566541442574,1283
4833,9.671567693458602,1285
4834,9.673568845474628,1277
4835,9.675569997490655,1271
4836,9.677571149506683,1273
4837,9.67957230152271,1286
4838,9.681573453538737,1297
4839,9.683574605554764,1295
4840,9.68557575757079,1286
4841,9.687576909586818,1287
4842,9.689578061602845,1296
4843,9.691579213618871,1301
4844,9.693580365634899,1303
4845,9.695581517650925,1309
4846,9.697582669666954,1313
4847,9.69958382168298,1301
4848,9.701584973699006,1281
4849,9.703586125715034,1276
4850,9.70558727773106,1288
4851,9.707588429747087,1298
4852,9.709589581763115,1297
4853,9.711590733779142,1294
4854,9.71359188579517,1301
4855,9.715593037811196,1311
4856,9.717594189827222,1313
4857,9.71959534184325,1305
4858,9.721596493859277,1296
4859,9.723597645875303,1290
4860,9.725598797891331,1289
4861,9.727599949907358,1291
4862,9.729601101923386,1296
4863,9.731602253939412,1301
4864,9.733603405955439,1303
4865,9.735604557971467,1301
4866,9.737605709987493,1295
4867,9.73960686200352,1294
4868,9.741608014019548,1295
4869,9.743609166035574,1287
4870,9.745610318051602,1276
4871,9.747611470067628,1274
4872,9.749612622083655,1273
4873,9.751613774099683,1261
4874,9.75361492611571,1239
4875,9.755616078131737,1230
4876,9.757617230147764,1242
4877,9.75961838216379,1262
4878,9.761619534179818,1274
4879,9.763620686195845,1276
4880,9.765621838211871,1273
4881,9.767622990227899,1272
4882,9.769624142243925,1274
4883,9.771625294259954,1274
4884,9.77362644627598,1273
4885,9.775627598292006,1274
4886,9.777628750308034,1277
4887,9.77962990232406,1275
4888,9.781631054340087,1269
4889,9.783632206356115,1263
4890,9.785633358372142,1261
4891,9.78763451038817,1255
4892,9.789635662404196,1246
4893,9.791636814420222,1244
4894,9.79363796643625,1257
4895,9.795639118452277,1277
4896,9.797640270468303,1288
4897,9.799641422484331,1284
4898,9.801642574500358,1276
4899,9.803643726516386,1270
4900,9.805644878532412,1266
4901,9.807646030548439,1260
4902,9.809647182564467,1257
4903,9.811648334580493,1262
4904,9.81364948659652,1273
4905,9.815650638612547,1274
4906,9.817651790628574,1261
4907,9.819652942644602,1252
4908,9.821654094660628,1265
4909,9.823655246676655,1290
4910,9.825656398692683,1302
4911,9.82765755070871,1291
4912,9.829658702724736,1274
4913,9.831659854740764,1268
4914,9.83366100675679,1273
4915,9.835662158772818,1281
4916,9.837663310788844,1289
4917,9.83966446280487,1299
4918,9.841665614820899,1312
4919,9.843666766836925,1323
4920,9.845667918852952,1325
4921,9.84766907086898,1315
4922,9.849670222885006,1301
4923,9.851671374901034,1296
4924,9.85367252691706,1306
4925,9.855673678933087,1323
4926,9.857674830949115,1336
4927,9.859675982965141,1335
4928,9.861677134981168,1318
4929,9.863678286997196,1298
4930,9.865679439013222,1291
4931,9.86768059102925,1299
4932,9.869681743045277,1304
4933,9.871682895061303,1298
4934,9.873684047077331,1286
4935,9.875685199093358,1279
4936,9.877686351109386,1277
4937,9.879687503125412,1280
4938,9.881688655141438,1283
4939,9.883689807157467,1285
4940,9.885690959173493,1285
4941,9.88769211118952,1284
4942,9.889693263205547,1284
4943,9.891694415221574,1285
4944,9.893695567237602,1285
4945,9.895696719253628,1280
4946,9.897697871269655,1267
4947,9.899699023285683,1252
4948,9.901700175301709,1246
4949,9.903701327317735,1253
4950,9.905702479333764,1265
4951,9.90770363134979,1273
4952,9.909704783365818,1273
4953,9.911705935381844,1267
4954,9.91370708739787,1265
4955,9.915708239413899,1269
4956,9.917709391429925,1274
4957,9.919710543445952,1274
4958,9.92171169546198,1274
4959,9.923712847478006,1279
4960,9.925713999494034,1282
4961,9.92771515151006,1274
4962,9.929716303526087,1254
4963,9.931717455542115,1241
4964,9.933718607558141,1245
4965,9.935719759574168,1257
4966,9.937720911590196,1260
4967,9.939722063606222,1247
4968,9.94172321562225,1234
4969,9.943724367638277,1235
4970,9.945725519654303,1247
4971,9.947726671670331,1260
4972,9.949727823686358,1272
4973,9.951728975702384,1282
4974,9.953730127718412,1288
4975,9.955731279734438,1289
4976,9.957732431750467,1293
4977,9.959733583766493,1298
4978,9.96173473578252,1301
4979,9.963735887798547,1302
4980,9.965737039814574,1308
4981,9.9677381918306,1318
4982,9.969739343846628,1326
4983,9.971740495862655,1325
4984,9.973741647878683,1317
4985,9.975742799894709,1312
4986,9.977743951910735,1324
4987,9.979745103926764,1341
4988,9.98174625594279,1336
4989,9.983747407958816,1306
4990,9.985748559974844,1280
4991,9.98774971199087,1277
4992,9.989750864006899,1289
4993,9.991752016022925,1294
4994,9.993753168038952,1288
4995,9.99575432005498,1279
4996,9.997755472071006,1275
4997,9.999756624087034,1275
4998,10.00175777610306,1276
4999,10.003758928119087,1276
5000,10.005760080135115,1276
5001,10.007761232151141,1283
5002,10.009762384167168,1290
5003,10.011763536183196,1290
5004,10.013764688199222,1280
5005,10.01576584021525,1267
5006,10.017766992231277,1256
5007,10.019768144247303,1253
5008,10.021769296263331,1267
5009,10.023770448279357,1295
5010,10.025771600295384,1311
5011,10.027772752311412,1303
5012,10.029773904327438,1282
5013,10.031775056343466,1268
5014,10.033776208359493,1270
5015,10.03577736037552,1283
5016,10.037778512391547,1289
5017,10.039779664407574,1282
5018,10.0417808164236,1274
5019,10.043781968439628,1272
5020,10.045783120455654,1274
5021,10.047784272471683,1273
5022,10.049785424487709,1265
5023,10.051786576503735,1259
5024,10.053787728519763,1261
5025,10.05578888053579,1269
5026,10.057790032551816,1272
5027,10.059791184567844,1268
5028,10.06179233658387,1265
5029,10.063793488599899,1269
5030,10.065794640615925,1271
5031,10.067795792631951,1263
5032,10.06979694464798,1254
5033,10.071798096664006,1251
5034,10.073799248680032,1249
5035,10.07580040069606,1245
5036,10.077801552712087,1243
5037,10.079802704728115,1250
5038,10.081803856744141,1265
5039,10.083805008760168,1275
5040,10.085806160776196,1272
5041,10.087807312792222,1261
5042,10.089808464808248,1258
5043,10.091809616824277,1265
5044,10.093810768840303,1273
5045,10.095811920856331,1271
5046,10.097813072872357,1267
5047,10.099814224888384,1266
5048,10.101815376904412,1265
5049,10.103816528920438,1264
5050,10.105817680936466,1265
5051,10.107818832952493,1266
5052,10.109819984968519,1269
5053,10.111821136984547,1271
5054,10.113822289000574,1267
5055,10.1158234410166,1260
5056,10.117824593032628,1255
5057,10.119825745048654,1251
5058,10.121826897064683,1246
5059,10.123828049080709,1242
5060,10.125829201096735,1241
5061,10.127830353112763,1241
5062,10.12983150512879,1246
5063,10.131832657144816,1258
5064,10.133833809160844,1269
5065,10.13583496117687,1265
5066,10.137836113192899,1246
5067,10.139837265208925,1230
5068,10.141838417224951,1230
5069,10.14383956924098,1243
5070,10.145840721257006,1256
5071,10.147841873273032,1257
5072,10.14984302528906,1245
5073,10.151844177305087,1235
5074,10.153845329321115,1237
5075,10.155846481337141,1245
5076,10.157847633353168,1245
5077,10.159848785369196,1234
5078,10.161849937385222,1223
5079,10.163851089401248,1217
5080,10.165852241417277,1217
5081,10.167853393433303,1229
5082,10.169854545449331,1250
5083,10.171855697465357,1259
5084,10.173856849481384,1253
5085,10.175858001497412,1248
5086,10.177859153513438,1256
5087,10.179860305529465,1273
5088,10.181861457545493,1287
5089,10.183862609561519,1290
5090,10.185863761577547,1279
5091,10.187864913593573,1261
5092,10.1898660656096,1249
5093,10.191867217625628,1250
5094,10.193868369641654,1259
5095,10.19586952165768,1265
5096,10.197870673673709,1260
5097,10.199871825689735,1248
5098,10.201872977705763,1241
5099,10.20387412972179,1242
5100,10.205875281737816,1249
5101,10.207876433753844,1258
5102,10.20987758576987,1264
5103,10.211878737785897,1262
5104,10.213879889801925,1255
5105,10.215881041817951,1248
5106,10.21788219383398,1244
5107,10.219883345850006,1247
5108,10.221884497866032,1254
5109,10.22388564988206,1258
5110,10.225886801898087,1255
5111,10.227887953914115,1257
5112,10.229889105930141,1272
5113,10.231890257946167,1289
5114,10.233891409962196,1291
5115,10.235892561978222,1279
5116,10.237893713994248,1268
5117,10.239894866010276,1266
5118,10.241896018026303,1271
5119,10.243897170042331,1279
5120,10.245898322058357,1284
5121,10.247899474074384,1280
5122,10.249900626090412,1272
5123,10.251901778106438,1269
5124,10.253902930122464,1275
5125,10.255904082138493,1285
5126,10.257905234154519,1291
5127,10.259906386170547,1289
5128,10.261907538186573,1285
5129,10.2639086902026,1290
5130,10.265909842218628,1298
5131,10.267910994234654,1300
5132,10.26991214625068,1290
5133,10.271913298266709,1279
5134,10.273914450282735,1277
5135,10.275915602298763,1288
5136,10.27791675431479,1300
5137,10.279917906330816,1304
5138,10.281919058346844,1303
5139,10.28392021036287,1299
5140,10.285921362378897,1290
5141,10.287922514394925,1276
5142,10.289923666410951,1265
5143,10.29192481842698,1266
5144,10.293925970443006,1279
5145,10.295927122459032,1289
5146,10.29792827447506,1289
5147,10.299929426491087,1287
5148,10.301930578507113,1290
5149,10.303931730523141,1293
5150,10.305932882539167,1290
5151,10.307934034555196,1284
5152,10.309935186571222,1282
5153,10.311936338587248,1284
5154,10.313937490603276,1282
5155,10.315938642619303,1279
5156,10.317939794635329,1281
5157,10.319940946651357,1291
5158,10.321942098667384,1297
5159,10.323943250683412,1289
5160,10.325944402699438,1275
5161,10.327945554715464,1270
5162,10.329946706731493,1272
5163,10.331947858747519,1275
5164,10.333949010763545,1274
5165,10.335950162779573,1273
5166,10.3379513147956,1269
5167,10.339952466811628,1265
5168,10.341953618827654,1264
5169,10.34395477084368,1270
5170,10.345955922859709,1282
5171,10.347957074875735,1292
5172,10.349958226891763,1296
5173,10.35195937890779,1295
5174,10.353960530923816,1291
5175,10.355961682939844,1290
5176,10.35796283495587,1291
5177,10.359963986971897,1286
5178,10.361965138987925,1269
5179,10.363966291003951,1254
5180,10.36596744301998,1257
5181,10.367968595036006,1279
5182,10.369969747052032,1296
5183,10.37197089906806,1300
5184,10.373972051084086,1293
5185,10.375973203100113,1288
5186,10.377974355116141,1288
5187,10.379975507132167,1293
5188,10.381976659148195,1299
5189,10.383977811164222,1298
5190,10.385978963180248,1293
5191,10.387980115196276,1290
5192,10.389981267212303,1294
5193,10.391982419228329,1294
5194,10.393983571244357,1283
5195,10.395984723260383,1274
5196,10.397985875276412,1281
5197,10.399987027292438,1291
5198,10.401988179308464,1292
5199,10.403989331324492,1288
5200,10.405990483340519,1294
5201,10.407991635356545,1308
5202,10.409992787372573,1322
5203,10.4119939393886,1326
5204,10.413995091404628,1323
5205,10.415996243420654,1322
5206,10.41799739543668,1327
5207,10.419998547452709,1331
5208,10.421999699468735,1330
5209,10.424000851484761,1321
5210,10.42600200350079,1306
5211,10.428003155516816,1287
5212,10.430004307532844,1270
5213,10.43200545954887,1261
5214,10.434006611564897,1264
5215,10.436007763580925,1279
5216,10.438008915596951,1293
5217,10.440010067612977,1299
5218,10.442011219629006,1300
5219,10.444012371645032,1295
5220,10.44601352366106,1286
5221,10.448014675677086,1279
5222,10.450015827693113,1276
5223,10.452016979709141,1283
5224,10.454018131725167,1295
5225,10.456019283741195,1303
5226,10.458020435757222,1301
5227,10.460021587773248,1291
5228,10.462022739789276,1282
5229,10.464023891805303,1280
5230,10.466025043821329,1281
5231,10.468026195837357,1284
5232,10.470027347853383,1284
5233,10.472028499869412,1280
5234,10.474029651885438,1271
5235,10.476030803901464,1259
5236,10.478031955917492,1247
5237,10.480033107933519,1240
5238,10.482034259949545,1243
5239,10.484035411965573,1256
5240,10.4860365639816,1273
5241,10.488037715997628,1280
5242,10.490038868013654,1274
5243,10.49204002002968,1263
5244,10.494041172045709,1254
5245,10.496042324061735,1250
5246,10.498043476077761,1249
5247,10.50004462809379,1249
5248,10.502045780109816,1252
5249,10.504046932125844,1258
5250,10.50604808414187,1264
5251,10.508049236157897,1269
5252,10.510050388173925,1272
5253,10.512051540189951,1273
5254,10.514052692205977,1272
5255,10.516053844222006,1277
5256,10.518054996238032,1290
5257,10.52005614825406,1305
5258,10.522057300270086,1312
5259,10.524058452286113,1311
5260,10.52605960430214,1306
5261,10.528060756318167,1302
5262,10.530061908334194,1300
5263,10.532063060350222,1299
5264,10.534064212366248,1297
5265,10.536065364382276,1294
5266,10.538066516398302,1289
5267,10.540067668414329,1283
5268,10.542068820430357,1279
5269,10.544069972446383,1281
5270,10.54607112446241,1283
5271,10.548072276478438,1276
5272,10.550073428494464,1264
5273,10.552074580510492,1263
5274,10.554075732526519,1279
5275,10.556076884542545,1297
5276,10.558078036558573,1304
5277,10.5600791885746,1294
5278,10.562080340590626,1277
5279,10.564081492606654,1266
5280,10.56608264462268,1267
5281,10.568083796638708,1276
5282,10.570084948654735,1284
5283,10.572086100670761,1289
5284,10.57408725268679,1292
5285,10.576088404702816,1293
5286,10.578089556718844,1286
5287,10.58009070873487,1280
5288,10.582091860750896,1286
5289,10.584093012766925,1302
5290,10.586094164782951,1313
5291,10.588095316798977,1315
5292,10.590096468815005,1312
5293,10.592097620831032,1312
5294,10.59409877284706,1311
5295,10.596099924863086,1306
5296,10.598101076879113,1295
5297,10.60010222889514,1282
5298,10.602103380911167,1280
5299,10.604104532927193,1293
5300,10.606105684943222,1309
5301,10.608106836959248,1308
5302,10.610107988975276,1291
5303,10.612109140991302,1272
5304,10.614110293007329,1269
5305,10.616111445023357,1286
5306,10.618112597039383,1318
5307,10.62011374905541,1342
5308,10.622114901071438,1338
5309,10.624116053087464,1315
5310,10.626117205103492,1300
5311,10.628118357119519,1300
5312,10.630119509135545,1304
5313,10.632120661151573,1302
5314,10.6341218131676,1294
5315,10.636122965183626,1282
5316,10.638124117199654,1270
5317,10.64012526921568,1261
5318,10.642126421231708,1260
5319,10.644127573247735,1263
5320,10.646128725263761,1268
5321,10.64812987727979,1276
5322,10.650131029295816,1287
5323,10.652132181311842,1293
5324,10.65413333332787,1291
5325,10.656134485343896,1289
5326,10.658135637359925,1297
5327,10.66013678937595,1306
5328,10.662137941391977,1305
5329,10.664139093408005,1299
5330,10.666140245424032,1298
5331,10.668141397440058,1305
5332,10.670142549456086,1311
5333,10.672143701472113,1310
5334,10.67414485348814,1308
5335,10.676146005504167,1310
5336,10.678147157520193,1312
5337,10.680148309536222,1312
5338,10.682149461552248,1310
5339,10.684150613568274,1303
5340,10.686151765584302,1294
5341,10.688152917600329,1290
5342,10.690154069616357,1297
5343,10.692155221632383,1306
5344,10.69415637364841,1305
5345,10.696157525664438,1292
5346,10.698158677680464,1281
5347,10.700159829696492,1279
5348,10.702160981712519,1280
5349,10.704162133728545,1281
5350,10.706163285744573,1291
5351,10.7081644377606,1306
5352,10.710165589776626,1315
5353,10.712166741792654,1318
5354,10.71416789380868,1320
5355,10.716169045824708,1315
5356,10.718170197840735,1301
5357,10.720171349856761,1289
5358,10.72217250187279,1280
5359,10.724173653888815,1276
5360,10.726174805904842,1280
5361,10.72817595792087,1293
5362,10.730177109936896,1306
5363,10.732178261952924,1317
5364,10.73417941396895,1326
5365,10.736180565984977,1326
5366,10.738181718001005,1322
5367,10.740182870017032,1320
5368,10.742184022033058,1323
5369,10.744185174049086,1324
5370,10.746186326065112,1318
5371,10.74818747808114,1310
5372,10.750188630097167,1301
5373,10.752189782113193,1289
5374,10.754190934129221,1277
5375,10.756192086145248,1271
5376,10.758193238161274,1277
5377,10.760194390177302,1291
5378,10.762195542193329,1302
5379,10.764196694209357,1305
5380,10.766197846225383,1306
5381,10.76819899824141,1313
5382,10.770200150257438,1319
5383,10.772201302273464,1313
5384,10.77420245428949,1300
5385,10.776203606305518,1296
5386,10.778204758321545,1305
5387,10.780205910337573,1313
5388,10.7822070623536,1310
5389,10.784208214369626,1302
5390,10.786209366385654,1301
5391,10.78821051840168,1307
5392,10.790211670417706,1309
5393,10.792212822433735,1301
5394,10.794213974449761,1289
5395,10.796215126465789,1287
5396,10.798216278481815,1296
5397,10.800217430497842,1302
5398,10.80221858251387,1300
5399,10.804219734529896,1292
5400,10.806220886545923,1282
5401,10.80822203856195,1273
5402,10.810223190577977,1272
5403,10.812224342594005,1282
5404,10.814225494610032,1292
5405,10.816226646626058,1295
5406,10.818227798642086,1296
5407,10.820228950658112,1298
5408,10.82223010267414,1296
5409,10.824231254690167,1290
5410,10.826232406706193,1284
5411,10.828233558722221,1279
5412,10.830234710738248,1276
5413,10.832235862754274,1282
5414,10.834237014770302,1293
5415,10.836238166786329,1301
5416,10.838239318802357,1303
5417,10.840240470818383,1302
5418,10.84224162283441,1298
5419,10.844242774850438,1291
5420,10.846243926866464,1286
5421,10.84824507888249,1290
5422,10.850246230898518,1296
5423,10.852247382914545,1300
5424,10.854248534930573,1304
5425,10.8562496869466,1316
5426,10.858250838962626,1331
5427,10.860251990978654,1334
5428,10.86225314299468,1326
5429,10.864254295010706,1317
5430,10.866255447026735,1310
5431,10.86825659904276,1309
5432,10.870257751058789,1312
5433,10.872258903074815,1317
5434,10.874260055090842,1320
5435,10.87626120710687,1314
5436,10.878262359122896,1304
5437,10.880263511138923,1302
5438,10.88226466315495,1311
5439,10.884265815170977,1320
5440,10.886266967187005,1322
5441,10.888268119203032,1321
5442,10.890269271219058,1319
5443,10.892270423235086,1312
5444,10.894271575251112,1301
5445,10.896272727267139,1294
5446,10.898273879283167,1294
5447,10.900275031299193,1299
5448,10.902276183315221,1303
5449,10.904277335331248,1300
5450,10.906278487347274,1290
5451,10.908279639363302,1285
5452,10.910280791379328,1286
5453,10.912281943395355,1290
5454,10.914283095411383,1288
5455,10.91628424742741,1279
5456,10.918285399443437,1267
5457,10.920286551459464,1261
5458,10.92228770347549,1261
5459,10.924288855491518,1263
5460,10.926290007507545,1268
5461,10.928291159523573,1274
5462,10.9302923115396,1272
5463,10.932293463555625,1259
5464,10.934294615571654,1245
5465,10.93629576758768,1241
5466,10.938296919603706,1250
5467,10.940298071619734,1267
5468,10.94229922363576,1279
5469,10.944300375651789,1285
5470,10.946301527667815,1289
5471,10.948302679683842,1290
5472,10.95030383169987,1284
5473,10.952304983715896,1276
5474,10.954306135731922,1279
5475,10.95630728774795,1286
5476,10.958308439763977,1288
5477,10.960309591780005,1276
5478,10.962310743796031,1261
5479,10.964311895812058,1254
5480,10.966313047828086,1256
5481,10.968314199844112,1262
5482,10.970315351860139,1269
5483,10.972316503876167,1276
5484,10.974317655892193,1280
5485,10.976318807908221,1281
5486,10.978319959924248,1276
5487,10.980321111940274,1271
5488,10.982322263956302,1270
5489,10.984323415972328,1277
5490,10.986324567988355,1284
5491,10.988325720004383,1283
5492,10.99032687202041,1277
5493,10.992328024036437,1275
5494,10.994329176052464,1277
5495,10.99633032806849,1279
5496,10.998331480084518,1281
5497,11.000332632100545,1281
5498,11.002333784116571,1277
5499,11.004334936132599,1276
5500,11.006336088148625,1283
5501,11.008337240164654,1290
5502,11.01033839218068,1286
5503,11.012339544196706,1273
5504,11.014340696212734,1263
5505,11.01634184822876,1266
5506,11.018343000244787,1276
5507,11.020344152260815,1281
5508,11.022345304276842,1275
5509,11.02434645629287,1262
5510,11.026347608308896,1256
5511,11.028348760324922,1260
5512,11.03034991234095,1267
5513,11.032351064356977,1269
5514,11.034352216373003,1268
5515,11.036353368389031,1268
5516,11.038354520405058,1261
5517,11.040355672421086,1246
5518,11.042356824437112,1231
5519,11.044357976453139,1229
5520,11.046359128469167,1237
5521,11.048360280485193,1239
5522,11.050361432501221,1231
5523,11.052362584517248,1225
5524,11.054363736533274,1234
5525,11.056364888549302,1256
5526,11.058366040565328,1276
5527,11.060367192581355,1284
5528,11.062368344597383,1282
5529,11.06436949661341,1276
5530,11.066370648629437,1273
5531,11.068371800645464,1275
5532,11.07037295266149,1275
5533,11.072374104677518,1264
5534,11.074375256693545,1248
5535,11.07637640870957,1241
5536,11.078377560725599,1251
5537,11.080378712741625,1268
5538,11.082379864757653,1272
5539,11.08438101677368,1258
5540,11.086382168789706,1238
5541,11.088383320805734,1231
5542,11.09038447282176,1237
5543,11.092385624837787,1246
5544,11.094386776853815,1248
5545,11.096387928869841,1254
5546,11.09838908088587,1263
5547,11.100390232901896,1267
5548,11.102391384917922,1262
5549,11.10439253693395,1262
5550,11.106393688949977,1276
5551,11.108394840966003,1295
5552,11.110395992982031,1303
5553,11.112397144998058,1299
5554,11.114398297014086,1298
5555,11.116399449030112,1305
5556,11.118400601046138,1306
5557,11.120401753062167,1298
5558,11.122402905078193,1292
5559,11.12440405709422,1296
5560,11.126405209110247,1305
5561,11.128406361126274,1310
5562,11.130407513142302,1303
5563,11.132408665158328,1290
5564,11.134409817174355,1279
5565,11.136410969190383,1272
5566,11.138412121206409,1268
5567,11.140413273222435,1269
5568,11.142414425238464,1275
5569,11.14441557725449,1279
5570,11.146416729270518,1276
5571,11.148417881286544,1270
5572,11.15041903330257,1264
5573,11.152420185318599,1257
5574,11.154421337334625,1248
5575,11.156422489350652,1238
5576,11.15842364136668,1235
5577,11.160424793382706,1236
5578,11.162425945398734,1238
5579,11.16442709741476,1235
5580,11.166428249430787,1231
5581,11.168429401446815,1231
5582,11.170430553462841,1233
5583,11.17243170547887,1231
5584,11.174432857494896,1230
5585,11.176434009510922,1240
5586,11.17843516152695,1258
5587,11.180436313542977,1270
5588,11.182437465559003,1269
5589,11.184438617575031,1263
5590,11.186439769591058,1255
5591,11.188440921607086,1244
5592,11.190442073623112,1241
5593,11.192443225639138,1254
5594,11.194444377655167,1271
5595,11.196445529671193,1274
5596,11.19844668168722,1258
5597,11.200447833703247,1239
5598,11.202448985719274,1235
5599,11.204450137735302,1245
5600,11.206451289751328,1258
5601,11.208452441767355,1265
5602,11.210453593783383,1268
5603,11.212454745799409,1274
5604,11.214455897815435,1281
5605,11.216457049831464,1283
5606,11.21845820184749,1279
5607,11.220459353863518,1275
5608,11.222460505879544,1275
5609,11.22446165789557,1277
5610,11.226462809911599,1274
5611,11.228463961927625,1267
5612,11.230465113943652,1263
5613,11.23246626595968,1265
5614,11.234467417975706,1269
5615,11.236468569991734,1269
5616,11.23846972200776,1268
5617,11.240470874023787,1269
5618,11.242472026039815,1268
5619,11.244473178055841,1259
5620,11.246474330071868,1250
5621,11.248475482087896,1250
5622,11.250476634103922,1253
5623,11.25247778611995,1250
5624,11.254478938135977,1247
5625,11.256480090152003,1256
5626,11.258481242168031,1275
5627,11.260482394184057,1286
5628,11.262483546200084,1281
5629,11.264484698216112,1267
5630,11.266485850232138,1264
5631,11.268487002248166,1271
5632,11.270488154264193,1272
5633,11.27248930628022,1265
5634,11.274490458296247,1260
5635,11.276491610312274,1255
5636,11.278492762328302,1244
5637,11.280493914344328,1236
5638,11.282495066360354,1244
5639,11.284496218376383,1266
5640,11.286497370392409,1291
5641,11.288498522408435,1305
5642,11.290499674424463,1304
5643,11.29250082644049,1295
5644,11.294501978456518,1291
5645,11.296503130472544,1293
5646,11.29850428248857,1290
5647,11.300505434504599,1282
5648,11.302506586520625,1274
5649,11.304507738536651,1272
5650,11.30650889055268,1273
5651,11.308510042568706,1277
5652,11.310511194584734,1281
5653,11.31251234660076,1279
5654,11.314513498616787,1270
5655,11.316514650632815,1267
5656,11.318515802648841,1275
5657,11.320516954664868,1285
5658,11.322518106680896,1284
5659,11.324519258696922,1273
5660,11.32652041071295,1258
5661,11.328521562728977,1248
5662,11.330522714745003,1247
5663,11.332523866761031,1246
5664,11.334525018777057,1243
5665,11.336526170793084,1236
5666,11.338527322809112,1228
5667,11.340528474825138,1219
5668,11.342529626841166,1217
5669,11.344530778857193,1231
5670,11.346531930873219,1258
5671,11.348533082889247,1279
5672,11.350534234905274,1282
5673,11.3525353869213,1279
5674,11.354536538937328,1281
5675,11.356537690953354,1287
5676,11.358538842969383,1290
5677,11.360539994985409,1289
5678,11.362541147001435,1282
5679,11.364542299017463,1269
5680,11.36654345103349,1259
5681,11.368544603049516,1252
5682,11.370545755065544,1243
5683,11.37254690708157,1238
5684,11.374548059097599,1237
5685,11.376549211113625,1232
5686,11.378550363129651,1224
5687,11.38055151514568,1228
5688,11.382552667161706,1245
5689,11.384553819177732,1260
5690,11.38655497119376,1264
5691,11.388556123209787,1261
5692,11.390557275225815,1256
5693,11.392558427241841,1253
5694,11.394559579257868,1257
5695,11.396560731273896,1265
5696,11.398561883289922,1268
5697,11.40056303530595,1261
5698,11.402564187321977,1249
5699,11.404565339338003,1242
5700,11.406566491354031,1242
5701,11.408567643370057,1246
5702,11.410568795386084,1251
5703,11.412569947402112,1258
5704,11.414571099418138,1269
5705,11.416572251434166,1276
5706,11.418573403450193,1271
5707,11.420574555466219,1258
5708,11.422575707482247,1250
5709,11.424576859498274,1248
5710,11.4265780115143,1250
5711,11.428579163530328,1254
5712,11.430580315546354,1257
5713,11.432581467562382,1253
5714,11.434582619578409,1252
5715,11.436583771594435,1262
5716,11.438584923610463,1276
5717,11.44058607562649,1288
5718,11.442587227642516,1290
5719,11.444588379658544,1283
5720,11.44658953167457,1271
5721,11.448590683690599,1261
5722,11.450591835706625,1255
5723,11.452592987722651,1249
5724,11.45459413973868,1249
5725,11.456595291754706,1261
5726,11.458596443770732,1274
5727,11.46059759578676,1277
5728,11.462598747802787,1273
5729,11.464599899818815,1271
5730,11.466601051834841,1269
5731,11.468602203850867,1260
5732,11.470603355866896,1249
5733,11.472604507882922,1248
5734,11.474605659898948,1252
5735,11.476606811914976,1249
5736,11.478607963931003,1239
5737,11.480609115947031,1231
5738,11.482610267963057,1234
5739,11.484611419979084,1243
5740,11.486612571995112,1248
5741,11.488613724011138,1250
5742,11.490614876027164,1256
5743,11.492616028043193,1261
5744,11.494617180059219,1260
5745,11.496618332075247,1256
5746,11.498619484091273,1258
5747,11.5006206361073,1268
5748,11.502621788123328,1272
5749,11.504622940139354,1259
5750,11.50662409215538,1240
5751,11.508625244171409,1237
5752,11.510626396187435,1251
5753,11.512627548203463,1265
5754,11.51462870021949,1269
5755,11.516629852235516,1263
5756,11.518631004251544,1252
5757,11.52063215626757,1240
5758,11.522633308283599,1238
5759,11.524634460299625,1252
5760,11.526635612315651,1275
5761,11.52863676433168,1289
5762,11.530637916347706,1283
5763,11.532639068363732,1270
5764,11.53464022037976,1264
5765,11.536641372395787,1264
5766,11.538642524411815,1265
5767,11.540643676427841,1261
5768,11.542644828443867,1259
5769,11.544645980459896,1266
5770,11.546647132475922,1285
5771,11.548648284491948,1300
5772,11.550649436507976,1298
5773,11.552650588524003,1289
5774,11.55465174054003,1292
5775,11.556652892556057,1307
5776,11.558654044572084,1317
5777,11.560655196588112,1316
5778,11.562656348604138,1305
5779,11.564657500620164,1291
5780,11.566658652636193,1281
5781,11.568659804652219,1277
5782,11.570660956668247,1275
5783,11.572662108684273,1270
5784,11.5746632607003,1267
5785,11.576664412716328,1268
5786,11.578665564732354,1268
5787,11.58066671674838,1269
5788,11.582667868764409,1279
5789,11.584669020780435,1290
5790,11.586670172796463,1292
5791,11.58867132481249,1293
5792,11.590672476828516,1304
5793,11.592673628844544,1311
5794,11.59467478086057,1299
5795,11.596675932876597,1280
5796,11.598677084892625,1276
5797,11.600678236908651,1288
5798,11.60267938892468,1301
5799,11.604680540940706,1304
5800,11.606681692956732,1296
5801,11.60868284497276,1286
5802,11.610683996988787,1279
5803,11.612685149004813,1274
5804,11.614686301020841,1269
5805,11.616687453036867,1269
5806,11.618688605052895,1279
5807,11.620689757068922,1287
5808,11.622690909084948,1285
5809,11.624692061100976,1280
5810,11.626693213117003,1287
5811,11.628694365133029,1308
5812,11.630695517149057,1318
5813,11.632696669165083,1305
5814,11.634697821181112,1283
5815,11.636698973197138,1279
5816,11.638700125213164,1292
5817,11.640701277229192,1301
5818,11.642702429245219,1298
5819,11.644703581261247,1291
5820,11.646704733277273,1289
5821,11.6487058852933,1288
5822,11.650707037309328,1287
5823,11.652708189325354,1291
5824,11.65470934134138,1302
5825,11.656710493357409,1311
5826,11.658711645373435,1310
5827,11.660712797389463,1298
5828,11.66271394940549,1287
5829,11.664715101421516,1286
5830,11.666716253437544,1293
5831,11.66871740545357,1296
5832,11.670718557469597,1288
5833,11.672719709485625,1282
5834,11.674720861501651,1294
5835,11.67672201351768,1310
5836,11.678723165533706,1312
5837,11.680724317549732,1297
5838,11.68272546956576,1282
5839,11.684726621581786,1271
5840,11.686727773597813,1267
5841,11.688728925613841,1266
5842,11.690730077629867,1261
5843,11.692731229645895,1251
5844,11.694732381661922,1246
5845,11.696733533677948,1253
5846,11.698734685693976,1268
5847,11.700735837710003,1282
5848,11.702736989726029,1290
5849,11.704738141742057,1291
5850,11.706739293758083,1289
5851,11.708740445774112,1288
5852,11.710741597790138,1287
5853,11.712742749806164,1285
5854,11.714743901822192,1281
5855,11.716745053838219,1277
5856,11.718746205854245,1272
5857,11.720747357870273,1263
5858,11.7227485098863,1252
5859,11.724749661902328,1245
5860,11.726750813918354,1250
5861,11.72875196593438,1262
5862,11.730753117950409,1275
5863,11.732754269966435,1281
5864,11.734755421982461,1280
5865,11.73675657399849,1271
5866,11.738757726014516,1264
5867,11.740758878030544,1268
5868,11.74276003004657,1275
5869,11.744761182062597,1279
5870,11.746762334078625,1276
5871,11.748763486094651,1279
5872,11.75076463811068,1292
5873,11.752765790126706,1304
5874,11.754766942142732,1302
5875,11.75676809415876,1289
5876,11.758769246174786,1274
5877,11.760770398190813,1268
5878,11.76277155020684,1274
5879,11.764772702222867,1286
5880,11.766773854238895,1291
5881,11.768775006254922,1280
5882,11.770776158270948,1264
5883,11.772777310286976,1254
5884,11.774778462303003,1252
5885,11.776779614319029,1256
5886,11.778780766335057,1266
5887,11.780781918351083,1279
5888,11.782783070367111,1281
5889,11.784784222383138,1271
5890,11.786785374399164,1261
5891,11.788786526415192,1257
5892,11.790787678431219,1253
5893,11.792788830447245,1244
5894,11.794789982463273,1235
5895,11.7967911344793,1237
5896,11.798792286495328,1253
5897,11.800793438511354,1271
5898,11.80279459052738,1273
5899,11.804795742543408,1258
5900,11.806796894559435,1242
5901,11.808798046575461,1240
5902,11.81079919859149,1251
5903,11.812800350607516,1258
5904,11.814801502623544,1253
5905,11.81680265463957,1246
5906,11.818803806655596,1247
5907,11.820804958671625,1252
5908,11.822806110687651,1254
5909,11.824807262703677,1252
5910,11.826808414719705,1251
5911,11.828809566735732,1250
5912,11.83081071875176,1247
5913,11.832811870767786,1242
5914,11.834813022783813,1239
5915,11.83681417479984,1241
5916,11.838815326815867,1245
5917,11.840816478831893,1245
5918,11.842817630847922,1239
5919,11.844818782863948,1238
5920,11.846819934879976,1243
5921,11.848821086896002,1253
5922,11.850822238912029,1258
5923,11.852823390928057,1256
5924,11.854824542944083,1254
5925,11.85682569496011,1253
5926,11.858826846976138,1253
5927,11.860827998992164,1251
5928,11.862829151008192,1247
5929,11.864830303024219,1251
5930,11.866831455040245,1269
5931,11.868832607056273,1289
5932,11.8708337590723,1292
5933,11.872834911088328,1279
5934,11.874836063104354,1270
5935,11.87683721512038,1275
5936,11.878838367136408,1289
5937,11.880839519152435,1292
5938,11.882840671168461,1273
5939,11.88484182318449,1245
5940,11.886842975200516,1233
5941,11.888844127216544,1240
5942,11.89084527923257,1248
5943,11.892846431248596,1247
5944,11.894847583264625,1243
5945,11.896848735280651,1243
5946,11.898849887296677,1253
5947,11.900851039312705,1263
5948,11.902852191328732,1258
5949,11.90485334334476,1243
5950,11.906854495360786,1238
5951,11.908855647376813,1252
5952,11.91085679939284,1267
5953,11.912857951408867,1269
5954,11.914859103424893,1260
5955,11.916860255440922,1249
5956,11.918861407456948,1240
5957,11.920862559472976,1230
5958,11.922863711489002,1220
5959,11.924864863505029,1218
5960,11.926866015521057,1234
5961,11.928867167537083,1259
5962,11.93086831955311,1270
5963,11.932869471569138,1256
5964,11.934870623585164,1234
5965,11.936871775601192,1231
5966,11.938872927617219,1245
5967,11.940874079633245,1257
5968,11.942875231649273,1253
5969,11.9448763836653,1242
5970,11.946877535681326,1237
5971,11.948878687697354,1236
5972,11.95087983971338,1239
5973,11.952880991729408,1247
5974,11.954882143745435,1252
5975,11.956883295761461,1258
5976,11.95888444777749,1271
5977,11.960885599793516,1286
5978,11.962886751809542,1287
5979,11.96488790382557,1269
5980,11.966889055841596,1249
5981,11.968890207857624,1244
5982,11.97089135987365,1253
5983,11.972892511889677,1262
5984,11.974893663905705,1264
5985,11.976894815921732,1260
5986,11.978895967937758,1254
5987,11.980897119953786,1257
5988,11.982898271969812,1266
5989,11.98489942398584,1265
5990,11.986900576001867,1252
5991,11.988901728017893,1241
5992,11.990902880033921,1238
5993,11.992904032049948,1237
5994,11.994905184065976,1239
5995,11.996906336082002,1241
5996,11.998907488098029,1235
5997,12.000908640114057,1222
5998,12.002909792130083,1216
5999,12.00491094414611,1225
6000,12.006912096162138,1243
6001,12.008913248178164,1255
6002,12.010914400194192,1256
6003,12.012915552210218,1243
6004,12.014916704226245,1225
6005,12.016917856242273,1214
6006,12.0189190082583,1218
6007,12.020920160274326,1230
6008,12.022921312290354,1235
6009,12.02492246430638,1228
6010,12.026923616322408,1219
6011,12.028924768338435,1219
6012,12.030925920354461,1231
6013,12.032927072370489,1241
6014,12.034928224386515,1247
6015,12.036929376402542,1254
6016,12.03893052841857,1261
6017,12.040931680434596,1268
6018,12.042932832450624,1275
6019,12.04493398446665,1279
6020,12.046935136482677,1271
6021,12.048936288498705,1260
6022,12.050937440514732,1250
6023,12.052938592530758,1248
6024,12.054939744546786,1249
6025,12.056940896562812,1244
6026,12.05894204857884,1232
6027,12.060943200594867,1222
6028,12.062944352610893,1221
6029,12.064945504626921,1227
6030,12.066946656642948,1236
6031,12.068947808658974,1247
6032,12.070948960675002,1256
6033,12.072950112691029,1250
6034,12.074951264707057,1229
6035,12.076952416723083,1212
6036,12.07895356873911,1213
6037,12.080954720755138,1226
6038,12.082955872771164,1241
6039,12.08495702478719,1248
6040,12.086958176803218,1246
6041,12.088959328819245,1239
6042,12.090960480835273,1230
6043,12.0929616328513,1225
6044,12.094962784867326,1227
6045,12.096963936883354,1235
6046,12.09896508889938,1242
6047,12.100966240915408,1241
6048,12.102967392931435,1238
6049,12.10496854494746,1235
6050,12.106969696963489,1231
6051,12.108970848979515,1218
6052,12.110972000995542,1204
6053,12.11297315301157,1204
6054,12.114974305027596,1220
6055,12.116975457043624,1235
6056,12.11897660905965,1233
6057,12.120977761075677,1219
6058,12.122978913091705,1209
6059,12.124980065107732,1211
6060,12.126981217123758,1227
6061,12.128982369139786,1245
6062,12.130983521155812,1253
6063,12.13298467317184,1251
6064,12.134985825187867,1248
6065,12.136986977203893,1252
6066,12.138988129219921,1256
6067,12.140989281235948,1253
6068,12.142990433251974,1250
6069,12.144991585268002,1253
6070,12.146992737284029,1257
6071,12.148993889300057,1256
6072,12.150995041316083,1251
6073,12.15299619333211,1247
6074,12.154997345348137,1244
6075,12.156998497364164,1238
6076,12.15899964938019,1225
6077,12.161000801396218,1205
6078,12.163001953412245,1183
6079,12.165003105428273,1175
6080,12.1670042574443,1177
6081,12.169005409460325,1182
6082,12.171006561476354,1188
6083,12.17300771349238,1196
6084,12.175008865508406,1203
6085,12.177010017524434,1209
6086,12.17901116954046,1217
6087,12.181012321556489,1233
6088,12.183013473572515,1250
6089,12.185014625588542,1261
6090,12.18701577760457,1262
6091,12.189016929620596,1255
6092,12.191018081636622,1248
6093,12.19301923365265,1245
6094,12.195020385668677,1243
6095,12.197021537684705,1233
6096,12.199022689700731,1217
6097,12.201023841716758,1207
6098,12.203024993732786,1208
6099,12.205026145748812,1215
6100,12.207027297764839,1216
6101,12.209028449780867,1211
6102,12.211029601796893,1207
6103,12.213030753812921,1207
6104,12.215031905828948,1206
6105,12.217033057844974,1203
6106,12.219034209861002,1205
6107,12.221035361877028,1212
6108,12.223036513893057,1217
6109,12.225037665909083,1213
6110,12.22703881792511,1198
6111,12.229039969941137,1184
6112,12.231041121957164,1185
6113,12.23304227397319,1201
6114,12.235043425989218,1213
6115,12.237044578005245,1211
6116,12.239045730021273,1202
6117,12.241046882037299,1201
6118,12.243048034053325,1211
6119,12.245049186069354,1229
6120,12.24705033808538,1243
6121,12.249051490101406,1243
6122,12.251052642117434,1232
6123,12.25305379413346,1219
6124,12.255054946149489,1214
6125,12.257056098165515,1219
6126,12.259057250181542,1230
6127,12.26105840219757,1234
6128,12.263059554213596,1228
6129,12.265060706229622,1224
6130,12.26706185824565,1226
6131,12.269063010261677,1230
6132,12.271064162277705,1232
6133,12.273065314293731,1237
6134,12.275066466309758,1244
6135,12.277067618325786,1249
6136,12.279068770341812,1250
6137,12.281069922357839,1245
6138,12.283071074373867,1234
6139,12.285072226389893,1217
6140,12.287073378405921,1203
6141,12.289074530421948,1201
6142,12.291075682437974,1208
6143,12.293076834454002,1215
6144,12.295077986470028,1214
6145,12.297079138486055,1211
6146,12.299080290502083,1212
6147,12.30108144251811,1214
6148,12.303082594534137,1213
6149,12.305083746550164,1206
6150,12.30708489856619,1195
6151,12.309086050582218,1187
6152,12.311087202598245,1190
6153,12.31308835461427,1204
6154,12.315089506630299,1219
6155,12.317090658646325,1221
6156,12.319091810662353,1209
6157,12.32109296267838,1197
6158,12.323094114694406,1202
6159,12.325095266710434,1213
6160,12.32709641872646,1217
6161,12.329097570742487,1221
6162,12.331098722758515,1235
6163,12.333099874774542,1245
6164,12.33510102679057,1239
6165,12.337102178806596,1228
6166,12.339103330822622,1226
6167,12.34110448283865,1234
6168,12.343105634854677,1246
6169,12.345106786870705,1253
6170,12.347107938886731,1250
6171,12.349109090902758,1238
6172,12.351110242918786,1227
6173,12.353111394934812,1220
6174,12.355112546950838,1214
6175,12.357113698966867,1209
6176,12.359114850982893,1208
6177,12.361116002998921,1213
6178,12.363117155014947,1220
6179,12.365118307030974,1220
6180,12.367119459047002,1209
6181,12.369120611063028,1200
6182,12.371121763079055,1206
6183,12.373122915095083,1225
6184,12.37512406711111,1240
6185,12.377125219127137,1241
6186,12.379126371143164,1237
6187,12.38112752315919,1236
6188,12.383128675175218,1237
6189,12.385129827191244,1241
6190,12.38713097920727,1250
6191,12.389132131223299,1256
6192,12.391133283239325,1251
6193,12.393134435255353,1237
6194,12.39513558727138,1228
6195,12.397136739287406,1228
6196,12.399137891303434,1235
6197,12.40113904331946,1241
6198,12.403140195335487,1244
6199,12.405141347351515,1246
6200,12.407142499367541,1252
6201,12.40914365138357,1256
6202,12.411144803399596,1250
6203,12.413145955415622,1236
6204,12.41514710743165,1234
6205,12.417148259447677,1253
6206,12.419149411463703,1277
6207,12.421150563479731,1287
6208,12.423151715495758,1281
6209,12.425152867511786,1264
6210,12.427154019527812,1247
6211,12.429155171543838,1240
6212,12.431156323559867,1245
6213,12.433157475575893,1256
6214,12.43515862759192,1265
6215,12.437159779607947,1264
6216,12.439160931623974,1255
6217,12.441162083640002,1245
6218,12.443163235656028,1244
6219,12.445164387672055,1252
6220,12.447165539688083,1265
6221,12.449166691704109,1271
6222,12.451167843720135,1266
6223,12.453168995736164,1259
6224,12.45517014775219,1258
6225,12.457171299768218,1257
6226,12.459172451784244,1249
6227,12.46117360380027,1241
6228,12.463174755816299,1238
6229,12.465175907832325,1238
6230,12.467177059848353,1239
6231,12.46917821186438,1243
6232,12.471179363880406,1244
6233,12.473180515896434,1237
6234,12.47518166791246,1228
6235,12.477182819928487,1223
6236,12.479183971944515,1223
6237,12.481185123960541,1224
6238,12.48318627597657,1223
6239,12.485187427992596,1223
6240,12.487188580008622,1224
6241,12.48918973202465,1225
6242,12.491190884040677,1230
6243,12.493192036056703,1239
6244,12.495193188072731,1245
6245,12.497194340088758,1241
6246,12.499195492104786,1232
6247,12.501196644120812,1224
6248,12.503197796136838,1224
6249,12.505198948152866,1232
6250,12.507200100168893,1246
6251,12.50920125218492,1257
6252,12.511202404200947,1251
6253,12.513203556216974,1231
6254,12.515204708233002,1213
6255,12.517205860249028,1206
6256,12.519207012265055,1207
6257,12.521208164281083,1208
6258,12.523209316297109,1213
6259,12.525210468313135,1222
6260,12.527211620329163,1227
6261,12.52921277234519,1224
6262,12.531213924361218,1223
6263,12.533215076377244,1233
6264,12.53521622839327,1243
6265,12.537217380409299,1242
6266,12.539218532425325,1236
6267,12.541219684441351,1236
6268,12.54322083645738,1246
6269,12.545221988473406,1253
6270,12.547223140489434,1245
6271,12.54922429250546,1232
6272,12.551225444521487,1230
6273,12.553226596537515,1242
6274,12.555227748553541,1251
6275,12.557228900569568,1248
6276,12.559230052585596,1240
6277,12.561231204601622,1234
6278,12.56323235661765,1230
6279,12.565233508633677,1226
6280,12.567234660649703,1225
6281,12.569235812665731,1229
6282,12.571236964681757,1238
6283,12.573238116697786,1242
6284,12.575239268713812,1238
6285,12.577240420729838,1241
6286,12.579241572745866,1256
6287,12.581242724761893,1275
6288,12.58324387677792,1285
6289,12.585245028793947,1287
6290,12.587246180809974,1288
6291,12.589247332826002,1290
6292,12.591248484842028,1288
6293,12.593249636858054,1281
6294,12.595250788874083,1274
6295,12.597251940890109,1269
6296,12.599253092906135,1259
6297,12.601254244922163,1243
6298,12.60325539693819,1232
6299,12.605256548954218,1230
6300,12.607257700970244,1233
6301,12.60925885298627,1236
6302,12.611260005002299,1242
6303,12.613261157018325,1251
6304,12.615262309034351,1254
6305,12.61726346105038,1249
6306,12.619264613066406,1250
6307,12.621265765082434,1257
6308,12.62326691709846,1253
6309,12.625268069114487,1234
6310,12.627269221130515,1218
6311,12.629270373146541,1220
6312,12.631271525162568,1229
6313,12.633272677178596,1227
6314,12.635273829194622,1218
6315,12.63727498121065,1218
6316,12.639276133226677,1234
6317,12.641277285242703,1257
6318,12.643278437258731,1276
6319,12.645279589274757,1281
6320,12.647280741290784,1268
6321,12.649281893306812,1245
6322,12.651283045322838,1236
6323,12.653284197338866,1243
6324,12.655285349354893,1245
6325,12.657286501370919,1235
6326,12.659287653386947,1223
6327,12.661288805402974,1226
6328,12.663289957419,1239
6329,12.665291109435028,1245
6330,12.667292261451054,1234
6331,12.669293413467082,1212
6332,12.671294565483109,1199
6333,12.673295717499135,1207
6334,12.675296869515163,1227
6335,12.67729802153119,1241
6336,12.679299173547216,1242
6337,12.681300325563244,1237
6338,12.68330147757927,1234
6339,12.685302629595299,1233
6340,12.687303781611325,1231
6341,12.689304933627351,1224
6342,12.69130608564338,1212
6343,12.693307237659406,1201
6344,12.695308389675434,1192
6345,12.69730954169146,1187
6346,12.699310693707487,1184
6347,12.701311845723515,1180
6348,12.703312997739541,1171
6349,12.705314149755567,1169
6350,12.707315301771596,1184
6351,12.709316453787622,1204
6352,12.71131760580365,1216
6353,12.713318757819676,1222
6354,12.715319909835703,1223
6355,12.717321061851731,1217
6356,12.719322213867757,1205
6357,12.721323365883784,1199
6358,12.723324517899812,1202
6359,12.725325669915838,1212
6360,12.727326821931866,1223
6361,12.729327973947893,1234
6362,12.731329125963919,1242
6363,12.733330277979947,1245
6364,12.735331429995973,1247
6365,12.737332582012,1254
6366,12.739333734028028,1262
6367,12.741334886044054,1260
6368,12.743336038060082,1246
6369,12.745337190076109,1236
6370,12.747338342092135,1240
6371,12.749339494108163,1250
6372,12.75134064612419,1249
6373,12.753341798140216,1231
6374,12.755342950156244,1213
6375,12.75734410217227,1214
6376,12.759345254188299,1228
6377,12.761346406204325,1239
6378,12.763347558220351,1239
6379,12.76534871023638,1234
6380,12.767349862252406,1228
6381,12.769351014268432,1224
6382,12.77135216628446,1226
6383,12.773353318300487,1232
6384,12.775354470316515,1235
6385,12.777355622332541,1239
6386,12.779356774348567,1243
6387,12.781357926364596,1242
6388,12.783359078380622,1236
6389,12.785360230396648,1232
6390,12.787361382412676,1241
6391,12.789362534428703,1259
6392,12.79136368644473,1272
6393,12.793364838460757,1266
6394,12.795365990476784,1248
6395,12.797367142492812,1236
6396,12.799368294508838,1236
6397,12.801369446524864,1243
6398,12.803370598540893,1249
6399,12.805371750556919,1248
6400,12.807372902572947,1237
6401,12.809374054588973,1224
6402,12.811375206605,1221
6403,12.813376358621028,1230
6404,12.815377510637054,1243
6405,12.817378662653082,1250
6406,12.819379814669109,1248
6407,12.821380966685135,1237
6408,12.823382118701163,1231
6409,12.82538327071719,1238
6410,12.827384422733216,1243
6411,12.829385574749244,1235
6412,12.83138672676527,1222
6413,12.833387878781298,1220
6414,12.835389030797325,1227
6415,12.837390182813351,1235
6416,12.83939133482938,1234
6417,12.841392486845406,1224
6418,12.843393638861432,1217
6419,12.84539479087746,1220
6420,12.847395942893487,1221
6421,12.849397094909515,1217
6422,12.851398246925541,1224
6423,12.853399398941567,1249
6424,12.855400550957595,1274
6425,12.857401702973622,1276
6426,12.859402854989648,1257
6427,12.861404007005676,1238
6428,12.863405159021703,1236
6429,12.86540631103773,1244
6430,12.867407463053757,1245
6431,12.869408615069784,1237
6432,12.871409767085812,1228
6433,12.873410919101838,1222
6434,12.875412071117864,1222
6435,12.877413223133892,1228
6436,12.879414375149919,1237
6437,12.881415527165947,1241
6438,12.883416679181973,1237
6439,12.885417831198,1233
6440,12.887418983214028,1236
6441,12.889420135230054,1246
6442,12.89142128724608,1251
6443,12.893422439262109,1248
6444,12.895423591278135,1248
6445,12.897424743294163,1255
6446,12.89942589531019,1263
6447,12.901427047326216,1265
6448,12.903428199342244,1264
6449,12.90542935135827,1266
6450,12.907430503374297,1269
6451,12.909431655390325,1266
6452,12.911432807406351,1256
6453,12.91343395942238,1242
6454,12.915435111438406,1232
6455,12.917436263454432,1230
6456,12.91943741547046,1239
6457,12.921438567486486,1251
6458,12.923439719502515,1256
6459,12.925440871518541,1260
6460,12.927442023534567,1269
6461,12.929443175550595,1275
6462,12.931444327566622,1271
6463,12.933445479582648,1260
6464,12.935446631598676,1251
6465,12.937447783614703,1244
6466,12.93944893563073,1237
6467,12.941450087646757,1230
6468,12.943451239662783,1228
6469,12.945452391678812,1224
6470,12.947453543694838,1217
6471,12.949454695710864,1213
6472,12.951455847726892,1216
6473,12.953456999742919,1214
6474,12.955458151758947,1201
6475,12.957459303774973,1190
6476,12.959460455791,1194
6477,12.961461607807028,1207
6478,12.963462759823054,1214
6479,12.96546391183908,1209
6480,12.967465063855109,1202
6481,12.969466215871135,1203
6482,12.971467367887163,1210
6483,12.97346851990319,1215
6484,12.975469671919216,1214
6485,12.977470823935244,1210
6486,12.97947197595127,1204
6487,12.981473127967297,1200
6488,12.983474279983325,1201
6489,12.985475431999351,1203
6490,12.98747658401538,1201
6491,12.989477736031406,1195
6492,12.991478888047432,1198
6493,12.99348004006346,1209
6494,12.995481192079486,1219
6495,12.997482344095513,1220
6496,12.99948349611154,1215
6497,13.001484648127567,1218
6498,13.003485800143595,1229
6499,13.005486952159622,1236
6500,13.007488104175648,1233
6501,13.009489256191676,1229
6502,13.011490408207703,1232
6503,13.013491560223729,1237
6504,13.015492712239757,1232
6505,13.017493864255783,1219
6506,13.019495016271811,1208
6507,13.021496168287838,1208
6508,13.023497320303864,1218
6509,13.025498472319892,1225
6510,13.027499624335919,1218
6511,13.029500776351945,1209
6512,13.031501928367973,1215
6513,13.033503080384,1233
6514,13.035504232400028,1250
6515,13.037505384416054,1259
6516,13.03950653643208,1259
6517,13.041507688448108,1250
6518,13.043508840464135,1237
6519,13.045509992480163,1226
6520,13.04751114449619,1218
6521,13.049512296512216,1215
6522,13.051513448528244,1219
6523,13.05351460054427,1225
6524,13.055515752560297,1228
6525,13.057516904576325,1231
6526,13.059518056592351,1238
6527,13.06151920860838,1243
6528,13.063520360624405,1238
6529,13.065521512640432,1228
6530,13.06752266465646,1224
6531,13.069523816672486,1229
6532,13.071524968688513,1235
6533,13.07352612070454,1233
6534,13.075527272720567,1225
6535,13.077528424736595,1224
6536,13.079529576752622,1229
6537,13.081530728768648,1232
6538,13.083531880784676,1232
6539,13.085533032800702,1232
6540,13.087534184816729,1238
6541,13.089535336832757,1252
6542,13.091536488848783,1270
6543,13.093537640864811,1279
6544,13.095538792880838,1270
6545,13.097539944896864,1253
6546,13.099541096912892,1246
6547,13.101542248928919,1253
6548,13.103543400944945,1263
6549,13.105544552960973,1267
6550,13.107545704977,1268
6551,13.109546856993028,1268
6552,13.111548009009054,1265
6553,13.11354916102508,1251
6554,13.115550313041108,1228
6555,13.117551465057135,1212
6556,13.119552617073161,1220
6557,13.12155376908919,1245
6558,13.123554921105216,1264
6559,13.125556073121244,1260
6560,13.12755722513727,1243
6561,13.129558377153296,1233
6562,13.131559529169325,1233
6563,13.133560681185351,1236
6564,13.135561833201377,1239
6565,13.137562985217405,1242
6566,13.139564137233432,1247
6567,13.14156528924946,1250
6568,13.143566441265486,1248
6569,13.145567593281513,1245
6570,13.14756874529754,1248
6571,13.149569897313567,1244
6572,13.151571049329593,1227
6573,13.153572201345622,1216
6574,13.155573353361648,1224
6575,13.157574505377676,1240
6576,13.159575657393702,1246
6577,13.161576809409729,1242
6578,13.163577961425757,1234
6579,13.165579113441783,1230
6580,13.167580265457811,1232
6581,13.169581417473838,1243
6582,13.171582569489864,1259
6583,13.173583721505892,1273
6584,13.175584873521919,1272
6585,13.177586025537945,1257
6586,13.179587177553973,1243
6587,13.18158832957,1240
6588,13.183589481586028,1244
6589,13.185590633602054,1247
6590,13.18759178561808,1245
6591,13.189592937634108,1247
6592,13.191594089650135,1258
6593,13.193595241666161,1267
6594,13.19559639368219,1267
6595,13.197597545698216,1264
6596,13.199598697714244,1258
6597,13.20159984973027,1247
6598,13.203601001746296,1241
6599,13.205602153762324,1254
6600,13.20760330577835,1274
6601,13.209604457794377,1273
6602,13.211605609810405,1243
6603,13.213606761826432,1214
6604,13.21560791384246,1208
6605,13.217609065858486,1220
6606,13.219610217874513,1228
6607,13.22161136989054,1224
6608,13.223612521906567,1214
6609,13.225613673922593,1209
6610,13.227614825938621,1213
6611,13.229615977954648,1221
6612,13.231617129970676,1226
6613,13.233618281986702,1229
6614,13.235619434002729,1234
6615,13.237620586018757,1241
6616,13.239621738034783,1250
6617,13.24162289005081,1255
6618,13.243624042066838,1255
6619,13.245625194082864,1254
6620,13.247626346098892,1255
6621,13.249627498114918,1251
6622,13.251628650130945,1242
6623,13.253629802146973,1237
6624,13.255630954163,1241
6625,13.257632106179026,1245
6626,13.259633258195054,1244
6627,13.26163441021108,1242
6628,13.263635562227108,1238
6629,13.265636714243135,1230
6630,13.267637866259161,1223
6631,13.269639018275189,1227
6632,13.271640170291215,1240
6633,13.273641322307242,1250
6634,13.27564247432327,1247
6635,13.277643626339296,1237
6636,13.279644778355324,1233
6637,13.28164593037135,1238
6638,13.283647082387377,1242
6639,13.285648234403405,1236
6640,13.287649386419432,1226
6641,13.28965053843546,1224
6642,13.291651690451486,1233
6643,13.293652842467512,1240
6644,13.29565399448354,1236
6645,13.297655146499567,1230
6646,13.299656298515593,1234
6647,13.301657450531621,1240
6648,13.303658602547648,1238
6649,13.305659754563676,1231
6650,13.307660906579702,1224
6651,13.309662058595729,1214
6652,13.311663210611757,1202
6653,13.313664362627783,1200
6654,13.31566551464381,1210
6655,13.317666666659838,1217
6656,13.319667818675864,1209
6657,13.321668970691892,1192
6658,13.323670122707918,1181
6659,13.325671274723945,1182
6660,13.327672426739973,1192
6661,13.329673578756,1203
6662,13.331674730772026,1208
6663,13.333675882788054,1203
6664,13.33567703480408,1196
6665,13.337678186820108,1196
6666,13.339679338836135,1208
6667,13.341680490852161,1224
6668,13.343681642868189,1231
6669,13.345682794884215,1229
6670,13.347683946900242,1231
6671,13.34968509891627,1245
6672,13.351686250932296,1270
6673,13.353687402948324,1290
6674,13.35568855496435,1293
6675,13.357689706980377,1284
6676,13.359690858996405,1276
6677,13.361692011012432,1272
6678,13.363693163028458,1266
6679,13.365694315044486,1260
6680,13.367695467060512,1252
6681,13.36969661907654,1238
6682,13.371697771092567,1225
6683,13.373698923108593,1222
6684,13.375700075124621,1223
6685,13.377701227140648,1222
6686,13.379702379156674,1221
6687,13.381703531172702,1223
6688,13.383704683188729,1228
6689,13.385705835204757,1230
6690,13.387706987220783,1225
6691,13.38970813923681,1217
6692,13.391709291252837,1220
6693,13.393710443268864,1233
6694,13.395711595284892,1234
6695,13.397712747300918,1224
6696,13.399713899316945,1224
6697,13.401715051332973,1235
6698,13.403716203349,1242
6699,13.405717355365026,1235
6700,13.407718507381054,1222
6701,13.40971965939708,1209
6702,13.411720811413108,1203
6703,13.413721963429134,1208
6704,13.41572311544516,1221
6705,13.417724267461189,1225
6706,13.419725419477215,1211
6707,13.421726571493242,1191
6708,13.42372772350927,1188
6709,13.425728875525296,1202
6710,13.427730027541324,1221
6711,13.42973117955735,1230
6712,13.431732331573377,1229
6713,13.433733483589405,1224
6714,13.435734635605431,1225
6715,13.437735787621458,1232
6716,13.439736939637486,1237
6717,13.441738091653512,1231
6718,13.44373924366954,1219
6719,13.445740395685567,1214
6720,13.447741547701593,1218
6721,13.449742699717621,1220
6722,13.451743851733648,1219
6723,13.453745003749674,1220
6724,13.455746155765702,1222
6725,13.457747307781728,1218
6726,13.459748459797757,1217
6727,13.461749611813783,1228
6728,13.46375076382981,1242
6729,13.465751915845837,1247
6730,13.467753067861864,1246
6731,13.46975421987789,1242
6732,13.471755371893918,1240
6733,13.473756523909945,1238
6734,13.475757675925973,1233
6735,13.477758827941999,1226
6736,13.479759979958025,1223
6737,13.481761131974054,1226
6738,13.48376228399008,1228
6739,13.485763436006106,1232
6740,13.487764588022134,1238
6741,13.48976574003816,1240
6742,13.491766892054189,1229
6743,13.493768044070215,1216
6744,13.495769196086242,1218
6745,13.49777034810227,1229
6746,13.499771500118296,1230
6747,13.501772652134322,1217
6748,13.50377380415035,1206
6749,13.505774956166377,1207
6750,13.507776108182405,1218
6751,13.509777260198431,1229
6752,13.511778412214458,1235
6753,13.513779564230486,1238
6754,13.515780716246512,1247
6755,13.51778186826254,1257
6756,13.519783020278567,1253
6757,13.521784172294593,1234
6758,13.523785324310621,1217
6759,13.525786476326648,1217
6760,13.527787628342674,1226
6761,13.529788780358702,1225
6762,13.531789932374728,1211
6763,13.533791084390757,1202
6764,13.535792236406783,1206
6765,13.53779338842281,1219
6766,13.539794540438837,1232
6767,13.541795692454864,1241
6768,13.54379684447089,1249
6769,13.545797996486918,1252
6770,13.547799148502945,1248
6771,13.549800300518973,1243
6772,13.551801452534999,1243
6773,13.553802604551025,1247
6774,13.555803756567053,1251
6775,13.55780490858308,1253
6776,13.559806060599106,1250
6777,13.561807212615134,1244
6778,13.56380836463116,1243
6779,13.565809516647189,1253
6780,13.567810668663215,1262
6781,13.569811820679242,1261
6782,13.57181297269527,1255
6783,13.573814124711296,1254
6784,13.575815276727322,1258
6785,13.57781642874335,1251
6786,13.579817580759377,1232
6787,13.581818732775405,1221
6788,13.583819884791431,1238
6789,13.585821036807458,1265
6790,13.587822188823486,1268
6791,13.589823340839512,1240
6792,13.591824492855539,1206
6793,13.593825644871567,1200
6794,13.595826796887593,1222
6795,13.597827948903621,1243
6796,13.599829100919647,1244
6797,13.601830252935674,1228
6798,13.603831404951702,1214
6799,13.605832556967728,1217
6800,13.607833708983755,1237
6801,13.609834860999783,1251
6802,13.61183601301581,1242
6803,13.613837165031837,1221
6804,13.615838317047864,1213
6805,13.61783946906389,1222
6806,13.619840621079918,1234
6807,13.621841773095944,1233
6808,13.62384292511197,1222
6809,13.625844077127999,1220
6810,13.627845229144025,1230
6811,13.629846381160053,1240
6812,13.63184753317608,1237
6813,13.633848685192106,1225
6814,13.635849837208134,1220
6815,13.63785098922416,1225
6816,13.639852141240189,1229
6817,13.641853293256215,1227
6818,13.643854445272241,1226
6819,13.64585559728827,1232
6820,13.647856749304296,1244
6821,13.649857901320322,1250
6822,13.65185905333635,1243
6823,13.653860205352377,1234
6824,13.655861357368405,1239
6825,13.657862509384431,1251
6826,13.659863661400458,1257
6827,13.661864813416486,1257
6828,13.663865965432512,1257
6829,13.665867117448538,1258
6830,13.667868269464567,1259
6831,13.669869421480593,1258
6832,13.671870573496621,1254
6833,13.673871725512647,1247
6834,13.675872877528674,1242
6835,13.677874029544702,1244
6836,13.679875181560728,1243
6837,13.681876333576755,1232
6838,13.683877485592783,1215
6839,13.685878637608809,1205
6840,13.687879789624837,1208
6841,13.689880941640864,1221
6842,13.69188209365689,1236
6843,13.693883245672918,1242
6844,13.695884397688944,1236
6845,13.69788554970497,1229
6846,13.699886701720999,1237
6847,13.701887853737025,1253
6848,13.703889005753053,1253
6849,13.70589015776908,1232
6850,13.707891309785106,1216
6851,13.709892461801134,1216
6852,13.71189361381716,1222
6853,13.713894765833187,1217
6854,13.715895917849215,1204
6855,13.717897069865241,1192
6856,13.71989822188127,1193
6857,13.721899373897296,1206
6858,13.723900525913322,1217
6859,13.72590167792935,1210
6860,13.727902829945377,1196
6861,13.729903981961403,1186
6862,13.731905133977431,1185
6863,13.733906285993458,1188
6864,13.735907438009486,1189
6865,13.737908590025512,1183
6866,13.739909742041538,1179
6867,13.741910894057566,1180
6868,13.743912046073593,1184
6869,13.745913198089621,1184
6870,13.747914350105647,1180
6871,13.749915502121674,1174
6872,13.751916654137702,1175
6873,13.753917806153728,1184
6874,13.755918958169755,1196
6875,13.757920110185783,1195
6876,13.759921262201809,1182
6877,13.761922414217837,1171
6878,13.763923566233863,1171
6879,13.76592471824989,1175
6880,13.767925870265918,1173
6881,13.769927022281944,1168
6882,13.77192817429797,1170
6883,13.773929326313999,1186
6884,13.775930478330025,1206
6885,13.777931630346053,1217
6886,13.77993278236208,1211
6887,13.781933934378106,1198
6888,13.783935086394134,1194
6889,13.78593623841016,1206
6890,13.787937390426187,1217
6891,13.789938542442215,1209
6892,13.791939694458241,1188
6893,13.79394084647427,1177
6894,13.795941998490296,1185
6895,13.797943150506322,1198
6896,13.79994430252235,1203
6897,13.801945454538377,1199
6898,13.803946606554403,1196
6899,13.805947758570431,1199
6900,13.807948910586457,1205
6901,13.809950062602486,1207
6902,13.811951214618512,1199
6903,13.813952366634538,1184
6904,13.815953518650566,1169
6905,13.817954670666593,1156
6906,13.81995582268262,1150
6907,13.821956974698647,1156
6908,13.823958126714674,1175
6909,13.825959278730702,1190
6910,13.827960430746728,1195
6911,13.829961582762754,1195
6912,13.831962734778783,1197
6913,13.833963886794809,1198
6914,13.835965038810835,1199
6915,13.837966190826863,1199
6916,13.83996734284289,1199
6917,13.841968494858918,1199
6918,13.843969646874944,1201
6919,13.84597079889097,1204
6920,13.847971950906999,1206
6921,13.849973102923025,1206
6922,13.851974254939051,1207
6923,13.85397540695508,1209
6924,13.855976558971106,1208
6925,13.857977710987134,1207
6926,13.85997886300316,1207
6927,13.861980015019187,1209
6928,13.863981167035215,1215
6929,13.865982319051241,1219
6930,13.86798347106727,1218
6931,13.869984623083296,1213
6932,13.871985775099322,1210
6933,13.87398692711535,1213
6934,13.875988079131377,1213
6935,13.877989231147403,1207
6936,13.879990383163431,1201
6937,13.881991535179457,1201
6938,13.883992687195486,1202
6939,13.885993839211512,1198
6940,13.887994991227538,1194
6941,13.889996143243566,1205
6942,13.891997295259593,1227
6943,13.893998447275619,1237
6944,13.895999599291647,1227
6945,13.898000751307674,1212
6946,13.900001903323702,1205
6947,13.902003055339728,1206
6948,13.904004207355754,1209
6949,13.906005359371783,1200
6950,13.908006511387809,1180
6951,13.910007663403835,1167
6952,13.912008815419863,1171
6953,13.91400996743589,1182
6954,13.916011119451918,1190
6955,13.918012271467944,1201
6956,13.92001342348397,1216
6957,13.922014575499999,1228
6958,13.924015727516025,1229
6959,13.926016879532051,1220
6960,13.92801803154808,1210
6961,13.930019183564106,1209
6962,13.932020335580134,1214
6963,13.93402148759616,1215
6964,13.936022639612187,1215
6965,13.938023791628215,1218
6966,13.940024943644241,1221
6967,13.942026095660268,1217
6968,13.944027247676296,1208
6969,13.946028399692322,1208
6970,13.94802955170835,1219
6971,13.950030703724376,1229
6972,13.952031855740403,1233
6973,13.954033007756431,1242
6974,13.956034159772457,1262
6975,13.958035311788484,1280
6976,13.960036463804512,1280
6977,13.962037615820538,1261
6978,13.964038767836566,1244
6979,13.966039919852593,1246
6980,13.968041071868619,1262
6981,13.970042223884647,1272
6982,13.972043375900673,1266
6983,13.9740445279167,1248
6984,13.976045679932728,1230
6985,13.978046831948754,1219
6986,13.980047983964782,1218
6987,13.982049135980809,1223
6988,13.984050287996835,1228
6989,13.986051440012863,1231
6990,13.98805259202889,1235
6991,13.990053744044918,1234
6992,13.992054896060944,1224
6993,13.99405604807697,1207
6994,13.996057200092999,1194
6995,13.998058352109025,1190
6996,14.000059504125051,1195
6997,14.00206065614108,1203
6998,14.004061808157106,1211
6999,14.006062960173134,1219
7000,14.00806411218916,1227
7001,14.010065264205187,1227
7002,14.012066416221215,1219
7003,14.014067568237241,1213
7004,14.016068720253267,1214
7005,14.018069872269296,1221
7006,14.020071024285322,1228
7007,14.02207217630135,1233
7008,14.024073328317376,1232
7009,14.026074480333403,1224
7010,14.028075632349431,1215
7011,14.030076784365457,1213
7012,14.032077936381484,1221
7013,14.034079088397512,1232
7014,14.036080240413538,1240
7015,14.038081392429566,1238
7016,14.040082544445593,1227
7017,14.042083696461619,1216
7018,14.044084848477647,1217
7019,14.046086000493673,1231
7020,14.0480871525097,1249
7021,14.050088304525728,1261
7022,14.052089456541754,1264
7023,14.054090608557782,1260
7024,14.056091760573809,1248
7025,14.058092912589835,1231
7026,14.060094064605863,1219
7027,14.06209521662189,1222
7028,14.064096368637916,1236
7029,14.066097520653944,1245
7030,14.06809867266997,1235
7031,14.070099824685999,1214
7032,14.072100976702025,1200
7033,14.074102128718051,1205
7034,14.07610328073408,1225
7035,14.078104432750106,1248
7036,14.080105584766132,1264
7037,14.08210673678216,1269
7038,14.084107888798187,1262
7039,14.086109040814215,1252
7040,14.088110192830241,1249
7041,14.090111344846267,1253
7042,14.092112496862296,1251
7043,14.094113648878322,1245
7044,14.096114800894348,1245
7045,14.098115952910376,1250
7046,14.100117104926403,1256
7047,14.10211825694243,1250
7048,14.104119408958457,1229
7049,14.106120560974484,1209
7050,14.108121712990512,1216
7051,14.110122865006538,1243
7052,14.112124017022566,1259
7053,14.114125169038592,1253
7054,14.116126321054619,1241
7055,14.118127473070647,1238
7056,14.120128625086673,1243
7057,14.1221297771027,1242
7058,14.124130929118728,1233
7059,14.126132081134754,1220
7060,14.128133233150782,1214
7061,14.130134385166809,1217
7062,14.132135537182835,1223
7063,14.134136689198863,1225
7064,14.13613784121489,1224
7065,14.138138993230916,1228
7066,14.140140145246944,1237
7067,14.14214129726297,1246
7068,14.144142449278998,1249
7069,14.146143601295025,1248
7070,14.148144753311051,1245
7071,14.15014590532708,1241
7072,14.152147057343106,1238
7073,14.154148209359132,1241
7074,14.15614936137516,1241
7075,14.158150513391186,1233
7076,14.160151665407215,1223
7077,14.162152817423241,1224
7078,14.164153969439267,1234
7079,14.166155121455295,1245
7080,14.168156273471322,1248
7081,14.170157425487348,1244
7082,14.172158577503376,1239
7083,14.174159729519403,1238
7084,14.17616088153543,1243
7085,14.178162033551457,1249
7086,14.180163185567483,1254
7087,14.182164337583512,1256
7088,14.184165489599538,1255
7089,14.186166641615564,1254
7090,14.188167793631592,1255
7091,14.190168945647619,1255
7092,14.192170097663647,1252
7093,14.194171249679673,1251
7094,14.1961724016957,1254
7095,14.198173553711728,1260
7096,14.200174705727754,1266
7097,14.20217585774378,1272
7098,14.204177009759809,1273
7099,14.206178161775835,1270
7100,14.208179313791863,1262
7101,14.21018046580789,1251
7102,14.212181617823916,1243
7103,14.214182769839944,1245
7104,14.21618392185597,1254
7105,14.218185073871998,1259
7106,14.220186225888025,1253
7107,14.222187377904051,1241
7108,14.22418852992008,1238
7109,14.226189681936106,1244
7110,14.228190833952132,1256
7111,14.23019198596816,1262
7112,14.232193137984186,1253
7113,14.234194290000215,1238
7114,14.23619544201624,1233
7115,14.238196594032267,1241
7116,14.240197746048295,1248
7117,14.242198898064322,1245
7118,14.244200050080348,1241
7119,14.246201202096376,1242
7120,14.248202354112403,1246
7121,14.25020350612843,1254
7122,14.252204658144457,1268
7123,14.254205810160483,1279
7124,14.256206962176512,1275
7125,14.258208114192538,1264
7126,14.260209266208564,1259
7127,14.262210418224592,1255
7128,14.264211570240619,1246
7129,14.266212722256647,1235
7130,14.268213874272673,1230
7131,14.2702150262887,1232
7132,14.272216178304728,1232
7133,14.274217330320754,1228
7134,14.27621848233678,1229
7135,14.278219634352808,1237
7136,14.280220786368835,1241
7137,14.282221938384863,1237
7138,14.28422309040089,1233
7139,14.286224242416916,1236
7140,14.288225394432944,1244
7141,14.29022654644897,1245
7142,14.292227698464997,1234
7143,14.294228850481025,1221
7144,14.296230002497051,1218
7145,14.29823115451308,1226
7146,14.300232306529105,1235
7147,14.302233458545132,1238
7148,14.30423461056116,1236
7149,14.306235762577186,1234
7150,14.308236914593213,1235
7151,14.31023806660924,1243
7152,14.312239218625267,1260
7153,14.314240370641295,1272
7154,14.316241522657322,1262
7155,14.318242674673348,1236
7156,14.320243826689376,1218
7157,14.322244978705402,1220
7158,14.324246130721429,1232
7159,14.326247282737457,1241
7160,14.328248434753483,1245
7161,14.330249586769511,1245
7162,14.332250738785538,1239
7163,14.334251890801564,1229
7164,14.336253042817592,1220
7165,14.338254194833619,1216
7166,14.340255346849647,1215
7167,14.342256498865673,1215
7168,14.3442576508817,1217
7169,14.346258802897728,1217
7170,14.348259954913754,1210
7171,14.35026110692978,1208
7172,14.352262258945808,1222
7173,14.354263410961835,1245
7174,14.356264562977863,1257
7175,14.35826571499389,1253
7176,14.360266867009916,1246
7177,14.362268019025944,1244
7178,14.36426917104197,1243
7179,14.366270323057996,1244
7180,14.368271475074025,1252
7181,14.370272627090051,1263
7182,14.372273779106079,1267
7183,14.374274931122105,1265
7184,14.376276083138132,1264
7185,14.37827723515416,1271
7186,14.380278387170186,1280
7187,14.382279539186213,1286
7188,14.38428069120224,1287
7189,14.386281843218267,1281
7190,14.388282995234295,1274
7191,14.390284147250322,1273
7192,14.392285299266348,1276
7193,14.394286451282376,1270
7194,14.396287603298402,1251
7195,14.398288755314429,1236
7196,14.400289907330457,1239
7197,14.402291059346483,1257
7198,14.404292211362511,1275
7199,14.406293363378538,1280
7200,14.408294515394564,1267
7201,14.410295667410592,1245
7202,14.412296819426619,1231
7203,14.414297971442645,1234
7204,14.416299123458673,1247
7205,14.4183002754747,1258
7206,14.420301427490728,1258
7207,14.422302579506754,1243
7208,14.42430373152278,1218
7209,14.426304883538808,1195
7210,14.428306035554835,1188
7211,14.430307187570861,1197
7212,14.43230833958689,1207
7213,14.434309491602916,1209
7214,14.436310643618944,1211
7215,14.43831179563497,1221
7216,14.440312947650996,1232
7217,14.442314099667025,1239
7218,14.44431525168305,1244
7219,14.446316403699077,1249
7220,14.448317555715105,1259
7221,14.450318707731132,1267
7222,14.45231985974716,1266
7223,14.454321011763186,1255
7224,14.456322163779213,1242
7225,14.45832331579524,1233
7226,14.460324467811267,1233
7227,14.462325619827295,1238
7228,14.464326771843321,1240
7229,14.466327923859348,1239
7230,14.468329075875376,1243
7231,14.470330227891402,1250
7232,14.472331379907429,1253
7233,14.474332531923457,1250
7234,14.476333683939483,1255
7235,14.478334835955511,1270
7236,14.480335987971538,1280
7237,14.482337139987564,1269
7238,14.484338292003592,1252
7239,14.486339444019618,1245
7240,14.488340596035645,1243
7241,14.490341748051673,1239
7242,14.4923429000677,1233
7243,14.494344052083727,1233
7244,14.496345204099754,1244
7245,14.49834635611578,1258
7246,14.500347508131808,1265
7247,14.502348660147835,1262
7248,14.504349812163861,1259
7249,14.50635096417989,1267
7250,14.508352116195915,1285
7251,14.510353268211944,1292
7252,14.51235442022797,1275
7253,14.514355572243996,1252
7254,14.516356724260024,1247
7255,14.51835787627605,1256
7256,14.520359028292077,1258
7257,14.522360180308105,1242
7258,14.524361332324132,1226
7259,14.52636248434016,1227
7260,14.528363636356186,1243
7261,14.530364788372212,1257
7262,14.53236594038824,1260
7263,14.534367092404267,1256
7264,14.536368244420293,1249
7265,14.538369396436321,1246
7266,14.540370548452348,1249
7267,14.542371700468376,1258
7268,14.544372852484402,1266
7269,14.546374004500429,1265
7270,14.548375156516457,1255
7271,14.550376308532483,1244
7272,14.55237746054851,1241
7273,14.554378612564538,1244
7274,14.556379764580564,1245
7275,14.558380916596592,1242
7276,14.560382068612618,1235
7277,14.562383220628645,1226
7278,14.564384372644673,1219
7279,14.5663855246607,1221
7280,14.568386676676727,1228
7281,14.570387828692754,1235
7282,14.57238898070878,1234
7283,14.574390132724808,1228
7284,14.576391284740835,1226
7285,14.578392436756861,1228
7286,14.580393588772889,1228
7287,14.582394740788915,1226
7288,14.584395892804944,1222
7289,14.58639704482097,1212
7290,14.588398196836996,1198
7291,14.590399348853024,1185
7292,14.59240050086905,1176
7293,14.594401652885077,1172
7294,14.596402804901105,1177
7295,14.598403956917132,1188
7296,14.60040510893316,1195
7297,14.602406260949186,1192
7298,14.604407412965212,1189
7299,14.60640856498124,1198
7300,14.608409716997267,1207
7301,14.610410869013293,1207
7302,14.612412021029321,1207
7303,14.614413173045348,1219
7304,14.616414325061376,1230
7305,14.618415477077402,1229
7306,14.620416629093429,1220
7307,14.622417781109457,1208
7308,14.624418933125483,1196
7309,14.62642008514151,1191
7310,14.628421237157538,1192
7311,14.630422389173564,1191
7312,14.632423541189592,1188
7313,14.634424693205618,1190
7314,14.636425845221645,1199
7315,14.638426997237673,1205
7316,14.6404281492537,1204
7317,14.642429301269726,1204
7318,14.644430453285754,1211
7319,14.64643160530178,1228
7320,14.648432757317808,1249
7321,14.650433909333834,1259
7322,14.65243506134986,1248
7323,14.654436213365889,1228
7324,14.656437365381915,1224
7325,14.658438517397942,1245
7326,14.66043966941397,1263
7327,14.662440821429996,1257
7328,14.664441973446024,1237
7329,14.66644312546205,1233
7330,14.668444277478077,1248
7331,14.670445429494105,1264
7332,14.672446581510131,1268
7333,14.674447733526158,1266
7334,14.676448885542186,1267
7335,14.678450037558212,1264
7336,14.68045118957424,1256
7337,14.682452341590267,1260
7338,14.684453493606293,1280
7339,14.686454645622321,1294
7340,14.688455797638348,1286
7341,14.690456949654376,1262
7342,14.692458101670402,1242
7343,14.694459253686428,1239
7344,14.696460405702457,1243
7345,14.698461557718483,1245
7346,14.70046270973451,1243
7347,14.702463861750537,1239
7348,14.704465013766564,1235
7349,14.706466165782592,1228
7350,14.708467317798618,1221
7351,14.710468469814645,1214
7352,14.712469621830673,1207
7353,14.714470773846699,1206
7354,14.716471925862725,1206
7355,14.718473077878754,1206
7356,14.72047422989478,1207
7357,14.722475381910808,1208
7358,14.724476533926834,1207
7359,14.72647768594286,1217
7360,14.728478837958889,1242
7361,14.730479989974915,1255
7362,14.732481141990942,1241
7363,14.73448229400697,1216
7364,14.736483446022996,1201
7365,14.738484598039024,1205
7366,14.74048575005505,1217
7367,14.742486902071077,1225
7368,14.744488054087105,1229
7369,14.746489206103131,1236
7370,14.748490358119158,1247
7371,14.750491510135186,1258
7372,14.752492662151212,1261
7373,14.75449381416724,1259
7374,14.756494966183267,1257
7375,14.758496118199293,1258
7376,14.760497270215321,1259
7377,14.762498422231348,1252
7378,14.764499574247374,1239
7379,14.766500726263402,1228
7380,14.768501878279428,1226
7381,14.770503030295457,1233
7382,14.772504182311483,1243
7383,14.77450533432751,1252
7384,14.776506486343537,1256
7385,14.778507638359564,1250
7386,14.78050879037559,1244
7387,14.782509942391618,1241
7388,14.784511094407645,1233
7389,14.786512246423673,1222
7390,14.788513398439699,1218
7391,14.790514550455725,1226
7392,14.792515702471754,1237
7393,14.79451685448778,1241
7394,14.796518006503806,1236
7395,14.798519158519834,1232
7396,14.80052031053586,1234
7397,14.802521462551889,1242
7398,14.804522614567915,1252
7399,14.806523766583942,1262
7400,14.80852491859997,1265
7401,14.810526070615996,1258
7402,14.812527222632024,1246
7403,14.81452837464805,1238
7404,14.816529526664077,1239
7405,14.818530678680105,1243
7406,14.820531830696131,1239
7407,14.822532982712158,1230
7408,14.824534134728186,1226
7409,14.826535286744212,1231
7410,14.82853643876024,1242
7411,14.830537590776267,1250
7412,14.832538742792293,1246
7413,14.834539894808321,1234
7414,14.836541046824347,1230
7415,14.838542198840374,1239
7416,14.840543350856402,1253
7417,14.842544502872428,1260
7418,14.844545654888456,1260
7419,14.846546806904483,1254
7420,14.84854795892051,1243
7421,14.850549110936537,1233
7422,14.852550262952564,1234
7423,14.85455141496859,1247
7424,14.856552566984618,1265
7425,14.858553719000644,1273
7426,14.860554871016673,1265
7427,14.862556023032699,1250
7428,14.864557175048725,1240
7429,14.866558327064753,1237
7430,14.86855947908078,1236
7431,14.870560631096806,1234
7432,14.872561783112834,1231
7433,14.87456293512886,1228
7434,14.876564087144889,1225
7435,14.878565239160915,1230
7436,14.880566391176941,1245
7437,14.88256754319297,1258
7438,14.884568695208996,1252
7439,14.886569847225022,1229
7440,14.88857099924105,1208
7441,14.890572151257077,1205
7442,14.892573303273105,1215
7443,14.894574455289131,1228
7444,14.896575607305158,1237
7445,14.898576759321186,1239
7446,14.900577911337212,1239
7447,14.902579063353238,1236
7448,14.904580215369267,1234
7449,14.906581367385293,1236
7450,14.908582519401321,1240
7451,14.910583671417347,1238
7452,14.912584823433374,1230
7453,14.914585975449402,1231
7454,14.916587127465428,1243
7455,14.918588279481455,1251
7456,14.920589431497483,1243
7457,14.922590583513509,1229
7458,14.924591735529537,1229
7459,14.926592887545564,1245
7460,14.92859403956159,1257
7461,14.930595191577618,1249
7462,14.932596343593644,1227
7463,14.934597495609673,1212
7464,14.936598647625699,1208
7465,14.938599799641725,1203
7466,14.940600951657753,1190
7467,14.94260210367378,1181
7468,14.944603255689806,1181
7469,14.946604407705834,1194
7470,14.94860555972186,1211
7471,14.950606711737889,1226
7472,14.952607863753915,1237
7473,14.954609015769941,1241
7474,14.95661016778597,1238
7475,14.958611319801996,1231
7476,14.960612471818022,1227
7477,14.96261362383405,1228
7478,14.964614775850077,1227
7479,14.966615927866105,1222
7480,14.968617079882131,1220
7481,14.970618231898158,1224
7482,14.972619383914186,1230
7483,14.974620535930212,1231
7484,14.976621687946238,1228
7485,14.978622839962267,1228
7486,14.980623991978293,1233
7487,14.982625143994321,1242
7488,14.984626296010347,1252
7489,14.986627448026374,1256
7490,14.988628600042402,1255
7491,14.990629752058428,1250
7492,14.992630904074455,1249
7493,14.994632056090483,1257
7494,14.996633208106509,1262
7495,14.998634360122537,1256
7496,15.000635512138563,1242
7497,15.00263666415459,1234
7498,15.004637816170618,1235
7499,15.006638968186644,1242
7500,15.00864012020267,1247
7501,15.010641272218699,1251
7502,15.012642424234725,1258
7503,15.014643576250753,1264
7504,15.01664472826678,1260
7505,15.018645880282806,1247
7506,15.020647032298834,1243
7507,15.02264818431486,1251
7508,15.024649336330887,1259
7509,15.026650488346915,1256
7510,15.028651640362941,1248
7511,15.03065279237897,1245
7512,15.032653944394996,1250
7513,15.034655096411022,1256
7514,15.03665624842705,1256
7515,15.038657400443077,1256
7516,15.040658552459105,1261
7517,15.042659704475131,1268
7518,15.044660856491157,1270
7519,15.046662008507186,1265
7520,15.048663160523212,1258
7521,15.050664312539238,1255
7522,15.052665464555266,1250
7523,15.054666616571293,1240
7524,15.056667768587321,1234
7525,15.058668920603347,1238
7526,15.060670072619374,1250
7527,15.062671224635402,1258
7528,15.064672376651428,1255
7529,15.066673528667454,1243
7530,15.068674680683483,1232
7531,15.070675832699509,1235
7532,15.072676984715537,1252
7533,15.074678136731563,1266
7534,15.07667928874759,1262
7535,15.078680440763618,1249
7536,15.080681592779644,1244
7537,15.08268274479567,1249
7538,15.084683896811699,1254
7539,15.086685048827725,1255
7540,15.088686200843753,1258
7541,15.09068735285978,1264
7542,15.092688504875806,1264
7543,15.094689656891834,1255
7544,15.09669080890786,1246
7545,15.098691960923887,1243
7546,15.100693112939915,1246
7547,15.102694264955941,1246
7548,15.10469541697197,1239
7549,15.106696568987996,1234
7550,15.108697721004022,1235
7551,15.11069887302005,1238
7552,15.112700025036077,1237
7553,15.114701177052103,1232
7554,15.116702329068131,1222
7555,15.118703481084157,1211
7556,15.120704633100186,1203
7557,15.122705785116212,1197
7558,15.124706937132238,1196
7559,15.126708089148266,1201
7560,15.128709241164293,1213
7561,15.130710393180319,1219
7562,15.132711545196347,1215
7563,15.134712697212374,1208
7564,15.136713849228402,1211
7565,15.138715001244428,1224
7566,15.140716153260454,1239
7567,15.142717305276483,1243
7568,15.144718457292509,1231
7569,15.146719609308535,1209
7570,15.148720761324563,1192
7571,15.15072191334059,1188
7572,15.152723065356618,1196
7573,15.154724217372644,1206
7574,15.15672536938867,1212
7575,15.158726521404699,1214
7576,15.160727673420725,1212
7577,15.162728825436753,1206
7578,15.16472997745278,1203
7579,15.166731129468806,1213
7580,15.168732281484834,1227
7581,15.17073343350086,1235
7582,15.172734585516887,1232
7583,15.174735737532915,1226
7584,15.176736889548941,1220
7585,15.17873804156497,1215
7586,15.180739193580996,1209
7587,15.182740345597022,1204
7588,15.18474149761305,1204
7589,15.186742649629076,1209
7590,15.188743801645103,1210
7591,15.190744953661131,1205
7592,15.192746105677157,1198
7593,15.194747257693185,1200
7594,15.196748409709212,1213
7595,15.198749561725238,1224
7596,15.200750713741266,1223
7597,15.202751865757293,1209
7598,15.204753017773319,1197
7599,15.206754169789347,1199
7600,15.208755321805373,1209
7601,15.210756473821402,1213
7602,15.212757625837428,1205
7603,15.214758777853454,1197
7604,15.216759929869482,1206
7605,15.218761081885509,1230
7606,15.220762233901535,1250
7607,15.222763385917563,1259
7608,15.22476453793359,1265
7609,15.226765689949618,1271
7610,15.228766841965644,1272
7611,15.23076799398167,1261
7612,15.232769145997699,1248
7613,15.234770298013725,1245
7614,15.236771450029751,1249
7615,15.23877260204578,1246
7616,15.240773754061806,1238
7617,15.242774906077834,1234
7618,15.24477605809386,1232
7619,15.246777210109887,1227
7620,15.248778362125915,1220
7621,15.250779514141941,1218
7622,15.252780666157967,1222
7623,15.254781818173996,1228
7624,15.256782970190022,1236
7625,15.25878412220605,1244
7626,15.260785274222076,1250
7627,15.262786426238103,1252
7628,15.264787578254131,1250
7629,15.266788730270157,1244
7630,15.268789882286184,1240
7631,15.270791034302212,1246
7632,15.272792186318238,1255
7633,15.274793338334266,1257
7634,15.276794490350293,1251
7635,15.278795642366319,1249
7636,15.280796794382347,1259
7637,15.282797946398373,1272
7638,15.284799098414402,1279
7639,15.286800250430428,1275
7640,15.288801402446454,1268
7641,15.290802554462482,1258
7642,15.292803706478509,1248
7643,15.294804858494535,1244
7644,15.296806010510563,1245
7645,15.29880716252659,1243
7646,15.300808314542618,1234
7647,15.302809466558644,1217
7648,15.30481061857467,1200
7649,15.306811770590699,1194
7650,15.308812922606725,1197
7651,15.310814074622751,1201
7652,15.31281522663878,1207
7653,15.314816378654806,1214
7654,15.316817530670834,1215
7655,15.31881868268686,1213
7656,15.320819834702887,1214
7657,15.322820986718915,1220
7658,15.324822138734941,1225
7659,15.326823290750967,1228
7660,15.328824442766996,1231
7661,15.330825594783022,1230
7662,15.33282674679905,1222
7663,15.334827898815076,1213
7664,15.336829050831103,1207
7665,15.33883020284713,1206
7666,15.340831354863157,1205
7667,15.342832506879184,1199
7668,15.344833658895212,1191
7669,15.346834810911238,1192
7670,15.348835962927266,1211
7671,15.350837114943293,1234
7672,15.352838266959319,1242
7673,15.354839418975347,1233
7674,15.356840570991373,1218
7675,15.3588417230074,1205
7676,15.360842875023428,1198
7677,15.362844027039454,1200
7678,15.364845179055482,1211
7679,15.366846331071509,1217
7680,15.368847483087535,1214
7681,15.370848635103563,1201
7682,15.37284978711959,1186
7683,15.374850939135616,1184
7684,15.376852091151644,1200
7685,15.37885324316767,1223
7686,15.380854395183698,1238
7687,15.382855547199725,1236
7688,15.384856699215751,1224
7689,15.38685785123178,1214
7690,15.388859003247806,1219
7691,15.390860155263834,1236
7692,15.39286130727986,1252
7693,15.394862459295886,1252
7694,15.396863611311915,1241
7695,15.398864763327941,1231
7696,15.400865915343967,1232
7697,15.402867067359995,1242
7698,15.404868219376022,1250
7699,15.40686937139205,1251
7700,15.408870523408076,1249
7701,15.410871675424103,1253
7702,15.41287282744013,1265
7703,15.414873979456157,1272
7704,15.416875131472183,1269
7705,15.418876283488212,1262
7706,15.420877435504238,1260
7707,15.422878587520266,1261
7708,15.424879739536292,1258
7709,15.426880891552319,1256
7710,15.428882043568347,1259
7711,15.430883195584373,1264
7712,15.4328843476004,1263
7713,15.434885499616428,1255
7714,15.436886651632454,1247
7715,15.438887803648482,1247
7716,15.440888955664509,1256
7717,15.442890107680535,1265
7718,15.444891259696563,1270
7719,15.44689241171259,1270
7720,15.448893563728616,1265
7721,15.450894715744644,1261
7722,15.45289586776067,1263
7723,15.454897019776698,1265
7724,15.456898171792725,1259
7725,15.458899323808751,1246
7726,15.46090047582478,1235
7727,15.462901627840806,1230
7728,15.464902779856832,1231
7729,15.46690393187286,1232
7730,15.468905083888886,1225
7731,15.470906235904915,1207
7732,15.472907387920941,1196
7733,15.474908539936967,1198
7734,15.476909691952995,1206
7735,15.478910843969022,1210
7736,15.480911995985048,1212
7737,15.482913148001076,1217
7738,15.484914300017103,1225
7739,15.48691545203313,1231
7740,15.488916604049157,1231
7741,15.490917756065183,1226
7742,15.492918908081212,1222
7743,15.494920060097238,1223
7744,15.496921212113264,1228
7745,15.498922364129292,1228
7746,15.500923516145319,1216
7747,15.502924668161347,1201
7748,15.504925820177373,1196
7749,15.5069269721934,1200
7750,15.508928124209428,1208
7751,15.510929276225454,1216
7752,15.512930428241482,1225
7753,15.514931580257509,1227
7754,15.516932732273535,1219
7755,15.518933884289563,1206
7756,15.52093503630559,1203
7757,15.522936188321616,1212
7758,15.524937340337644,1223
7759,15.52693849235367,1226
7760,15.528939644369698,1221
7761,15.530940796385725,1218
7762,15.532941948401751,1218
7763,15.53494310041778,1216
7764,15.536944252433806,1214
7765,15.538945404449832,1215
7766,15.54094655646586,1219
7767,15.542947708481886,1218
7768,15.544948860497914,1206
7769,15.54695001251394,1189
7770,15.548951164529967,1180
7771,15.550952316545995,1181
7772,15.552953468562022,1183
7773,15.554954620578048,1181
7774,15.556955772594076,1185
7775,15.558956924610102,1200
7776,15.56095807662613,1213
7777,15.562959228642157,1211
7778,15.564960380658183,1204
7779,15.566961532674211,1207
7780,15.568962684690238,1223
7781,15.570963836706264,1239
7782,15.572964988722292,1241
7783,15.574966140738319,1232
7784,15.576967292754347,1229
7785,15.578968444770373,1236
7786,15.5809695967864,1240
7787,15.582970748802428,1234
7788,15.584971900818454,1226
7789,15.58697305283448,1220
7790,15.588974204850508,1215
7791,15.590975356866535,1210
7792,15.592976508882563,1206
7793,15.59497766089859,1203
7794,15.596978812914616,1199
7795,15.598979964930644,1199
7796,15.60098111694667,1205
7797,15.602982268962696,1217
7798,15.604983420978725,1231
7799,15.606984572994751,1239
7800,15.608985725010779,1238
7801,15.610986877026805,1233
7802,15.612988029042832,1228
7803,15.61498918105886,1221
7804,15.616990333074886,1219
7805,15.618991485090913,1228
7806,15.62099263710694,1238
7807,15.622993789122967,1237
7808,15.624994941138995,1221
7809,15.626996093155022,1200
7810,15.628997245171048,1190
7811,15.630998397187076,1198
7812,15.632999549203102,1213
7813,15.63500070121913,1212
7814,15.637001853235157,1191
7815,15.639003005251183,1173
7816,15.641004157267211,1173
7817,15.643005309283238,1180
7818,15.645006461299264,1184
7819,15.647007613315292,1188
7820,15.649008765331319,1200
7821,15.651009917347347,1215
7822,15.653011069363373,1222
7823,15.6550122213794,1219
7824,15.657013373395428,1216
7825,15.659014525411454,1214
7826,15.66101567742748,1207
7827,15.663016829443508,1194
7828,15.665017981459535,1188
7829,15.667019133475563,1190
7830,15.66902028549159,1195
7831,15.671021437507616,1197
7832,15.673022589523644,1200
7833,15.67502374153967,1204
7834,15.677024893555696,1205
7835,15.679026045571725,1201
7836,15.68102719758775,1197
7837,15.683028349603779,1199
7838,15.685029501619805,1198
7839,15.687030653635832,1190
7840,15.68903180565186,1191
7841,15.691032957667886,1205
7842,15.693034109683913,1219
7843,15.69503526169994,1224
7844,15.697036413715967,1225
7845,15.699037565731995,1228
7846,15.701038717748022,1236
7847,15.703039869764048,1242
7848,15.705041021780076,1236
7849,15.707042173796102,1224
7850,15.709043325812129,1218
7851,15.711044477828157,1220
7852,15.713045629844183,1219
7853,15.715046781860211,1211
7854,15.717047933876238,1203
7855,15.719049085892264,1206
7856,15.721050237908292,1219
7857,15.723051389924318,1227
7858,15.725052541940345,1223
7859,15.727053693956373,1209
7860,15.7290548459724,1200
7861,15.731055997988427,1203
7862,15.733057150004454,1208
7863,15.73505830202048,1209
7864,15.737059454036508,1208
7865,15.739060606052535,1209
7866,15.741061758068561,1213
7867,15.74306291008459,1217
7868,15.745064062100615,1223
7869,15.747065214116644,1227
7870,15.74906636613267,1226
7871,15.751067518148696,1222
7872,15.753068670164724,1217
7873,15.75506982218075,1203
7874,15.757070974196779,1182
7875,15.759072126212805,1172
7876,15.761073278228832,1183
7877,15.76307443024486,1201
7878,15.765075582260886,1206
7879,15.767076734276912,1200
7880,15.76907788629294,1201
7881,15.771079038308967,1213
7882,15.773080190324995,1224
7883,15.775081342341021,1225
7884,15.777082494357048,1220
7885,15.779083646373076,1217
7886,15.781084798389102,1221
7887,15.783085950405129,1230
7888,15.785087102421157,1235
7889,15.787088254437183,1231
7890,15.789089406453211,1223
7891,15.791090558469238,1224
7892,15.793091710485264,1230
7893,15.795092862501292,1229
7894,15.797094014517318,1219
7895,15.799095166533345,1213
7896,15.801096318549373,1220
7897,15.8030974705654,1231
7898,15.805098622581427,1234
7899,15.807099774597454,1224
7900,15.80910092661348,1212
7901,15.811102078629508,1209
7902,15.813103230645535,1212
7903,15.815104382661561,1216
7904,15.817105534677589,1217
7905,15.819106686693615,1216
7906,15.821107838709644,1215
7907,15.82310899072567,1219
7908,15.825110142741696,1224
7909,15.827111294757724,1221
7910,15.82911244677375,1211
7911,15.831113598789777,1205
7912,15.833114750805805,1206
7913,15.835115902821832,1209
7914,15.83711705483786,1211
7915,15.839118206853886,1213
7916,15.841119358869912,1216
7917,15.84312051088594,1212
7918,15.845121662901967,1205
7919,15.847122814917993,1203
7920,15.849123966934021,1210
7921,15.851125118950048,1217
7922,15.853126270966076,1221
7923,15.855127422982102,1221
7924,15.857128574998129,1220
7925,15.859129727014157,1218
7926,15.861130879030183,1214
7927,15.863132031046211,1210
7928,15.865133183062238,1208
7929,15.867134335078264,1205
7930,15.869135487094292,1203
7931,15.871136639110318,1208
7932,15.873137791126345,1215
7933,15.875138943142373,1219
7934,15.8771400951584,1220
7935,15.879141247174427,1216
7936,15.881142399190454,1204
7937,15.88314355120648,1192
7938,15.885144703222508,1191
7939,15.887145855238535,1205
7940,15.88914700725456,1221
7941,15.891148159270589,1227
7942,15.893149311286615,1222
7943,15.895150463302643,1212
7944,15.89715161531867,1209
7945,15.899152767334696,1221
7946,15.901153919350724,1245
7947,15.90315507136675,1260
7948,15.905156223382777,1253
7949,15.907157375398805,1235
7950,15.909158527414831,1226
7951,15.91115967943086,1234
7952,15.913160831446886,1249
7953,15.915161983462912,1253
7954,15.91716313547894,1244
7955,15.919164287494967,1230
7956,15.921165439510993,1225
7957,15.923166591527021,1230
7958,15.925167743543048,1231
7959,15.927168895559076,1227
7960,15.929170047575102,1228
7961,15.931171199591128,1234
7962,15.933172351607157,1232
7963,15.935173503623183,1217
7964,15.93717465563921,1202
7965,15.939175807655237,1202
7966,15.941176959671264,1213
7967,15.943178111687292,1220
7968,15.945179263703318,1216
7969,15.947180415719345,1204
7970,15.949181567735373,1188
7971,15.9511827197514,1179
7972,15.953183871767425,1177
7973,15.955185023783454,1176
7974,15.95718617579948,1172
7975,15.959187327815508,1170
7976,15.961188479831534,1172
7977,15.96318963184756,1177
7978,15.965190783863589,1178
7979,15.967191935879615,1177
7980,15.969193087895642,1178
7981,15.97119423991167,1177
7982,15.973195391927696,1171
7983,15.975196543943724,1164
7984,15.97719769595975,1162
7985,15.979198847975777,1166
7986,15.981199999991805,1170
7987,15.983201152007831,1168
7988,15.98520230402386,1157
7989,15.987203456039886,1149
7990,15.989204608055912,1153
7991,15.99120576007194,1169
7992,15.993206912087967,1189
7993,15.995208064103993,1204
7994,15.997209216120021,1210
7995,15.999210368136048,1212
7996,16.001211520152076,1210
7997,16.0032126721681,1201
7998,16.00521382418413,1188
7999,16.007214976200157,1181
8000,16.009216128216185,1185
8001,16.01121728023221,1195
8002,16.013218432248237,1205
8003,16.015219584264266,1212
8004,16.01722073628029,1211
8005,16.019221888296318,1207
8006,16.021223040312346,1212
8007,16.02322419232837,1224
8008,16.0252253443444,1227
8009,16.027226496360427,1216
8010,16.02922764837645,1204
8011,16.03122880039248,1200
8012,16.033229952408508,1203
8013,16.035231104424533,1205
8014,16.03723225644056,1209
8015,16.03923340845659,1214
8016,16.041234560472617,1215
8017,16.04323571248864,1219
8018,16.04523686450467,1237
8019,16.047238016520698,1258
8020,16.049239168536722,1259
8021,16.05124032055275,1235
8022,16.05324147256878,1210
8023,16.055242624584803,1200
8024,16.05724377660083,1203
8025,16.05924492861686,1208
8026,16.061246080632884,1212
8027,16.063247232648912,1213
8028,16.06524838466494,1210
8029,16.067249536680965,1203
8030,16.069250688696993,1196
8031,16.07125184071302,1193
8032,16.07325299272905,1193
8033,16.075254144745074,1196
8034,16.077255296761102,1203
8035,16.07925644877713,1203
8036,16.081257600793155,1191
8037,16.083258752809183,1180
8038,16.08525990482521,1181
8039,16.087261056841236,1196
8040,16.089262208857264,1218
8041,16.091263360873292,1241
8042,16.093264512889316,1249
8043,16.095265664905344,1237
8044,16.097266816921373,1225
8045,16.0992679689374,1231
8046,16.101269120953425,1243
8047,16.103270272969453,1239
8048,16.10527142498548,1226
8049,16.107272577001506,1222
8050,16.109273729017534,1224
8051,16.111274881033562,1219
8052,16.113276033049587,1201
8053,16.115277185065615,1181
8054,16.117278337081643,1174
8055,16.119279489097668,1180
8056,16.121280641113696,1192
8057,16.123281793129724,1203
8058,16.12528294514575,1206
8059,16.127284097161777,1201
8060,16.129285249177805,1197
8061,16.131286401193833,1203
8062,16.133287553209858,1216
8063,16.135288705225886,1226
8064,16.137289857241914,1232
8065,16.13929100925794,1233
8066,16.141292161273967,1228
8067,16.143293313289995,1223
8068,16.14529446530602,1228
8069,16.147295617322047,1235
8070,16.149296769338076,1235
8071,16.1512979213541,1230
8072,16.15329907337013,1224
8073,16.155300225386156,1219
8074,16.15730137740218,1212
8075,16.15930252941821,1204
8076,16.161303681434237,1198
8077,16.163304833450265,1196
8078,16.16530598546629,1196
8079,16.167307137482318,1192
8080,16.169308289498346,1191
8081,16.17130944151437,1201
8082,16.1733105935304,1215
8083,16.175311745546427,1222
8084,16.17731289756245,1224
8085,16.17931404957848,1223
8086,16.181315201594508,1217
8087,16.183316353610532,1211
8088,16.18531750562656,1209
8089,16.18731865764259,1206
8090,16.189319809658613,1199
8091,16.19132096167464,1199
8092,16.19332211369067,1206
8093,16.195323265706698,1211
8094,16.197324417722722,1214
8095,16.19932556973875,1212
8096,16.20132672175478,1213
8097,16.203327873770803,1222
8098,16.20532902578683,1237
8099,16.20733017780286,1242
8100,16.209331329818884,1234
8101,16.211332481834912,1226
8102,16.21333363385094,1226
8103,16.215334785866965,1229
8104,16.217335937882993,1225
8105,16.21933708989902,1220
8106,16.22133824191505,1226
8107,16.223339393931074,1241
8108,16.225340545947102,1245
8109,16.22734169796313,1232
8110,16.229342849979155,1219
8111,16.231344001995183,1223
8112,16.23334515401121,1238
8113,16.235346306027235,1247
8114,16.237347458043264,1243
8115,16.23934861005929,1234
8116,16.241349762075316,1230
8117,16.243350914091344,1234
8118,16.245352066107372,1238
8119,16.247353218123397,1230
8120,16.249354370139425,1216
8121,16.251355522155453,1210
8122,16.25335667417148,1210
8123,16.255357826187506,1203
8124,16.257358978203534,1188
8125,16.259360130219562,1170
8126,16.261361282235587,1158
8127,16.263362434251615,1157
8128,16.265363586267643,1169
8129,16.267364738283668,1183
8130,16.269365890299696,1185
8131,16.271367042315724,1173
8132,16.27336819433175,1165
8133,16.275369346347777,1175
8134,16.277370498363805,1196
8135,16.27937165037983,1210
8136,16.281372802395857,1208
8137,16.283373954411886,1204
8138,16.285375106427914,1207
8139,16.28737625844394,1210
8140,16.289377410459966,1204
8141,16.291378562475995,1193
8142,16.29337971449202,1188
8143,16.295380866508047,1196
8144,16.297382018524075,1207
8145,16.2993831705401,1200
8146,16.301384322556128,1177
8147,16.303385474572156,1156
8148,16.30538662658818,1152
8149,16.30738777860421,1161
8150,16.309388930620237,1174
8151,16.31139008263626,1183
8152,16.31339123465229,1183
8153,16.315392386668318,1184
8154,16.317393538684346,1188
8155,16.31939469070037,1192
8156,16.3213958427164,1195
8157,16.323396994732427,1201
8158,16.32539814674845,1207
8159,16.32739929876448,1207
8160,16.329400450780508,1204
8161,16.331401602796532,1202
8162,16.33340275481256,1200
8163,16.33540390682859,1199
8164,16.337405058844613,1207
8165,16.33940621086064,1222
8166,16.34140736287667,1230
8167,16.343408514892698,1220
8168,16.345409666908722,1202
8169,16.34741081892475,1190
8170,16.34941197094078,1194
8171,16.351413122956803,1213
8172,16.35341427497283,1226
8173,16.35541542698886,1217
8174,16.357416579004884,1200
8175,16.359417731020912,1196
8176,16.36141888303694,1204
8177,16.363420035052965,1209
8178,16.365421187068993,1203
8179,16.36742233908502,1192
8180,16.369423491101045,1188
8181,16.371424643117074,1194
8182,16.3734257951331,1195
8183,16.37542694714913,1186
8184,16.377428099165154,1181
8185,16.379429251181183,1180
8186,16.38143040319721,1179
8187,16.383431555213235,1180
8188,16.385432707229263,1185
8189,16.38743385924529,1190
8190,16.389435011261316,1190
8191,16.391436163277344,1187
8192,16.393437315293372,1185
8193,16.395438467309397,1181
8194,16.397439619325425,1169
8195,16.399440771341453,1154
8196,16.401441923357478,1150
8197,16.403443075373506,1165
8198,16.405444227389534,1187
8199,16.407445379405562,1201
8200,16.409446531421587,1202
8201,16.411447683437615,1197
8202,16.413448835453643,1193
8203,16.415449987469668,1197
8204,16.417451139485696,1205
8205,16.419452291501724,1208
8206,16.42145344351775,1200
8207,16.423454595533777,1187
8208,16.425455747549805,1179
8209,16.42745689956583,1186
8210,16.429458051581857,1198
8211,16.431459203597885,1202
8212,16.43346035561391,1193
8213,16.435461507629938,1181
8214,16.437462659645966,1177
8215,16.439463811661994,1184
8216,16.44146496367802,1196
8217,16.443466115694047,1207
8218,16.445467267710075,1208
8219,16.4474684197261,1196
8220,16.449469571742128,1176
8221,16.451470723758156,1163
8222,16.45347187577418,1163
8223,16.45547302779021,1170
8224,16.457474179806237,1178
8225,16.45947533182226,1185
8226,16.46147648383829,1187
8227,16.463477635854318,1182
8228,16.465478787870346,1176
8229,16.46747993988637,1174
8230,16.4694810919024,1178
8231,16.471482243918427,1185
8232,16.47348339593445,1188
8233,16.47548454795048,1185
8234,16.477485699966508,1181
8235,16.479486851982532,1179
8236,16.48148800399856,1175
8237,16.48348915601459,1170
8238,16.485490308030613,1171
8239,16.48749146004664,1180
8240,16.48949261206267,1193
8241,16.491493764078694,1205
8242,16.493494916094722,1216
8243,16.49549606811075,1223
8244,16.497497220126778,1218
8245,16.499498372142803,1209
8246,16.50149952415883,1211
8247,16.50350067617486,1221
8248,16.505501828190884,1222
8249,16.50750298020691,1212
8250,16.50950413222294,1202
8251,16.511505284238964,1200
8252,16.513506436254993,1205
8253,16.51550758827102,1215
8254,16.517508740287045,1227
8255,16.519509892303073,1235
8256,16.5215110443191,1236
8257,16.523512196335126,1231
8258,16.525513348351154,1227
8259,16.527514500367182,1226
8260,16.52951565238321,1224
8261,16.531516804399235,1220
8262,16.533517956415263,1216
8263,16.53551910843129,1215
8264,16.537520260447316,1214
8265,16.539521412463344,1209
8266,16.541522564479372,1208
8267,16.543523716495397,1215
8268,16.545524868511425,1225
8269,16.547526020527453,1230
8270,16.549527172543478,1228
8271,16.551528324559506,1222
8272,16.553529476575534,1217
8273,16.55553062859156,1218
8274,16.557531780607587,1220
8275,16.559532932623615,1218
8276,16.561534084639643,1218
8277,16.563535236655667,1226
8278,16.565536388671696,1239
8279,16.567537540687724,1245
8280,16.56953869270375,1246
8281,16.571539844719776,1246
8282,16.573540996735804,1238
8283,16.57554214875183,1215
8284,16.577543300767857,1192
8285,16.579544452783885,1183
8286,16.58154560479991,1183
8287,16.583546756815938,1180
8288,16.585547908831966,1174
8289,16.587549060847994,1175
8290,16.58955021286402,1185
8291,16.591551364880047,1196
8292,16.593552516896075,1202
8293,16.5955536689121,1208
8294,16.597554820928128,1211
8295,16.599555972944156,1212
8296,16.60155712496018,1211
8297,16.60355827697621,1205
8298,16.605559428992237,1189
8299,16.60756058100826,1176
8300,16.60956173302429,1173
8301,16.611562885040318,1180
8302,16.613564037056342,1185
8303,16.61556518907237,1180
8304,16.6175663410884,1172
8305,16.619567493104427,1179
8306,16.62156864512045,1196
8307,16.62356979713648,1203
8308,16.625570949152507,1195
8309,16.627572101168532,1183
8310,16.62957325318456,1179
8311,16.63157440520059,1183
8312,16.633575557216613,1193
8313,16.63557670923264,1195
8314,16.63757786124867,1184
8315,16.639579013264694,1173
8316,16.641580165280722,1176
8317,16.64358131729675,1186
8318,16.645582469312775,1190
8319,16.647583621328803,1186
8320,16.64958477334483,1178
8321,16.65158592536086,1176
8322,16.653587077376883,1180
8323,16.65558822939291,1187
8324,16.65758938140894,1194
8325,16.659590533424964,1206
8326,16.661591685440992,1218
8327,16.66359283745702,1217
8328,16.665593989473045,1196
8329,16.667595141489073,1169
8330,16.6695962935051,1158
8331,16.671597445521126,1168
8332,16.673598597537154,1181
8333,16.675599749553182,1182
8334,16.677600901569207,1176
8335,16.679602053585235,1173
8336,16.681603205601263,1168
8337,16.68360435761729,1158
8338,16.685605509633316,1151
8339,16.687606661649344,1156
8340,16.689607813665372,1163
8341,16.691608965681397,1155
8342,16.693610117697425,1134
8343,16.695611269713453,1121
8344,16.697612421729477,1125
8345,16.699613573745506,1140
8346,16.701614725761534,1151
8347,16.70361587777756,1151
8348,16.705617029793586,1143
8349,16.707618181809615,1139
8350,16.709619333825643,1146
8351,16.711620485841667,1157
8352,16.713621637857695,1163
8353,16.715622789873724,1164
8354,16.717623941889748,1165
8355,16.719625093905776,1169
8356,16.721626245921804,1175
8357,16.72362739793783,1187
8358,16.725628549953857,1199
8359,16.727629701969885,1205
8360,16.72963085398591,1205
8361,16.731632006001938,1200
8362,16.733633158017966,1193
8363,16.73563431003399,1188
8364,16.73763546205002,1193
8365,16.739636614066047,1206
8366,16.741637766082075,1215
8367,16.7436389180981,1206
8368,16.745640070114128,1187
8369,16.747641222130156,1177
8370,16.74964237414618,1184
8371,16.75164352616221,1198
8372,16.753644678178237,1208
8373,16.75564583019426,1208
8374,16.75764698221029,1200
8375,16.759648134226317,1189
8376,16.761649286242342,1181
8377,16.76365043825837,1182
8378,16.7656515902744,1193
8379,16.767652742290423,1204
8380,16.76965389430645,1207
8381,16.77165504632248,1207
8382,16.773656198338507,1211
8383,16.775657350354532,1219
8384,16.77765850237056,1218
8385,16.779659654386588,1207
8386,16.781660806402613,1192
8387,16.78366195841864,1183
8388,16.78566311043467,1184
8389,16.787664262450694,1189
8390,16.78966541446672,1190
8391,16.79166656648275,1178
8392,16.793667718498774,1163
8393,16.795668870514803,1160
8394,16.79767002253083,1175
8395,16.79967117454686,1196
8396,16.801672326562883,1206
8397,16.80367347857891,1202
8398,16.80567463059494,1194
8399,16.807675782610964,1197
8400,16.809676934626992,1209
8401,16.81167808664302,1218
8402,16.813679238659045,1224
8403,16.815680390675073,1225
8404,16.8176815426911,1217
8405,16.819682694707126,1204
8406,16.821683846723154,1195
8407,16.823684998739182,1199
8408,16.825686150755207,1215
8409,16.827687302771235,1234
8410,16.829688454787263,1242
8411,16.83168960680329,1229
8412,16.833690758819316,1204
8413,16.835691910835344,1188
8414,16.837693062851372,1191
8415,16.839694214867396,1202
8416,16.841695366883425,1207
8417,16.843696518899453,1206
8418,16.845697670915477,1203
8419,16.847698822931505,1207
8420,16.849699974947534,1219
8421,16.851701126963558,1235
8422,16.853702278979586,1246
8423,16.855703430995614,1244
8424,16.85770458301164,1231
8425,16.859705735027667,1219
8426,16.861706887043695,1225
8427,16.863708039059723,1242
8428,16.865709191075748,1248
8429,16.867710343091776,1231
8430,16.869711495107804,1211
8431,16.87171264712383,1212
8432,16.873713799139857,1228
8433,16.875714951155885,1238
8434,16.87771610317191,1234
8435,16.879717255187938,1228
8436,16.881718407203966,1229
8437,16.88371955921999,1231
8438,16.88572071123602,1226
8439,16.887721863252047,1217
8440,16.88972301526807,1210
8441,16.8917241672841,1209
8442,16.893725319300128,1211
8443,16.895726471316156,1213
8444,16.89772762333218,1217
8445,16.89972877534821,1228
8446,16.901729927364237,1241
8447,16.90373107938026,1243
8448,16.90573223139629,1235
8449,16.907733383412317,1223
8450,16.909734535428342,1214
8451,16.91173568744437,1210
8452,16.913736839460398,1209
8453,16.915737991476423,1208
8454,16.91773914349245,1203
8455,16.91974029550848,1197
8456,16.921741447524507,1193
8457,16.92374259954053,1191
8458,16.92574375155656,1194
8459,16.927744903572588,1197
8460,16.929746055588613,1196
8461,16.93174720760464,1194
8462,16.93374835962067,1196
8463,16.935749511636693,1195
8464,16.93775066365272,1189
8465,16.93975181566875,1189
8466,16.941752967684774,1193
8467,16.943754119700802,1194
8468,16.94575527171683,1194
8469,16.947756423732855,1196
8470,16.949757575748883,1194
8471,16.95175872776491,1188
8472,16.95375987978094,1183
8473,16.955761031796964,1184
8474,16.957762183812992,1192
8475,16.95976333582902,1208
8476,16.961764487845045,1226
8477,16.963765639861073,1233
8478,16.9657667918771,1227
8479,16.967767943893126,1220
8480,16.969769095909154,1221
8481,16.971770247925182,1224
8482,16.973771399941207,1221
8483,16.975772551957235,1217
8484,16.977773703973263,1214
8485,16.979774855989287,1213
8486,16.981776008005316,1211
8487,16.983777160021344,1207
8488,16.98577831203737,1204
8489,16.987779464053396,1204
8490,16.989780616069424,1204
8491,16.991781768085453,1204
8492,16.993782920101477,1205
8493,16.995784072117505,1203
8494,16.997785224133533,1197
8495,16.999786376149558,1191
8496,17.001787528165586,1190
8497,17.003788680181614,1200
8498,17.00578983219764,1218
8499,17.007790984213667,1232
8500,17.009792136229695,1229
8501,17.01179328824572,1212
8502,17.013794440261748,1198
8503,17.015795592277776,1192
8504,17.017796744293804,1186
8505,17.01979789630983,1175
8506,17.021799048325857,1167
8507,17.023800200341885,1169
8508,17.02580135235791,1179
8509,17.027802504373938,1191
8510,17.029803656389966,1196
8511,17.03180480840599,1198
8512,17.03380596042202,1205
8513,17.035807112438047,1214
8514,17.03780826445407,1212
8515,17.0398094164701,1201
8516,17.041810568486127,1191
8517,17.043811720502156,1184
8518,17.04581287251818,1171
8519,17.04781402453421,1155
8520,17.049815176550236,1148
8521,17.05181632856626,1156
8522,17.05381748058229,1167
8523,17.055818632598317,1175
8524,17.057819784614342,1183
8525,17.05982093663037,1192
8526,17.061822088646398,1192
8527,17.063823240662423,1183
8528,17.06582439267845,1179
8529,17.06782554469448,1185
8530,17.069826696710503,1191
8531,17.07182784872653,1188
8532,17.07382900074256,1177
8533,17.075830152758588,1164
8534,17.077831304774612,1159
8535,17.07983245679064,1163
8536,17.08183360880667,1169
8537,17.083834760822693,1173
8538,17.08583591283872,1177
8539,17.08783706485475,1185
8540,17.089838216870774,1191
8541,17.091839368886802,1193
8542,17.09384052090283,1192
8543,17.095841672918855,1194
8544,17.097842824934883,1198
8545,17.09984397695091,1201
8546,17.101845128966936,1201
8547,17.103846280982964,1199
8548,17.105847432998992,1193
8549,17.10784858501502,1187
8550,17.109849737031045,1183
8551,17.111850889047073,1186
8552,17.1138520410631,1197
8553,17.115853193079126,1209
8554,17.117854345095154,1215
8555,17.119855497111182,1217
8556,17.121856649127206,1214
8557,17.123857801143235,1207
8558,17.125858953159263,1204
8559,17.127860105175287,1208
8560,17.129861257191315,1211
8561,17.131862409207343,1209
8562,17.133863561223368,1212
8563,17.135864713239396,1222
8564,17.137865865255424,1230
8565,17.139867017271452,1229
8566,17.141868169287477,1222
8567,17.143869321303505,1220
8568,17.145870473319533,1225
8569,17.147871625335558,1230
8570,17.149872777351586,1230
8571,17.151873929367614,1229
8572,17.15387508138364,1232
8573,17.155876233399667,1234
8574,17.157877385415695,1226
8575,17.15987853743172,1216
8576,17.161879689447748,1213
8577,17.163880841463776,1223
8578,17.165881993479804,1238
8579,17.16788314549583,1244
8580,17.169884297511857,1233
8581,17.171885449527885,1221
8582,17.17388660154391,1223
8583,17.175887753559937,1233
8584,17.177888905575966,1232
8585,17.17989005759199,1216
8586,17.18189120960802,1206
8587,17.183892361624046,1210
8588,17.18589351364007,1220
8589,17.1878946656561,1228
8590,17.189895817672127,1237
8591,17.191896969688152,1241
8592,17.19389812170418,1237
8593,17.195899273720208,1231
8594,17.197900425736236,1226
8595,17.19990157775226,1225
8596,17.20190272976829,1230
8597,17.203903881784317,1237
8598,17.20590503380034,1242
8599,17.20790618581637,1242
8600,17.209907337832398,1238
8601,17.211908489848422,1233
8602,17.21390964186445,1227
8603,17.21591079388048,1221
8604,17.217911945896503,1218
8605,17.21991309791253,1224
8606,17.22191424992856,1234
8607,17.223915401944584,1240
8608,17.225916553960612,1237
8609,17.22791770597664,1228
8610,17.22991885799267,1217
8611,17.231920010008693,1209
8612,17.23392116202472,1204
8613,17.23592231404075,1200
8614,17.237923466056774,1196
8615,17.239924618072802,1189
8616,17.24192577008883,1179
8617,17.243926922104855,1169
8618,17.245928074120883,1160
8619,17.24792922613691,1155
8620,17.249930378152936,1158
8621,17.251931530168964,1167
8622,17.253932682184992,1171
8623,17.255933834201016,1167
8624,17.257934986217045,1159
8625,17.259936138233073,1155
8626,17.2619372902491,1159
8627,17.263938442265125,1166
8628,17.265939594281154,1166
8629,17.26794074629718,1158
8630,17.269941898313206,1149
8631,17.271943050329234,1150
8632,17.273944202345263,1163
8633,17.275945354361287,1176
8634,17.277946506377315,1179
8635,17.279947658393343,1173
8636,17.281948810409368,1171
8637,17.283949962425396,1177
8638,17.285951114441424,1185
8639,17.287952266457452,1189
8640,17.289953418473477,1189
8641,17.291954570489505,1183
8642,17.293955722505533,1180
8643,17.295956874521558,1191
8644,17.297958026537586,1214
8645,17.299959178553614,1227
8646,17.30196033056964,1218
8647,17.303961482585667,1200
8648,17.305962634601695,1191
8649,17.30796378661772,1197
8650,17.309964938633748,1209
8651,17.311966090649776,1215
8652,17.3139672426658,1209
8653,17.31596839468183,1199
8654,17.317969546697856,1199
8655,17.319970698713885,1208
8656,17.32197185072991,1214
8657,17.323973002745937,1217
8658,17.325974154761965,1226
8659,17.32797530677799,1236
8660,17.329976458794018,1236
8661,17.331977610810046,1222
8662,17.33397876282607,1211
8663,17.3359799148421,1212
8664,17.337981066858127,1217
8665,17.33998221887415,1213
8666,17.34198337089018,1206
8667,17.343984522906208,1204
8668,17.345985674922233,1211
8669,17.34798682693826,1217
8670,17.34998797895429,1218
8671,17.351989130970317,1219
8672,17.35399028298634,1223
8673,17.35599143500237,1221
8674,17.357992587018398,1208
8675,17.359993739034422,1194
8676,17.36199489105045,1190
8677,17.36399604306648,1194
8678,17.365997195082503,1201
8679,17.36799834709853,1202
8680,17.36999949911456,1199
8681,17.372000651130584,1200
8682,17.374001803146612,1208
8683,17.37600295516264,1219
8684,17.378004107178665,1227
8685,17.380005259194693,1231
8686,17.38200641121072,1224
8687,17.38400756322675,1209
8688,17.386008715242774,1197
8689,17.388009867258802,1193
8690,17.39001101927483,1200
8691,17.392012171290855,1216
8692,17.394013323306883,1226
8693,17.39601447532291,1220
8694,17.398015627338935,1204
8695,17.400016779354964,1200
8696,17.40201793137099,1214
8697,17.404019083387016,1233
8698,17.406020235403044,1238
8699,17.408021387419073,1222
8700,17.4100225394351,1196
8701,17.412023691451125,1179
8702,17.414024843467153,1178
8703,17.41602599548318,1184
8704,17.418027147499206,1184
8705,17.420028299515234,1177
8706,17.422029451531262,1171
8707,17.424030603547287,1172
8708,17.426031755563315,1177
8709,17.428032907579343,1182
8710,17.430034059595368,1189
8711,17.432035211611396,1195
8712,17.434036363627424,1201
8713,17.43603751564345,1208
8714,17.438038667659477,1218
8715,17.440039819675505,1228
8716,17.442040971691533,1232
8717,17.444042123707558,1228
8718,17.446043275723586,1222
8719,17.448044427739614,1226
8720,17.45004557975564,1237
8721,17.452046731771667,1237
8722,17.454047883787695,1227
8723,17.45604903580372,1223
8724,17.458050187819747,1233
8725,17.460051339835776,1244
8726,17.4620524918518,1244
8727,17.464053643867828,1237
8728,17.466054795883856,1240
8729,17.46805594789988,1249
8730,17.47005709991591,1257
8731,17.472058251931937,1256
8732,17.474059403947965,1247
8733,17.47606055596399,1233
8734,17.478061707980018,1231
8735,17.480062859996046,1245
8736,17.48206401201207,1257
8737,17.4840651640281,1257
8738,17.486066316044127,1254
8739,17.48806746806015,1254
8740,17.49006862007618,1254
8741,17.492069772092208,1256
8742,17.494070924108232,1265
8743,17.49607207612426,1273
8744,17.49807322814029,1264
8745,17.500074380156313,1237
8746,17.50207553217234,1217
8747,17.50407668418837,1218
8748,17.506077836204398,1229
8749,17.508078988220422,1236
8750,17.51008014023645,1232
8751,17.51208129225248,1226
8752,17.514082444268503,1224
8753,17.51608359628453,1226
8754,17.51808474830056,1224
8755,17.520085900316584,1220
8756,17.522087052332612,1215
8757,17.52408820434864,1208
8758,17.526089356364665,1199
8759,17.528090508380693,1195
8760,17.53009166039672,1198
8761,17.53209281241275,1202
8762,17.534093964428774,1203
8763,17.536095116444802,1209
8764,17.53809626846083,1220
8765,17.540097420476854,1225
8766,17.542098572492883,1222
8767,17.54409972450891,1217
8768,17.546100876524935,1219
8769,17.548102028540963,1227
8770,17.55010318055699,1231
8771,17.552104332573016,1226
8772,17.554105484589044,1216
8773,17.556106636605072,1210
8774,17.558107788621097,1209
8775,17.560108940637125,1214
8776,17.562110092653153,1221
8777,17.56411124466918,1223
8778,17.566112396685206,1216
8779,17.568113548701234,1206
8780,17.570114700717262,1203
8781,17.572115852733287,1205
8782,17.574117004749315,1204
8783,17.576118156765343,1201
8784,17.578119308781368,1207
8785,17.580120460797396,1224
8786,17.582121612813424,1242
8787,17.58412276482945,1247
8788,17.586123916845477,1234
8789,17.588125068861505,1216
8790,17.59012622087753,1208
8791,17.592127372893557,1208
8792,17.594128524909586,1209
8793,17.596129676925614,1208
8794,17.59813082894164,1203
8795,17.600131980957666,1198
8796,17.602133132973695,1195
8797,17.60413428498972,1198
8798,17.606135437005747,1207
8799,17.608136589021775,1222
8800,17.6101377410378,1232
8801,17.612138893053828,1228
8802,17.614140045069856,1216
8803,17.61614119708588,1211
8804,17.61814234910191,1217
8805,17.620143501117937,1221
8806,17.622144653133965,1213
8807,17.62414580514999,1199
8808,17.626146957166018,1193
8809,17.628148109182046,1194
8810,17.63014926119807,1198
8811,17.6321504132141,1202
8812,17.634151565230127,1203
8813,17.63615271724615,1192
8814,17.63815386926218,1177
8815,17.640155021278208,1174
8816,17.642156173294232,1184
8817,17.64415732531026,1191
8818,17.64615847732629,1194
8819,17.648159629342313,1206
8820,17.65016078135834,1222
8821,17.65216193337437,1231
8822,17.654163085390397,1234
8823,17.656164237406422,1241
8824,17.65816538942245,1249
8825,17.66016654143848,1248
8826,17.662167693454503,1242
8827,17.66416884547053,1238
8828,17.66616999748656,1234
8829,17.668171149502584,1229
8830,17.670172301518612,1228
8831,17.67217345353464,1233
8832,17.674174605550665,1239
8833,17.676175757566693,1240
8834,17.67817690958272,1237
8835,17.680178061598745,1228
8836,17.682179213614774,1213
8837,17.6841803656308,1200
8838,17.68618151764683,1194
8839,17.688182669662854,1194
8840,17.690183821678882,1196
8841,17.69218497369491,1200
8842,17.694186125710935,1203
8843,17.696187277726963,1197
8844,17.69818842974299,1184
8845,17.700189581759016,1177
8846,17.702190733775044,1186
8847,17.704191885791072,1201
8848,17.706193037807097,1206
8849,17.708194189823125,1197
8850,17.710195341839153,1188
8851,17.712196493855178,1190
8852,17.714197645871206,1200
8853,17.716198797887234,1206
8854,17.718199949903262,1208
8855,17.720201101919287,1216
8856,17.722202253935315,1228
8857,17.724203405951343,1228
8858,17.726204557967367,1218
8859,17.728205709983396,1210
8860,17.730206861999424,1213
8861,17.73220801401545,1220
8862,17.734209166031476,1216
8863,17.736210318047505,1204
8864,17.73821147006353,1201
8865,17.740212622079557,1216
8866,17.742213774095585,1234
8867,17.744214926111614,1235
8868,17.746216078127638,1219
8869,17.748217230143666,1203
8870,17.750218382159694,1197
8871,17.75221953417572,1198
8872,17.754220686191747,1201
8873,17.756221838207775,1206
8874,17.7582229902238,1209
8875,17.760224142239828,1209
8876,17.762225294255856,1211
8877,17.76422644627188,1213
8878,17.76622759828791,1211
8879,17.768228750303937,1206
8880,17.77022990231996,1209
8881,17.77223105433599,1222
8882,17.774232206352018,1234
8883,17.776233358368046,1233
8884,17.77823451038407,1227
8885,17.7802356624001,1224
8886,17.782236814416127,1223
8887,17.78423796643215,1219
8888,17.78623911844818,1213
8889,17.788240270464208,1210
8890,17.790241422480232,1205
8891,17.79224257449626,1195
8892,17.79424372651229,1188
8893,17.796244878528313,1192
8894,17.79824603054434,1202
8895,17.80024718256037,1208
8896,17.802248334576394,1210
8897,17.804249486592422,1213
8898,17.80625063860845,1216
8899,17.808251790624478,1214
8900,17.810252942640503,1210
8901,17.81225409465653,1210
8902,17.81425524667256,1206
8903,17.816256398688584,1198
8904,17.81825755070461,1196
8905,17.82025870272064,1206
8906,17.822259854736664,1215
8907,17.824261006752693,1207
8908,17.82626215876872,1192
8909,17.828263310784745,1191
8910,17.830264462800773,1209
8911,17.8322656148168,1229
8912,17.834266766832826,1234
8913,17.836267918848854,1230
8914,17.838269070864882,1231
8915,17.84027022288091,1238
8916,17.842271374896935,1247
8917,17.844272526912963,1250
8918,17.84627367892899,1250
8919,17.848274830945016,1250
8920,17.850275982961044,1251
8921,17.852277134977072,1253
8922,17.854278286993097,1259
8923,17.856279439009125,1264
8924,17.858280591025153,1263
8925,17.860281743041178,1250
8926,17.862282895057206,1236
8927,17.864284047073234,1236
8928,17.866285199089262,1245
8929,17.868286351105287,1242
8930,17.870287503121315,1218
8931,17.872288655137343,1193
8932,17.874289807153367,1186
8933,17.876290959169395,1189
8934,17.878292111185424,1186
8935,17.880293263201448,1179
8936,17.882294415217476,1180
8937,17.884295567233504,1193
8938,17.88629671924953,1208
8939,17.888297871265557,1211
8940,17.890299023281585,1206
8941,17.89230017529761,1206
8942,17.894301327313638,1208
8943,17.896302479329666,1201
8944,17.898303631345694,1182
8945,17.90030478336172,1167
8946,17.902305935377747,1167
8947,17.904307087393775,1173
8948,17.9063082394098,1167
8949,17.908309391425828,1156
8950,17.910310543441856,1158
8951,17.91231169545788,1171
8952,17.91431284747391,1182
8953,17.916313999489937,1183
8954,17.91831515150596,1179
8955,17.92031630352199,1175
8956,17.922317455538018,1175
8957,17.924318607554042,1176
8958,17.92631975957007,1172
8959,17.9283209115861,1165
8960,17.930322063602127,1162
8961,17.93232321561815,1164
8962,17.93432436763418,1170
8963,17.936325519650207,1174
8964,17.938326671666232,1171
8965,17.94032782368226,1166
8966,17.942328975698288,1169
8967,17.944330127714313,1177
8968,17.94633127973034,1179
8969,17.94833243174637,1171
8970,17.950333583762394,1163
8971,17.95233473577842,1161
8972,17.95433588779445,1168
8973,17.956337039810474,1181
8974,17.958338191826503,1192
8975,17.96033934384253,1197
8976,17.96234049585856,1193
8977,17.964341647874583,1183
8978,17.96634279989061,1178
8979,17.96834395190664,1186
8980,17.970345103922664,1205
8981,17.972346255938692,1217
8982,17.97434740795472,1217
8983,17.976348559970745,1213
8984,17.978349711986773,1212
8985,17.9803508640028,1211
8986,17.982352016018826,1211
8987,17.984353168034854,1213
8988,17.986354320050882,1216
8989,17.98835547206691,1223
8990,17.990356624082935,1232
8991,17.992357776098963,1235
8992,17.99435892811499,1230
8993,17.996360080131016,1219
8994,17.998361232147044,1205
8995,18.000362384163072,1199
8996,18.002363536179097,1207
8997,18.004364688195125,1226
8998,18.006365840211153,1244
8999,18.008366992227177,1247
9000,18.010368144243206,1233
9001,18.012369296259234,1213
9002,18.01437044827526,1202
9003,18.016371600291286,1207
9004,18.018372752307314,1220
9005,18.020373904323343,1227
9006,18.022375056339367,1219
9007,18.024376208355395,1202
9008,18.026377360371423,1187
9009,18.028378512387448,1187
9010,18.030379664403476,1200
9011,18.032380816419504,1210
9012,18.03438196843553,1206
9013,18.036383120451557,1196
9014,18.038384272467585,1193
9015,18.04038542448361,1196
9016,18.042386576499638,1198
9017,18.044387728515666,1192
9018,18.04638888053169,1182
9019,18.04839003254772,1179
9020,18.050391184563747,1187
9021,18.052392336579775,1200
9022,18.0543934885958,1206
9023,18.056394640611828,1200
9024,18.058395792627856,1196
9025,18.06039694464388,1203
9026,18.06239809665991,1216
9027,18.064399248675937,1219
9028,18.06640040069196,1211
9029,18.06840155270799,1200
9030,18.070402704724017,1194
9031,18.072403856740042,1195
9032,18.07440500875607,1198
9033,18.0764061607721,1195
9034,18.078407312788123,1187
9035,18.08040846480415,1184
9036,18.08240961682018,1188
9037,18.084410768836207,1193
9038,18.086411920852232,1197
9039,18.08841307286826,1202
9040,18.090414224884288,1203
9041,18.092415376900313,1198
9042,18.09441652891634,1195
9043,18.09641768093237,1201
9044,18.098418832948393,1206
9045,18.10041998496442,1200
9046,18.10242113698045,1191
9047,18.104422288996474,1191
9048,18.106423441012502,1197
9049,18.10842459302853,1193
9050,18.11042574504456,1178
9051,18.112426897060583,1171
9052,18.11442804907661,1179
9053,18.11642920109264,1183
9054,18.118430353108664,1177
9055,18.120431505124692,1172
9056,18.12243265714072,1179
9057,18.124433809156745,1190
9058,18.126434961172773,1195
9059,18.1284361131888,1189
9060,18.130437265204826,1181
9061,18.132438417220854,1182
9062,18.134439569236882,1190
9063,18.136440721252907,1197
9064,18.138441873268935,1199
9065,18.140443025284963,1204
9066,18.14244417730099,1217
9067,18.144445329317016,1229
9068,18.146446481333044,1233
9069,18.148447633349072,1232
9070,18.150448785365096,1231
9071,18.152449937381125,1222
9072,18.154451089397153,1207
9073,18.156452241413177,1204
9074,18.158453393429205,1215
9075,18.160454545445234,1220
9076,18.162455697461258,1205
9077,18.164456849477286,1189
9078,18.166458001493314,1192
9079,18.16845915350934,1208
9080,18.170460305525367,1222
9081,18.172461457541395,1221
9082,18.174462609557423,1207
9083,18.176463761573448,1192
9084,18.178464913589476,1194
9085,18.180466065605504,1211
9086,18.18246721762153,1219
9087,18.184468369637557,1207
9088,18.186469521653585,1190
9089,18.18847067366961,1190
9090,18.190471825685638,1206
9091,18.192472977701666,1221
9092,18.19447412971769,1224
9093,18.19647528173372,1217
9094,18.198476433749747,1209
9095,18.20047758576577,1207
9096,18.2024787377818,1210
9097,18.204479889797827,1209
9098,18.206481041813856,1204
9099,18.20848219382988,1199
9100,18.21048334584591,1195
9101,18.212484497861936,1186
9102,18.21448564987796,1174
9103,18.21648680189399,1166
9104,18.218487953910017,1168
9105,18.220489105926042,1179
9106,18.22249025794207,1188
9107,18.224491409958098,1185
9108,18.226492561974123,1170
9109,18.22849371399015,1154
9110,18.23049486600618,1149
9111,18.232496018022207,1157
9112,18.23449717003823,1169
9113,18.23649832205426,1178
9114,18.238499474070288,1179
9115,18.240500626086313,1176
9116,18.24250177810234,1172
9117,18.24450293011837,1172
9118,18.246504082134393,1177
9119,18.24850523415042,1188
9120,18.25050638616645,1200
9121,18.252507538182474,1206
9122,18.254508690198502,1202
9123,18.25650984221453,1196
9124,18.258510994230555,1199
9125,18.260512146246583,1206
9126,18.26251329826261,1206
9127,18.26451445027864,1201
9128,18.266515602294664,1194
9129,18.268516754310692,1191
9130,18.27051790632672,1197
9131,18.272519058342745,1208
9132,18.274520210358773,1214
9133,18.2765213623748,1208
9134,18.278522514390826,1198
9135,18.280523666406854,1194
9136,18.282524818422882,1195
9137,18.284525970438906,1189
9138,18.286527122454935,1172
9139,18.288528274470963,1159
9140,18.290529426486987,1163
9141,18.292530578503015,1178
9142,18.294531730519044,1190
9143,18.29653288253507,1195
9144,18.298534034551096,1196
9145,18.300535186567124,1201
9146,18.302536338583153,1208
9147,18.304537490599177,1213
9148,18.306538642615205,1217
9149,18.308539794631233,1223
9150,18.310540946647258,1227
9151,18.312542098663286,1224
9152,18.314543250679314,1219
9153,18.31654440269534,1217
9154,18.318545554711367,1223
9155,18.320546706727395,1231
9156,18.32254785874342,1239
9157,18.324549010759448,1247
9158,18.326550162775476,1247
9159,18.328551314791504,1235
9160,18.33055246680753,1216
9161,18.332553618823557,1200
9162,18.334554770839585,1195
9163,18.33655592285561,1200
9164,18.338557074871638,1203
9165,18.340558226887666,1199
9166,18.34255937890369,1194
9167,18.34456053091972,1199
9168,18.346561682935747,1216
9169,18.34856283495177,1232
9170,18.3505639869678,1234
9171,18.352565138983827,1223
9172,18.354566290999855,1213
9173,18.35656744301588,1210
9174,18.358568595031908,1207
9175,18.360569747047936,1196
9176,18.36257089906396,1173
9177,18.36457205107999,1151
9178,18.366573203096017,1145
9179,18.36857435511204,1155
9180,18.37057550712807,1168
9181,18.372576659144098,1173
9182,18.374577811160123,1174
9183,18.37657896317615,1175
9184,18.37858011519218,1177
9185,18.380581267208203,1183
9186,18.38258241922423,1193
9187,18.38458357124026,1205
9188,18.386584723256288,1211
9189,18.388585875272312,1207
9190,18.39058702728834,1204
9191,18.39258817930437,1209
9192,18.394589331320393,1216
9193,18.39659048333642,1215
9194,18.39859163535245,1205
9195,18.400592787368474,1198
9196,18.402593939384502,1204
9197,18.40459509140053,1222
9198,18.406596243416555,1235
9199,18.408597395432583,1231
9200,18.41059854744861,1213
9201,18.412599699464636,1202
9202,18.414600851480664,1207
9203,18.416602003496692,1216
9204,18.41860315551272,1212
9205,18.420604307528745,1201
9206,18.422605459544773,1194
9207,18.4246066115608,1195
9208,18.426607763576826,1200
9209,18.428608915592854,1208
9210,18.43061006760888,1213
9211,18.432611219624906,1219
9212,18.434612371640934,1225
9213,18.436613523656963,1226
9214,18.438614675672987,1220
9215,18.440615827689015,1213
9216,18.442616979705043,1215
9217,18.44461813172107,1229
9218,18.446619283737096,1250
9219,18.448620435753124,1257
9220,18.450621587769152,1242
9221,18.452622739785177,1223
9222,18.454623891801205,1216
9223,18.456625043817233,1218
9224,18.458626195833258,1222
9225,18.460627347849286,1222
9226,18.462628499865314,1218
9227,18.46462965188134,1215
9228,18.466630803897367,1217
9229,18.468631955913395,1225
9230,18.47063310792942,1238
9231,18.472634259945448,1242
9232,18.474635411961476,1232
9233,18.476636563977504,1224
9234,18.47863771599353,1234
9235,18.480638868009557,1252
9236,18.482640020025585,1260
9237,18.48464117204161,1252
9238,18.486642324057637,1234
9239,18.488643476073666,1213
9240,18.49064462808969,1203
9241,18.49264578010572,1212
9242,18.494646932121746,1225
9243,18.49664808413777,1229
9244,18.4986492361538,1227
9245,18.500650388169827,1225
9246,18.502651540185852,1222
9247,18.50465269220188,1217
9248,18.506653844217908,1217
9249,18.508654996233936,1227
9250,18.51065614824996,1242
9251,18.51265730026599,1257
9252,18.514658452282017,1259
9253,18.51665960429804,1248
9254,18.51866075631407,1235
9255,18.520661908330098,1236
9256,18.522663060346122,1244
9257,18.52466421236215,1241
9258,18.52666536437818,1226
9259,18.528666516394203,1214
9260,18.53066766841023,1209
9261,18.53266882042626,1205
9262,18.534669972442284,1198
9263,18.536671124458312,1192
9264,18.53867227647434,1194
9265,18.54067342849037,1205
9266,18.542674580506393,1214
9267,18.54467573252242,1208
9268,18.54667688453845,1194
9269,18.548678036554474,1189
9270,18.550679188570502,1205
9271,18.55268034058653,1228
9272,18.554681492602555,1239
9273,18.556682644618583,1235
9274,18.55868379663461,1228
9275,18.560684948650636,1225
9276,18.562686100666664,1222
9277,18.564687252682692,1217
9278,18.56668840469872,1215
9279,18.568689556714745,1215
9280,18.570690708730773,1214
9281,18.5726918607468,1213
9282,18.574693012762825,1209
9283,18.576694164778853,1202
9284,18.57869531679488,1198
9285,18.580696468810906,1204
9286,18.582697620826934,1214
9287,18.584698772842962,1218
9288,18.586699924858987,1211
9289,18.588701076875015,1199
9290,18.590702228891043,1187
9291,18.592703380907068,1183
9292,18.594704532923096,1190
9293,18.596705684939124,1198
9294,18.598706836955152,1199
9295,18.600707988971177,1198
9296,18.602709140987205,1206
9297,18.604710293003233,1216
9298,18.606711445019258,1216
9299,18.608712597035286,1209
9300,18.610713749051314,1207
9301,18.61271490106734,1214
9302,18.614716053083367,1221
9303,18.616717205099395,1219
9304,18.61871835711542,1208
9305,18.620719509131447,1198
9306,18.622720661147476,1195
9307,18.6247218131635,1203
9308,18.62672296517953,1216
9309,18.628724117195556,1227
9310,18.630725269211585,1231
9311,18.63272642122761,1231
9312,18.634727573243637,1226
9313,18.636728725259665,1215
9314,18.63872987727569,1206
9315,18.640731029291718,1205
9316,18.642732181307746,1211
9317,18.64473333332377,1214
9318,18.6467344853398,1210
9319,18.648735637355827,1205
9320,18.65073678937185,1206
9321,18.65273794138788,1212
9322,18.654739093403908,1215
9323,18.656740245419932,1210
9324,18.65874139743596,1202
9325,18.66074254945199,1197
9326,18.662743701468017,1191
9327,18.66474485348404,1186
9328,18.66674600550007,1191
9329,18.668747157516098,1204
9330,18.670748309532122,1210
9331,18.67274946154815,1203
9332,18.67475061356418,1196
9333,18.676751765580203,1204
9334,18.67875291759623,1223
9335,18.68075406961226,1235
9336,18.682755221628284,1238
9337,18.684756373644312,1245
9338,18.68675752566034,1257
9339,18.68875867767637,1259
9340,18.690759829692393,1243
9341,18.69276098170842,1222
9342,18.69476213372445,1214
9343,18.696763285740474,1217
9344,18.698764437756502,1221
9345,18.70076558977253,1220
9346,18.702766741788555,1219
9347,18.704767893804583,1221
9348,18.70676904582061,1224
9349,18.708770197836635,1223
9350,18.710771349852664,1215
9351,18.71277250186869,1203
9352,18.714773653884716,1202
9353,18.716774805900744,1216
9354,18.718775957916773,1229
9355,18.7207771099328,1228
9356,18.722778261948825,1219
9357,18.724779413964853,1210
9358,18.72678056598088,1198
9359,18.728781717996906,1183
9360,18.730782870012934,1172
9361,18.732784022028962,1172
9362,18.734785174044987,1175
9363,18.736786326061015,1170
9364,18.738787478077043,1158
9365,18.740788630093068,1152
9366,18.742789782109096,1160
9367,18.744790934125124,1178
9368,18.74679208614115,1192
9369,18.748793238157177,1194
9370,18.750794390173205,1195
9371,18.752795542189233,1202
9372,18.754796694205258,1206
9373,18.756797846221286,1203
9374,18.758798998237314,1195
9375,18.76080015025334,1188
9376,18.762801302269366,1182
9377,18.764802454285395,1181
9378,18.76680360630142,1186
9379,18.768804758317447,1198
9380,18.770805910333475,1212
9381,18.7728070623495,1227
9382,18.774808214365528,1239
9383,18.776809366381556,1243
9384,18.77881051839758,1240
9385,18.78081167041361,1237
9386,18.782812822429637,1228
9387,18.784813974445665,1214
9388,18.78681512646169,1206
9389,18.788816278477718,1212
9390,18.790817430493746,1220
9391,18.79281858250977,1217
9392,18.7948197345258,1206
9393,18.796820886541827,1207
9394,18.79882203855785,1220
9395,18.80082319057388,1231
9396,18.802824342589908,1226
9397,18.804825494605932,1210
9398,18.80682664662196,1198
9399,18.80882779863799,1199
9400,18.810828950654017,1204
9401,18.81283010267004,1198
9402,18.81483125468607,1182
9403,18.816832406702098,1169
9404,18.818833558718122,1173
9405,18.82083471073415,1192
9406,18.82283586275018,1211
9407,18.824837014766203,1212
9408,18.82683816678223,1200
9409,18.82883931879826,1190
9410,18.830840470814284,1197
9411,18.832841622830312,1214
9412,18.83484277484634,1219
9413,18.836843926862365,1211
9414,18.838845078878393,1215
9415,18.84084623089442,1236
9416,18.84284738291045,1247
9417,18.844848534926474,1231
9418,18.8468496869425,1212
9419,18.84885083895853,1214
9420,18.850851990974554,1228
9421,18.852853142990583,1231
9422,18.85485429500661,1216
9423,18.856855447022635,1200
9424,18.858856599038663,1201
9425,18.86085775105469,1210
9426,18.862858903070716,1213
9427,18.864860055086744,1209
9428,18.866861207102772,1209
9429,18.868862359118797,1215
9430,18.870863511134825,1219
9431,18.872864663150853,1220
9432,18.87486581516688,1225
9433,18.876866967182906,1233
9434,18.878868119198934,1231
9435,18.880869271214962,1222
9436,18.882870423230987,1217
9437,18.884871575247015,1218
9438,18.886872727263043,1215
9439,18.888873879279068,1204
9440,18.890875031295096,1195
9441,18.892876183311124,1199
9442,18.89487733532715,1211
9443,18.896878487343177,1216
9444,18.898879639359205,1204
9445,18.90088079137523,1179
9446,18.902881943391257,1158
9447,18.904883095407286,1155
9448,18.906884247423314,1164
9449,18.908885399439338,1177
9450,18.910886551455366,1185
9451,18.912887703471394,1187
9452,18.91488885548742,1184
9453,18.916890007503447,1181
9454,18.918891159519475,1178
9455,18.9208923115355,1177
9456,18.922893463551528,1179
9457,18.924894615567556,1183
9458,18.92689576758358,1186
9459,18.92889691959961,1192
9460,18.930898071615637,1198
9461,18.932899223631665,1195
9462,18.93490037564769,1187
9463,18.936901527663718,1182
9464,18.938902679679746,1184
9465,18.94090383169577,1188
9466,18.9429049837118,1193
9467,18.944906135727827,1197
9468,18.94690728774385,1198
9469,18.94890843975988,1193
9470,18.950909591775908,1181
9471,18.952910743791932,1171
9472,18.95491189580796,1172
9473,18.95691304782399,1185
9474,18.958914199840013,1197
9475,18.96091535185604,1196
9476,18.96291650387207,1188
9477,18.964917655888097,1186
9478,18.966918807904122,1195
9479,18.96891995992015,1202
9480,18.97092111193618,1196
9481,18.972922263952203,1176
9482,18.97492341596823,1161
9483,18.97692456798426,1161
9484,18.978925720000284,1168
9485,18.980926872016312,1173
9486,18.98292802403234,1176
9487,18.984929176048364,1175
9488,18.986930328064393,1175
9489,18.98893148008042,1180
9490,18.990932632096445,1189
9491,18.992933784112473,1191
9492,18.9949349361285,1189
9493,18.99693608814453,1188
9494,18.998937240160554,1192
9495,19.000938392176582,1196
9496,19.00293954419261,1195
9497,19.004940696208635,1192
9498,19.006941848224663,1188
9499,19.00894300024069,1186
9500,19.010944152256716,1186
9501,19.012945304272744,1181
9502,19.014946456288772,1169
9503,19.016947608304797,1162
9504,19.018948760320825,1168
9505,19.020949912336853,1179
9506,19.022951064352878,1189
9507,19.024952216368906,1190
9508,19.026953368384934,1183
9509,19.028954520400962,1176
9510,19.030955672416987,1184
9511,19.032956824433015,1202
9512,19.034957976449043,1215
9513,19.036959128465067,1209
9514,19.038960280481096,1192
9515,19.040961432497124,1181
9516,19.04296258451315,1180
9517,19.044963736529176,1186
9518,19.046964888545205,1198
9519,19.04896604056123,1211
9520,19.050967192577257,1209
9521,19.052968344593285,1188
9522,19.054969496609313,1168
9523,19.056970648625338,1165
9524,19.058971800641366,1181
9525,19.060972952657394,1198
9526,19.06297410467342,1203
9527,19.064975256689447,1196
9528,19.066976408705475,1183
9529,19.0689775607215,1171
9530,19.070978712737528,1165
9531,19.072979864753556,1168
9532,19.07498101676958,1178
9533,19.07698216878561,1182
9534,19.078983320801637,1175
9535,19.08098447281766,1160
9536,19.08298562483369,1144
9537,19.084986776849718,1138
9538,19.086987928865746,1143
9539,19.08898908088177,1153
9540,19.0909902328978,1159
9541,19.092991384913827,1163
9542,19.09499253692985,1165
9543,19.09699368894588,1162
9544,19.098994840961907,1153
9545,19.100995992977932,1140
9546,19.10299714499396,1135
9547,19.10499829700999,1141
9548,19.106999449026013,1145
9549,19.10900060104204,1138
9550,19.11100175305807,1134
9551,19.113002905074094,1145
9552,19.115004057090122,1163
9553,19.11700520910615,1175
9554,19.119006361122178,1182
9555,19.121007513138203,1189
9556,19.12300866515423,1189
9557,19.12500981717026,1178
9558,19.127010969186284,1167
9559,19.12901212120231,1164
9560,19.13101327321834,1168
9561,19.133014425234364,1172
9562,19.135015577250392,1176
9563,19.13701672926642,1172
9564,19.139017881282445,1161
9565,19.141019033298473,1154
9566,19.1430201853145,1160
9567,19.145021337330526,1173
9568,19.147022489346554,1183
9569,19.149023641362582,1184
9570,19.15102479337861,1180
9571,19.153025945394635,1182
9572,19.155027097410663,1189
9573,19.15702824942669,1192
9574,19.159029401442716,1187
9575,19.161030553458744,1178
9576,19.163031705474772,1177
9577,19.165032857490797,1183
9578,19.167034009506825,1185
9579,19.169035161522853,1180
9580,19.171036313538877,1179
9581,19.173037465554906,1187
9582,19.175038617570934,1200
9583,19.177039769586962,1208
9584,19.179040921602986,1213
9585,19.181042073619015,1214
9586,19.183043225635043,1213
9587,19.185044377651067,1213
9588,19.187045529667095,1211
9589,19.189046681683124,1208
9590,19.191047833699148,1214
9591,19.193048985715176,1230
9592,19.195050137731204,1243
9593,19.19705128974723,1234
9594,19.199052441763257,1211
9595,19.201053593779285,1204
9596,19.20305474579531,1222
9597,19.205055897811338,1241
9598,19.207057049827366,1240
9599,19.209058201843394,1223
9600,19.21105935385942,1206
9601,19.213060505875447,1196
9602,19.215061657891475,1191
9603,19.2170628099075,1193
9604,19.219063961923528,1197
9605,19.221065113939556,1202
9606,19.22306626595558,1213
9607,19.22506741797161,1235
9608,19.227068569987637,1254
9609,19.22906972200366,1254
9610,19.23107087401969,1234
9611,19.233072026035718,1213
9612,19.235073178051742,1205
9613,19.23707433006777,1211
9614,19.2390754820838,1224
9615,19.241076634099826,1230
9616,19.24307778611585,1224
9617,19.24507893813188,1214
9618,19.247080090147907,1211
9619,19.249081242163932,1217
9620,19.25108239417996,1222
9621,19.253083546195988,1218
9622,19.255084698212013,1209
9623,19.25708585022804,1206
9624,19.25908700224407,1207
9625,19.261088154260094,1210
9626,19.26308930627612,1211
9627,19.26509045829215,1211
9628,19.267091610308178,1208
9629,19.269092762324203,1201
9630,19.27109391434023,1193
9631,19.27309506635626,1194
9632,19.275096218372283,1204
9633,19.27709737038831,1215
9634,19.27909852240434,1219
9635,19.281099674420364,1215
9636,19.283100826436392,1203
9637,19.28510197845242,1187
9638,19.287103130468445,1172
9639,19.289104282484473,1169
9640,19.2911054345005,1179
9641,19.293106586516526,1190
9642,19.295107738532554,1192
9643,19.297108890548582,1185
9644,19.29911004256461,1176
9645,19.301111194580635,1170
9646,19.303112346596663,1169
9647,19.30511349861269,1172
9648,19.307114650628716,1178
9649,19.309115802644744,1184
9650,19.311116954660772,1185
9651,19.313118106676797,1177
9652,19.315119258692825,1166
9653,19.317120410708853,1160
9654,19.319121562724877,1164
9655,19.321122714740905,1173
9656,19.323123866756934,1180
9657,19.325125018772958,1182
9658,19.327126170788986,1184
9659,19.329127322805014,1188
9660,19.331128474821043,1189
9661,19.333129626837067,1188
9662,19.335130778853095,1187
9663,19.337131930869123,1189
9664,19.339133082885148,1199
9665,19.341134234901176,1210
9666,19.343135386917204,1209
9667,19.34513653893323,1195
9668,19.347137690949257,1184
9669,19.349138842965285,1188
9670,19.35113999498131,1203
9671,19.353141146997338,1214
9672,19.355142299013366,1219
9673,19.35714345102939,1221
9674,19.35914460304542,1217
9675,19.361145755061447,1206
9676,19.363146907077475,1193
9677,19.3651480590935,1184
9678,19.367149211109528,1180
9679,19.369150363125556,1183
9680,19.37115151514158,1195
9681,19.37315266715761,1205
9682,19.375153819173637,1197
9683,19.37715497118966,1178
9684,19.37915612320569,1168
9685,19.381157275221717,1170
9686,19.383158427237742,1171
9687,19.38515957925377,1170
9688,19.387160731269798,1175
9689,19.389161883285826,1184
9690,19.39116303530185,1187
9691,19.39316418731788,1172
9692,19.395165339333907,1143
9693,19.39716649134993,1124
9694,19.39916764336596,1127
9695,19.401168795381988,1145
9696,19.403169947398013,1164
9697,19.40517109941404,1175
9698,19.40717225143007,1173
9699,19.409173403446093,1167
9700,19.41117455546212,1172
9701,19.41317570747815,1192
9702,19.415176859494174,1216
9703,19.417178011510202,1229
9704,19.41917916352623,1232
9705,19.42118031554226,1237
9706,19.423181467558283,1245
9707,19.42518261957431,1244
9708,19.42718377159034,1226
9709,19.429184923606364,1200
9710,19.431186075622392,1185
9711,19.43318722763842,1187
9712,19.435188379654445,1201
9713,19.437189531670473,1215
9714,19.4391906836865,1218
9715,19.441191835702526,1204
9716,19.443192987718554,1185
9717,19.445194139734582,1177
9718,19.447195291750607,1184
9719,19.449196443766635,1198
9720,19.451197595782663,1208
9721,19.45319874779869,1211
9722,19.455199899814716,1212
9723,19.457201051830744,1210
9724,19.459202203846772,1199
9725,19.461203355862796,1186
9726,19.463204507878825,1183
9727,19.465205659894853,1192
9728,19.467206811910877,1199
9729,19.469207963926905,1189
9730,19.471209115942933,1169
9731,19.473210267958958,1154
9732,19.475211419974986,1154
9733,19.477212571991014,1165
9734,19.47921372400704,1176
9735,19.481214876023067,1174
9736,19.483216028039095,1165
9737,19.485217180055123,1160
9738,19.487218332071148,1166
9739,19.489219484087176,1179
9740,19.491220636103204,1192
9741,19.49322178811923,1198
9742,19.495222940135257,1196
9743,19.497224092151285,1192
9744,19.49922524416731,1186
9745,19.501226396183338,1182
9746,19.503227548199366,1180
9747,19.50522870021539,1182
9748,19.50722985223142,1188
9749,19.509231004247447,1190
9750,19.511232156263475,1185
9751,19.5132333082795,1177
9752,19.515234460295527,1173
9753,19.517235612311556,1173
9754,19.51923676432758,1176
9755,19.52123791634361,1181
9756,19.523239068359636,1185
9757,19.52524022037566,1186
9758,19.52724137239169,1188
9759,19.529242524407717,1193
9760,19.531243676423742,1196
9761,19.53324482843977,1192
9762,19.535245980455798,1185
9763,19.537247132471823,1181
9764,19.53924828448785,1180
9765,19.54124943650388,1182
9766,19.543250588519907,1189
9767,19.54525174053593,1192
9768,19.54725289255196,1188
9769,19.549254044567988,1187
9770,19.551255196584012,1195
9771,19.55325634860004,1200
9772,19.55525750061607,1187
9773,19.557258652632093,1159
9774,19.55925980464812,1139
9775,19.56126095666415,1147
9776,19.563262108680174,1178
9777,19.565263260696202,1197
9778,19.56726441271223,1185
9779,19.569265564728255,1163
9780,19.571266716744283,1161
9781,19.57326786876031,1177
9782,19.57526902077634,1187
9783,19.577270172792364,1184
9784,19.579271324808392,1177
9785,19.58127247682442,1171
9786,19.583273628840445,1167
9787,19.585274780856473,1160
9788,19.5872759328725,1151
9789,19.589277084888526,1143
9790,19.591278236904554,1147
9791,19.593279388920582,1161
9792,19.595280540936606,1174
9793,19.597281692952635,1179
9794,19.599282844968663,1177
9795,19.601283996984687,1176
9796,19.603285149000715,1173
9797,19.605286301016744,1168
9798,19.60728745303277,1165
9799,19.609288605048796,1170
9800,19.611289757064824,1177
9801,19.613290909080852,1177
9802,19.615292061096877,1168
9803,19.617293213112905,1161
9804,19.619294365128933,1169
9805,19.621295517144958,1192
9806,19.623296669160986,1211
9807,19.625297821177014,1209
9808,19.62729897319304,1191
9809,19.629300125209067,1174
9810,19.631301277225095,1168
9811,19.633302429241123,1176
9812,19.635303581257148,1183
9813,19.637304733273176,1182
9814,19.639305885289204,1175
9815,19.64130703730523,1171
9816,19.643308189321257,1172
9817,19.645309341337285,1176
9818,19.64731049335331,1181
9819,19.649311645369337,1185
9820,19.651312797385366,1187
9821,19.65331394940139,1178
9822,19.65531510141742,1162
9823,19.657316253433446,1153
9824,19.65931740544947,1160
9825,19.6613185574655,1172
9826,19.663319709481527,1169
9827,19.665320861497555,1154
9828,19.66732201351358,1149
9829,19.669323165529608,1157
9830,19.671324317545636,1164
9831,19.67332546956166,1165
9832,19.67532662157769,1169
9833,19.677327773593717,1179
9834,19.67932892560974,1193
9835,19.68133007762577,1202
9836,19.683331229641798,1207
9837,19.685332381657823,1213
9838,19.68733353367385,1218
9839,19.68933468568988,1220
9840,19.691335837705903,1218
9841,19.69333698972193,1221
9842,19.69533814173796,1228
9843,19.697339293753988,1235
9844,19.699340445770012,1241
9845,19.70134159778604,1243
9846,19.70334274980207,1240
9847,19.705343901818093,1234
9848,19.70734505383412,1236
9849,19.70934620585015,1248
9850,19.711347357866174,1252
9851,19.713348509882202,1239
9852,19.71534966189823,1220
9853,19.717350813914255,1206
9854,19.719351965930283,1203
9855,19.72135311794631,1205
9856,19.723354269962336,1203
9857,19.725355421978364,1196
9858,19.727356573994392,1195
9859,19.72935772601042,1206
9860,19.731358878026445,1213
9861,19.733360030042473,1207
9862,19.7353611820585,1204
9863,19.737362334074525,1214
9864,19.739363486090554,1226
9865,19.74136463810658,1221
9866,19.743365790122606,1202
9867,19.745366942138634,1189
9868,19.747368094154663,1191
9869,19.749369246170687,1201
9870,19.751370398186715,1207
9871,19.753371550202743,1206
9872,19.75537270221877,1203
9873,19.757373854234796,1209
9874,19.759375006250824,1217
9875,19.761376158266852,1214
9876,19.763377310282877,1196
9877,19.765378462298905,1182
9878,19.767379614314933,1191
9879,19.769380766330958,1217
9880,19.771381918346986,1232
9881,19.773383070363014,1225
9882,19.77538422237904,1212
9883,19.777385374395067,1208
9884,19.779386526411095,1211
9885,19.78138767842712,1218
9886,19.783388830443148,1227
9887,19.785389982459176,1231
9888,19.787391134475204,1229
9889,19.78939228649123,1224
9890,19.791393438507257,1213
9891,19.793394590523285,1195
9892,19.79539574253931,1180
9893,19.797396894555337,1178
9894,19.799398046571365,1188
9895,19.80139919858739,1198
9896,19.803400350603418,1204
9897,19.805401502619446,1204
9898,19.80740265463547,1198
9899,19.8094038066515,1186
9900,19.811404958667527,1184
9901,19.81340611068355,1199
9902,19.81540726269958,1216
9903,19.817408414715608,1217
9904,19.819409566731636,1208
9905,19.82141071874766,1202
9906,19.82341187076369,1205
9907,19.825413022779717,1212
9908,19.82741417479574,1216
9909,19.82941532681177,1215
9910,19.831416478827798,1211
9911,19.833417630843822,1206
9912,19.83541878285985,1202
9913,19.83741993487588,1206
9914,19.839421086891903,1216
9915,19.84142223890793,1223
9916,19.84342339092396,1212
9917,19.845424542939984,1184
9918,19.847425694956012,1158
9919,19.84942684697204,1151
9920,19.85142799898807,1157
9921,19.853429151004093,1163
9922,19.85543030302012,1171
9923,19.85743145503615,1181
9924,19.859432607052174,1189
9925,19.861433759068202,1189
9926,19.86343491108423,1182
9927,19.865436063100255,1177
9928,19.867437215116283,1184
9929,19.86943836713231,1204
9930,19.871439519148336,1220
9931,19.873440671164364,1214
9932,19.87544182318039,1192
9933,19.87744297519642,1173
9934,19.879444127212444,1168
9935,19.881445279228473,1175
9936,19.8834464312445,1184
9937,19.885447583260525,1184
9938,19.887448735276553,1172
9939,19.88944988729258,1161
9940,19.891451039308606,1161
9941,19.893452191324634,1169
9942,19.895453343340662,1173
9943,19.897454495356687,1171
9944,19.899455647372715,1168
9945,19.901456799388743,1175
9946,19.903457951404768,1186
9947,19.905459103420796,1188
9948,19.907460255436824,1186
9949,19.909461407452852,1186
9950,19.911462559468877,1185
9951,19.913463711484905,1174
9952,19.915464863500933,1161
9953,19.917466015516958,1162
9954,19.919467167532986,1176
9955,19.921468319549014,1182
9956,19.92346947156504,1173
9957,19.925470623581067,1165
9958,19.927471775597095,1176
9959,19.92947292761312,1195
9960,19.931474079629147,1204
9961,19.933475231645176,1202
9962,19.9354763836612,1203
9963,19.93747753567723,1217
9964,19.939478687693256,1232
9965,19.941479839709285,1236
9966,19.94348099172531,1227
9967,19.945482143741337,1226
9968,19.947483295757365,1239
9969,19.94948444777339,1246
9970,19.951485599789418,1231
9971,19.953486751805446,1208
9972,19.95548790382147,1197
9973,19.9574890558375,1199
9974,19.959490207853527,1197
9975,19.96149135986955,1190
9976,19.96349251188558,1187
9977,19.965493663901608,1196
9978,19.967494815917632,1210
9979,19.96949596793366,1216
9980,19.97149711994969,1210
9981,19.973498271965717,1200
9982,19.97549942398174,1198
9983,19.97750057599777,1203
9984,19.979501728013798,1210
9985,19.981502880029822,1212
9986,19.98350403204585,1209
9987,19.98550518406188,1202
9988,19.987506336077903,1196
9989,19.98950748809393,1199
9990,19.99150864010996,1209
9991,19.993509792125984,1220
9992,19.995510944142012,1227
9993,19.99751209615804,1229
9994,19.99951324817407,1222
9995,20.001514400190093,1211
9996,20.00351555220612,1203
9997,20.00551670422215,1202
9998,20.007517856238174,1206
9999,20.009519008254202,1213
10000,20.01152016027023,1218
10001,20.013521312286255,1217
10002,20.015522464302283,1212
10003,20.01752361631831,1209
10004,20.019524768334335,1213
10005,20.021525920350363,1219
10006,20.02352707236639,1217
10007,20.025528224382416,1201
10008,20.027529376398444,1183
10009,20.029530528414472,1177
10010,20.0315316804305,1186
10011,20.033532832446525,1205
10012,20.035533984462553,1227
10013,20.03753513647858,1243
10014,20.039536288494606,1240
10015,20.041537440510634,1223
10016,20.043538592526662,1209
10017,20.045539744542687,1210
10018,20.047540896558715,1220
10019,20.049542048574743,1226
10020,20.051543200590768,1217
10021,20.053544352606796,1194
10022,20.055545504622824,1173
10023,20.05754665663885,1165
10024,20.059547808654877,1172
10025,20.061548960670905,1189
10026,20.063550112686933,1207
10027,20.065551264702957,1213
10028,20.067552416718986,1206
10029,20.069553568735014,1195
10030,20.07155472075104,1189
10031,20.073555872767066,1188
10032,20.075557024783095,1192
10033,20.07755817679912,1199
10034,20.079559328815147,1201
10035,20.081560480831175,1195
10036,20.0835616328472,1189
10037,20.085562784863228,1186
10038,20.087563936879256,1180
10039,20.089565088895284,1169
10040,20.09156624091131,1162
10041,20.093567392927337,1166
10042,20.095568544943365,1176
10043,20.09756969695939,1181
10044,20.099570848975418,1178
10045,20.101572000991446,1169
10046,20.10357315300747,1163
10047,20.1055743050235,1162
10048,20.107575457039527,1161
10049,20.10957660905555,1153
10050,20.11157776107158,1146
10051,20.113578913087608,1146
10052,20.115580065103632,1154
10053,20.11758121711966,1160
10054,20.11958236913569,1158
10055,20.121583521151717,1152
10056,20.12358467316774,1148
10057,20.12558582518377,1150
10058,20.127586977199798,1160
10059,20.129588129215822,1175
10060,20.13158928123185,1186
10061,20.13359043324788,1187
10062,20.135591585263903,1182
10063,20.13759273727993,1182
10064,20.13959388929596,1192
10065,20.141595041311984,1201
10066,20.143596193328012,1204
10067,20.14559734534404,1200
10068,20.147598497360065,1195
10069,20.149599649376093,1195
10070,20.15160080139212,1208
10071,20.15360195340815,1226
10072,20.155603105424174,1230
10073,20.1576042574402,1219
10074,20.15960540945623,1209
10075,20.161606561472254,1210
10076,20.163607713488283,1213
10077,20.16560886550431,1211
10078,20.167610017520335,1209
10079,20.169611169536363,1207
10080,20.17161232155239,1207
10081,20.173613473568416,1211
10082,20.175614625584444,1214
10083,20.177615777600472,1207
10084,20.179616929616497,1197
10085,20.181618081632525,1197
10086,20.183619233648553,1209
10087,20.18562038566458,1220
10088,20.187621537680606,1226
10089,20.189622689696634,1222
10090,20.191623841712662,1208
10091,20.193624993728687,1189
10092,20.195626145744715,1177
10093,20.197627297760743,1183
10094,20.199628449776768,1203
10095,20.201629601792796,1216
10096,20.203630753808824,1207
10097,20.20563190582485,1187
10098,20.207633057840876,1179
10099,20.209634209856905,1191
10100,20.211635361872933,1209
10101,20.213636513888957,1216
10102,20.215637665904985,1210
10103,20.217638817921014,1202
10104,20.219639969937038,1206
10105,20.221641121953066,1216
10106,20.223642273969094,1217
10107,20.22564342598512,1209
10108,20.227644578001147,1198
10109,20.229645730017175,1185
10110,20.2316468820332,1176
10111,20.233648034049228,1175
10112,20.235649186065256,1178
10113,20.23765033808128,1178
10114,20.23965149009731,1170
10115,20.241652642113337,1159
10116,20.243653794129365,1155
10117,20.24565494614539,1163
10118,20.247656098161418,1179
10119,20.249657250177446,1190
10120,20.25165840219347,1186
10121,20.2536595542095,1173
10122,20.255660706225527,1161
10123,20.25766185824155,1155
10124,20.25966301025758,1153
10125,20.261664162273608,1153
10126,20.263665314289632,1152
10127,20.26566646630566,1154
10128,20.26766761832169,1163
10129,20.269668770337713,1175
10130,20.27166992235374,1183
10131,20.27367107436977,1185
10132,20.275672226385797,1185
10133,20.277673378401822,1185
10134,20.27967453041785,1183
10135,20.281675682433878,1177
10136,20.283676834449903,1170
10137,20.28567798646593,1163
10138,20.28767913848196,1159
10139,20.289680290497984,1163
10140,20.29168144251401,1174
10141,20.29368259453004,1183
10142,20.295683746546064,1183
10143,20.297684898562093,1175
10144,20.29968605057812,1173
10145,20.301687202594145,1184
10146,20.303688354610173,1200
10147,20.3056895066262,1202
10148,20.30769065864223,1188
10149,20.309691810658254,1177
10150,20.311692962674282,1182
10151,20.31369411469031,1193
10152,20.315695266706335,1192
10153,20.317696418722363,1181
10154,20.31969757073839,1176
10155,20.321698722754416,1185
10156,20.323699874770444,1193
10157,20.325701026786472,1189
10158,20.327702178802497,1185
10159,20.329703330818525,1188
10160,20.331704482834553,1191
10161,20.33370563485058,1186
10162,20.335706786866606,1177
10163,20.337707938882634,1172
10164,20.339709090898662,1175
10165,20.341710242914687,1179
10166,20.343711394930715,1182
10167,20.345712546946743,1181
10168,20.347713698962767,1179
10169,20.349714850978796,1183
10170,20.351716002994824,1188
10171,20.353717155010848,1189
10172,20.355718307026876,1185
10173,20.357719459042904,1189
10174,20.35972061105893,1204
10175,20.361721763074957,1216
10176,20.363722915090985,1215
10177,20.365724067107013,1208
10178,20.367725219123038,1209
10179,20.369726371139066,1220
10180,20.371727523155094,1229
10181,20.37372867517112,1223
10182,20.375729827187147,1207
10183,20.377730979203175,1200
10184,20.3797321312192,1210
10185,20.381733283235228,1227
10186,20.383734435251256,1234
10187,20.38573558726728,1228
10188,20.38773673928331,1222
10189,20.389737891299337,1225
10190,20.39173904331536,1230
10191,20.39374019533139,1228
10192,20.395741347347418,1215
10193,20.397742499363446,1199
10194,20.39974365137947,1194
10195,20.4017448033955,1201
10196,20.403745955411527,1205
10197,20.40574710742755,1196
10198,20.40774825944358,1188
10199,20.409749411459607,1193
10200,20.411750563475632,1204
10201,20.41375171549166,1203
10202,20.41575286750769,1192
10203,20.417754019523713,1178
10204,20.41975517153974,1169
10205,20.42175632355577,1172
10206,20.423757475571794,1182
10207,20.425758627587822,1186
10208,20.42775977960385,1176
10209,20.429760931619878,1160
10210,20.431762083635903,1148
10211,20.43376323565193,1144
10212,20.43576438766796,1149
10213,20.437765539683983,1162
10214,20.43976669170001,1177
10215,20.44176784371604,1181
10216,20.443768995732064,1176
10217,20.445770147748092,1176
10218,20.44777129976412,1181
10219,20.449772451780145,1187
10220,20.451773603796173,1194
10221,20.4537747558122,1206
10222,20.45577590782823,1220
10223,20.457777059844254,1225
10224,20.459778211860282,1213
10225,20.46177936387631,1189
10226,20.463780515892335,1175
10227,20.465781667908363,1180
10228,20.46778281992439,1187
10229,20.469783971940416,1183
10230,20.471785123956444,1179
10231,20.473786275972472,1184
10232,20.475787427988497,1193
10233,20.477788580004525,1201
10234,20.479789732020553,1209
10235,20.481790884036577,1217
10236,20.483792036052606,1219
10237,20.485793188068634,1214
10238,20.487794340084662,1200
10239,20.489795492100686,1189
10240,20.491796644116715,1187
10241,20.493797796132743,1195
10242,20.495798948148767,1203
10243,20.497800100164795,1205
10244,20.499801252180823,1206
10245,20.501802404196848,1208
10246,20.503803556212876,1205
10247,20.505804708228904,1199
10248,20.50780586024493,1193
10249,20.509807012260957,1195
10250,20.511808164276985,1204
10251,20.51380931629301,1209
10252,20.515810468309038,1202
10253,20.517811620325066,1192
10254,20.519812772341094,1191
10255,20.52181392435712,1193
10256,20.523815076373147,1190
10257,20.525816228389175,1184
10258,20.5278173804052,1184
10259,20.529818532421228,1195
10260,20.531819684437256,1208
10261,20.53382083645328,1206
10262,20.53582198846931,1195
10263,20.537823140485337,1192
10264,20.53982429250136,1195
10265,20.54182544451739,1193
10266,20.543826596533417,1187
10267,20.545827748549442,1188
10268,20.54782890056547,1196
10269,20.5498300525815,1201
10270,20.551831204597526,1198
10271,20.55383235661355,1194
10272,20.55583350862958,1191
10273,20.557834660645607,1190
10274,20.559835812661632,1190
10275,20.56183696467766,1187
10276,20.563838116693688,1180
10277,20.565839268709713,1180
10278,20.56784042072574,1191
10279,20.56984157274177,1199
10280,20.571842724757794,1190
10281,20.57384387677382,1174
10282,20.57584502878985,1169
10283,20.577846180805878,1176
10284,20.579847332821902,1182
10285,20.58184848483793,1183
10286,20.58384963685396,1186
10287,20.585850788869983,1190
10288,20.58785194088601,1186
10289,20.58985309290204,1175
10290,20.591854244918064,1167
10291,20.593855396934092,1165
10292,20.59585654895012,1162
10293,20.597857700966145,1155
10294,20.599858852982173,1151
10295,20.6018600049982,1156
10296,20.603861157014226,1164
10297,20.605862309030254,1168
10298,20.607863461046282,1167
10299,20.60986461306231,1168
10300,20.611865765078335,1171
10301,20.613866917094363,1173
10302,20.61586806911039,1169
10303,20.617869221126416,1163
10304,20.619870373142444,1159
10305,20.621871525158472,1159
10306,20.623872677174496,1167
10307,20.625873829190525,1176
10308,20.627874981206553,1176
10309,20.629876133222577,1171
10310,20.631877285238605,1167
10311,20.633878437254634,1167
10312,20.635879589270658,1169
10313,20.637880741286686,1175
10314,20.639881893302714,1183
10315,20.641883045318743,1189
10316,20.643884197334767,1193
10317,20.645885349350795,1194
10318,20.647886501366823,1191
10319,20.649887653382848,1183
10320,20.651888805398876,1178
10321,20.653889957414904,1179
10322,20.65589110943093,1185
10323,20.657892261446957,1197
10324,20.659893413462985,1211
10325,20.66189456547901,1213
10326,20.663895717495038,1200
10327,20.665896869511066,1182
10328,20.66789802152709,1175
10329,20.66989917354312,1183
10330,20.671900325559147,1191
10331,20.673901477575175,1191
10332,20.6759026295912,1192
10333,20.677903781607228,1195
10334,20.679904933623256,1194
10335,20.68190608563928,1182
10336,20.68390723765531,1171
10337,20.685908389671336,1170
10338,20.68790954168736,1172
10339,20.68991069370339,1171
10340,20.691911845719417,1174
10341,20.693912997735442,1185
10342,20.69591414975147,1189
10343,20.697915301767498,1184
10344,20.699916453783526,1183
10345,20.70191760579955,1191
10346,20.70391875781558,1196
10347,20.705919909831607,1189
10348,20.70792106184763,1178
10349,20.70992221386366,1178
10350,20.711923365879688,1188
10351,20.713924517895713,1192
10352,20.71592566991174,1187
10353,20.71792682192777,1177
10354,20.719927973943793,1171
10355,20.72192912595982,1169
10356,20.72393027797585,1170
10357,20.725931429991874,1174
10358,20.727932582007902,1184
10359,20.72993373402393,1200
10360,20.73193488603996,1205
10361,20.733936038055983,1190
10362,20.73593719007201,1167
10363,20.73793834208804,1159
10364,20.739939494104064,1170
10365,20.741940646120092,1182
10366,20.74394179813612,1179
10367,20.745942950152145,1163
10368,20.747944102168173,1155
10369,20.7499452541842,1166
10370,20.751946406200226,1184
10371,20.753947558216254,1187
10372,20.755948710232282,1170
10373,20.757949862248307,1149
10374,20.759951014264335,1145
10375,20.761952166280363,1152
10376,20.76395331829639,1156
10377,20.765954470312415,1153
10378,20.767955622328444,1150
10379,20.76995677434447,1148
10380,20.771957926360496,1148
10381,20.773959078376524,1155
10382,20.775960230392553,1168
10383,20.777961382408577,1178
10384,20.779962534424605,1180
10385,20.781963686440633,1173
10386,20.783964838456658,1170
10387,20.785965990472686,1175
10388,20.787967142488714,1183
10389,20.78996829450474,1186
10390,20.791969446520767,1185
10391,20.793970598536795,1187
10392,20.795971750552823,1183
10393,20.797972902568848,1166
10394,20.799974054584876,1147
10395,20.801975206600904,1145
10396,20.80397635861693,1154
10397,20.805977510632957,1151
10398,20.807978662648985,1135
10399,20.80997981466501,1124
10400,20.811980966681038,1127
10401,20.813982118697066,1138
10402,20.81598327071309,1151
10403,20.81798442272912,1165
10404,20.819985574745147,1178
10405,20.821986726761175,1189
10406,20.8239878787772,1203
10407,20.825989030793227,1215
10408,20.827990182809256,1220
10409,20.82999133482528,1223
10410,20.831992486841308,1226
10411,20.833993638857336,1224
10412,20.83599479087336,1211
10413,20.83799594288939,1193
10414,20.839997094905417,1179
10415,20.84199824692144,1172
10416,20.84399939893747,1173
10417,20.846000550953498,1181
10418,20.848001702969523,1187
10419,20.85000285498555,1186
10420,20.85200400700158,1180
10421,20.854005159017607,1175
10422,20.85600631103363,1172
10423,20.85800746304966,1174
10424,20.860008615065688,1175
10425,20.862009767081712,1170
10426,20.86401091909774,1160
10427,20.86601207111377,1154
10428,20.868013223129793,1151
10429,20.87001437514582,1148
10430,20.87201552716185,1148
10431,20.874016679177874,1152
10432,20.876017831193902,1157
10433,20.87801898320993,1163
10434,20.880020135225955,1168
10435,20.882021287241983,1170
10436,20.88402243925801,1169
10437,20.88602359127404,1172
10438,20.888024743290064,1180
10439,20.890025895306092,1184
10440,20.89202704732212,1181
10441,20.894028199338145,1177
10442,20.896029351354173,1176
10443,20.8980305033702,1180
10444,20.900031655386226,1189
10445,20.902032807402254,1201
10446,20.904033959418282,1210
10447,20.906035111434306,1211
10448,20.908036263450335,1208
10449,20.910037415466363,1208
10450,20.91203856748239,1210
10451,20.914039719498415,1204
10452,20.916040871514443,1191
10453,20.91804202353047,1184
10454,20.920043175546496,1193
10455,20.922044327562524,1207
10456,20.924045479578552,1207
10457,20.926046631594577,1191
10458,20.928047783610605,1178
10459,20.930048935626633,1182
10460,20.932050087642658,1197
10461,20.934051239658686,1205
10462,20.936052391674714,1198
10463,20.93805354369074,1191
10464,20.940054695706767,1193
10465,20.942055847722795,1198
10466,20.944056999738823,1198
10467,20.946058151754848,1196
10468,20.948059303770876,1198
10469,20.950060455786904,1204
10470,20.95206160780293,1209
10471,20.954062759818957,1212
10472,20.956063911834985,1223
10473,20.95806506385101,1239
10474,20.960066215867037,1243
10475,20.962067367883066,1220
10476,20.96406851989909,1181
10477,20.96606967191512,1156
10478,20.968070823931146,1161
10479,20.97007197594717,1182
10480,20.9720731279632,1194
10481,20.974074279979227,1192
10482,20.976075431995255,1185
10483,20.97807658401128,1181
10484,20.980077736027308,1186
10485,20.982078888043336,1201
10486,20.98408004005936,1212
10487,20.98608119207539,1216
10488,20.988082344091417,1221
10489,20.99008349610744,1228
10490,20.99208464812347,1224
10491,20.994085800139498,1211
10492,20.996086952155522,1206
10493,20.99808810417155,1214
10494,21.00008925618758,1224
10495,21.002090408203603,1225
10496,21.00409156021963,1217
10497,21.00609271223566,1206
10498,21.008093864251688,1201
10499,21.010095016267712,1209
10500,21.01209616828374,1222
10501,21.01409732029977,1227
10502,21.016098472315793,1219
10503,21.01809962433182,1206
10504,21.02010077634785,1192
10505,21.022101928363874,1189
10506,21.024103080379902,1198
10507,21.02610423239593,1202
10508,21.028105384411955,1194
10509,21.030106536427983,1186
10510,21.03210768844401,1189
10511,21.03410884046004,1196
10512,21.036109992476064,1195
10513,21.038111144492092,1185
10514,21.04011229650812,1173
10515,21.042113448524145,1170
10516,21.044114600540173,1178
10517,21.0461157525562,1190
10518,21.048116904572225,1196
10519,21.050118056588254,1196
10520,21.05211920860428,1194
10521,21.054120360620306,1189
10522,21.056121512636334,1179
10523,21.058122664652362,1168
10524,21.060123816668387,1159
10525,21.062124968684415,1154
10526,21.064126120700443,1157
10527,21.06612727271647,1163
10528,21.068128424732496,1161
10529,21.070129576748524,1149
10530,21.072130728764552,1136
10531,21.074131880780577,1129
10532,21.076133032796605,1133
10533,21.078134184812633,1150
10534,21.080135336828658,1173
10535,21.082136488844686,1183
10536,21.084137640860714,1170
10537,21.08613879287674,1152
10538,21.088139944892767,1150
10539,21.090141096908795,1166
10540,21.09214224892482,1174
10541,21.094143400940847,1165
10542,21.096144552956876,1151
10543,21.098145704972904,1153
10544,21.10014685698893,1168
10545,21.102148009004956,1186
10546,21.104149161020985,1198
10547,21.10615031303701,1196
10548,21.108151465053037,1184
10549,21.110152617069065,1178
10550,21.11215376908509,1182
10551,21.114154921101118,1185
10552,21.116156073117146,1183
10553,21.11815722513317,1177
10554,21.1201583771492,1171
10555,21.122159529165227,1169
10556,21.12416068118125,1167
10557,21.12616183319728,1162
10558,21.128162985213308,1157
10559,21.130164137229336,1162
10560,21.13216528924536,1172
10561,21.13416644126139,1178
10562,21.136167593277417,1176
10563,21.13816874529344,1172
10564,21.14016989730947,1173
10565,21.142171049325498,1185
10566,21.144172201341522,1197
10567,21.14617335335755,1203
10568,21.14817450537358,1203
10569,21.150175657389603,1200
10570,21.15217680940563,1192
10571,21.15417796142166,1185
10572,21.156179113437688,1188
10573,21.158180265453712,1199
10574,21.16018141746974,1209
10575,21.16218256948577,1210
10576,21.164183721501793,1202
10577,21.16618487351782,1190
10578,21.16818602553385,1181
10579,21.170187177549874,1179
10580,21.172188329565902,1182
10581,21.17418948158193,1186
10582,21.176190633597955,1192
10583,21.178191785613983,1196
10584,21.18019293763001,1190
10585,21.182194089646035,1179
10586,21.184195241662064,1172
10587,21.18619639367809,1169
10588,21.18819754569412,1166
10589,21.190198697710144,1162
10590,21.192199849726173,1162
10591,21.1942010017422,1165
10592,21.196202153758225,1164
10593,21.198203305774253,1161
10594,21.20020445779028,1165
10595,21.202205609806306,1171
10596,21.204206761822334,1168
10597,21.206207913838362,1154
10598,21.208209065854387,1144
10599,21.210210217870415,1151
10600,21.212211369886443,1165
10601,21.214212521902468,1169
10602,21.216213673918496,1164
10603,21.218214825934524,1162
10604,21.220215977950552,1169
10605,21.222217129966577,1179
10606,21.224218281982605,1182
10607,21.226219433998633,1179
10608,21.228220586014658,1180
10609,21.230221738030686,1190
10610,21.232222890046714,1203
10611,21.23422404206274,1208
10612,21.236225194078767,1208
10613,21.238226346094795,1211
10614,21.24022749811082,1213
10615,21.242228650126847,1209
10616,21.244229802142875,1206
10617,21.2462309541589,1209
10618,21.248232106174928,1219
10619,21.250233258190956,1224
10620,21.252234410206984,1219
10621,21.25423556222301,1211
10622,21.256236714239037,1207
10623,21.258237866255065,1201
10624,21.26023901827109,1188
10625,21.262240170287118,1173
10626,21.264241322303146,1168
10627,21.26624247431917,1173
10628,21.2682436263352,1180
10629,21.270244778351227,1179
10630,21.27224593036725,1172
10631,21.27424708238328,1165
10632,21.276248234399308,1169
10633,21.278249386415336,1176
10634,21.28025053843136,1176
10635,21.28225169044739,1171
10636,21.284252842463417,1169
10637,21.28625399447944,1174
10638,21.28825514649547,1182
10639,21.290256298511498,1180
10640,21.292257450527522,1168
10641,21.29425860254355,1155
10642,21.29625975455958,1149
10643,21.298260906575603,1151
10644,21.30026205859163,1163
10645,21.30226321060766,1180
10646,21.304264362623684,1188
10647,21.306265514639712,1185
10648,21.30826666665574,1183
10649,21.31026781867177,1190
10650,21.312268970687793,1199
10651,21.31427012270382,1201
10652,21.31627127471985,1197
10653,21.318272426735874,1189
10654,21.3202735787519,1181
10655,21.32227473076793,1181
10656,21.324275882783954,1185
10657,21.326277034799983,1182
10658,21.32827818681601,1168
10659,21.330279338832035,1157
10660,21.332280490848063,1152
10661,21.33428164286409,1150
10662,21.336282794880116,1148
10663,21.338283946896144,1147
10664,21.340285098912172,1147
10665,21.3422862509282,1151
10666,21.344287402944225,1159
10667,21.346288554960253,1164
10668,21.34828970697628,1164
10669,21.350290858992306,1161
10670,21.352292011008334,1161
10671,21.354293163024362,1165
10672,21.356294315040387,1172
10673,21.358295467056415,1177
10674,21.360296619072443,1172
10675,21.362297771088468,1158
10676,21.364298923104496,1151
10677,21.366300075120524,1157
10678,21.36830122713655,1167
10679,21.370302379152577,1172
10680,21.372303531168605,1170
10681,21.374304683184633,1166
10682,21.376305835200657,1162
10683,21.378306987216686,1161
10684,21.380308139232714,1165
10685,21.38230929124874,1171
10686,21.384310443264766,1175
10687,21.386311595280795,1173
10688,21.38831274729682,1168
10689,21.390313899312847,1165
10690,21.392315051328875,1167
10691,21.3943162033449,1167
10692,21.396317355360928,1168
10693,21.398318507376956,1172
10694,21.400319659392984,1177
10695,21.40232081140901,1180
10696,21.404321963425037,1184
10697,21.406323115441065,1188
10698,21.40832426745709,1186
10699,21.410325419473118,1183
10700,21.412326571489146,1181
10701,21.41432772350517,1179
10702,21.4163288755212,1176
10703,21.418330027537227,1174
10704,21.42033117955325,1174
10705,21.42233233156928,1175
10706,21.424333483585308,1176
10707,21.426334635601332,1170
10708,21.42833578761736,1157
10709,21.43033693963339,1148
10710,21.432338091649417,1148
10711,21.43433924366544,1152
10712,21.43634039568147,1153
10713,21.438341547697497,1157
10714,21.440342699713522,1167
10715,21.44234385172955,1174
10716,21.44434500374558,1170
10717,21.446346155761603,1162
10718,21.44834730777763,1161
10719,21.45034845979366,1167
10720,21.452349611809684,1177
10721,21.454350763825712,1187
10722,21.45635191584174,1197
10723,21.458353067857765,1202
10724,21.460354219873793,1192
10725,21.46235537188982,1176
10726,21.46435652390585,1168
10727,21.466357675921873,1169
10728,21.4683588279379,1177
10729,21.47035997995393,1182
10730,21.472361131969954,1174
10731,21.474362283985982,1155
10732,21.47636343600201,1143
10733,21.478364588018035,1149
10734,21.480365740034063,1167
10735,21.48236689205009,1176
10736,21.484368044066116,1170
10737,21.486369196082144,1165
10738,21.488370348098172,1168
10739,21.490371500114197,1174
10740,21.492372652130225,1179
10741,21.494373804146253,1184
10742,21.49637495616228,1185
10743,21.498376108178306,1180
10744,21.500377260194334,1172
10745,21.502378412210362,1165
10746,21.504379564226387,1159
10747,21.506380716242415,1153
10748,21.508381868258443,1151
10749,21.510383020274467,1163
10750,21.512384172290496,1186
10751,21.514385324306524,1202
10752,21.51638647632255,1203
10753,21.518387628338576,1199
10754,21.520388780354605,1199
10755,21.522389932370633,1203
10756,21.524391084386657,1205
10757,21.526392236402685,1202
10758,21.528393388418714,1200
10759,21.530394540434738,1199
10760,21.532395692450766,1197
10761,21.534396844466794,1195
10762,21.53639799648282,1196
10763,21.538399148498847,1200
10764,21.540400300514875,1203
10765,21.5424014525309,1200
10766,21.544402604546928,1194
10767,21.546403756562956,1194
10768,21.54840490857898,1202
10769,21.55040606059501,1208
10770,21.552407212611037,1202
10771,21.554408364627065,1185
10772,21.55640951664309,1171
10773,21.558410668659118,1169
10774,21.560411820675146,1179
10775,21.56241297269117,1191
10776,21.5644141247072,1193
10777,21.566415276723227,1185
10778,21.56841642873925,1176
10779,21.57041758075528,1177
10780,21.572418732771308,1183
10781,21.574419884787332,1188
10782,21.57642103680336,1186
10783,21.57842218881939,1180
10784,21.580423340835413,1176
10785,21.58242449285144,1178
10786,21.58442564486747,1185
10787,21.586426796883497,1192
10788,21.588427948899522,1190
10789,21.59042910091555,1179
10790,21.592430252931578,1171
10791,21.594431404947603,1172
10792,21.59643255696363,1179
10793,21.59843370897966,1184
10794,21.600434860995684,1187
10795,21.60243601301171,1185
10796,21.60443716502774,1181
10797,21.606438317043764,1183
10798,21.608439469059793,1194
10799,21.61044062107582,1201
10800,21.612441773091845,1194
10801,21.614442925107873,1178
10802,21.6164440771239,1170
10803,21.61844522913993,1172
10804,21.620446381155954,1175
10805,21.622447533171982,1175
10806,21.62444868518801,1173
10807,21.626449837204035,1175
10808,21.628450989220063,1183
10809,21.63045214123609,1191
10810,21.632453293252116,1192
10811,21.634454445268144,1191
10812,21.636455597284172,1187
10813,21.638456749300197,1181
10814,21.640457901316225,1173
10815,21.642459053332253,1174
10816,21.64446020534828,1186
10817,21.646461357364306,1196
10818,21.648462509380334,1190
10819,21.650463661396362,1177
10820,21.652464813412386,1176
10821,21.654465965428415,1190
10822,21.656467117444443,1205
10823,21.658468269460467,1202
10824,21.660469421476495,1183
10825,21.662470573492524,1165
10826,21.664471725508548,1160
10827,21.666472877524576,1163
10828,21.668474029540604,1164
10829,21.67047518155663,1160
10830,21.672476333572657,1154
10831,21.674477485588685,1149
10832,21.676478637604713,1153
10833,21.678479789620738,1165
10834,21.680480941636766,1177
10835,21.682482093652794,1179
10836,21.68448324566882,1175
10837,21.686484397684847,1176
10838,21.688485549700875,1188
10839,21.6904867017169,1199
10840,21.692487853732928,1196
10841,21.694489005748956,1183
10842,21.69649015776498,1175
10843,21.69849130978101,1177
10844,21.700492461797037,1181
10845,21.70249361381306,1182
10846,21.70449476582909,1178
10847,21.706495917845118,1169
10848,21.708497069861146,1153
10849,21.71049822187717,1141
10850,21.7124993738932,1145
10851,21.714500525909227,1159
10852,21.71650167792525,1168
10853,21.71850282994128,1169
10854,21.720503981957307,1167
10855,21.722505133973332,1172
10856,21.72450628598936,1184
10857,21.726507438005388,1193
10858,21.728508590021413,1187
10859,21.73050974203744,1176
10860,21.73251089405347,1179
10861,21.734512046069497,1195
10862,21.73651319808552,1199
10863,21.73851435010155,1185
10864,21.740515502117578,1169
10865,21.742516654133603,1161
10866,21.74451780614963,1154
10867,21.74651895816566,1148
10868,21.748520110181683,1151
10869,21.75052126219771,1154
10870,21.75252241421374,1153
10871,21.754523566229764,1161
10872,21.756524718245792,1181
10873,21.75852587026182,1194
10874,21.760527022277845,1189
10875,21.762528174293873,1179
10876,21.7645293263099,1178
10877,21.76653047832593,1181
10878,21.768531630341954,1183
10879,21.770532782357982,1187
10880,21.77253393437401,1195
10881,21.774535086390035,1197
10882,21.776536238406063,1191
10883,21.77853739042209,1188
10884,21.780538542438116,1197
10885,21.782539694454144,1206
10886,21.784540846470172,1205
10887,21.786541998486197,1196
10888,21.788543150502225,1187
10889,21.790544302518253,1183
10890,21.792545454534277,1184
10891,21.794546606550306,1179
10892,21.796547758566334,1170
10893,21.79854891058236,1164
10894,21.800550062598386,1165
10895,21.802551214614414,1169
10896,21.804552366630443,1174
10897,21.806553518646467,1178
10898,21.808554670662495,1177
10899,21.810555822678523,1175
10900,21.812556974694548,1174
10901,21.814558126710576,1175
10902,21.816559278726604,1180
10903,21.81856043074263,1188
10904,21.820561582758657,1192
10905,21.822562734774685,1195
10906,21.82456388679071,1197
10907,21.826565038806738,1196
10908,21.828566190822766,1188
10909,21.830567342838794,1179
10910,21.83256849485482,1175
10911,21.834569646870847,1174
10912,21.836570798886875,1164
10913,21.8385719509029,1147
10914,21.840573102918928,1137
10915,21.842574254934956,1144
10916,21.84457540695098,1156
10917,21.84657655896701,1165
10918,21.848577710983037,1173
10919,21.85057886299906,1180
10920,21.85258001501509,1176
10921,21.854581167031117,1162
10922,21.856582319047146,1151
10923,21.85858347106317,1152
10924,21.8605846230792,1161
10925,21.862585775095226,1167
10926,21.86458692711125,1169
10927,21.86658807912728,1172
10928,21.868589231143307,1175
10929,21.870590383159332,1171
10930,21.87259153517536,1162
10931,21.874592687191388,1153
10932,21.876593839207413,1150
10933,21.87859499122344,1151
10934,21.88059614323947,1150
10935,21.882597295255493,1148
10936,21.88459844727152,1154
10937,21.88659959928755,1166
10938,21.888600751303578,1171
10939,21.890601903319602,1166
10940,21.89260305533563,1161
10941,21.89460420735166,1160
10942,21.896605359367683,1157
10943,21.89860651138371,1144
10944,21.90060766339974,1127
10945,21.902608815415764,1116
10946,21.904609967431792,1114
10947,21.90661111944782,1120
10948,21.908612271463845,1131
10949,21.910613423479873,1148
10950,21.9126145754959,1158
10951,21.914615727511926,1158
10952,21.916616879527954,1155
10953,21.918618031543982,1159
10954,21.92061918356001,1164
10955,21.922620335576035,1159
10956,21.924621487592063,1150
10957,21.92662263960809,1145
10958,21.928623791624116,1145
10959,21.930624943640144,1143
10960,21.932626095656172,1138
10961,21.934627247672196,1135
10962,21.936628399688225,1132
10963,21.938629551704253,1125
10964,21.940630703720277,1122
10965,21.942631855736305,1132
10966,21.944633007752333,1142
10967,21.946634159768358,1140
10968,21.948635311784386,1132
10969,21.950636463800414,1134
10970,21.952637615816442,1149
10971,21.954638767832467,1163
10972,21.956639919848495,1170
10973,21.958641071864523,1173
10974,21.960642223880548,1175
10975,21.962643375896576,1175
10976,21.964644527912604,1175
10977,21.96664567992863,1175
10978,21.968646831944657,1172
10979,21.970647983960685,1168
10980,21.97264913597671,1170
10981,21.974650287992738,1182
10982,21.976651440008766,1193
10983,21.978652592024794,1195
10984,21.98065374404082,1190
10985,21.982654896056847,1184
10986,21.984656048072875,1182
10987,21.9866572000889,1180
10988,21.988658352104927,1172
10989,21.990659504120956,1158
10990,21.99266065613698,1148
10991,21.99466180815301,1150
10992,21.996662960169036,1157
10993,21.99866411218506,1158
10994,22.00066526420109,1156
10995,22.002666416217117,1158
10996,22.004667568233142,1165
10997,22.00666872024917,1170
10998,22.008669872265198,1174
10999,22.010671024281226,1178
11000,22.01267217629725,1178
11001,22.01467332831328,1176
11002,22.016674480329307,1172
11003,22.01867563234533,1176
11004,22.02067678436136,1180
11005,22.022677936377388,1171
11006,22.024679088393412,1150
11007,22.02668024040944,1139
11008,22.02868139242547,1145
11009,22.030682544441493,1156
11010,22.03268369645752,1158
11011,22.03468484847355,1152
11012,22.036686000489574,1142
11013,22.038687152505602,1140
11014,22.04068830452163,1149
11015,22.04268945653766,1160
11016,22.044690608553683,1171
11017,22.04669176056971,1180
11018,22.04869291258574,1181
11019,22.050694064601764,1178
11020,22.052695216617792,1175
11021,22.05469636863382,1172
11022,22.056697520649845,1172
11023,22.058698672665873,1175
11024,22.0606998246819,1180
11025,22.062700976697926,1178
11026,22.064702128713954,1169
11027,22.066703280729982,1164
11028,22.068704432746006,1169
11029,22.070705584762035,1176
11030,22.072706736778063,1174
11031,22.07470788879409,1166
11032,22.076709040810115,1165
11033,22.078710192826144,1170
11034,22.08071134484217,1172
11035,22.082712496858196,1167
11036,22.084713648874224,1166
11037,22.086714800890253,1177
11038,22.088715952906277,1194
11039,22.090717104922305,1206
11040,22.092718256938333,1205
11041,22.094719408954358,1197
11042,22.096720560970386,1189
11043,22.098721712986414,1187
11044,22.100722865002442,1192
11045,22.102724017018467,1199
11046,22.104725169034495,1201
11047,22.106726321050523,1195
11048,22.108727473066548,1179
11049,22.110728625082576,1158
11050,22.112729777098604,1149
11051,22.11473092911463,1150
11052,22.116732081130657,1150
11053,22.118733233146685,1148
11054,22.12073438516271,1149
11055,22.122735537178738,1154
11056,22.124736689194766,1159
11057,22.12673784121079,1162
11058,22.12873899322682,1163
11059,22.130740145242846,1166
11060,22.132741297258875,1174
11061,22.1347424492749,1184
11062,22.136743601290927,1188
11063,22.138744753306955,1186
11064,22.14074590532298,1182
11065,22.142747057339008,1178
11066,22.144748209355036,1169
11067,22.14674936137106,1154
11068,22.14875051338709,1141
11069,22.150751665403117,1143
11070,22.15275281741914,1160
11071,22.15475396943517,1182
11072,22.156755121451198,1198
11073,22.158756273467223,1206
11074,22.16075742548325,1207
11075,22.16275857749928,1201
11076,22.164759729515307,1195
11077,22.16676088153133,1194
11078,22.16876203354736,1194
11079,22.170763185563388,1187
11080,22.172764337579412,1173
11081,22.17476548959544,1161
11082,22.17676664161147,1158
11083,22.178767793627493,1166
11084,22.18076894564352,1177
11085,22.18277009765955,1184
11086,22.184771249675574,1186
11087,22.186772401691602,1192
11088,22.18877355370763,1207
11089,22.190774705723655,1218
11090,22.192775857739683,1216
11091,22.19477700975571,1204
11092,22.19677816177174,1184
11093,22.198779313787764,1165
11094,22.200780465803792,1160
11095,22.20278161781982,1169
11096,22.204782769835845,1183
11097,22.206783921851873,1188
11098,22.2087850738679,1184
11099,22.210786225883925,1183
11100,22.212787377899954,1190
11101,22.21478852991598,1201
11102,22.216789681932006,1212
11103,22.218790833948034,1221
11104,22.220791985964063,1220
11105,22.22279313798009,1210
11106,22.224794289996115,1193
11107,22.226795442012143,1178
11108,22.22879659402817,1174
11109,22.230797746044196,1181
11110,22.232798898060224,1187
11111,22.234800050076252,1186
11112,22.236801202092277,1181
11113,22.238802354108305,1178
11114,22.240803506124333,1181
11115,22.242804658140358,1190
11116,22.244805810156386,1201
11117,22.246806962172414,1211
11118,22.24880811418844,1216
11119,22.250809266204467,1214
11120,22.252810418220495,1212
11121,22.254811570236523,1212
11122,22.256812722252548,1207
11123,22.258813874268576,1196
11124,22.260815026284604,1188
11125,22.26281617830063,1188
11126,22.264817330316657,1189
11127,22.266818482332685,1184
11128,22.26881963434871,1179
11129,22.270820786364737,1186
11130,22.272821938380766,1203
11131,22.27482309039679,1212
11132,22.276824242412818,1206
11133,22.278825394428846,1196
11134,22.28082654644487,1192
11135,22.2828276984609,1195
11136,22.284828850476927,1195
11137,22.286830002492955,1186
11138,22.28883115450898,1176
11139,22.290832306525008,1174
11140,22.292833458541036,1176
11141,22.29483461055706,1175
11142,22.29683576257309,1172
11143,22.298836914589117,1173
11144,22.30083806660514,1180
11145,22.30283921862117,1193
11146,22.304840370637198,1209
11147,22.306841522653222,1218
11148,22.30884267466925,1213
11149,22.31084382668528,1200
11150,22.312844978701303,1187
11151,22.31484613071733,1176
11152,22.31684728273336,1168
11153,22.318848434749388,1170
11154,22.320849586765412,1180
11155,22.32285073878144,1191
11156,22.32485189079747,1193
11157,22.326853042813493,1191
11158,22.32885419482952,1191
11159,22.33085534684555,1195
11160,22.332856498861574,1200
11161,22.334857650877602,1200
11162,22.33685880289363,1202
11163,22.338859954909655,1213
11164,22.340861106925683,1224
11165,22.34286225894171,1215
11166,22.34486341095774,1186
11167,22.346864562973764,1161
11168,22.348865714989792,1159
11169,22.35086686700582,1175
11170,22.352868019021845,1189
11171,22.354869171037873,1184
11172,22.3568703230539,1168
11173,22.358871475069925,1159
11174,22.360872627085953,1163
11175,22.36287377910198,1173
11176,22.364874931118006,1180
11177,22.366876083134034,1182
11178,22.368877235150062,1181
11179,22.370878387166087,1179
11180,22.372879539182115,1173
11181,22.374880691198143,1165
11182,22.37688184321417,1165
11183,22.378882995230196,1170
11184,22.380884147246224,1169
11185,22.382885299262252,1162
11186,22.384886451278277,1164
11187,22.386887603294305,1176
11188,22.388888755310333,1182
11189,22.390889907326358,1177
11190,22.392891059342386,1171
11191,22.394892211358414,1175
11192,22.39689336337444,1185
11193,22.398894515390467,1195
11194,22.400895667406495,1195
11195,22.40289681942252,1183
11196,22.404897971438547,1170
11197,22.406899123454576,1168
11198,22.408900275470604,1184
11199,22.41090142748663,1208
11200,22.412902579502656,1224
11201,22.414903731518685,1224
11202,22.41690488353471,1217
11203,22.418906035550737,1214
11204,22.420907187566765,1213
11205,22.42290833958279,1208
11206,22.424909491598818,1203
11207,22.426910643614846,1201
11208,22.42891179563087,1202
11209,22.4309129476469,1201
11210,22.432914099662927,1197
11211,22.43491525167895,1195
11212,22.43691640369498,1198
11213,22.438917555711008,1202
11214,22.440918707727036,1209
11215,22.44291985974306,1219
11216,22.44492101175909,1226
11217,22.446922163775117,1226
11218,22.44892331579114,1221
11219,22.45092446780717,1219
11220,22.452925619823198,1220
11221,22.454926771839222,1218
11222,22.45692792385525,1214
11223,22.45892907587128,1212
11224,22.460930227887303,1212
11225,22.46293137990333,1206
11226,22.46493253191936,1196
11227,22.466933683935387,1192
11228,22.468934835951412,1195
11229,22.47093598796744,1194
11230,22.47293713998347,1184
11231,22.474938291999493,1179
11232,22.47693944401552,1184
11233,22.47894059603155,1191
11234,22.480941748047574,1191
11235,22.482942900063602,1191
11236,22.48494405207963,1197
11237,22.486945204095655,1200
11238,22.488946356111683,1190
11239,22.49094750812771,1178
11240,22.492948660143735,1177
11241,22.494949812159764,1181
11242,22.49695096417579,1183
11243,22.49895211619182,1183
11244,22.500953268207844,1184
11245,22.502954420223872,1189
11246,22.5049555722399,1189
11247,22.506956724255925,1175
11248,22.508957876271953,1155
11249,22.51095902828798,1152
11250,22.512960180304006,1166
11251,22.514961332320034,1175
11252,22.516962484336062,1169
11253,22.518963636352087,1157
11254,22.520964788368115,1145
11255,22.522965940384143,1136
11256,22.524967092400168,1132
11257,22.526968244416196,1135
11258,22.528969396432224,1147
11259,22.530970548448252,1161
11260,22.532971700464277,1167
11261,22.534972852480305,1163
11262,22.536974004496333,1163
11263,22.538975156512358,1173
11264,22.540976308528386,1184
11265,22.542977460544414,1192
11266,22.54497861256044,1201
11267,22.546979764576466,1205
11268,22.548980916592495,1196
11269,22.55098206860852,1180
11270,22.552983220624547,1167
11271,22.554984372640575,1161
11272,22.556985524656604,1161
11273,22.558986676672628,1165
11274,22.560987828688656,1169
11275,22.562988980704684,1172
11276,22.56499013272071,1170
11277,22.566991284736737,1170
11278,22.568992436752765,1174
11279,22.57099358876879,1178
11280,22.572994740784818,1174
11281,22.574995892800846,1165
11282,22.57699704481687,1164
11283,22.5789981968329,1170
11284,22.580999348848927,1174
11285,22.58300050086495,1168
11286,22.58500165288098,1157
11287,22.587002804897008,1152
11288,22.589003956913036,1156
11289,22.59100510892906,1164
11290,22.59300626094509,1170
11291,22.595007412961117,1169
11292,22.59700856497714,1164
11293,22.59900971699317,1153
11294,22.601010869009198,1135
11295,22.603012021025222,1120
11296,22.60501317304125,1119
11297,22.60701432505728,1131
11298,22.609015477073303,1146
11299,22.61101662908933,1149
11300,22.61301778110536,1138
11301,22.615018933121384,1129
11302,22.617020085137412,1140
11303,22.61902123715344,1161
11304,22.621022389169468,1169
11305,22.623023541185493,1158
11306,22.62502469320152,1146
11307,22.62702584521755,1147
11308,22.629026997233574,1159
11309,22.6310281492496,1175
11310,22.63302930126563,1188
11311,22.635030453281654,1195
11312,22.637031605297683,1199
11313,22.63903275731371,1207
11314,22.641033909329735,1213
11315,22.643035061345763,1204
11316,22.64503621336179,1182
11317,22.647037365377816,1165
11318,22.649038517393844,1162
11319,22.651039669409872,1164
11320,22.6530408214259,1158
11321,22.655041973441925,1146
11322,22.657043125457953,1137
11323,22.65904427747398,1138
11324,22.661045429490006,1147
11325,22.663046581506034,1158
11326,22.665047733522062,1168
11327,22.667048885538087,1171
11328,22.669050037554115,1167
11329,22.671051189570143,1159
11330,22.673052341586168,1146
11331,22.675053493602196,1126
11332,22.677054645618224,1111
11333,22.679055797634252,1113
11334,22.681056949650277,1132
11335,22.683058101666305,1146
11336,22.685059253682333,1145
11337,22.687060405698357,1135
11338,22.689061557714385,1131
11339,22.691062709730414,1140
11340,22.693063861746438,1157
11341,22.695065013762466,1172
11342,22.697066165778494,1174
11343,22.69906731779452,1167
11344,22.701068469810547,1159
11345,22.703069621826575,1155
11346,22.7050707738426,1155
11347,22.707071925858628,1153
11348,22.709073077874656,1149
11349,22.711074229890684,1149
11350,22.71307538190671,1156
11351,22.715076533922737,1161
11352,22.717077685938765,1160
11353,22.71907883795479,1158
11354,22.721079989970818,1163
11355,22.723081141986846,1174
11356,22.72508229400287,1187
11357,22.7270834460189,1189
11358,22.729084598034927,1182
11359,22.73108575005095,1182
11360,22.73308690206698,1194
11361,22.735088054083008,1198
11362,22.737089206099032,1177
11363,22.73909035811506,1150
11364,22.74109151013109,1145
11365,22.743092662147117,1163
11366,22.74509381416314,1175
11367,22.74709496617917,1166
11368,22.749096118195197,1155
11369,22.751097270211222,1160
11370,22.75309842222725,1173
11371,22.75509957424328,1178
11372,22.757100726259303,1176
11373,22.75910187827533,1175
11374,22.76110303029136,1177
11375,22.763104182307384,1174
11376,22.76510533432341,1165
11377,22.76710648633944,1157
11378,22.769107638355464,1160
11379,22.771108790371493,1173
11380,22.77310994238752,1182
11381,22.77511109440355,1172
11382,22.777112246419573,1152
11383,22.7791133984356,1144
11384,22.78111455045163,1154
11385,22.783115702467654,1170
11386,22.785116854483682,1176
11387,22.78711800649971,1166
11388,22.789119158515735,1155
11389,22.791120310531763,1157
11390,22.79312146254779,1169
11391,22.795122614563816,1174
11392,22.797123766579844,1170
11393,22.799124918595872,1165
11394,22.8011260706119,1167
11395,22.803127222627925,1172
11396,22.805128374643953,1176
11397,22.80712952665998,1180
11398,22.809130678676006,1182
11399,22.811131830692034,1180
11400,22.813132982708062,1174
11401,22.815134134724087,1173
11402,22.817135286740115,1181
11403,22.819136438756143,1195
11404,22.821137590772167,1203
11405,22.823138742788196,1197
11406,22.825139894804224,1182
11407,22.82714104682025,1170
11408,22.829142198836276,1167
11409,22.831143350852305,1166
11410,22.833144502868333,1160
11411,22.835145654884357,1156
11412,22.837146806900385,1163
11413,22.839147958916413,1178
11414,22.841149110932438,1185
11415,22.843150262948466,1186
11416,22.845151414964494,1186
11417,22.84715256698052,1188
11418,22.849153718996547,1185
11419,22.851154871012575,1174
11420,22.8531560230286,1161
11421,22.855157175044628,1155
11422,22.857158327060656,1153
11423,22.85915947907668,1154
11424,22.86116063109271,1162
11425,22.863161783108737,1175
11426,22.865162935124765,1181
11427,22.86716408714079,1176
11428,22.869165239156818,1174
11429,22.871166391172846,1184
11430,22.87316754318887,1193
11431,22.8751686952049,1190
11432,22.877169847220927,1182
11433,22.87917099923695,1180
11434,22.88117215125298,1183
11435,22.883173303269007,1178
11436,22.885174455285032,1159
11437,22.88717560730106,1138
11438,22.88917675931709,1132
11439,22.891177911333113,1146
11440,22.89317906334914,1168
11441,22.89518021536517,1177
11442,22.897181367381197,1171
11443,22.899182519397222,1160
11444,22.90118367141325,1151
11445,22.903184823429278,1148
11446,22.905185975445303,1159
11447,22.90718712746133,1179
11448,22.90918827947736,1190
11449,22.911189431493383,1184
11450,22.91319058350941,1179
11451,22.91519173552544,1186
11452,22.917192887541464,1198
11453,22.919194039557492,1209
11454,22.92119519157352,1215
11455,22.92319634358955,1215
11456,22.925197495605573,1211
11457,22.9271986476216,1208
11458,22.92919979963763,1207
11459,22.931200951653654,1206
11460,22.933202103669682,1201
11461,22.93520325568571,1200
11462,22.937204407701735,1202
11463,22.939205559717763,1194
11464,22.94120671173379,1174
11465,22.943207863749816,1161
11466,22.945209015765844,1168
11467,22.947210167781872,1183
11468,22.949211319797897,1193
11469,22.951212471813925,1192
11470,22.953213623829953,1190
11471,22.95521477584598,1191
11472,22.957215927862006,1193
11473,22.959217079878034,1188
11474,22.961218231894062,1178
11475,22.963219383910086,1170
11476,22.965220535926115,1171
11477,22.967221687942143,1185
11478,22.969222839958167,1200
11479,22.971223991974195,1204
11480,22.973225143990224,1195
11481,22.975226296006248,1183
11482,22.977227448022276,1179
11483,22.979228600038304,1183
11484,22.98122975205433,1184
11485,22.983230904070357,1180
11486,22.985232056086385,1176
11487,22.987233208102413,1178
11488,22.989234360118438,1180
11489,22.991235512134466,1174
11490,22.993236664150494,1163
11491,22.99523781616652,1162
11492,22.997238968182547,1173
11493,22.999240120198575,1178
11494,23.0012412722146,1167
11495,23.003242424230628,1152
11496,23.005243576246656,1144
11497,23.00724472826268,1141
11498,23.00924588027871,1141
11499,23.011247032294737,1147
11500,23.01324818431076,1151
11501,23.01524933632679,1145
11502,23.017250488342818,1135
11503,23.019251640358846,1134
11504,23.02125279237487,1142
11505,23.0232539443909,1151
11506,23.025255096406926,1155
11507,23.02725624842295,1152
11508,23.02925740043898,1148
11509,23.031258552455007,1143
11510,23.033259704471032,1143
11511,23.03526085648706,1152
11512,23.037262008503088,1166
11513,23.039263160519113,1167
11514,23.04126431253514,1152
11515,23.04326546455117,1138
11516,23.045266616567197,1133
11517,23.04726776858322,1138
11518,23.04926892059925,1147
11519,23.051270072615278,1154
11520,23.053271224631303,1153
11521,23.05527237664733,1149
11522,23.05727352866336,1154
11523,23.059274680679383,1168
11524,23.06127583269541,1178
11525,23.06327698471144,1182
11526,23.065278136727464,1188
11527,23.067279288743492,1193
11528,23.06928044075952,1192
11529,23.071281592775545,1186
11530,23.073282744791573,1180
11531,23.0752838968076,1169
11532,23.07728504882363,1155
11533,23.079286200839654,1145
11534,23.081287352855682,1145
11535,23.08328850487171,1153
11536,23.085289656887735,1162
11537,23.087290808903763,1172
11538,23.08929196091979,1179
11539,23.091293112935816,1180
11540,23.093294264951844,1176
11541,23.095295416967872,1170
11542,23.097296568983896,1160
11543,23.099297720999925,1148
11544,23.101298873015953,1145
11545,23.103300025031977,1155
11546,23.105301177048005,1162
11547,23.107302329064034,1160
11548,23.10930348108006,1156
11549,23.111304633096086,1155
11550,23.113305785112114,1154
11551,23.115306937128143,1149
11552,23.117308089144167,1139
11553,23.119309241160195,1129
11554,23.121310393176223,1128
11555,23.123311545192248,1140
11556,23.125312697208276,1156
11557,23.127313849224304,1155
11558,23.12931500124033,1138
11559,23.131316153256357,1127
11560,23.133317305272385,1137
11561,23.13531845728841,1154
11562,23.137319609304438,1165
11563,23.139320761320466,1171
11564,23.141321913336494,1179
11565,23.14332306535252,1186
11566,23.145324217368547,1185
11567,23.147325369384575,1176
11568,23.1493265214006,1169
11569,23.151327673416628,1172
11570,23.153328825432656,1183
11571,23.15532997744868,1191
11572,23.15733112946471,1191
11573,23.159332281480737,1186
11574,23.16133343349676,1186
11575,23.16333458551279,1191
11576,23.165335737528817,1192
11577,23.167336889544845,1187
11578,23.16933804156087,1182
11579,23.171339193576898,1182
11580,23.173340345592926,1188
11581,23.17534149760895,1198
11582,23.17734264962498,1203
11583,23.179343801641007,1188
11584,23.18134495365703,1158
11585,23.18334610567306,1136
11586,23.185347257689088,1138
11587,23.187348409705113,1149
11588,23.18934956172114,1147
11589,23.19135071373717,1139
11590,23.193351865753193,1138
11591,23.19535301776922,1143
11592,23.19735416978525,1146
11593,23.199355321801278,1148
11594,23.201356473817302,1153
11595,23.20335762583333,1161
11596,23.20535877784936,1167
11597,23.207359929865383,1166
11598,23.20936108188141,1157
11599,23.21136223389744,1150
11600,23.213363385913464,1145
11601,23.215364537929492,1137
11602,23.21736568994552,1131
11603,23.219366841961545,1138
11604,23.221367993977573,1156
11605,23.2233691459936,1168
11606,23.225370298009626,1169
11607,23.227371450025654,1167
11608,23.229372602041682,1165
11609,23.23137375405771,1162
11610,23.233374906073735,1162
11611,23.235376058089763,1175
11612,23.23737721010579,1196
11613,23.239378362121816,1208
11614,23.241379514137844,1205
11615,23.24338066615387,1195
11616,23.245381818169896,1187
11617,23.247382970185924,1184
11618,23.249384122201953,1186
11619,23.251385274217977,1189
11620,23.253386426234005,1191
11621,23.255387578250033,1191
11622,23.257388730266058,1185
11623,23.259389882282086,1174
11624,23.261391034298114,1168
11625,23.263392186314142,1175
11626,23.265393338330167,1191
11627,23.267394490346195,1199
11628,23.269395642362223,1194
11629,23.271396794378248,1191
11630,23.273397946394276,1195
11631,23.275399098410304,1201
11632,23.27740025042633,1205
11633,23.279401402442357,1214
11634,23.281402554458385,1228
11635,23.28340370647441,1230
11636,23.285404858490438,1208
11637,23.287406010506466,1178
11638,23.289407162522494,1165
11639,23.29140831453852,1180
11640,23.293409466554547,1198
11641,23.295410618570575,1199
11642,23.2974117705866,1188
11643,23.299412922602627,1182
11644,23.301414074618656,1185
11645,23.30341522663468,1191
11646,23.30541637865071,1187
11647,23.307417530666736,1174
11648,23.30941868268276,1163
11649,23.31141983469879,1166
11650,23.313420986714817,1180
11651,23.315422138730842,1191
11652,23.31742329074687,1188
11653,23.319424442762898,1175
11654,23.321425594778926,1166
11655,23.32342674679495,1167
11656,23.32542789881098,1173
11657,23.327429050827007,1174
11658,23.32943020284303,1173
11659,23.33143135485906,1173
11660,23.333432506875088,1173
11661,23.335433658891112,1167
11662,23.33743481090714,1158
11663,23.33943596292317,1153
11664,23.341437114939193,1157
11665,23.34343826695522,1168
11666,23.34543941897125,1177
11667,23.347440570987274,1182
11668,23.349441723003302,1178
11669,23.35144287501933,1168
11670,23.35344402703536,1163
11671,23.355445179051383,1169
11672,23.35744633106741,1175
11673,23.35944748308344,1171
11674,23.361448635099464,1161
11675,23.363449787115492,1157
11676,23.36545093913152,1160
11677,23.367452091147545,1166
11678,23.369453243163573,1174
11679,23.3714543951796,1184
11680,23.373455547195626,1191
11681,23.375456699211654,1186
11682,23.377457851227682,1170
11683,23.37945900324371,1162
11684,23.381460155259735,1170
11685,23.383461307275763,1184
11686,23.38546245929179,1188
11687,23.387463611307815,1178
11688,23.389464763323843,1160
11689,23.39146591533987,1151
11690,23.393467067355896,1155
11691,23.395468219371924,1164
11692,23.397469371387952,1170
11693,23.399470523403977,1171
11694,23.401471675420005,1172
11695,23.403472827436033,1174
11696,23.405473979452058,1173
11697,23.407475131468086,1169
11698,23.409476283484114,1173
11699,23.411477435500142,1183
11700,23.413478587516167,1192
11701,23.415479739532195,1193
11702,23.417480891548223,1189
11703,23.419482043564248,1185
11704,23.421483195580276,1180
11705,23.423484347596304,1180
11706,23.42548549961233,1185
11707,23.427486651628357,1191
11708,23.429487803644385,1193
11709,23.43148895566041,1196
11710,23.433490107676437,1200
11711,23.435491259692466,1204
11712,23.43749241170849,1204
11713,23.43949356372452,1198
11714,23.441494715740546,1188
11715,23.443495867756575,1183
11716,23.4454970197726,1191
11717,23.447498171788627,1197
11718,23.449499323804655,1191
11719,23.45150047582068,1181
11720,23.453501627836708,1179
11721,23.455502779852736,1183
11722,23.45750393186876,1187
11723,23.45950508388479,1189
11724,23.461506235900817,1191
11725,23.46350738791684,1194
11726,23.46550853993287,1197
11727,23.467509691948898,1196
11728,23.469510843964922,1196
11729,23.47151199598095,1203
11730,23.47351314799698,1210
11731,23.475514300013007,1210
11732,23.47751545202903,1202
11733,23.47951660404506,1194
11734,23.481517756061088,1191
11735,23.483518908077112,1197
11736,23.48552006009314,1205
11737,23.48752121210917,1206
11738,23.489522364125193,1193
11739,23.49152351614122,1177
11740,23.49352466815725,1170
11741,23.495525820173274,1177
11742,23.497526972189302,1188
11743,23.49952812420533,1189
11744,23.50152927622136,1177
11745,23.503530428237383,1158
11746,23.50553158025341,1143
11747,23.50753273226944,1144
11748,23.509533884285464,1157
11749,23.511535036301492,1169
11750,23.51353618831752,1173
11751,23.515537340333545,1174
11752,23.517538492349573,1176
11753,23.5195396443656,1181
11754,23.521540796381625,1190
11755,23.523541948397654,1199
11756,23.52554310041368,1203
11757,23.527544252429706,1202
11758,23.529545404445734,1194
11759,23.531546556461763,1179
11760,23.53354770847779,1167
11761,23.535548860493815,1168
11762,23.537550012509843,1178
11763,23.53955116452587,1185
11764,23.541552316541896,1182
11765,23.543553468557924,1173
11766,23.545554620573952,1167
11767,23.547555772589977,1167
11768,23.549556924606005,1171
11769,23.551558076622033,1175
11770,23.553559228638058,1179
11771,23.555560380654086,1182
11772,23.557561532670114,1172
11773,23.55956268468614,1153
11774,23.561563836702167,1153
11775,23.563564988718195,1177
11776,23.565566140734223,1197
11777,23.567567292750248,1188
11778,23.569568444766276,1165
11779,23.571569596782304,1148
11780,23.57357074879833,1138
11781,23.575571900814356,1127
11782,23.577573052830385,1121
11783,23.57957420484641,1129
11784,23.581575356862437,1146
11785,23.583576508878465,1157
11786,23.58557766089449,1156
11787,23.587578812910518,1156
11788,23.589579964926546,1161
11789,23.59158111694257,1166
11790,23.5935822689586,1165
11791,23.595583420974627,1161
11792,23.597584572990655,1164
11793,23.59958572500668,1173
11794,23.601586877022708,1180
11795,23.603588029038736,1179
11796,23.60558918105476,1175
11797,23.60759033307079,1175
11798,23.609591485086817,1180
11799,23.61159263710284,1187
11800,23.61359378911887,1185
11801,23.615594941134898,1172
11802,23.617596093150922,1157
11803,23.61959724516695,1155
11804,23.62159839718298,1167
11805,23.623599549199007,1182
11806,23.62560070121503,1183
11807,23.62760185323106,1173
11808,23.629603005247088,1167
11809,23.631604157263112,1177
11810,23.63360530927914,1198
11811,23.63560646129517,1215
11812,23.637607613311193,1220
11813,23.63960876532722,1211
11814,23.64160991734325,1195
11815,23.643611069359274,1185
11816,23.645612221375302,1186
11817,23.64761337339133,1192
11818,23.649614525407355,1194
11819,23.651615677423383,1185
11820,23.65361682943941,1165
11821,23.65561798145544,1146
11822,23.657619133471464,1141
11823,23.65962028548749,1148
11824,23.66162143750352,1158
11825,23.663622589519544,1161
11826,23.665623741535573,1157
11827,23.6676248935516,1157
11828,23.669626045567625,1164
11829,23.671627197583653,1170
11830,23.67362834959968,1171
11831,23.675629501615706,1171
11832,23.677630653631734,1172
11833,23.679631805647762,1176
11834,23.681632957663787,1184
11835,23.683634109679815,1192
11836,23.685635261695843,1195
11837,23.68763641371187,1191
11838,23.689637565727896,1178
11839,23.691638717743924,1166
11840,23.693639869759952,1165
11841,23.695641021775977,1171
11842,23.697642173792005,1170
11843,23.699643325808033,1158
11844,23.701644477824058,1140
11845,23.703645629840086,1127
11846,23.705646781856114,1123
11847,23.70764793387214,1131
11848,23.709649085888167,1145
11849,23.711650237904195,1157
11850,23.71365138992022,1162
11851,23.715652541936247,1162
11852,23.717653693952276,1161
11853,23.719654845968304,1165
11854,23.721655997984328,1172
11855,23.723657150000356,1172
11856,23.725658302016384,1162
11857,23.72765945403241,1150
11858,23.729660606048437,1142
11859,23.731661758064465,1143
11860,23.73366291008049,1154
11861,23.735664062096518,1165
11862,23.737665214112546,1162
11863,23.73966636612857,1148
11864,23.7416675181446,1135
11865,23.743668670160627,1131
11866,23.745669822176655,1135
11867,23.74767097419268,1143
11868,23.749672126208708,1148
11869,23.751673278224736,1147
11870,23.75367443024076,1139
11871,23.75567558225679,1127
11872,23.757676734272817,1121
11873,23.75967788628884,1130
11874,23.76167903830487,1145
11875,23.763680190320898,1149
11876,23.765681342336922,1138
11877,23.76768249435295,1130
11878,23.76968364636898,1136
11879,23.771684798385003,1148
11880,23.77368595040103,1155
11881,23.77568710241706,1157
11882,23.777688254433087,1159
11883,23.779689406449112,1159
11884,23.78169055846514,1153
11885,23.78369171048117,1144
11886,23.785692862497193,1143
11887,23.78769401451322,1150
11888,23.78969516652925,1149
11889,23.791696318545274,1134
11890,23.793697470561302,1118
11891,23.79569862257733,1118
11892,23.797699774593355,1131
11893,23.799700926609383,1141
11894,23.80170207862541,1138
11895,23.803703230641435,1129
11896,23.805704382657463,1127
11897,23.80770553467349,1135
11898,23.80970668668952,1151
11899,23.811707838705544,1164
11900,23.813708990721572,1166
11901,23.8157101427376,1162
11902,23.817711294753625,1159
11903,23.819712446769653,1159
11904,23.82171359878568,1159
11905,23.823714750801706,1158
11906,23.825715902817734,1155
11907,23.827717054833762,1147
11908,23.829718206849787,1137
11909,23.831719358865815,1131
11910,23.833720510881843,1131
11911,23.835721662897868,1135
11912,23.837722814913896,1135
11913,23.839723966929924,1130
11914,23.841725118945952,1125
11915,23.843726270961977,1129
11916,23.845727422978005,1142
11917,23.847728574994033,1154
11918,23.849729727010057,1156
11919,23.851730879026086,1152
11920,23.853732031042114,1152
11921,23.85573318305814,1153
11922,23.857734335074166,1150
11923,23.859735487090195,1143
11924,23.86173663910622,1139
11925,23.863737791122247,1142
11926,23.865738943138275,1151
11927,23.867740095154304,1166
11928,23.869741247170328,1178
11929,23.871742399186356,1173
11930,23.873743551202384,1157
11931,23.87574470321841,1150
11932,23.877745855234437,1158
11933,23.879747007250465,1170
11934,23.88174815926649,1173
11935,23.883749311282518,1174
11936,23.885750463298546,1174
11937,23.88775161531457,1171
11938,23.8897527673306,1168
11939,23.891753919346627,1168
11940,23.89375507136265,1170
11941,23.89575622337868,1173
11942,23.897757375394708,1178
11943,23.899758527410736,1185
11944,23.90175967942676,1187
11945,23.90376083144279,1184
11946,23.905761983458817,1183
11947,23.90776313547484,1187
11948,23.90976428749087,1189
11949,23.911765439506897,1186
11950,23.913766591522922,1180
11951,23.91576774353895,1173
11952,23.91776889555498,1164
11953,23.919770047571003,1156
11954,23.92177119958703,1144
11955,23.92377235160306,1130
11956,23.925773503619084,1120
11957,23.927774655635112,1121
11958,23.92977580765114,1129
11959,23.931776959667168,1141
11960,23.933778111683193,1151
11961,23.93577926369922,1156
11962,23.93778041571525,1155
11963,23.939781567731274,1151
11964,23.9417827197473,1152
11965,23.94378387176333,1160
11966,23.945785023779354,1167
11967,23.947786175795382,1158
11968,23.94978732781141,1139
11969,23.951788479827435,1128
11970,23.953789631843463,1131
11971,23.95579078385949,1138
11972,23.957791935875516,1140
11973,23.959793087891544,1140
11974,23.961794239907572,1136
11975,23.9637953919236,1122
11976,23.965796543939625,1101
11977,23.967797695955653,1089
11978,23.96979884797168,1095
11979,23.971799999987706,1105
11980,23.973801152003734,1110
11981,23.975802304019762,1116
11982,23.977803456035787,1126
11983,23.979804608051815,1133
11984,23.981805760067843,1135
11985,23.983806912083868,1141
11986,23.985808064099896,1152
11987,23.987809216115924,1162
11988,23.989810368131952,1165
11989,23.991811520147976,1164
11990,23.993812672164005,1160
11991,23.995813824180033,1156
11992,23.997814976196057,1154
11993,23.999816128212085,1155
11994,24.001817280228114,1157
11995,24.003818432244138,1158
11996,24.005819584260166,1156
11997,24.007820736276194,1153
11998,24.00982188829222,1154
11999,24.011823040308247,1163
12000,24.013824192324275,1170
12001,24.0158253443403,1165
12002,24.017826496356328,1155
12003,24.019827648372356,1148
12004,24.021828800388384,1146
12005,24.02382995240441,1140
12006,24.025831104420437,1129
12007,24.027832256436465,1118
12008,24.02983340845249,1114
12009,24.031834560468518,1120
12010,24.033835712484546,1132
12011,24.03583686450057,1140
12012,24.0378380165166,1141
12013,24.039839168532627,1140
12014,24.04184032054865,1142
12015,24.04384147256468,1145
12016,24.045842624580708,1145
12017,24.047843776596732,1148
12018,24.04984492861276,1153
12019,24.05184608062879,1153
12020,24.053847232644817,1147
12021,24.05584838466084,1142
12022,24.05784953667687,1145
12023,24.059850688692897,1151
12024,24.061851840708922,1159
12025,24.06385299272495,1164
12026,24.065854144740978,1162
12027,24.067855296757003,1153
12028,24.06985644877303,1145
12029,24.07185760078906,1143
12030,24.073858752805084,1143
12031,24.07585990482111,1140
12032,24.07786105683714,1135
12033,24.079862208853164,1135
12034,24.081863360869193,1142
12035,24.08386451288522,1148
12036,24.08586566490125,1144
12037,24.087866816917273,1138
12038,24.0898679689333,1139
12039,24.09186912094933,1143
12040,24.093870272965354,1140
12041,24.095871424981382,1132
12042,24.09787257699741,1130
12043,24.099873729013435,1139
12044,24.101874881029463,1149
12045,24.10387603304549,1153
12046,24.105877185061516,1157
12047,24.107878337077544,1167
12048,24.109879489093572,1175
12049,24.1118806411096,1175
12050,24.113881793125625,1168
12051,24.115882945141653,1161
12052,24.11788409715768,1157
12053,24.119885249173706,1160
12054,24.121886401189734,1165
12055,24.123887553205762,1167
12056,24.125888705221787,1168
12057,24.127889857237815,1171
12058,24.129891009253843,1178
12059,24.131892161269867,1182
12060,24.133893313285895,1179
12061,24.135894465301924,1171
12062,24.137895617317948,1160
12063,24.139896769333976,1154
12064,24.141897921350004,1160
12065,24.143899073366033,1179
12066,24.145900225382057,1195
12067,24.147901377398085,1198
12068,24.149902529414113,1188
12069,24.151903681430138,1175
12070,24.153904833446166,1165
12071,24.155905985462194,1161
12072,24.15790713747822,1164
12073,24.159908289494247,1166
12074,24.161909441510275,1155
12075,24.1639105935263,1133
12076,24.165911745542328,1117
12077,24.167912897558356,1117
12078,24.16991404957438,1122
12079,24.17191520159041,1123
12080,24.173916353606437,1125
12081,24.175917505622465,1136
12082,24.17791865763849,1150
12083,24.179919809654518,1158
12084,24.181920961670546,1162
12085,24.18392211368657,1167
12086,24.1859232657026,1172
12087,24.187924417718627,1174
12088,24.18992556973465,1172
12089,24.19192672175068,1171
12090,24.193927873766707,1171
12091,24.195929025782732,1170
12092,24.19793017779876,1167
12093,24.19993132981479,1166
12094,24.201932481830816,1165
12095,24.20393363384684,1167
12096,24.20593478586287,1176
12097,24.207935937878897,1182
12098,24.20993708989492,1175
12099,24.21193824191095,1168
12100,24.213939393926978,1174
12101,24.215940545943003,1183
12102,24.21794169795903,1183
12103,24.21994284997506,1171
12104,24.221944001991083,1160
12105,24.22394515400711,1158
12106,24.22594630602314,1165
12107,24.227947458039164,1174
12108,24.229948610055192,1179
12109,24.23194976207122,1177
12110,24.23395091408725,1168
12111,24.235952066103273,1165
12112,24.2379532181193,1174
12113,24.23995437013533,1184
12114,24.241955522151354,1185
12115,24.243956674167382,1181
12116,24.24595782618341,1178
12117,24.247958978199435,1180
12118,24.249960130215463,1182
12119,24.25196128223149,1178
12120,24.253962434247516,1173
12121,24.255963586263544,1171
12122,24.257964738279572,1167
12123,24.259965890295597,1158
12124,24.261967042311625,1150
12125,24.263968194327653,1150
12126,24.26596934634368,1154
12127,24.267970498359706,1154
12128,24.269971650375734,1152
12129,24.271972802391762,1150
12130,24.273973954407786,1153
12131,24.275975106423815,1160
12132,24.277976258439843,1167
12133,24.279977410455867,1168
12134,24.281978562471895,1169
12135,24.283979714487923,1176
12136,24.285980866503948,1187
12137,24.287982018519976,1192
12138,24.289983170536004,1191
12139,24.29198432255203,1191
12140,24.293985474568057,1196
12141,24.295986626584085,1202
12142,24.297987778600113,1201
12143,24.299988930616138,1203
12144,24.301990082632166,1216
12145,24.303991234648194,1230
12146,24.30599238666422,1229
12147,24.307993538680247,1214
12148,24.309994690696275,1200
12149,24.3119958427123,1192
12150,24.313996994728328,1190
12151,24.315998146744356,1196
12152,24.31799929876038,1203
12153,24.32000045077641,1201
12154,24.322001602792437,1187
12155,24.324002754808465,1167
12156,24.32600390682449,1154
12157,24.328005058840517,1161
12158,24.330006210856546,1180
12159,24.33200736287257,1189
12160,24.3340085148886,1182
12161,24.336009666904626,1175
12162,24.33801081892065,1178
12163,24.34001197093668,1186
12164,24.342013122952707,1196
12165,24.344014274968732,1202
12166,24.34601542698476,1195
12167,24.348016579000788,1178
12168,24.350017731016813,1165
12169,24.35201888303284,1166
12170,24.35402003504887,1183
12171,24.356021187064897,1205
12172,24.35802233908092,1214
12173,24.36002349109695,1207
12174,24.362024643112978,1196
12175,24.364025795129002,1191
12176,24.36602694714503,1189
12177,24.36802809916106,1183
12178,24.370029251177083,1175
12179,24.37203040319311,1169
12180,24.37403155520914,1164
12181,24.376032707225164,1160
12182,24.378033859241192,1158
12183,24.38003501125722,1158
12184,24.382036163273245,1158
12185,24.384037315289273,1157
12186,24.3860384673053,1158
12187,24.38803961932133,1162
12188,24.390040771337354,1167
12189,24.392041923353382,1167
12190,24.39404307536941,1163
12191,24.396044227385435,1165
12192,24.398045379401463,1174
12193,24.40004653141749,1181
12194,24.402047683433516,1184
12195,24.404048835449544,1183
12196,24.406049987465572,1179
12197,24.408051139481596,1177
12198,24.410052291497625,1184
12199,24.412053443513653,1198
12200,24.414054595529677,1207
12201,24.416055747545705,1202
12202,24.418056899561734,1191
12203,24.42005805157776,1186
12204,24.422059203593786,1189
12205,24.424060355609814,1192
12206,24.426061507625842,1189
12207,24.428062659641867,1180
12208,24.430063811657895,1167
12209,24.432064963673923,1158
12210,24.434066115689948,1161
12211,24.436067267705976,1171
12212,24.438068419722004,1176
12213,24.44006957173803,1172
12214,24.442070723754057,1164
12215,24.444071875770085,1160
12216,24.446073027786113,1163
12217,24.448074179802138,1169
12218,24.450075331818166,1172
12219,24.452076483834194,1174
12220,24.45407763585022,1175
12221,24.456078787866247,1173
12222,24.458079939882275,1166
12223,24.4600810918983,1159
12224,24.462082243914328,1153
12225,24.464083395930356,1151
12226,24.46608454794638,1154
12227,24.46808569996241,1162
12228,24.470086851978436,1171
12229,24.47208800399446,1177
12230,24.47408915601049,1177
12231,24.476090308026517,1173
12232,24.478091460042545,1169
12233,24.48009261205857,1171
12234,24.482093764074598,1171
12235,24.484094916090626,1170
12236,24.48609606810665,1175
12237,24.48809722012268,1184
12238,24.490098372138707,1193
12239,24.49209952415473,1196
12240,24.49410067617076,1197
12241,24.496101828186788,1197
12242,24.498102980202813,1194
12243,24.50010413221884,1189
12244,24.50210528423487,1185
12245,24.504106436250893,1191
12246,24.50610758826692,1203
12247,24.50810874028295,1210
12248,24.510109892298978,1202
12249,24.512111044315002,1186
12250,24.51411219633103,1178
12251,24.51611334834706,1183
12252,24.518114500363083,1193
12253,24.52011565237911,1198
12254,24.52211680439514,1193
12255,24.524117956411164,1182
12256,24.526119108427192,1172
12257,24.52812026044322,1172
12258,24.530121412459245,1179
12259,24.532122564475273,1181
12260,24.5341237164913,1180
12261,24.536124868507326,1190
12262,24.538126020523354,1206
12263,24.540127172539382,1215
12264,24.54212832455541,1214
12265,24.544129476571435,1208
12266,24.546130628587463,1205
12267,24.54813178060349,1210
12268,24.550132932619515,1222
12269,24.552134084635544,1231
12270,24.55413523665157,1227
12271,24.556136388667596,1211
12272,24.558137540683624,1194
12273,24.560138692699653,1188
12274,24.562139844715677,1191
12275,24.564140996731705,1188
12276,24.566142148747733,1181
12277,24.56814330076376,1180
12278,24.570144452779786,1187
12279,24.572145604795814,1188
12280,24.574146756811842,1184
12281,24.576147908827867,1184
12282,24.578149060843895,1195
12283,24.580150212859923,1206
12284,24.582151364875948,1208
12285,24.584152516891976,1202
12286,24.586153668908004,1199
12287,24.58815482092403,1203
12288,24.590155972940057,1207
12289,24.592157124956085,1202
12290,24.59415827697211,1192
12291,24.596159428988138,1184
12292,24.598160581004166,1184
12293,24.600161733020194,1193
12294,24.60216288503622,1205
12295,24.604164037052247,1214
12296,24.606165189068275,1218
12297,24.6081663410843,1217
12298,24.610167493100327,1217
12299,24.612168645116355,1217
12300,24.61416979713238,1214
12301,24.616170949148408,1208
12302,24.618172101164436,1203
12303,24.62017325318046,1201
12304,24.62217440519649,1202
12305,24.624175557212517,1207
12306,24.62617670922854,1211
12307,24.62817786124457,1207
12308,24.630179013260598,1199
12309,24.632180165276626,1197
12310,24.63418131729265,1205
12311,24.63618246930868,1213
12312,24.638183621324707,1219
12313,24.64018477334073,1228
12314,24.64218592535676,1232
12315,24.644187077372788,1225
12316,24.646188229388812,1214
12317,24.64818938140484,1212
12318,24.65019053342087,1214
12319,24.652191685436893,1212
12320,24.65419283745292,1202
12321,24.65619398946895,1190
12322,24.658195141484974,1181
12323,24.660196293501002,1179
12324,24.66219744551703,1184
12325,24.66419859753306,1191
12326,24.666199749549083,1195
12327,24.66820090156511,1191
12328,24.67020205358114,1181
12329,24.672203205597164,1169
12330,24.674204357613192,1164
12331,24.67620550962922,1168
12332,24.678206661645245,1174
12333,24.680207813661273,1172
12334,24.6822089656773,1163
12335,24.684210117693326,1157
12336,24.686211269709354,1155
12337,24.68821242172538,1154
12338,24.69021357374141,1153
12339,24.692214725757434,1155
12340,24.694215877773463,1160
12341,24.69621702978949,1167
12342,24.698218181805515,1172
12343,24.700219333821543,1177
12344,24.70222048583757,1187
12345,24.704221637853596,1197
12346,24.706222789869624,1198
12347,24.708223941885652,1190
12348,24.710225093901677,1188
12349,24.712226245917705,1193
12350,24.714227397933733,1190
12351,24.716228549949758,1182
12352,24.718229701965786,1182
12353,24.720230853981814,1188
12354,24.722232005997842,1185
12355,24.724233158013867,1174
12356,24.726234310029895,1175
12357,24.728235462045923,1192
12358,24.730236614061948,1210
12359,24.732237766077976,1221
12360,24.734238918094004,1225
12361,24.73624007011003,1223
12362,24.738241222126057,1218
12363,24.740242374142085,1216
12364,24.74224352615811,1218
12365,24.744244678174137,1219
12366,24.746245830190166,1213
12367,24.74824698220619,1205
12368,24.75024813422222,1201
12369,24.752249286238246,1202
12370,24.754250438254275,1199
12371,24.7562515902703,1193
12372,24.758252742286327,1189
12373,24.760253894302355,1184
12374,24.76225504631838,1177
12375,24.764256198334408,1170
12376,24.766257350350436,1165
12377,24.76825850236646,1164
12378,24.77025965438249,1169
12379,24.772260806398517,1175
12380,24.77426195841454,1178
12381,24.77626311043057,1179
12382,24.778264262446598,1183
12383,24.780265414462622,1185
12384,24.78226656647865,1178
12385,24.78426771849468,1167
12386,24.786268870510707,1163
12387,24.78827002252673,1169
12388,24.79027117454276,1177
12389,24.792272326558788,1180
12390,24.794273478574812,1175
12391,24.79627463059084,1172
12392,24.79827578260687,1178
12393,24.800276934622893,1186
12394,24.80227808663892,1186
12395,24.80427923865495,1185
12396,24.806280390670974,1196
12397,24.808281542687002,1208
12398,24.81028269470303,1208
12399,24.81228384671906,1200
12400,24.814284998735083,1197
12401,24.81628615075111,1207
12402,24.81828730276714,1223
12403,24.820288454783164,1228
12404,24.822289606799192,1216
12405,24.82429075881522,1204
12406,24.826291910831245,1206
12407,24.828293062847273,1218
12408,24.8302942148633,1222
12409,24.832295366879325,1213
12410,24.834296518895354,1205
12411,24.83629767091138,1205
12412,24.838298822927406,1204
12413,24.840299974943434,1197
12414,24.842301126959462,1193
12415,24.84430227897549,1195
12416,24.846303430991515,1195
12417,24.848304583007543,1188
12418,24.85030573502357,1179
12419,24.852306887039596,1178
12420,24.854308039055624,1181
12421,24.856309191071652,1180
12422,24.858310343087677,1181
12423,24.860311495103705,1187
12424,24.862312647119733,1192
12425,24.864313799135758,1195
12426,24.866314951151786,1197
12427,24.868316103167814,1198
12428,24.87031725518384,1192
12429,24.872318407199867,1175
12430,24.874319559215895,1149
12431,24.876320711231923,1130
12432,24.878321863247947,1130
12433,24.880323015263976,1150
12434,24.882324167280004,1173
12435,24.88432531929603,1181
12436,24.886326471312056,1175
12437,24.888327623328085,1166
12438,24.89032877534411,1165
12439,24.892329927360137,1177
12440,24.894331079376165,1195
12441,24.89633223139219,1199
12442,24.898333383408218,1186
12443,24.900334535424246,1169
12444,24.90233568744027,1165
12445,24.9043368394563,1171
12446,24.906337991472327,1171
12447,24.908339143488355,1164
12448,24.91034029550438,1160
12449,24.912341447520408,1167
12450,24.914342599536436,1177
12451,24.91634375155246,1180
12452,24.91834490356849,1178
12453,24.920346055584517,1173
12454,24.92234720760054,1161
12455,24.92434835961657,1144
12456,24.926349511632598,1135
12457,24.928350663648622,1142
12458,24.93035181566465,1154
12459,24.93235296768068,1155
12460,24.934354119696707,1147
12461,24.93635527171273,1145
12462,24.93835642372876,1151
12463,24.940357575744788,1152
12464,24.942358727760812,1141
12465,24.94435987977684,1128
12466,24.94636103179287,1120
12467,24.948362183808893,1118
12468,24.95036333582492,1119
12469,24.95236448784095,1121
12470,24.954365639856974,1120
12471,24.956366791873002,1113
12472,24.95836794388903,1109
12473,24.960369095905055,1115
12474,24.962370247921083,1124
12475,24.96437139993711,1128
12476,24.96637255195314,1133
12477,24.968373703969164,1139
12478,24.97037485598519,1142
12479,24.97237600800122,1140
12480,24.974377160017244,1136
12481,24.976378312033273,1134
12482,24.9783794640493,1137
12483,24.980380616065325,1148
12484,24.982381768081353,1163
12485,24.98438292009738,1174
12486,24.986384072113406,1179
12487,24.988385224129434,1177
12488,24.990386376145462,1172
12489,24.992387528161487,1176
12490,24.994388680177515,1187
12491,24.996389832193543,1193
12492,24.99839098420957,1187
12493,25.000392136225596,1177
12494,25.002393288241624,1169
12495,25.004394440257652,1165
12496,25.006395592273677,1167
12497,25.008396744289705,1171
12498,25.010397896305733,1172
12499,25.012399048321758,1171
12500,25.014400200337786,1172
12501,25.016401352353814,1172
12502,25.01840250436984,1171
12503,25.020403656385866,1170
12504,25.022404808401895,1172
12505,25.024405960417923,1173
12506,25.026407112433947,1171
12507,25.028408264449975,1168
12508,25.030409416466004,1166
12509,25.032410568482028,1165
12510,25.034411720498056,1162
12511,25.036412872514084,1160
12512,25.03841402453011,1161
12513,25.040415176546137,1164
12514,25.042416328562165,1165
12515,25.04441748057819,1164
12516,25.046418632594218,1164
12517,25.048419784610246,1167
12518,25.05042093662627,1168
12519,25.0524220886423,1169
12520,25.054423240658327,1173
12521,25.056424392674355,1176
12522,25.05842554469038,1177
12523,25.060426696706408,1173
12524,25.062427848722436,1168
12525,25.06442900073846,1164
12526,25.06643015275449,1162
12527,25.068431304770517,1162
12528,25.07043245678654,1166
12529,25.07243360880257,1170
12530,25.074434760818598,1167
12531,25.076435912834622,1158
12532,25.07843706485065,1157
12533,25.08043821686668,1168
12534,25.082439368882703,1175
12535,25.08444052089873,1167
12536,25.08644167291476,1152
12537,25.088442824930787,1146
12538,25.090443976946812,1153
12539,25.09244512896284,1163
12540,25.094446280978868,1163
12541,25.096447432994893,1149
12542,25.09844858501092,1134
12543,25.10044973702695,1126
12544,25.102450889042974,1125
12545,25.104452041059,1130
12546,25.10645319307503,1132
12547,25.108454345091054,1125
12548,25.110455497107083,1118
12549,25.11245664912311,1122
12550,25.114457801139135,1137
12551,25.116458953155163,1154
12552,25.11846010517119,1166
12553,25.12046125718722,1166
12554,25.122462409203244,1156
12555,25.124463561219272,1149
12556,25.1264647132353,1155
12557,25.128465865251325,1168
12558,25.130467017267353,1174
12559,25.13246816928338,1168
12560,25.134469321299406,1154
12561,25.136470473315434,1136
12562,25.138471625331462,1126
12563,25.140472777347487,1130
12564,25.142473929363515,1142
12565,25.144475081379543,1149
12566,25.14647623339557,1149
12567,25.148477385411596,1147
12568,25.150478537427624,1149
12569,25.152479689443652,1150
12570,25.154480841459677,1150
12571,25.156481993475705,1151
12572,25.158483145491733,1153
12573,25.160484297507757,1151
12574,25.162485449523786,1142
12575,25.164486601539814,1132
12576,25.16648775355584,1130
12577,25.168488905571866,1133
12578,25.170490057587894,1134
12579,25.17249120960392,1125
12580,25.174492361619947,1115
12581,25.176493513635975,1113
12582,25.178494665652003,1117
12583,25.180495817668028,1120
12584,25.182496969684056,1122
12585,25.184498121700084,1126
12586,25.18649927371611,1134
12587,25.188500425732137,1144
12588,25.190501577748165,1148
12589,25.19250272976419,1147
12590,25.194503881780218,1147
12591,25.196505033796246,1150
12592,25.19850618581227,1150
12593,25.2005073378283,1148
12594,25.202508489844327,1150
12595,25.20450964186035,1158
12596,25.20651079387638,1162
12597,25.208511945892408,1155
12598,25.210513097908436,1143
12599,25.21251424992446,1145
12600,25.21451540194049,1174
12601,25.216516553956517,1208
12602,25.21851770597254,1215
12603,25.22051885798857,1196
12604,25.222520010004597,1180
12605,25.224521162020622,1177
12606,25.22652231403665,1170
12607,25.22852346605268,1153
12608,25.230524618068703,1138
12609,25.23252577008473,1134
12610,25.23452692210076,1138
12611,25.236528074116784,1142
12612,25.238529226132812,1140
12613,25.24053037814884,1136
12614,25.242531530164868,1136
12615,25.244532682180893,1144
12616,25.24653383419692,1154
12617,25.24853498621295,1155
12618,25.250536138228973,1145
12619,25.252537290245,1132
12620,25.25453844226103,1123
12621,25.256539594277054,1125
12622,25.258540746293082,1134
12623,25.26054189830911,1142
12624,25.262543050325135,1143
12625,25.264544202341163,1138
12626,25.26654535435719,1137
12627,25.26854650637322,1144
12628,25.270547658389244,1157
12629,25.272548810405272,1165
12630,25.2745499624213,1162
12631,25.276551114437325,1156
12632,25.278552266453353,1155
12633,25.28055341846938,1160
12634,25.282554570485406,1168
12635,25.284555722501434,1174
12636,25.286556874517462,1174
12637,25.288558026533487,1166
12638,25.290559178549515,1158
12639,25.292560330565543,1155
12640,25.294561482581567,1154
12641,25.296562634597596,1155
12642,25.298563786613624,1157
12643,25.300564938629652,1154
12644,25.302566090645676,1148
12645,25.304567242661705,1144
12646,25.306568394677733,1143
12647,25.308569546693757,1145
12648,25.310570698709785,1154
12649,25.312571850725814,1169
12650,25.314573002741838,1179
12651,25.316574154757866,1174
12652,25.318575306773894,1164
12653,25.32057645878992,1156
12654,25.322577610805947,1151
12655,25.324578762821975,1145
12656,25.326579914838,1148
12657,25.328581066854028,1164
12658,25.330582218870056,1181
12659,25.332583370886084,1185
12660,25.33458452290211,1172
12661,25.336585674918137,1154
12662,25.338586826934165,1143
12663,25.34058797895019,1147
12664,25.342589130966218,1155
12665,25.344590282982246,1157
12666,25.34659143499827,1157
12667,25.3485925870143,1160
12668,25.350593739030327,1162
12669,25.35259489104635,1147
12670,25.35459604306238,1125
12671,25.356597195078407,1122
12672,25.358598347094432,1146
12673,25.36059949911046,1171
12674,25.36260065112649,1171
12675,25.364601803142516,1153
12676,25.36660295515854,1141
12677,25.36860410717457,1144
12678,25.370605259190597,1149
12679,25.372606411206622,1142
12680,25.37460756322265,1129
12681,25.376608715238678,1121
12682,25.378609867254703,1118
12683,25.38061101927073,1109
12684,25.38261217128676,1099
12685,25.384613323302784,1097
12686,25.38661447531881,1101
12687,25.38861562733484,1104
12688,25.390616779350868,1106
12689,25.392617931366892,1108
12690,25.39461908338292,1109
12691,25.39662023539895,1109
12692,25.398621387414973,1111
12693,25.400622539431,1117
12694,25.40262369144703,1127
12695,25.404624843463054,1134
12696,25.406625995479082,1131
12697,25.40862714749511,1119
12698,25.410628299511135,1110
12699,25.412629451527163,1115
12700,25.41463060354319,1129
12701,25.416631755559216,1137
12702,25.418632907575244,1135
12703,25.420634059591272,1131
12704,25.4226352116073,1131
12705,25.424636363623325,1137
12706,25.426637515639353,1150
12707,25.42863866765538,1165
12708,25.430639819671406,1160
12709,25.432640971687434,1132
12710,25.434642123703462,1106
12711,25.436643275719486,1107
12712,25.438644427735515,1132
12713,25.440645579751543,1151
12714,25.442646731767567,1144
12715,25.444647883783595,1122
12716,25.446649035799624,1107
12717,25.448650187815648,1107
12718,25.450651339831676,1113
12719,25.452652491847704,1119
12720,25.454653643863733,1129
12721,25.456654795879757,1139
12722,25.458655947895785,1138
12723,25.460657099911813,1125
12724,25.462658251927838,1117
12725,25.464659403943866,1122
12726,25.466660555959894,1132
12727,25.46866170797592,1142
12728,25.470662859991947,1153
12729,25.472664012007975,1162
12730,25.474665164024,1162
12731,25.476666316040028,1156
12732,25.478667468056056,1153
12733,25.48066862007208,1154
12734,25.48266977208811,1151
12735,25.484670924104137,1144
12736,25.486672076120165,1133
12737,25.48867322813619,1124
12738,25.490674380152218,1128
12739,25.492675532168246,1148
12740,25.49467668418427,1173
12741,25.4966778362003,1183
12742,25.498678988216327,1175
12743,25.50068014023235,1167
12744,25.50268129224838,1172
12745,25.504682444264407,1178
12746,25.506683596280432,1169
12747,25.50868474829646,1151
12748,25.510685900312488,1147
12749,25.512687052328516,1162
12750,25.51468820434454,1174
12751,25.51668935636057,1166
12752,25.518690508376597,1155
12753,25.52069166039262,1157
12754,25.52269281240865,1169
12755,25.524693964424678,1176
12756,25.526695116440703,1177
12757,25.52869626845673,1171
12758,25.53069742047276,1164
12759,25.532698572488783,1159
12760,25.53469972450481,1157
12761,25.53670087652084,1157
12762,25.538702028536864,1157
12763,25.540703180552892,1156
12764,25.54270433256892,1156
12765,25.54470548458495,1158
12766,25.546706636600973,1156
12767,25.548707788617,1145
12768,25.55070894063303,1138
12769,25.552710092649054,1145
12770,25.554711244665082,1161
12771,25.55671239668111,1170
12772,25.558713548697135,1162
12773,25.560714700713163,1148
12774,25.56271585272919,1144
12775,25.564717004745216,1155
12776,25.566718156761244,1170
12777,25.568719308777272,1174
12778,25.570720460793297,1161
12779,25.572721612809325,1141
12780,25.574722764825353,1131
12781,25.57672391684138,1134
12782,25.578725068857405,1140
12783,25.580726220873434,1140
12784,25.58272737288946,1137
12785,25.584728524905486,1140
12786,25.586729676921514,1152
12787,25.588730828937543,1159
12788,25.590731980953567,1154
12789,25.592733132969595,1148
12790,25.594734284985623,1153
12791,25.596735437001648,1166
12792,25.598736589017676,1178
12793,25.600737741033704,1179
12794,25.60273889304973,1170
12795,25.604740045065757,1159
12796,25.606741197081785,1155
12797,25.608742349097813,1156
12798,25.610743501113838,1157
12799,25.612744653129866,1160
12800,25.614745805145894,1167
12801,25.61674695716192,1168
12802,25.618748109177947,1155
12803,25.620749261193975,1140
12804,25.62275041321,1139
12805,25.624751565226028,1155
12806,25.626752717242056,1173
12807,25.62875386925808,1184
12808,25.63075502127411,1182
12809,25.632756173290137,1170
12810,25.634757325306165,1158
12811,25.63675847732219,1155
12812,25.638759629338217,1160
12813,25.640760781354246,1166
12814,25.64276193337027,1163
12815,25.6447630853863,1158
12816,25.646764237402326,1155
12817,25.64876538941835,1155
12818,25.65076654143438,1154
12819,25.652767693450407,1150
12820,25.65476884546643,1145
12821,25.65676999748246,1141
12822,25.658771149498488,1145
12823,25.660772301514513,1152
12824,25.66277345353054,1149
12825,25.66477460554657,1136
12826,25.666775757562597,1129
12827,25.66877690957862,1132
12828,25.67077806159465,1139
12829,25.672779213610678,1148
12830,25.674780365626702,1155
12831,25.67678151764273,1160
12832,25.67878266965876,1163
12833,25.680783821674783,1161
12834,25.68278497369081,1154
12835,25.68478612570684,1142
12836,25.686787277722864,1135
12837,25.688788429738892,1139
12838,25.69078958175492,1151
12839,25.692790733770945,1159
12840,25.694791885786973,1153
12841,25.696793037803,1138
12842,25.69879418981903,1128
12843,25.700795341835054,1133
12844,25.702796493851082,1142
12845,25.70479764586711,1147
12846,25.706798797883135,1153
12847,25.708799949899163,1166
12848,25.71080110191519,1175
12849,25.712802253931216,1174
12850,25.714803405947244,1165
12851,25.716804557963272,1158
12852,25.718805709979296,1156
12853,25.720806861995325,1159
12854,25.722808014011353,1167
12855,25.724809166027377,1171
12856,25.726810318043405,1160
12857,25.728811470059433,1140
12858,25.73081262207546,1128
12859,25.732813774091486,1138
12860,25.734814926107514,1157
12861,25.736816078123542,1160
12862,25.738817230139567,1144
12863,25.740818382155595,1132
12864,25.742819534171623,1145
12865,25.744820686187648,1168
12866,25.746821838203676,1174
12867,25.748822990219704,1162
12868,25.75082414223573,1151
12869,25.752825294251757,1150
12870,25.754826446267785,1145
12871,25.756827598283813,1135
12872,25.758828750299838,1129
12873,25.760829902315866,1132
12874,25.762831054331894,1143
12875,25.76483220634792,1157
12876,25.766833358363947,1167
12877,25.768834510379975,1169
12878,25.770835662396,1164
12879,25.772836814412027,1156
12880,25.774837966428056,1148
12881,25.77683911844408,1141
12882,25.77884027046011,1139
12883,25.780841422476136,1142
12884,25.78284257449216,1147
12885,25.78484372650819,1153
12886,25.786844878524217,1163
12887,25.788846030540245,1170
12888,25.79084718255627,1172
12889,25.792848334572298,1172
12890,25.794849486588326,1178
12891,25.79685063860435,1186
12892,25.79885179062038,1191
12893,25.800852942636407,1191
12894,25.80285409465243,1188
12895,25.80485524666846,1183
12896,25.806856398684488,1178
12897,25.808857550700512,1177
12898,25.81085870271654,1178
12899,25.81285985473257,1184
12900,25.814861006748593,1194
12901,25.81686215876462,1203
12902,25.81886331078065,1202
12903,25.820864462796678,1193
12904,25.822865614812702,1184
12905,25.82486676682873,1174
12906,25.82686791884476,1162
12907,25.828869070860783,1158
12908,25.83087022287681,1170
12909,25.83287137489284,1184
12910,25.834872526908864,1187
12911,25.836873678924892,1181
12912,25.83887483094092,1177
12913,25.840875982956945,1177
12914,25.842877134972973,1176
12915,25.844878286989,1173
12916,25.84687943900503,1172
12917,25.848880591021054,1175
12918,25.850881743037082,1178
12919,25.85288289505311,1174
12920,25.854884047069135,1165
12921,25.856885199085163,1163
12922,25.85888635110119,1173
12923,25.860887503117215,1189
12924,25.862888655133244,1198
12925,25.86488980714927,1194
12926,25.866890959165296,1182
12927,25.868892111181324,1172
12928,25.870893263197352,1169
12929,25.872894415213377,1171
12930,25.874895567229405,1170
12931,25.876896719245433,1158
12932,25.87889787126146,1145
12933,25.880899023277486,1139
12934,25.882900175293514,1137
12935,25.884901327309542,1135
12936,25.886902479325567,1137
12937,25.888903631341595,1143
12938,25.890904783357623,1148
12939,25.892905935373648,1144
12940,25.894907087389676,1130
12941,25.896908239405704,1117
12942,25.89890939142173,1117
12943,25.900910543437757,1131
12944,25.902911695453785,1147
12945,25.90491284746981,1156
12946,25.906913999485838,1159
12947,25.908915151501866,1159
12948,25.910916303517894,1160
12949,25.91291745553392,1168
12950,25.914918607549946,1183
12951,25.916919759565975,1195
12952,25.918920911582,1191
12953,25.920922063598027,1175
12954,25.922923215614055,1160
12955,25.92492436763008,1157
12956,25.926925519646108,1163
12957,25.928926671662136,1166
12958,25.93092782367816,1160
12959,25.93292897569419,1151
12960,25.934930127710217,1148
12961,25.93693127972624,1150
12962,25.93893243174227,1150
12963,25.940933583758298,1151
12964,25.942934735774326,1158
12965,25.94493588779035,1171
12966,25.94693703980638,1177
12967,25.948938191822407,1167
12968,25.95093934383843,1148
12969,25.95294049585446,1139
12970,25.954941647870488,1146
12971,25.956942799886512,1156
12972,25.95894395190254,1155
12973,25.96094510391857,1144
12974,25.962946255934593,1138
12975,25.96494740795062,1143
12976,25.96694855996665,1149
12977,25.968949711982678,1143
12978,25.970950863998702,1133
12979,25.97295201601473,1133
12980,25.97495316803076,1144
12981,25.976954320046783,1151
12982,25.97895547206281,1148
12983,25.98095662407884,1143
12984,25.982957776094864,1144
12985,25.984958928110892,1149
12986,25.98696008012692,1148
12987,25.988961232142945,1137
12988,25.990962384158973,1124
12989,25.992963536175,1118
12990,25.994964688191025,1124
12991,25.996965840207054,1131
12992,25.99896699222308,1134
12993,26.00096814423911,1139
12994,26.002969296255134,1153
12995,26.004970448271163,1164
12996,26.00697160028719,1163
12997,26.008972752303215,1155
12998,26.010973904319243,1150
12999,26.01297505633527,1151
13000,26.014976208351296,1153
13001,26.016977360367324,1153
13002,26.018978512383352,1151
13003,26.020979664399377,1150
13004,26.022980816415405,1150
13005,26.024981968431433,1150
13006,26.026983120447458,1144
13007,26.028984272463486,1136
13008,26.030985424479514,1132
13009,26.032986576495542,1131
13010,26.034987728511567,1132
13011,26.036988880527595,1135
13012,26.038990032543623,1137
13013,26.040991184559648,1135
13014,26.042992336575676,1129
13015,26.044993488591704,1123
13016,26.04699464060773,1128
13017,26.048995792623757,1145
13018,26.050996944639785,1166
13019,26.05299809665581,1176
13020,26.054999248671837,1171
13021,26.057000400687865,1159
13022,26.05900155270389,1153
13023,26.061002704719918,1156
13024,26.063003856735946,1163
13025,26.065005008751974,1166
13026,26.067006160768,1160
13027,26.069007312784027,1147
13028,26.071008464800055,1137
13029,26.07300961681608,1138
13030,26.075010768832108,1148
13031,26.077011920848136,1159
13032,26.07901307286416,1165
13033,26.08101422488019,1160
13034,26.083015376896217,1149
13035,26.08501652891224,1146
13036,26.08701768092827,1151
13037,26.089018832944298,1152
13038,26.091019984960326,1146
13039,26.09302113697635,1143
13040,26.09502228899238,1147
13041,26.097023441008407,1149
13042,26.09902459302443,1143
13043,26.10102574504046,1136
13044,26.103026897056488,1137
13045,26.105028049072512,1146
13046,26.10702920108854,1158
13047,26.10903035310457,1175
13048,26.111031505120593,1197
13049,26.11303265713662,1212
13050,26.11503380915265,1208
13051,26.117034961168674,1196
13052,26.119036113184702,1191
13053,26.12103726520073,1198
13054,26.12303841721676,1205
13055,26.125039569232783,1207
13056,26.12704072124881,1208
13057,26.12904187326484,1205
13058,26.131043025280864,1192
13059,26.13304417729689,1178
13060,26.13504532931292,1173
13061,26.137046481328944,1173
13062,26.139047633344973,1172
13063,26.141048785361,1167
13064,26.143049937377025,1164
13065,26.145051089393053,1166
13066,26.14705224140908,1172
13067,26.149053393425106,1177
13068,26.151054545441134,1176
13069,26.153055697457162,1177
13070,26.15505684947319,1185
13071,26.157058001489215,1191
13072,26.159059153505243,1192
13073,26.16106030552127,1193
13074,26.163061457537296,1195
13075,26.165062609553324,1191
13076,26.167063761569352,1181
13077,26.169064913585377,1177
13078,26.171066065601405,1184
13079,26.173067217617433,1189
13080,26.175068369633458,1181
13081,26.177069521649486,1171
13082,26.179070673665514,1170
13083,26.18107182568154,1172
13084,26.183072977697567,1169
13085,26.185074129713595,1168
13086,26.187075281729623,1173
13087,26.189076433745647,1177
13088,26.191077585761676,1170
13089,26.193078737777704,1158
13090,26.19507988979373,1154
13091,26.197081041809756,1161
13092,26.199082193825785,1168
13093,26.20108334584181,1170
13094,26.203084497857837,1173
13095,26.205085649873865,1178
13096,26.20708680188989,1178
13097,26.209087953905918,1167
13098,26.211089105921946,1152
13099,26.213090257937974,1147
13100,26.215091409954,1157
13101,26.217092561970027,1173
13102,26.219093713986055,1182
13103,26.22109486600208,1178
13104,26.223096018018108,1166
13105,26.225097170034136,1159
13106,26.22709832205016,1167
13107,26.22909947406619,1181
13108,26.231100626082217,1191
13109,26.23310177809824,1195
13110,26.23510293011427,1197
13111,26.237104082130298,1198
13112,26.239105234146322,1196
13113,26.24110638616235,1190
13114,26.24310753817838,1180
13115,26.245108690194407,1167
13116,26.24710984221043,1155
13117,26.24911099422646,1151
13118,26.251112146242487,1155
13119,26.253113298258512,1161
13120,26.25511445027454,1164
13121,26.25711560229057,1162
13122,26.259116754306593,1155
13123,26.26111790632262,1149
13124,26.26311905833865,1151
13125,26.265120210354674,1159
13126,26.267121362370702,1164
13127,26.26912251438673,1166
13128,26.271123666402755,1170
13129,26.273124818418783,1180
13130,26.27512597043481,1188
13131,26.27712712245084,1191
13132,26.279128274466864,1190
13133,26.28112942648289,1191
13134,26.28313057849892,1199
13135,26.285131730514944,1207
13136,26.287132882530972,1200
13137,26.289134034547,1176
13138,26.291135186563025,1152
13139,26.293136338579053,1145
13140,26.29513749059508,1152
13141,26.297138642611106,1158
13142,26.299139794627134,1157
13143,26.301140946643162,1149
13144,26.303142098659187,1136
13145,26.305143250675215,1127
13146,26.307144402691243,1131
13147,26.30914555470727,1143
13148,26.311146706723296,1152
13149,26.313147858739324,1160
13150,26.315149010755352,1170
13151,26.317150162771377,1177
13152,26.319151314787405,1178
13153,26.321152466803433,1177
13154,26.323153618819457,1177
13155,26.325154770835486,1175
13156,26.327155922851514,1171
13157,26.32915707486754,1170
13158,26.331158226883566,1172
13159,26.333159378899595,1170
13160,26.335160530915623,1159
13161,26.337161682931647,1140
13162,26.339162834947675,1127
13163,26.341163986963704,1131
13164,26.343165138979728,1145
13165,26.345166290995756,1155
13166,26.347167443011784,1150
13167,26.34916859502781,1140
13168,26.351169747043837,1139
13169,26.353170899059865,1150
13170,26.35517205107589,1163
13171,26.357173203091918,1171
13172,26.359174355107946,1172
13173,26.36117550712397,1170
13174,26.36317665914,1171
13175,26.365177811156027,1175
13176,26.367178963172055,1174
13177,26.36918011518808,1165
13178,26.371181267204108,1155
13179,26.373182419220136,1152
13180,26.37518357123616,1160
13181,26.37718472325219,1176
13182,26.379185875268217,1188
13183,26.38118702728424,1189
13184,26.38318817930027,1190
13185,26.385189331316298,1198
13186,26.387190483332322,1206
13187,26.38919163534835,1209
13188,26.39119278736438,1203
13189,26.393193939380403,1188
13190,26.39519509139643,1168
13191,26.39719624341246,1152
13192,26.399197395428487,1150
13193,26.401198547444512,1162
13194,26.40319969946054,1178
13195,26.405200851476568,1187
13196,26.407202003492593,1185
13197,26.40920315550862,1183
13198,26.41120430752465,1189
13199,26.413205459540674,1199
13200,26.4152066115567,1203
13201,26.41720776357273,1199
13202,26.419208915588754,1199
13203,26.421210067604783,1209
13204,26.42321121962081,1220
13205,26.425212371636835,1222
13206,26.427213523652863,1212
13207,26.42921467566889,1191
13208,26.43121582768492,1171
13209,26.433216979700944,1167
13210,26.435218131716972,1176
13211,26.437219283733,1180
13212,26.439220435749025,1167
13213,26.441221587765053,1154
13214,26.44322273978108,1162
13215,26.445223891797106,1181
13216,26.447225043813134,1188
13217,26.449226195829162,1181
13218,26.451227347845187,1178
13219,26.453228499861215,1185
13220,26.455229651877243,1191
13221,26.45723080389327,1189
13222,26.459231955909296,1184
13223,26.461233107925324,1180
13224,26.463234259941352,1181
13225,26.465235411957376,1182
13226,26.467236563973405,1187
13227,26.469237715989433,1201
13228,26.471238868005457,1217
13229,26.473240020021485,1220
13230,26.475241172037514,1207
13231,26.477242324053538,1192
13232,26.479243476069566,1186
13233,26.481244628085594,1185
13234,26.48324578010162,1183
13235,26.485246932117647,1179
13236,26.487248084133675,1179
13237,26.489249236149703,1182
13238,26.491250388165728,1182
13239,26.493251540181756,1183
13240,26.495252692197784,1185
13241,26.49725384421381,1184
13242,26.499254996229837,1181
13243,26.501256148245865,1178
13244,26.50325730026189,1177
13245,26.505258452277918,1181
13246,26.507259604293946,1184
13247,26.50926075630997,1183
13248,26.511261908326,1179
13249,26.513263060342027,1181
13250,26.51526421235805,1192
13251,26.51726536437408,1203
13252,26.519266516390108,1207
13253,26.521267668406136,1201
13254,26.52326882042216,1187
13255,26.52526997243819,1176
13256,26.527271124454217,1176
13257,26.52927227647024,1180
13258,26.53127342848627,1180
13259,26.533274580502297,1171
13260,26.535275732518322,1164
13261,26.53727688453435,1168
13262,26.539278036550378,1175
13263,26.541279188566403,1173
13264,26.54328034058243,1168
13265,26.54528149259846,1171
13266,26.547282644614484,1181
13267,26.54928379663051,1193
13268,26.55128494864654,1198
13269,26.553286100662568,1194
13270,26.555287252678593,1184
13271,26.55728840469462,1176
13272,26.55928955671065,1179
13273,26.561290708726673,1190
13274,26.5632918607427,1197
13275,26.56529301275873,1198
13276,26.567294164774754,1195
13277,26.569295316790782,1193
13278,26.57129646880681,1193
13279,26.573297620822835,1193
13280,26.575298772838863,1191
13281,26.57729992485489,1189
13282,26.57930107687092,1186
13283,26.581302228886944,1180
13284,26.583303380902972,1175
13285,26.585304532919,1174
13286,26.587305684935025,1176
13287,26.589306836951053,1179
13288,26.59130798896708,1180
13289,26.593309140983106,1178
13290,26.595310292999134,1178
13291,26.597311445015162,1182
13292,26.599312597031187,1183
13293,26.601313749047215,1182
13294,26.603314901063243,1182
13295,26.605316053079267,1183
13296,26.607317205095296,1184
13297,26.609318357111324,1176
13298,26.611319509127352,1155
13299,26.613320661143376,1131
13300,26.615321813159404,1124
13301,26.617322965175433,1137
13302,26.619324117191457,1149
13303,26.621325269207485,1145
13304,26.623326421223513,1136
13305,26.625327573239538,1136
13306,26.627328725255566,1145
13307,26.629329877271594,1151
13308,26.63133102928762,1155
13309,26.633332181303647,1157
13310,26.635333333319675,1152
13311,26.6373344853357,1141
13312,26.639335637351728,1136
13313,26.641336789367756,1145
13314,26.643337941383784,1162
13315,26.64533909339981,1174
13316,26.647340245415837,1174
13317,26.649341397431865,1168
13318,26.65134254944789,1164
13319,26.653343701463918,1156
13320,26.655344853479946,1147
13321,26.65734600549597,1145
13322,26.659347157512,1154
13323,26.661348309528027,1158
13324,26.66334946154405,1146
13325,26.66535061356008,1126
13326,26.667351765576107,1110
13327,26.669352917592136,1111
13328,26.67135406960816,1132
13329,26.67335522162419,1158
13330,26.675356373640216,1165
13331,26.67735752565624,1155
13332,26.67935867767227,1139
13333,26.681359829688297,1127
13334,26.683360981704322,1122
13335,26.68536213372035,1122
13336,26.687363285736378,1120
13337,26.689364437752403,1120
13338,26.69136558976843,1129
13339,26.69336674178446,1140
13340,26.695367893800483,1144
13341,26.69736904581651,1139
13342,26.69937019783254,1132
13343,26.701371349848568,1131
13344,26.703372501864592,1136
13345,26.70537365388062,1147
13346,26.70737480589665,1159
13347,26.709375957912673,1162
13348,26.7113771099287,1151
13349,26.71337826194473,1136
13350,26.715379413960754,1138
13351,26.717380565976782,1155
13352,26.71938171799281,1167
13353,26.721382870008835,1162
13354,26.723384022024863,1144
13355,26.72538517404089,1126
13356,26.727386326056916,1116
13357,26.729387478072944,1114
13358,26.731388630088972,1116
13359,26.733389782105,1114
13360,26.735390934121025,1109
13361,26.737392086137053,1104
13362,26.73939323815308,1102
13363,26.741394390169106,1105
13364,26.743395542185134,1110
13365,26.745396694201162,1106
13366,26.747397846217186,1091
13367,26.749398998233215,1083
13368,26.751400150249243,1099
13369,26.753401302265267,1133
13370,26.755402454281295,1156
13371,26.757403606297324,1153
13372,26.759404758313348,1133
13373,26.761405910329376,1124
13374,26.763407062345404,1134
13375,26.765408214361432,1146
13376,26.767409366377457,1148
13377,26.769410518393485,1141
13378,26.771411670409513,1133
13379,26.773412822425538,1128
13380,26.775413974441566,1129
13381,26.777415126457594,1140
13382,26.77941627847362,1150
13383,26.781417430489647,1153
13384,26.783418582505675,1153
13385,26.7854197345217,1156
13386,26.787420886537728,1158
13387,26.789422038553756,1153
13388,26.791423190569784,1144
13389,26.79342434258581,1135
13390,26.795425494601837,1124
13391,26.797426646617865,1117
13392,26.79942779863389,1117
13393,26.801428950649917,1126
13394,26.803430102665946,1138
13395,26.80543125468197,1142
13396,26.807432406698,1139
13397,26.809433558714026,1142
13398,26.81143471073005,1149
13399,26.81343586274608,1154
13400,26.815437014762107,1153
13401,26.817438166778132,1155
13402,26.81943931879416,1159
13403,26.821440470810188,1164
13404,26.823441622826216,1167
13405,26.82544277484224,1169
13406,26.82744392685827,1169
13407,26.829445078874297,1166
13408,26.83144623089032,1164
13409,26.83344738290635,1163
13410,26.835448534922378,1163
13411,26.837449686938402,1166
13412,26.83945083895443,1174
13413,26.84145199097046,1175
13414,26.843453142986483,1163
13415,26.84545429500251,1149
13416,26.84745544701854,1146
13417,26.849456599034564,1155
13418,26.851457751050592,1166
13419,26.85345890306662,1170
13420,26.85546005508265,1164
13421,26.857461207098673,1148
13422,26.8594623591147,1130
13423,26.86146351113073,1118
13424,26.863464663146754,1112
13425,26.865465815162782,1111
13426,26.86746696717881,1114
13427,26.869468119194835,1120
13428,26.871469271210863,1126
13429,26.87347042322689,1131
13430,26.875471575242916,1133
13431,26.877472727258944,1132
13432,26.879473879274972,1132
13433,26.881475031290996,1137
13434,26.883476183307025,1142
13435,26.885477335323053,1137
13436,26.88747848733908,1126
13437,26.889479639355105,1123
13438,26.891480791371134,1129
13439,26.89348194338716,1134
13440,26.895483095403186,1136
13441,26.897484247419214,1137
13442,26.899485399435243,1140
13443,26.901486551451267,1143
13444,26.903487703467295,1142
13445,26.905488855483323,1134
13446,26.907490007499348,1121
13447,26.909491159515376,1114
13448,26.911492311531404,1118
13449,26.913493463547432,1131
13450,26.915494615563457,1143
13451,26.917495767579485,1146
13452,26.919496919595513,1137
13453,26.921498071611538,1129
13454,26.923499223627566,1133
13455,26.925500375643594,1147
13456,26.92750152765962,1159
13457,26.929502679675647,1157
13458,26.931503831691675,1146
13459,26.9335049837077,1136
13460,26.935506135723728,1131
13461,26.937507287739756,1124
13462,26.93950843975578,1120
13463,26.94150959177181,1125
13464,26.943510743787837,1134
13465,26.945511895803865,1142
13466,26.94751304781989,1147
13467,26.949514199835917,1150
13468,26.951515351851945,1147
13469,26.95351650386797,1143
13470,26.955517655883998,1141
13471,26.957518807900026,1139
13472,26.95951995991605,1135
13473,26.96152111193208,1138
13474,26.963522263948107,1148
13475,26.96552341596413,1155
13476,26.96752456798016,1151
13477,26.969525719996188,1140
13478,26.971526872012213,1135
13479,26.97352802402824,1140
13480,26.97552917604427,1150
13481,26.977530328060297,1155
13482,26.97953148007632,1150
13483,26.98153263209235,1139
13484,26.983533784108378,1130
13485,26.985534936124402,1123
13486,26.98753608814043,1119
13487,26.98953724015646,1121
13488,26.991538392172483,1125
13489,26.99353954418851,1127
13490,26.99554069620454,1130
13491,26.997541848220564,1135
13492,26.999543000236592,1138
13493,27.00154415225262,1139
13494,27.003545304268645,1142
13495,27.005546456284673,1152
13496,27.0075476083007,1163
13497,27.00954876031673,1167
13498,27.011549912332754,1161
13499,27.013551064348782,1155
13500,27.01555221636481,1151
13501,27.017553368380835,1144
13502,27.019554520396863,1134
13503,27.02155567241289,1135
13504,27.023556824428915,1147
13505,27.025557976444944,1157
13506,27.02755912846097,1157
13507,27.029560280476996,1148
13508,27.031561432493024,1139
13509,27.033562584509053,1139
13510,27.03556373652508,1146
13511,27.037564888541105,1154
13512,27.039566040557133,1157
13513,27.04156719257316,1153
13514,27.043568344589186,1149
13515,27.045569496605214,1149
13516,27.047570648621242,1151
13517,27.049571800637267,1149
13518,27.051572952653295,1145
13519,27.053574104669323,1147
13520,27.055575256685348,1154
13521,27.057576408701376,1155
13522,27.059577560717404,1147
13523,27.06157871273343,1136
13524,27.063579864749457,1131
13525,27.065581016765485,1136
13526,27.067582168781513,1147
13527,27.069583320797538,1151
13528,27.071584472813566,1141
13529,27.073585624829594,1131
13530,27.07558677684562,1134
13531,27.077587928861647,1149
13532,27.079589080877675,1161
13533,27.0815902328937,1154
13534,27.083591384909727,1130
13535,27.085592536925756,1111
13536,27.08759368894178,1112
13537,27.08959484095781,1123
13538,27.091595992973836,1128
13539,27.09359714498986,1126
13540,27.09559829700589,1133
13541,27.097599449021917,1150
13542,27.099600601037945,1161
13543,27.10160175305397,1159
13544,27.103602905069998,1158
13545,27.105604057086026,1171
13546,27.10760520910205,1185
13547,27.10960636111808,1182
13548,27.111607513134107,1167
13549,27.11360866515013,1160
13550,27.11560981716616,1162
13551,27.117610969182188,1158
13552,27.119612121198212,1151
13553,27.12161327321424,1157
13554,27.12361442523027,1169
13555,27.125615577246293,1168
13556,27.12761672926232,1154
13557,27.12961788127835,1145
13558,27.131619033294378,1153
13559,27.133620185310402,1168
13560,27.13562133732643,1177
13561,27.13762248934246,1178
13562,27.139623641358483,1178
13563,27.14162479337451,1180
13564,27.14362594539054,1187
13565,27.145627097406564,1196
13566,27.147628249422592,1197
13567,27.14962940143862,1191
13568,27.151630553454645,1189
13569,27.153631705470673,1195
13570,27.1556328574867,1203
13571,27.15763400950273,1203
13572,27.159635161518754,1198
13573,27.161636313534782,1196
13574,27.16363746555081,1199
13575,27.165638617566835,1199
13576,27.167639769582863,1197
13577,27.16964092159889,1204
13578,27.171642073614915,1218
13579,27.173643225630943,1228
13580,27.17564437764697,1221
13581,27.177645529662996,1198
13582,27.179646681679024,1177
13583,27.181647833695052,1174
13584,27.183648985711077,1178
13585,27.185650137727105,1173
13586,27.187651289743133,1159
13587,27.18965244175916,1150
13588,27.191653593775186,1146
13589,27.193654745791214,1145
13590,27.195655897807242,1150
13591,27.197657049823267,1155
13592,27.199658201839295,1153
13593,27.201659353855323,1154
13594,27.203660505871348,1165
13595,27.205661657887376,1177
13596,27.207662809903404,1181
13597,27.20966396191943,1179
13598,27.211665113935457,1177
13599,27.213666265951485,1176
13600,27.21566741796751,1176
13601,27.217668569983537,1179
13602,27.219669721999566,1184
13603,27.221670874015594,1186
13604,27.22367202603162,1186
13605,27.225673178047646,1185
13606,27.227674330063675,1186
13607,27.2296754820797,1187
13608,27.231676634095727,1186
13609,27.233677786111755,1178
13610,27.23567893812778,1169
13611,27.237680090143808,1166
13612,27.239681242159836,1166
13613,27.24168239417586,1161
13614,27.24368354619189,1155
13615,27.245684698207917,1157
13616,27.24768585022394,1160
13617,27.24968700223997,1151
13618,27.251688154255998,1135
13619,27.253689306272026,1130
13620,27.25569045828805,1145
13621,27.25769161030408,1165
13622,27.259692762320107,1174
13623,27.26169391433613,1176
13624,27.26369506635216,1175
13625,27.265696218368188,1178
13626,27.267697370384212,1185
13627,27.26969852240024,1192
13628,27.27169967441627,1186
13629,27.273700826432293,1172
13630,27.27570197844832,1161
13631,27.27770313046435,1159
13632,27.279704282480377,1166
13633,27.281705434496402,1170
13634,27.28370658651243,1164
13635,27.28570773852846,1150
13636,27.287708890544483,1141
13637,27.28971004256051,1146
13638,27.29171119457654,1161
13639,27.293712346592564,1176
13640,27.295713498608592,1184
13641,27.29771465062462,1183
13642,27.299715802640645,1176
13643,27.301716954656673,1172
13644,27.3037181066727,1178
13645,27.305719258688725,1189
13646,27.307720410704754,1189
13647,27.30972156272078,1174
13648,27.31172271473681,1158
13649,27.313723866752834,1155
13650,27.315725018768862,1156
13651,27.31772617078489,1150
13652,27.319727322800915,1139
13653,27.321728474816943,1137
13654,27.32372962683297,1144
13655,27.325730778848996,1151
13656,27.327731930865024,1153
13657,27.329733082881052,1152
13658,27.331734234897077,1149
13659,27.333735386913105,1148
13660,27.335736538929133,1153
13661,27.337737690945158,1159
13662,27.339738842961186,1154
13663,27.341739994977214,1142
13664,27.343741146993242,1136
13665,27.345742299009267,1142
13666,27.347743451025295,1156
13667,27.349744603041323,1169
13668,27.351745755057348,1173
13669,27.353746907073376,1166
13670,27.355748059089404,1155
13671,27.35774921110543,1153
13672,27.359750363121456,1162
13673,27.361751515137485,1169
13674,27.36375266715351,1170
13675,27.365753819169537,1165
13676,27.367754971185565,1157
13677,27.36975612320159,1155
13678,27.371757275217618,1164
13679,27.373758427233646,1177
13680,27.375759579249674,1183
13681,27.3777607312657,1178
13682,27.379761883281727,1162
13683,27.381763035297755,1146
13684,27.38376418731378,1139
13685,27.385765339329808,1140
13686,27.387766491345836,1141
13687,27.38976764336186,1140
13688,27.39176879537789,1138
13689,27.393769947393917,1133
13690,27.39577109940994,1128
13691,27.39777225142597,1127
13692,27.399773403441998,1127
13693,27.401774555458026,1125
13694,27.40377570747405,1126
13695,27.40577685949008,1132
13696,27.407778011506107,1137
13697,27.40977916352213,1135
13698,27.41178031553816,1132
13699,27.413781467554188,1138
13700,27.415782619570212,1149
13701,27.41778377158624,1159
13702,27.41978492360227,1166
13703,27.421786075618293,1166
13704,27.42378722763432,1154
13705,27.42578837965035,1136
13706,27.427789531666374,1128
13707,27.429790683682402,1135
13708,27.43179183569843,1150
13709,27.433792987714458,1159
13710,27.435794139730483,1152
13711,27.43779529174651,1136
13712,27.43979644376254,1127
13713,27.441797595778564,1131
13714,27.44379874779459,1142
13715,27.44579989981062,1154
13716,27.447801051826644,1167
13717,27.449802203842673,1174
13718,27.4518033558587,1167
13719,27.453804507874725,1156
13720,27.455805659890753,1162
13721,27.45780681190678,1185
13722,27.459807963922806,1199
13723,27.461809115938834,1192
13724,27.463810267954862,1174
13725,27.46581141997089,1161
13726,27.467812571986915,1161
13727,27.469813724002943,1163
13728,27.47181487601897,1159
13729,27.473816028034996,1147
13730,27.475817180051024,1135
13731,27.477818332067052,1129
13732,27.479819484083077,1124
13733,27.481820636099105,1117
13734,27.483821788115133,1105
13735,27.485822940131158,1089
13736,27.487824092147186,1082
13737,27.489825244163214,1092
13738,27.491826396179242,1110
13739,27.493827548195267,1116
13740,27.495828700211295,1109
13741,27.497829852227323,1110
13742,27.499831004243347,1126
13743,27.501832156259375,1148
13744,27.503833308275404,1164
13745,27.505834460291428,1170
13746,27.507835612307456,1169
13747,27.509836764323484,1162
13748,27.51183791633951,1151
13749,27.513839068355537,1141
13750,27.515840220371565,1138
13751,27.51784137238759,1142
13752,27.519842524403618,1143
13753,27.521843676419646,1136
13754,27.523844828435674,1135
13755,27.5258459804517,1143
13756,27.527847132467727,1152
13757,27.529848284483755,1150
13758,27.53184943649978,1139
13759,27.533850588515808,1128
13760,27.535851740531836,1124
13761,27.53785289254786,1123
13762,27.53985404456389,1119
13763,27.541855196579917,1115
13764,27.54385634859594,1116
13765,27.54585750061197,1120
13766,27.547858652627998,1126
13767,27.549859804644022,1132
13768,27.55186095666005,1142
13769,27.55386210867608,1153
13770,27.555863260692107,1162
13771,27.55786441270813,1173
13772,27.55986556472416,1187
13773,27.561866716740187,1194
13774,27.563867868756212,1183
13775,27.56586902077224,1165
13776,27.56787017278827,1158
13777,27.569871324804293,1160
13778,27.57187247682032,1156
13779,27.57387362883635,1142
13780,27.575874780852374,1133
13781,27.5778759328684,1141
13782,27.57987708488443,1158
13783,27.581878236900454,1171
13784,27.583879388916483,1174
13785,27.58588054093251,1169
13786,27.58788169294854,1162
13787,27.589882844964563,1161
13788,27.59188399698059,1165
13789,27.59388514899662,1168
13790,27.595886301012644,1170
13791,27.597887453028672,1172
13792,27.5998886050447,1171
13793,27.601889757060725,1166
13794,27.603890909076753,1162
13795,27.60589206109278,1166
13796,27.607893213108806,1184
13797,27.609894365124834,1204
13798,27.611895517140862,1203
13799,27.61389666915689,1179
13800,27.615897821172915,1155
13801,27.617898973188943,1152
13802,27.61990012520497,1173
13803,27.621901277220996,1193
13804,27.623902429237024,1192
13805,27.625903581253052,1177
13806,27.627904733269077,1169
13807,27.629905885285105,1181
13808,27.631907037301133,1202
13809,27.633908189317157,1213
13810,27.635909341333186,1206
13811,27.637910493349214,1187
13812,27.63991164536524,1170
13813,27.641912797381266,1163
13814,27.643913949397295,1161
13815,27.645915101413323,1157
13816,27.647916253429347,1149
13817,27.649917405445375,1143
13818,27.651918557461403,1145
13819,27.653919709477428,1150
13820,27.655920861493456,1155
13821,27.657922013509484,1163
13822,27.65992316552551,1176
13823,27.661924317541537,1184
13824,27.663925469557565,1179
13825,27.66592662157359,1166
13826,27.667927773589618,1163
13827,27.669928925605646,1173
13828,27.67193007762167,1186
13829,27.6739312296377,1188
13830,27.675932381653727,1186
13831,27.677933533669755,1188
13832,27.67993468568578,1191
13833,27.681935837701808,1183
13834,27.683936989717836,1167
13835,27.68593814173386,1160
13836,27.68793929374989,1167
13837,27.689940445765917,1180
13838,27.69194159778194,1189
13839,27.69394274979797,1189
13840,27.695943901813997,1182
13841,27.697945053830022,1170
13842,27.69994620584605,1164
13843,27.70194735786208,1170
13844,27.703948509878103,1185
13845,27.70594966189413,1200
13846,27.70795081391016,1207
13847,27.709951965926187,1202
13848,27.711953117942212,1187
13849,27.71395426995824,1170
13850,27.715955421974268,1163
13851,27.717956573990293,1172
13852,27.71995772600632,1186
13853,27.72195887802235,1193
13854,27.723960030038374,1194
13855,27.7259611820544,1193
13856,27.72796233407043,1187
13857,27.729963486086454,1172
13858,27.731964638102482,1160
13859,27.73396579011851,1162
13860,27.73596694213454,1172
13861,27.737968094150563,1174
13862,27.73996924616659,1170
13863,27.74197039818262,1167
13864,27.743971550198644,1167
13865,27.745972702214672,1167
13866,27.7479738542307,1165
13867,27.749975006246725,1165
13868,27.751976158262753,1166
13869,27.75397731027878,1168
13870,27.755978462294806,1169
13871,27.757979614310834,1167
13872,27.759980766326862,1163
13873,27.761981918342887,1165
13874,27.763983070358915,1172
13875,27.765984222374943,1175
13876,27.76798537439097,1169
13877,27.769986526406996,1158
13878,27.771987678423024,1149
13879,27.773988830439052,1149
13880,27.775989982455076,1158
13881,27.777991134471105,1171
13882,27.779992286487133,1175
13883,27.781993438503157,1177
13884,27.783994590519185,1184
13885,27.785995742535214,1193
13886,27.787996894551238,1196
13887,27.789998046567266,1193
13888,27.791999198583294,1192
13889,27.79400035059932,1195
13890,27.796001502615347,1199
13891,27.798002654631375,1196
13892,27.800003806647403,1180
13893,27.802004958663428,1166
13894,27.804006110679456,1167
13895,27.806007262695484,1182
13896,27.80800841471151,1191
13897,27.810009566727537,1183
13898,27.812010718743565,1171
13899,27.81401187075959,1163
13900,27.816013022775618,1158
13901,27.818014174791646,1151
13902,27.82001532680767,1141
13903,27.8220164788237,1132
13904,27.824017630839727,1133
13905,27.82601878285575,1138
13906,27.82801993487178,1140
13907,27.830021086887808,1137
13908,27.832022238903836,1139
13909,27.83402339091986,1151
13910,27.83602454293589,1158
13911,27.838025694951916,1153
13912,27.84002684696794,1143
13913,27.84202799898397,1138
13914,27.844029150999997,1137
13915,27.846030303016022,1138
13916,27.84803145503205,1142
13917,27.850032607048078,1146
13918,27.852033759064103,1151
13919,27.85403491108013,1154
13920,27.85603606309616,1157
13921,27.858037215112187,1161
13922,27.86003836712821,1167
13923,27.86203951914424,1169
13924,27.864040671160268,1162
13925,27.866041823176293,1151
13926,27.86804297519232,1150
13927,27.87004412720835,1162
13928,27.872045279224373,1168
13929,27.8740464312404,1161
13930,27.87604758325643,1152
13931,27.878048735272454,1155
13932,27.880049887288482,1165
13933,27.88205103930451,1168
13934,27.884052191320535,1161
13935,27.886053343336563,1154
13936,27.88805449535259,1156
13937,27.89005564736862,1161
13938,27.892056799384644,1161
13939,27.894057951400672,1159
13940,27.8960591034167,1160
13941,27.898060255432725,1167
13942,27.900061407448753,1173
13943,27.90206255946478,1177
13944,27.904063711480806,1179
13945,27.906064863496834,1178
13946,27.908066015512862,1170
13947,27.910067167528887,1160
13948,27.912068319544915,1154
13949,27.914069471560943,1153
13950,27.916070623576967,1148
13951,27.918071775592995,1140
13952,27.920072927609024,1136
13953,27.92207407962505,1144
13954,27.924075231641076,1158
13955,27.926076383657104,1166
13956,27.928077535673133,1163
13957,27.930078687689157,1154
13958,27.932079839705185,1147
13959,27.934080991721213,1146
13960,27.936082143737238,1147
13961,27.938083295753266,1146
13962,27.940084447769294,1142
13963,27.94208559978532,1141
13964,27.944086751801347,1146
13965,27.946087903817375,1153
13966,27.9480890558334,1158
13967,27.950090207849428,1164
13968,27.952091359865456,1172
13969,27.954092511881484,1178
13970,27.95609366389751,1178
13971,27.958094815913537,1177
13972,27.960095967929565,1169
13973,27.96209711994559,1151
13974,27.964098271961618,1136
13975,27.966099423977646,1136
13976,27.96810057599367,1142
13977,27.9701017280097,1147
13978,27.972102880025727,1150
13979,27.97410403204175,1157
13980,27.97610518405778,1172
13981,27.978106336073807,1187
13982,27.980107488089835,1196
13983,27.98210864010586,1197
13984,27.984109792121888,1191
13985,27.986110944137916,1177
13986,27.98811209615394,1158
13987,27.99011324816997,1140
13988,27.992114400185997,1128
13989,27.99411555220202,1119
13990,27.99611670421805,1112
13991,27.998117856234078,1109
13992,28.000119008250103,1116
13993,28.00212016026613,1133
13994,28.00412131228216,1153
13995,28.006122464298183,1165
13996,28.00812361631421,1165
13997,28.01012476833024,1167
13998,28.012125920346268,1184
13999,28.014127072362292,1207
14000,28.01612822437832,1213
14001,28.01812937639435,1197
14002,28.020130528410373,1184
14003,28.0221316804264,1185
14004,28.02413283244243,1186
14005,28.026133984458454,1175
14006,28.028135136474482,1157
14007,28.03013628849051,1150
14008,28.032137440506535,1163
14009,28.034138592522563,1188
14010,28.03613974453859,1206
14011,28.038140896554616,1202
14012,28.040142048570644,1183
14013,28.042143200586672,1172
14014,28.0441443526027,1175
14015,28.046145504618725,1184
14016,28.048146656634753,1185
14017,28.05014780865078,1176
14018,28.052148960666806,1166
14019,28.054150112682834,1160
14020,28.056151264698862,1156
14021,28.058152416714886,1153
14022,28.060153568730914,1153
14023,28.062154720746943,1159
14024,28.064155872762967,1169
14025,28.066157024778995,1173
14026,28.068158176795023,1169
14027,28.070159328811048,1161
14028,28.072160480827076,1155
14029,28.074161632843104,1150
14030,28.076162784859132,1146
14031,28.078163936875157,1150
14032,28.080165088891185,1165
14033,28.082166240907213,1186
14034,28.084167392923238,1197
14035,28.086168544939266,1192
14036,28.088169696955294,1181
14037,28.09017084897132,1179
14038,28.092172000987347,1187
14039,28.094173153003375,1193
14040,28.0961743050194,1188
14041,28.098175457035428,1169
14042,28.100176609051456,1148
14043,28.102177761067484,1138
14044,28.10417891308351,1142
14045,28.106180065099537,1152
14046,28.108181217115565,1161
14047,28.11018236913159,1167
14048,28.112183521147617,1169
14049,28.114184673163646,1167
14050,28.11618582517967,1167
14051,28.1181869771957,1174
14052,28.120188129211726,1179
14053,28.12218928122775,1172
14054,28.12419043324378,1159
14055,28.126191585259807,1158
14056,28.128192737275832,1171
14057,28.13019388929186,1180
14058,28.132195041307888,1175
14059,28.134196193323916,1162
14060,28.13619734533994,1158
14061,28.13819849735597,1167
14062,28.140199649371997,1179
14063,28.14220080138802,1187
14064,28.14420195340405,1188
14065,28.146203105420078,1182
14066,28.148204257436102,1175
14067,28.15020540945213,1173
14068,28.15220656146816,1174
14069,28.154207713484183,1177
14070,28.15620886550021,1180
14071,28.15821001751624,1172
14072,28.160211169532264,1151
14073,28.162212321548292,1132
14074,28.16421347356432,1132
14075,28.16621462558035,1146
14076,28.168215777596373,1160
14077,28.1702169296124,1165
14078,28.17221808162843,1162
14079,28.174219233644454,1161
14080,28.176220385660482,1168
14081,28.17822153767651,1176
14082,28.180222689692535,1173
14083,28.182223841708563,1165
14084,28.18422499372459,1165
14085,28.186226145740616,1170
14086,28.188227297756644,1164
14087,28.190228449772672,1145
14088,28.192229601788696,1136
14089,28.194230753804725,1149
14090,28.196231905820753,1170
14091,28.19823305783678,1182
14092,28.200234209852805,1184
14093,28.202235361868834,1190
14094,28.20423651388486,1192
14095,28.206237665900886,1177
14096,28.208238817916914,1148
14097,28.210239969932942,1134
14098,28.212241121948967,1145
14099,28.214242273964995,1164
14100,28.216243425981023,1166
14101,28.218244577997048,1157
14102,28.220245730013076,1154
14103,28.222246882029104,1162
14104,28.224248034045132,1173
14105,28.226249186061157,1181
14106,28.228250338077185,1190
14107,28.230251490093213,1203
14108,28.232252642109238,1209
14109,28.234253794125266,1196
14110,28.236254946141294,1172
14111,28.23825609815732,1156
14112,28.240257250173347,1152
14113,28.242258402189375,1156
14114,28.2442595542054,1162
14115,28.246260706221427,1169
14116,28.248261858237456,1173
14117,28.25026301025348,1171
14118,28.25226416226951,1166
14119,28.254265314285536,1164
14120,28.256266466301565,1166
14121,28.25826761831759,1165
14122,28.260268770333617,1156
14123,28.262269922349645,1146
14124,28.26427107436567,1141
14125,28.266272226381698,1141
14126,28.268273378397726,1143
14127,28.27027453041375,1147
14128,28.27227568242978,1150
14129,28.274276834445807,1150
14130,28.27627798646183,1150
14131,28.27827913847786,1148
14132,28.280280290493888,1143
14133,28.282281442509912,1138
14134,28.28428259452594,1144
14135,28.28628374654197,1160
14136,28.288284898557997,1170
14137,28.29028605057402,1165
14138,28.29228720259005,1152
14139,28.294288354606078,1145
14140,28.296289506622102,1150
14141,28.29829065863813,1163
14142,28.30029181065416,1174
14143,28.302292962670183,1176
14144,28.30429411468621,1166
14145,28.30629526670224,1155
14146,28.308296418718264,1156
14147,28.310297570734292,1165
14148,28.31229872275032,1171
14149,28.31429987476635,1170
14150,28.316301026782373,1168
14151,28.3183021787984,1166
14152,28.32030333081443,1168
14153,28.322304482830454,1173
14154,28.324305634846482,1175
14155,28.32630678686251,1172
14156,28.328307938878535,1170
14157,28.330309090894563,1167
14158,28.33231024291059,1163
14159,28.334311394926615,1162
14160,28.336312546942644,1166
14161,28.33831369895867,1176
14162,28.340314850974696,1186
14163,28.342316002990724,1189
14164,28.344317155006753,1181
14165,28.34631830702278,1168
14166,28.348319459038805,1166
14167,28.350320611054833,1183
14168,28.35232176307086,1195
14169,28.354322915086886,1177
14170,28.356324067102914,1147
14171,28.358325219118942,1137
14172,28.360326371134967,1149
14173,28.362327523150995,1163
14174,28.364328675167023,1163
14175,28.366329827183048,1155
14176,28.368330979199076,1152
14177,28.370332131215104,1165
14178,28.37233328323113,1185
14179,28.374334435247157,1198
14180,28.376335587263185,1192
14181,28.378336739279213,1175
14182,28.380337891295238,1158
14183,28.382339043311266,1156
14184,28.384340195327294,1169
14185,28.38634134734332,1177
14186,28.388342499359347,1166
14187,28.390343651375375,1145
14188,28.3923448033914,1137
14189,28.394345955407427,1150
14190,28.396347107423455,1165
14191,28.39834825943948,1166
14192,28.400349411455508,1153
14193,28.402350563471536,1141
14194,28.40435171548756,1136
14195,28.40635286750359,1137
14196,28.408354019519617,1136
14197,28.410355171535645,1129
14198,28.41235632355167,1124
14199,28.414357475567698,1130
14200,28.416358627583726,1142
14201,28.41835977959975,1148
14202,28.42036093161578,1145
14203,28.422362083631807,1143
14204,28.42436323564783,1149
14205,28.42636438766386,1162
14206,28.428365539679888,1173
14207,28.430366691695912,1176
14208,28.43236784371194,1177
14209,28.43436899572797,1180
14210,28.436370147743997,1176
14211,28.43837129976002,1162
14212,28.44037245177605,1145
14213,28.442373603792078,1138
14214,28.444374755808102,1139
14215,28.44637590782413,1140
14216,28.44837705984016,1135
14217,28.450378211856183,1132
14218,28.45237936387221,1139
14219,28.45438051588824,1155
14220,28.456381667904264,1163
14221,28.458382819920292,1156
14222,28.46038397193632,1145
14223,28.462385123952345,1147
14224,28.464386275968373,1160
14225,28.4663874279844,1168
14226,28.46838858000043,1163
14227,28.470389732016454,1151
14228,28.47239088403248,1140
14229,28.47439203604851,1133
14230,28.476393188064534,1130
14231,28.478394340080563,1129
14232,28.48039549209659,1130
14233,28.482396644112615,1135
14234,28.484397796128643,1144
14235,28.48639894814467,1154
14236,28.488400100160696,1160
14237,28.490401252176724,1163
14238,28.492402404192752,1168
14239,28.494403556208777,1172
14240,28.496404708224805,1170
14241,28.498405860240833,1163
14242,28.50040701225686,1158
14243,28.502408164272886,1164
14244,28.504409316288914,1173
14245,28.506410468304942,1170
14246,28.508411620320967,1152
14247,28.510412772336995,1134
14248,28.512413924353023,1134
14249,28.514415076369048,1146
14250,28.516416228385076,1151
14251,28.518417380401104,1142
14252,28.52041853241713,1135
14253,28.522419684433157,1144
14254,28.524420836449185,1161
14255,28.52642198846521,1167
14256,28.528423140481237,1154
14257,28.530424292497266,1136
14258,28.532425444513294,1132
14259,28.53442659652932,1143
14260,28.536427748545346,1155
14261,28.538428900561374,1159
14262,28.5404300525774,1161
14263,28.542431204593427,1166
14264,28.544432356609455,1176
14265,28.54643350862548,1187
14266,28.548434660641508,1196
14267,28.550435812657536,1194
14268,28.55243696467356,1180
14269,28.55443811668959,1163
14270,28.556439268705617,1156
14271,28.558440420721645,1160
14272,28.56044157273767,1166
14273,28.562442724753698,1165
14274,28.564443876769726,1158
14275,28.56644502878575,1151
14276,28.56844618080178,1150
14277,28.570447332817807,1155
14278,28.57244848483383,1159
14279,28.57444963684986,1158
14280,28.576450788865888,1155
14281,28.578451940881912,1153
14282,28.58045309289794,1156
14283,28.58245424491397,1160
14284,28.584455396929993,1162
14285,28.58645654894602,1160
14286,28.58845770096205,1162
14287,28.590458852978077,1166
14288,28.592460004994102,1163
14289,28.59446115701013,1156
14290,28.59646230902616,1155
14291,28.598463461042183,1162
14292,28.60046461305821,1168
14293,28.60246576507424,1165
14294,28.604466917090264,1154
14295,28.606468069106292,1144
14296,28.60846922112232,1143
14297,28.610470373138345,1149
14298,28.612471525154373,1156
14299,28.6144726771704,1161
14300,28.616473829186425,1160
14301,28.618474981202453,1148
14302,28.62047613321848,1135
14303,28.62247728523451,1130
14304,28.624478437250534,1128
14305,28.626479589266562,1122
14306,28.62848074128259,1115
14307,28.630481893298615,1115
14308,28.632483045314643,1119
14309,28.63448419733067,1123
14310,28.636485349346696,1126
14311,28.638486501362724,1130
14312,28.640487653378752,1139
14313,28.642488805394777,1143
14314,28.644489957410805,1136
14315,28.646491109426833,1127
14316,28.648492261442858,1127
14317,28.650493413458886,1137
14318,28.652494565474914,1145
14319,28.654495717490942,1144
14320,28.656496869506967,1138
14321,28.658498021522995,1138
14322,28.660499173539023,1143
14323,28.662500325555047,1145
14324,28.664501477571076,1137
14325,28.666502629587104,1125
14326,28.66850378160313,1122
14327,28.670504933619156,1133
14328,28.672506085635185,1148
14329,28.67450723765121,1159
14330,28.676508389667237,1167
14331,28.678509541683265,1172
14332,28.680510693699294,1168
14333,28.682511845715318,1161
14334,28.684512997731346,1158
14335,28.686514149747374,1159
14336,28.6885153017634,1156
14337,28.690516453779427,1145
14338,28.692517605795455,1137
14339,28.69451875781148,1139
14340,28.696519909827508,1142
14341,28.698521061843536,1136
14342,28.70052221385956,1128
14343,28.70252336587559,1131
14344,28.704524517891617,1143
14345,28.70652566990764,1153
14346,28.70852682192367,1158
14347,28.710527973939698,1159
14348,28.712529125955726,1160
14349,28.71453027797175,1162
14350,28.71653142998778,1165
14351,28.718532582003807,1170
14352,28.72053373401983,1174
14353,28.72253488603586,1176
14354,28.724536038051887,1176
14355,28.726537190067912,1175
14356,28.72853834208394,1172
14357,28.73053949409997,1164
14358,28.732540646115993,1156
14359,28.73454179813202,1152
14360,28.73654295014805,1150
14361,28.738544102164074,1149
14362,28.740545254180102,1152
14363,28.74254640619613,1159
14364,28.744547558212158,1161
14365,28.746548710228183,1155
14366,28.74854986224421,1152
14367,28.75055101426024,1159
14368,28.752552166276264,1168
14369,28.75455331829229,1166
14370,28.75655447030832,1154
14371,28.758555622324344,1144
14372,28.760556774340372,1145
14373,28.7625579263564,1156
14374,28.764559078372425,1167
14375,28.766560230388453,1166
14376,28.76856138240448,1158
14377,28.770562534420506,1154
14378,28.772563686436534,1157
14379,28.774564838452562,1157
14380,28.77656599046859,1147
14381,28.778567142484615,1135
14382,28.780568294500643,1131
14383,28.78256944651667,1131
14384,28.784570598532696,1130
14385,28.786571750548724,1132
14386,28.788572902564752,1136
14387,28.790574054580777,1139
14388,28.792575206596805,1143
14389,28.794576358612833,1156
14390,28.796577510628858,1173
14391,28.798578662644886,1182
14392,28.800579814660914,1179
14393,28.802580966676942,1169
14394,28.804582118692966,1159
14395,28.806583270708995,1154
14396,28.808584422725023,1155
14397,28.810585574741047,1163
14398,28.812586726757075,1171
14399,28.814587878773104,1174
14400,28.816589030789128,1165
14401,28.818590182805156,1149
14402,28.820591334821184,1142
14403,28.82259248683721,1155
14404,28.824593638853237,1173
14405,28.826594790869265,1174
14406,28.82859594288529,1160
14407,28.830597094901318,1149
14408,28.832598246917346,1158
14409,28.834599398933374,1176
14410,28.8366005509494,1183
14411,28.838601702965427,1174
14412,28.840602854981455,1161
14413,28.84260400699748,1158
14414,28.844605159013508,1167
14415,28.846606311029536,1177
14416,28.84860746304556,1176
14417,28.85060861506159,1161
14418,28.852609767077617,1147
14419,28.85461091909364,1146
14420,28.85661207110967,1154
14421,28.858613223125698,1162
14422,28.860614375141722,1166
14423,28.86261552715775,1170
14424,28.86461667917378,1176
14425,28.866617831189807,1181
14426,28.86861898320583,1181
14427,28.87062013522186,1180
14428,28.872621287237887,1179
14429,28.874622439253912,1179
14430,28.87662359126994,1177
14431,28.878624743285968,1175
14432,28.880625895301993,1178
14433,28.88262704731802,1186
14434,28.88462819933405,1193
14435,28.886629351350074,1189
14436,28.8886305033661,1176
14437,28.89063165538213,1167
14438,28.892632807398154,1168
14439,28.894633959414183,1173
14440,28.89663511143021,1175
14441,28.89863626344624,1173
14442,28.900637415462263,1170
14443,28.90263856747829,1166
14444,28.90463971949432,1169
14445,28.906640871510344,1179
14446,28.908642023526372,1180
14447,28.9106431755424,1170
14448,28.912644327558425,1161
14449,28.914645479574453,1164
14450,28.91664663159048,1174
14451,28.918647783606506,1179
14452,28.920648935622534,1175
14453,28.922650087638562,1172
14454,28.92465123965459,1170
14455,28.926652391670615,1169
14456,28.928653543686643,1167
14457,28.93065469570267,1165
14458,28.932655847718696,1167
14459,28.934656999734724,1177
14460,28.936658151750752,1192
14461,28.938659303766777,1202
14462,28.940660455782805,1198
14463,28.942661607798833,1185
14464,28.944662759814857,1181
14465,28.946663911830885,1190
14466,28.948665063846914,1198
14467,28.950666215862938,1197
14468,28.952667367878966,1194
14469,28.954668519894994,1193
14470,28.956669671911023,1193
14471,28.958670823927047,1195
14472,28.960671975943075,1198
14473,28.962673127959103,1201
14474,28.964674279975128,1205
14475,28.966675431991156,1211
14476,28.968676584007184,1214
14477,28.97067773602321,1209
14478,28.972678888039237,1202
14479,28.974680040055265,1201
14480,28.97668119207129,1200
14481,28.978682344087318,1192
14482,28.980683496103346,1184
14483,28.98268464811937,1187
14484,28.9846858001354,1199
14485,28.986686952151427,1204
14486,28.988688104167455,1195
14487,28.99068925618348,1181
14488,28.992690408199508,1168
14489,28.994691560215536,1161
14490,28.99669271223156,1165
14491,28.99869386424759,1173
14492,29.000695016263617,1175
14493,29.00269616827964,1169
14494,29.00469732029567,1166
14495,29.006698472311697,1169
14496,29.008699624327722,1174
14497,29.01070077634375,1179
14498,29.01270192835978,1183
14499,29.014703080375803,1185
14500,29.01670423239183,1187
14501,29.01870538440786,1193
14502,29.020706536423887,1202
14503,29.022707688439912,1204
14504,29.02470884045594,1196
14505,29.026709992471968,1184
14506,29.028711144487993,1169
14507,29.03071229650402,1160
14508,29.03271344852005,1163
14509,29.034714600536073,1171
14510,29.0367157525521,1168
14511,29.03871690456813,1152
14512,29.040718056584154,1137
14513,29.042719208600182,1131
14514,29.04472036061621,1130
14515,29.04672151263224,1128
14516,29.048722664648263,1134
14517,29.05072381666429,1153
14518,29.05272496868032,1171
14519,29.054726120696344,1172
14520,29.056727272712372,1155
14521,29.0587284247284,1140
14522,29.060729576744425,1139
14523,29.062730728760453,1148
14524,29.06473188077648,1156
14525,29.066733032792506,1162
14526,29.068734184808534,1165
14527,29.070735336824562,1165
14528,29.072736488840587,1165
14529,29.074737640856615,1169
14530,29.076738792872643,1174
14531,29.07873994488867,1179
14532,29.080741096904696,1185
14533,29.082742248920724,1191
14534,29.084743400936752,1189
14535,29.086744552952776,1180
14536,29.088745704968805,1168
14537,29.090746856984833,1158
14538,29.092748009000857,1153
14539,29.094749161016885,1157
14540,29.096750313032913,1163
14541,29.098751465048938,1167
14542,29.100752617064966,1174
14543,29.102753769080994,1181
14544,29.10475492109702,1181
14545,29.106756073113047,1179
14546,29.108757225129075,1185
14547,29.110758377145103,1196
14548,29.112759529161128,1202
14549,29.114760681177156,1202
14550,29.116761833193184,1200
14551,29.11876298520921,1194
14552,29.120764137225237,1183
14553,29.122765289241265,1176
14554,29.12476644125729,1177
14555,29.126767593273318,1185
14556,29.128768745289346,1196
14557,29.13076989730537,1201
14558,29.1327710493214,1194
14559,29.134772201337427,1182
14560,29.136773353353455,1177
14561,29.13877450536948,1182
14562,29.140775657385507,1185
14563,29.142776809401536,1182
14564,29.14477796141756,1180
14565,29.14677911343359,1181
14566,29.148780265449616,1176
14567,29.15078141746564,1163
14568,29.15278256948167,1151
14569,29.154783721497697,1146
14570,29.156784873513722,1141
14571,29.15878602552975,1130
14572,29.160787177545778,1123
14573,29.162788329561803,1128
14574,29.16478948157783,1141
14575,29.16679063359386,1153
14576,29.168791785609887,1156
14577,29.17079293762591,1152
14578,29.17279408964194,1147
14579,29.174795241657968,1151
14580,29.176796393673992,1161
14581,29.17879754569002,1165
14582,29.18079869770605,1160
14583,29.182799849722073,1150
14584,29.1848010017381,1141
14585,29.18680215375413,1139
14586,29.188803305770154,1150
14587,29.190804457786182,1169
14588,29.19280560980221,1182
14589,29.194806761818235,1179
14590,29.196807913834263,1165
14591,29.19880906585029,1154
14592,29.20081021786632,1156
14593,29.202811369882344,1160
14594,29.204812521898372,1155
14595,29.2068136739144,1144
14596,29.208814825930425,1135
14597,29.210815977946453,1135
14598,29.21281712996248,1145
14599,29.214818281978506,1160
14600,29.216819433994534,1175
14601,29.218820586010562,1186
14602,29.220821738026586,1193
14603,29.222822890042615,1192
14604,29.224824042058643,1181
14605,29.226825194074667,1164
14606,29.228826346090695,1149
14607,29.230827498106724,1148
14608,29.23282865012275,1161
14609,29.234829802138776,1176
14610,29.236830954154804,1176
14611,29.238832106170833,1159
14612,29.240833258186857,1147
14613,29.242834410202885,1156
14614,29.244835562218913,1177
14615,29.246836714234938,1190
14616,29.248837866250966,1187
14617,29.250839018266994,1174
14618,29.25284017028302,1160
14619,29.254841322299047,1151
14620,29.256842474315075,1145
14621,29.258843626331103,1142
14622,29.260844778347128,1139
14623,29.262845930363156,1136
14624,29.264847082379184,1129
14625,29.26684823439521,1120
14626,29.268849386411237,1111
14627,29.270850538427265,1110
14628,29.27285169044329,1118
14629,29.274852842459318,1128
14630,29.276853994475346,1130
14631,29.27885514649137,1126
14632,29.2808562985074,1127
14633,29.282857450523426,1143
14634,29.28485860253945,1162
14635,29.28685975455548,1165
14636,29.288860906571507,1156
14637,29.290862058587535,1156
14638,29.29286321060356,1167
14639,29.294864362619588,1175
14640,29.296865514635616,1170
14641,29.29886666665164,1157
14642,29.30086781866767,1149
14643,29.302868970683697,1152
14644,29.30487012269972,1157
14645,29.30687127471575,1157
14646,29.308872426731778,1155
14647,29.310873578747803,1158
14648,29.31287473076383,1164
14649,29.31487588277986,1167
14650,29.316877034795883,1161
14651,29.31887818681191,1151
14652,29.32087933882794,1150
14653,29.322880490843968,1160
14654,29.324881642859992,1168
14655,29.32688279487602,1164
14656,29.32888394689205,1153
14657,29.330885098908073,1148
14658,29.3328862509241,1153
14659,29.33488740294013,1161
14660,29.336888554956154,1166
14661,29.338889706972182,1172
14662,29.34089085898821,1179
14663,29.342892011004235,1181
14664,29.344893163020263,1178
14665,29.34689431503629,1171
14666,29.348895467052316,1164
14667,29.350896619068344,1159
14668,29.352897771084372,1160
14669,29.3548989231004,1167
14670,29.356900075116425,1174
14671,29.358901227132453,1169
14672,29.36090237914848,1150
14673,29.362903531164505,1136
14674,29.364904683180534,1141
14675,29.36690583519656,1157
14676,29.368906987212586,1166
14677,29.370908139228614,1164
14678,29.372909291244643,1165
14679,29.374910443260667,1170
14680,29.376911595276695,1175
14681,29.378912747292723,1177
14682,29.38091389930875,1177
14683,29.382915051324776,1181
14684,29.384916203340804,1191
14685,29.386917355356832,1198
14686,29.388918507372857,1189
14687,29.390919659388885,1170
14688,29.392920811404913,1155
14689,29.394921963420938,1153
14690,29.396923115436966,1167
14691,29.398924267452994,1184
14692,29.40092541946902,1186
14693,29.402926571485047,1178
14694,29.404927723501075,1176
14695,29.4069288755171,1182
14696,29.408930027533128,1189
14697,29.410931179549156,1196
14698,29.412932331565184,1198
14699,29.41493348358121,1191
14700,29.416934635597237,1175
14701,29.418935787613265,1165
14702,29.42093693962929,1165
14703,29.422938091645317,1168
14704,29.424939243661346,1167
14705,29.42694039567737,1167
14706,29.428941547693398,1169
14707,29.430942699709426,1172
14708,29.43294385172545,1176
14709,29.43494500374148,1179
14710,29.436946155757507,1180
14711,29.43894730777353,1184
14712,29.44094845978956,1187
14713,29.442949611805588,1182
14714,29.444950763821616,1167
14715,29.44695191583764,1154
14716,29.44895306785367,1155
14717,29.450954219869697,1169
14718,29.45295537188572,1184
14719,29.45495652390175,1187
14720,29.456957675917778,1176
14721,29.458958827933802,1160
14722,29.46095997994983,1151
14723,29.46296113196586,1152
14724,29.464962283981883,1155
14725,29.46696343599791,1153
14726,29.46896458801394,1149
14727,29.470965740029964,1151
14728,29.472966892045992,1157
14729,29.47496804406202,1159
14730,29.47696919607805,1156
14731,29.478970348094073,1155
14732,29.4809715001101,1163
14733,29.48297265212613,1177
14734,29.484973804142154,1187
14735,29.486974956158182,1189
14736,29.48897610817421,1186
14737,29.490977260190235,1183
14738,29.492978412206263,1178
14739,29.49497956422229,1170
14740,29.496980716238316,1167
14741,29.498981868254344,1182
14742,29.500983020270372,1205
14743,29.5029841722864,1209
14744,29.504985324302424,1193
14745,29.506986476318453,1177
14746,29.50898762833448,1178
14747,29.510988780350505,1191
14748,29.512989932366533,1203
14749,29.51499108438256,1204
14750,29.516992236398586,1198
14751,29.518993388414614,1190
14752,29.520994540430642,1185
14753,29.522995692446667,1190
14754,29.524996844462695,1204
14755,29.526997996478723,1214
14756,29.528999148494748,1209
14757,29.531000300510776,1195
14758,29.533001452526804,1184
14759,29.535002604542832,1180
14760,29.537003756558857,1180
14761,29.539004908574885,1184
14762,29.541006060590913,1191
14763,29.543007212606938,1196
14764,29.545008364622966,1192
14765,29.547009516638994,1183
14766,29.54901066865502,1180
14767,29.551011820671047,1188
14768,29.553012972687075,1196
14769,29.5550141247031,1195
14770,29.557015276719127,1187
14771,29.559016428735156,1182
14772,29.56101758075118,1184
14773,29.56301873276721,1187
14774,29.565019884783236,1183
14775,29.567021036799265,1168
14776,29.56902218881529,1155
14777,29.571023340831317,1160
14778,29.573024492847345,1173
14779,29.57502564486337,1180
14780,29.577026796879398,1179
14781,29.579027948895426,1178
14782,29.58102910091145,1184
14783,29.58303025292748,1192
14784,29.585031404943507,1194
14785,29.58703255695953,1184
14786,29.58903370897556,1171
14787,29.591034860991588,1168
14788,29.593036013007612,1178
14789,29.59503716502364,1189
14790,29.59703831703967,1190
14791,29.599039469055697,1187
14792,29.60104062107172,1190
14793,29.60304177308775,1199
14794,29.605042925103778,1211
14795,29.607044077119802,1220
14796,29.60904522913583,1223
14797,29.61104638115186,1218
14798,29.613047533167883,1199
14799,29.61504868518391,1171
14800,29.61704983719994,1152
14801,29.619050989215964,1152
14802,29.621052141231992,1163
14803,29.62305329324802,1170
14804,29.62505444526405,1167
14805,29.627055597280073,1164
14806,29.6290567492961,1170
14807,29.63105790131213,1187
14808,29.633059053328154,1206
14809,29.635060205344182,1218
14810,29.63706135736021,1224
14811,29.639062509376235,1229
14812,29.641063661392263,1231
14813,29.64306481340829,1221
14814,29.645065965424315,1200
14815,29.647067117440344,1179
14816,29.64906826945637,1167
14817,29.651069421472396,1166
14818,29.653070573488424,1170
14819,29.655071725504452,1174
14820,29.65707287752048,1171
14821,29.659074029536505,1161
14822,29.661075181552533,1152
14823,29.66307633356856,1155
14824,29.665077485584586,1172
14825,29.667078637600614,1194
14826,29.669079789616642,1205
14827,29.671080941632667,1198
14828,29.673082093648695,1183
14829,29.675083245664723,1173
14830,29.677084397680748,1172
14831,29.679085549696776,1178
14832,29.681086701712804,1179
14833,29.68308785372883,1169
14834,29.685089005744857,1159
14835,29.687090157760885,1158
14836,29.689091309776913,1169
14837,29.691092461792937,1179
14838,29.693093613808966,1180
14839,29.695094765824994,1173
14840,29.69709591784102,1168
14841,29.699097069857046,1177
14842,29.701098221873075,1197
14843,29.7030993738891,1208
14844,29.705100525905127,1201
14845,29.707101677921155,1191
14846,29.70910282993718,1193
14847,29.711103981953208,1200
14848,29.713105133969236,1199
14849,29.71510628598526,1191
14850,29.71710743800129,1188
14851,29.719108590017317,1190
14852,29.721109742033345,1193
14853,29.72311089404937,1193
14854,29.725112046065398,1190
14855,29.727113198081426,1186
14856,29.72911435009745,1184
14857,29.73111550211348,1182
14858,29.733116654129507,1179
14859,29.73511780614553,1184
14860,29.73711895816156,1190
14861,29.739120110177588,1189
14862,29.741121262193612,1178
14863,29.74312241420964,1170
14864,29.74512356622567,1172
14865,29.747124718241697,1180
14866,29.74912587025772,1186
14867,29.75112702227375,1187
14868,29.753128174289778,1185
14869,29.755129326305802,1181
14870,29.75713047832183,1178
14871,29.75913163033786,1183
14872,29.761132782353883,1192
14873,29.76313393436991,1192
14874,29.76513508638594,1181
14875,29.767136238401964,1173
14876,29.769137390417992,1180
14877,29.77113854243402,1193
14878,29.773139694450045,1198
14879,29.775140846466073,1196
14880,29.7771419984821,1198
14881,29.77914315049813,1202
14882,29.781144302514154,1201
14883,29.78314545453018,1199
14884,29.78514660654621,1202
14885,29.787147758562234,1210
14886,29.789148910578263,1213
14887,29.79115006259429,1208
14888,29.793151214610315,1200
14889,29.795152366626343,1190
14890,29.79715351864237,1184
14891,29.799154670658396,1191
14892,29.801155822674424,1209
14893,29.803156974690452,1221
14894,29.805158126706477,1219
14895,29.807159278722505,1208
14896,29.809160430738533,1198
14897,29.81116158275456,1193
14898,29.813162734770586,1189
14899,29.815163886786614,1185
14900,29.817165038802642,1184
14901,29.819166190818667,1189
14902,29.821167342834695,1197
14903,29.823168494850723,1204
14904,29.825169646866748,1209
14905,29.827170798882776,1216
14906,29.829171950898804,1225
14907,29.83117310291483,1230
14908,29.833174254930857,1226
14909,29.835175406946885,1221
14910,29.83717655896291,1224
14911,29.839177710978937,1228
14912,29.841178862994965,1220
14913,29.843180015010994,1202
14914,29.845181167027018,1187
14915,29.847182319043046,1188
14916,29.849183471059074,1200
14917,29.8511846230751,1213
14918,29.853185775091127,1220
14919,29.855186927107155,1218
14920,29.85718807912318,1208
14921,29.859189231139208,1203
14922,29.861190383155236,1205
14923,29.86319153517126,1209
14924,29.86519268718729,1203
14925,29.867193839203317,1190
14926,29.869194991219345,1178
14927,29.87119614323537,1174
14928,29.873197295251398,1178
14929,29.875198447267426,1183
14930,29.87719959928345,1180
14931,29.87920075129948,1169
14932,29.881201903315507,1158
14933,29.88320305533153,1156
14934,29.88520420734756,1160
14935,29.887205359363588,1161
14936,29.889206511379612,1156
14937,29.89120766339564,1160
14938,29.89320881541167,1176
14939,29.895209967427693,1185
14940,29.89721111944372,1176
14941,29.89921227145975,1164
14942,29.901213423475777,1158
14943,29.903214575491802,1159
14944,29.90521572750783,1168
14945,29.907216879523858,1181
14946,29.909218031539883,1189
14947,29.91121918355591,1193
14948,29.91322033557194,1195
14949,29.915221487587964,1195
14950,29.91722263960399,1188
14951,29.91922379162002,1180
14952,29.921224943636044,1178
14953,29.923226095652073,1185
14954,29.9252272476681,1195
14955,29.927228399684125,1198
14956,29.929229551700153,1195
14957,29.93123070371618,1189
14958,29.93323185573221,1185
14959,29.935233007748234,1186
14960,29.937234159764262,1189
14961,29.93923531178029,1187
14962,29.941236463796315,1185
14963,29.943237615812343,1190
14964,29.94523876782837,1195
14965,29.947239919844396,1195
14966,29.949241071860424,1193
14967,29.951242223876452,1199
14968,29.953243375892477,1213
14969,29.955244527908505,1224
14970,29.957245679924533,1219
14971,29.95924683194056,1206
14972,29.961247983956586,1200
14973,29.963249135972614,1203
14974,29.965250287988642,1202
14975,29.967251440004667,1190
14976,29.969252592020695,1179
14977,29.971253744036723,1175
14978,29.973254896052747,1175
14979,29.975256048068776,1178
14980,29.977257200084804,1183
14981,29.97925835210083,1187
14982,29.981259504116856,1186
14983,29.983260656132884,1185
14984,29.98526180814891,1185
14985,29.987262960164937,1189
14986,29.989264112180965,1193
14987,29.991265264196993,1195
14988,29.993266416213018,1195
14989,29.995267568229046,1198
14990,29.997268720245074,1207
14991,29.9992698722611,1218
14992,30.001271024277127,1221
14993,30.003272176293155,1216
14994,30.00527332830918,1206
