index,time_s,ch1_raw
0,0.0,528
1,0.0020074579771720315,533
2,0.004014915954344063,529
3,0.006022373931516094,518
4,0.008029831908688126,517
5,0.010037289885860157,535
6,0.012044747863032189,556
7,0.01405220584020422,556
8,0.016059663817376252,534
9,0.018067121794548283,518
10,0.020074579771720315,528
11,0.022082037748892346,551
12,0.024089495726064378,557
13,0.02609695370323641,533
14,0.02810441168040844,511
15,0.030111869657580472,513
16,0.032119327634752504,531
17,0.03412678561192454,530
18,0.03613424358909657,505
19,0.0381417015662686,486
20,0.04014915954344063,489
21,0.042156617520612664,504
22,0.04416407549778469,509
23,0.04617153347495673,504
24,0.048178991452128755,503
25,0.05018644942930079,505
26,0.05219390740647282,500
27,0.05420136538364485,487
28,0.05620882336081688,487
29,0.058216281337988916,500
30,0.060223739315160944,509
31,0.06223119729233298,501
32,0.06423865526950501,490
33,0.06624611324667704,486
34,0.06825357122384908,494
35,0.0702610292010211,509
36,0.07226848717819313,521
37,0.07427594515536516,524
38,0.0762834031325372,515
39,0.07829086110970923,503
40,0.08029831908688126,501
41,0.08230577706405329,502
42,0.08431323504122533,493
43,0.08632069301839736,475
44,0.08832815099556938,464
45,0.09033560897274141,467
46,0.09234306694991345,472
47,0.09435052492708548,470
48,0.09635798290425751,465
49,0.09836544088142954,471
50,0.10037289885860158,492
51,0.10238035683577361,511
52,0.10438781481294564,502
53,0.10639527279011766,466
54,0.1084027307672897,440
55,0.11041018874446173,448
56,0.11241764672163376,472
57,0.11442510469880579,477
58,0.11643256267597783,451
59,0.11844002065314986,422
60,0.12044747863032189,426
61,0.12245493660749392,459
62,0.12446239458466596,484
63,0.126469852561838,481
64,0.12847731053901001,465
65,0.13048476851618204,460
66,0.13249222649335407,468
67,0.1344996844705261,473
68,0.13650714244769815,463
69,0.13851460042487018,447
70,0.1405220584020422,448
71,0.14252951637921424,464
72,0.14453697435638627,470
73,0.1465444323335583,456
74,0.14855189031073032,447
75,0.15055934828790235,459
76,0.1525668062650744,477
77,0.15457426424224643,480
78,0.15658172221941846,469
79,0.1585891801965905,462
80,0.16059663817376252,467
81,0.16260409615093455,474
82,0.16461155412810657,473
83,0.1666190121052786,465
84,0.16862647008245066,459
85,0.17063392805962269,459
86,0.17264138603679471,458
87,0.17464884401396674,452
88,0.17665630199113877,444
89,0.1786637599683108,446
90,0.18067121794548283,458
91,0.18267867592265485,466
92,0.1846861338998269,457
93,0.18669359187699894,440
94,0.18870104985417097,437
95,0.190708507831343,449
96,0.19271596580851502,461
97,0.19472342378568705,462
98,0.19673088176285908,459
99,0.1987383397400311,462
100,0.20074579771720316,476
101,0.2027532556943752,489
102,0.20476071367154722,484
103,0.20676817164871925,465
104,0.20877562962589127,452
105,0.2107830876030633,451
106,0.21279054558023533,450
107,0.21479800355740736,443
108,0.2168054615345794,434
109,0.21881291951175144,434
110,0.22082037748892347,444
111,0.2228278354660955,454
112,0.22483529344326753,453
113,0.22684275142043955,447
114,0.22885020939761158,456
115,0.2308576673747836,479
116,0.23286512535195567,494
117,0.2348725833291277,483
118,0.23688004130629972,458
119,0.23888749928347175,442
120,0.24089495726064378,443
121,0.2429024152378158,454
122,0.24490987321498783,462
123,0.24691733119215986,462
124,0.24892478916933192,468
125,0.2509322471465039,481
126,0.252939705123676,489
127,0.254947163100848,484
128,0.25695462107802003,478
129,0.2589620790551921,480
130,0.2609695370323641,490
131,0.26297699500953614,501
132,0.26498445298670814,500
133,0.2669919109638802,483
134,0.2689993689410522,471
135,0.27100682691822425,478
136,0.2730142848953963,498
137,0.2750217428725683,507
138,0.27702920084974036,499
139,0.27903665882691236,492
140,0.2810441168040844,504
141,0.2830515747812564,523
142,0.2850590327584285,526
143,0.2870664907356005,512
144,0.28907394871277253,504
145,0.2910814066899446,509
146,0.2930888646671166,516
147,0.29509632264428864,514
148,0.29710378062146064,503
149,0.2991112385986327,496
150,0.3011186965758047,497
151,0.30312615455297676,493
152,0.3051336125301488,477
153,0.3071410705073208,466
154,0.30914852848449287,473
155,0.31115598646166487,490
156,0.3131634444388369,494
157,0.3151709024160089,476
158,0.317178360393181,450
159,0.319185818370353,439
160,0.32119327634752504,448
161,0.3232007343246971,465
162,0.3252081923018691,470
163,0.32721565027904115,467
164,0.32922310825621315,471
165,0.3312305662333852,486
166,0.3332380242105572,506
167,0.33524548218772926,517
168,0.3372529401649013,518
169,0.3392603981420733,520
170,0.34126785611924537,534
171,0.34327531409641737,551
172,0.34528277207358943,554
173,0.34729023005076143,538
174,0.3492976880279335,523
175,0.3513051460051055,523
176,0.35331260398227754,525
177,0.3553200619594496,508
178,0.3573275199366216,478
179,0.35933497791379365,461
180,0.36134243589096565,469
181,0.3633498938681377,490
182,0.3653573518453097,503
183,0.36736480982248176,500
184,0.3693722677996538,492
185,0.3713797257768258,500
186,0.3733871837539979,521
187,0.3753946417311699,532
188,0.37740209970834193,523
189,0.37940955768551393,513
190,0.381417015662686,517
191,0.383424473639858,531
192,0.38543193161703004,537
193,0.3874393895942021,530
194,0.3894468475713741,524
195,0.39145430554854616,525
196,0.39346176352571816,528
197,0.3954692215028902,526
198,0.3974766794800622,524
199,0.39948413745723427,526
200,0.4014915954344063,531
201,0.4034990534115783,531
202,0.4055065113887504,518
203,0.4075139693659224,494
204,0.40952142734309444,480
205,0.41152888532026644,495
206,0.4135363432974385,537
207,0.4155438012746105,565
208,0.41755125925178255,548
209,0.4195587172289546,511
210,0.4215661752061266,507
211,0.42357363318329866,539
212,0.42558109116047066,557
213,0.4275885491376427,538
214,0.4295960071148147,511
215,0.43160346509198677,504
216,0.4336109230691588,521
217,0.4356183810463308,536
218,0.4376258390235029,531
219,0.4396332970006749,515
220,0.44164075497784694,515
221,0.44364821295501894,535
222,0.445655670932191,545
223,0.447663128909363,528
224,0.44967058688653505,506
225,0.4516780448637071,501
226,0.4536855028408791,512
227,0.45569296081805116,529
228,0.45770041879522316,543
229,0.4597078767723952,547
230,0.4617153347495672,542
231,0.4637227927267393,535
232,0.46573025070391133,531
233,0.46773770868108333,538
234,0.4697451666582554,556
235,0.4717526246354274,571
236,0.47376008261259944,571
237,0.47576754058977144,556
238,0.4777749985669435,541
239,0.4797824565441155,536
240,0.48178991452128755,545
241,0.4837973724984596,567
242,0.4858048304756316,598
243,0.48781228845280367,620
244,0.48981974642997567,617
245,0.4918272044071477,603
246,0.4938346623843197,600
247,0.4958421203614918,606
248,0.49784957833866383,610
249,0.49985703631583583,613
250,0.5018644942930078,627
251,0.5038719522701799,643
252,0.505879410247352,638
253,0.507886868224524,616
254,0.509894326201696,608
255,0.511901784178868,629
256,0.5139092421560401,661
257,0.5159167001332121,674
258,0.5179241581103842,652
259,0.5199316160875561,606
260,0.5219390740647282,570
261,0.5239465320419002,560
262,0.5259539900190723,563
263,0.5279614479962442,564
264,0.5299689059734163,560
265,0.5319763639505883,562
266,0.5339838219277604,571
267,0.5359912799049324,583
268,0.5379987378821044,590
269,0.5400061958592764,596
270,0.5420136538364485,599
271,0.5440211118136206,598
272,0.5460285697907926,596
273,0.5480360277679646,599
274,0.5500434857451366,608
275,0.5520509437223087,618
276,0.5540584016994807,623
277,0.5560658596766527,621
278,0.5580733176538247,613
279,0.5600807756309968,610
280,0.5620882336081688,618
281,0.5640956915853409,631
282,0.5661031495625128,637
283,0.5681106075396849,632
284,0.570118065516857,630
285,0.572125523494029,639
286,0.574132981471201,650
287,0.576140439448373,648
288,0.5781478974255451,636
289,0.5801553554027171,632
290,0.5821628133798892,645
291,0.5841702713570611,661
292,0.5861777293342332,661
293,0.5881851873114052,639
294,0.5901926452885773,616
295,0.5922001032657492,617
296,0.5942075612429213,641
297,0.5962150192200933,657
298,0.5982224771972654,647
299,0.6002299351744375,631
300,0.6022373931516094,635
301,0.6042448511287815,654
302,0.6062523091059535,661
303,0.6082597670831256,644
304,0.6102672250602976,625
305,0.6122746830374696,619
306,0.6142821410146416,624
307,0.6162895989918137,629
308,0.6182970569689857,627
309,0.6203045149461577,625
310,0.6223119729233297,636
311,0.6243194309005018,657
312,0.6263268888776738,664
313,0.6283343468548459,653
314,0.6303418048320178,643
315,0.6323492628091899,642
316,0.634356720786362,639
317,0.636364178763534,625
318,0.638371636740706,609
319,0.640379094717878,608
320,0.6423865526950501,625
321,0.6443940106722221,640
322,0.6464014686493942,639
323,0.6484089266265661,629
324,0.6504163846037382,621
325,0.6524238425809102,615
326,0.6544313005580823,605
327,0.6564387585352542,594
328,0.6584462165124263,588
329,0.6604536744895984,587
330,0.6624611324667704,590
331,0.6644685904439425,592
332,0.6664760484211144,582
333,0.6684835063982865,563
334,0.6704909643754585,557
335,0.6724984223526306,578
336,0.6745058803298026,608
337,0.6765133383069746,621
338,0.6785207962841466,614
339,0.6805282542613187,606
340,0.6825357122384907,612
341,0.6845431702156627,627
342,0.6865506281928347,632
343,0.6885580861700068,619
344,0.6905655441471789,604
345,0.6925730021243509,606
346,0.6945804601015229,622
347,0.6965879180786949,627
348,0.698595376055867,613
349,0.700602834033039,597
350,0.702610292010211,602
351,0.704617749987383,624
352,0.7066252079645551,637
353,0.7086326659417271,623
354,0.7106401239188992,598
355,0.7126475818960711,591
356,0.7146550398732432,607
357,0.7166624978504152,623
358,0.7186699558275873,615
359,0.7206774138047592,592
360,0.7226848717819313,580
361,0.7246923297591034,585
362,0.7266997877362754,596
363,0.7287072457134475,597
364,0.7307147036906194,587
365,0.7327221616677915,579
366,0.7347296196449635,588
367,0.7367370776221356,607
368,0.7387445355993076,610
369,0.7407519935764796,595
370,0.7427594515536516,578
371,0.7447669095308237,574
372,0.7467743675079958,585
373,0.7487818254851677,606
374,0.7507892834623398,622
375,0.7527967414395118,619
376,0.7548041994166839,597
377,0.7568116573938559,573
378,0.7588191153710279,561
379,0.7608265733481999,568
380,0.762834031325372,603
381,0.764841489302544,644
382,0.766848947279716,646
383,0.768856405256888,604
384,0.7708638632340601,571
385,0.7728713212112321,583
386,0.7748787791884042,618
387,0.7768862371655761,634
388,0.7788936951427482,619
389,0.7809011531199203,601
390,0.7829086110970923,607
391,0.7849160690742643,628
392,0.7869235270514363,633
393,0.7889309850286084,612
394,0.7909384430057804,590
395,0.7929459009829525,588
396,0.7949533589601244,597
397,0.7969608169372965,598
398,0.7989682749144685,585
399,0.8009757328916406,571
400,0.8029831908688126,568
401,0.8049906488459846,577
402,0.8069981068231566,580
403,0.8090055648003287,571
404,0.8110130227775008,566
405,0.8130204807546727,583
406,0.8150279387318448,613
407,0.8170353967090168,627
408,0.8190428546861889,616
409,0.8210503126633609,602
410,0.8230577706405329,602
411,0.8250652286177049,603
412,0.827072686594877,597
413,0.829080144572049,592
414,0.831087602549221,600
415,0.833095060526393,618
416,0.8351025185035651,633
417,0.8371099764807372,634
418,0.8391174344579092,625
419,0.8411248924350812,621
420,0.8431323504122532,631
421,0.8451398083894253,653
422,0.8471472663665973,672
423,0.8491547243437693,670
424,0.8511621823209413,656
425,0.8531696402981134,659
426,0.8551770982752854,682
427,0.8571845562524575,705
428,0.8591920142296294,710
429,0.8611994722068015,702
430,0.8632069301839735,700
431,0.8652143881611456,708
432,0.8672218461383177,710
433,0.8692293041154896,694
434,0.8712367620926617,669
435,0.8732442200698337,642
436,0.8752516780470058,618
437,0.8772591360241777,600
438,0.8792665940013498,593
439,0.8812740519785218,596
440,0.8832815099556939,604
441,0.8852889679328659,611
442,0.8872964259100379,612
443,0.8893038838872099,609
444,0.891311341864382,608
445,0.893318799841554,612
446,0.895326257818726,616
447,0.897333715795898,615
448,0.8993411737730701,607
449,0.9013486317502422,605
450,0.9033560897274142,618
451,0.9053635477045862,630
452,0.9073710056817582,618
453,0.9093784636589303,588
454,0.9113859216361023,572
455,0.9133933796132743,584
456,0.9154008375904463,602
457,0.9174082955676184,602
458,0.9194157535447904,583
459,0.9214232115219625,567
460,0.9234306694991344,567
461,0.9254381274763065,583
462,0.9274455854534785,600
463,0.9294530434306506,602
464,0.9314605014078227,598
465,0.9334679593849946,608
466,0.9354754173621667,637
467,0.9374828753393387,659
468,0.9394903333165108,650
469,0.9414977912936827,628
470,0.9435052492708548,623
471,0.9455127072480268,639
472,0.9475201652251989,649
473,0.9495276232023709,639
474,0.9515350811795429,626
475,0.9535425391567149,627
476,0.955549997133887,641
477,0.957557455111059,652
478,0.959564913088231,646
479,0.961572371065403,622
480,0.9635798290425751,596
481,0.9655872870197472,581
482,0.9675947449969192,577
483,0.9696022029740912,580
484,0.9716096609512632,583
485,0.9736171189284353,584
486,0.9756245769056073,587
487,0.9776320348827793,600
488,0.9796394928599513,615
489,0.9816469508371234,611
490,0.9836544088142954,592
491,0.9856618667914675,586
492,0.9876693247686394,605
493,0.9896767827458115,625
494,0.9916842407229836,630
495,0.9936916987001556,628
496,0.9956991566773277,630
497,0.9977066146544996,625
498,0.9997140726316717,609
499,1.0017215306088436,591
500,1.0037289885860157,590
501,1.0057364465631877,606
502,1.0077439045403598,618
503,1.0097513625175318,614
504,1.011758820494704,603
505,1.013766278471876,597
506,1.015773736449048,596
507,1.01778119442622,594
508,1.019788652403392,593
509,1.021796110380564,598
510,1.023803568357736,605
511,1.025811026334908,609
512,1.0278184843120801,614
513,1.0298259422892522,626
514,1.0318334002664242,639
515,1.0338408582435963,645
516,1.0358483162207683,648
517,1.0378557741979402,652
518,1.0398632321751122,651
519,1.0418706901522843,646
520,1.0438781481294563,649
521,1.0458856061066284,663
522,1.0478930640838005,675
523,1.0499005220609725,670
524,1.0519079800381446,657
525,1.0539154380153166,655
526,1.0559228959924885,666
527,1.0579303539696605,676
528,1.0599378119468326,671
529,1.0619452699240046,662
530,1.0639527279011767,668
531,1.0659601858783487,685
532,1.0679676438555208,682
533,1.0699751018326928,653
534,1.071982559809865,630
535,1.0739900177870367,632
536,1.0759974757642088,639
537,1.0780049337413808,630
538,1.080012391718553,614
539,1.082019849695725,618
540,1.084027307672897,644
541,1.086034765650069,669
542,1.0880422236272411,670
543,1.0900496816044132,651
544,1.0920571395815852,638
545,1.094064597558757,649
546,1.0960720555359291,674
547,1.0980795135131012,684
548,1.1000869714902732,667
549,1.1020944294674453,645
550,1.1041018874446173,639
551,1.1061093454217894,643
552,1.1081168033989615,640
553,1.1101242613761335,628
554,1.1121317193533053,617
555,1.1141391773304774,619
556,1.1161466353076495,635
557,1.1181540932848215,649
558,1.1201615512619936,645
559,1.1221690092391656,629
560,1.1241764672163377,618
561,1.1261839251935097,615
562,1.1281913831706818,607
563,1.1301988411478536,595
564,1.1322062991250257,587
565,1.1342137571021977,587
566,1.1362212150793698,589
567,1.1382286730565419,584
568,1.140236131033714,570
569,1.142243589010886,554
570,1.144251046988058,545
571,1.14625850496523,547
572,1.148265962942402,550
573,1.150273420919574,542
574,1.152280878896746,525
575,1.154288336873918,516
576,1.1562957948510901,516
577,1.1583032528282622,513
578,1.1603107108054342,497
579,1.1623181687826063,486
580,1.1643256267597784,495
581,1.1663330847369502,512
582,1.1683405427141222,515
583,1.1703480006912943,499
584,1.1723554586684664,484
585,1.1743629166456384,491
586,1.1763703746228105,518
587,1.1783778325999825,541
588,1.1803852905771546,543
589,1.1823927485543266,536
590,1.1844002065314985,546
591,1.1864076645086705,569
592,1.1884151224858426,573
593,1.1904225804630146,551
594,1.1924300384401867,533
595,1.1944374964173587,534
596,1.1964449543945308,541
597,1.1984524123717029,536
598,1.200459870348875,520
599,1.2024673283260467,512
600,1.2044747863032188,522
601,1.2064822442803909,542
602,1.208489702257563,554
603,1.210497160234735,551
604,1.212504618211907,543
605,1.214512076189079,538
606,1.2165195341662511,537
607,1.2185269921434232,538
608,1.2205344501205952,535
609,1.222541908097767,534
610,1.2245493660749391,544
611,1.2265568240521112,560
612,1.2285642820292832,560
613,1.2305717400064553,535
614,1.2325791979836274,511
615,1.2345866559607994,507
616,1.2365941139379715,521
617,1.2386015719151435,527
618,1.2406090298923154,515
619,1.2426164878694874,499
620,1.2446239458466595,498
621,1.2466314038238315,509
622,1.2486388618010036,515
623,1.2506463197781756,511
624,1.2526537777553477,513
625,1.2546612357325198,536
626,1.2566686937096918,567
627,1.2586761516868636,580
628,1.2606836096640357,561
629,1.2626910676412078,533
630,1.2646985256183798,526
631,1.2667059835955519,547
632,1.268713441572724,575
633,1.270720899549896,583
634,1.272728357527068,572
635,1.27473581550424,565
636,1.276743273481412,572
637,1.278750731458584,579
638,1.280758189435756,575
639,1.282765647412928,573
640,1.2847731053901001,590
641,1.2867805633672722,616
642,1.2887880213444443,627
643,1.2907954793216163,613
644,1.2928029372987884,591
645,1.2948103952759602,582
646,1.2968178532531323,586
647,1.2988253112303043,591
648,1.3008327692074764,585
649,1.3028402271846484,578
650,1.3048476851618205,580
651,1.3068551431389925,587
652,1.3088626011161646,586
653,1.3108700590933366,577
654,1.3128775170705085,575
655,1.3148849750476805,594
656,1.3168924330248526,623
657,1.3188998910020246,633
658,1.3209073489791967,613
659,1.3229148069563688,589
660,1.3249222649335408,588
661,1.3269297229107129,603
662,1.328937180887885,608
663,1.3309446388650568,595
664,1.3329520968422288,580
665,1.3349595548194009,581
666,1.336967012796573,591
667,1.338974470773745,591
668,1.340981928750917,578
669,1.342989386728089,565
670,1.3449968447052612,563
671,1.3470043026824332,568
672,1.3490117606596053,568
673,1.351019218636777,561
674,1.3530266766139492,566
675,1.3550341345911212,595
676,1.3570415925682933,622
677,1.3590490505454653,615
678,1.3610565085226374,583
679,1.3630639664998094,568
680,1.3650714244769815,585
681,1.3670788824541535,611
682,1.3690863404313254,612
683,1.3710937984084974,589
684,1.3731012563856695,574
685,1.3751087143628415,593
686,1.3771161723400136,621
687,1.3791236303171857,624
688,1.3811310882943577,601
689,1.3831385462715298,585
690,1.3851460042487018,596
691,1.3871534622258737,614
692,1.3891609202030457,609
693,1.3911683781802178,580
694,1.3931758361573898,559
695,1.3951832941345619,561
696,1.397190752111734,571
697,1.399198210088906,570
698,1.401205668066078,562
699,1.40321312604325,562
700,1.405220584020422,578
701,1.407228041997594,599
702,1.409235499974766,601
703,1.411242957951938,587
704,1.4132504159291102,579
705,1.4152578739062822,586
706,1.4172653318834543,597
707,1.4192727898606263,593
708,1.4212802478377984,575
709,1.4232877058149702,561
710,1.4252951637921423,570
711,1.4273026217693143,599
712,1.4293100797464864,619
713,1.4313175377236584,607
714,1.4333249957008305,578
715,1.4353324536780026,572
716,1.4373399116551746,601
717,1.4393473696323467,628
718,1.4413548276095185,626
719,1.4433622855866906,606
720,1.4453697435638626,605
721,1.4473772015410347,628
722,1.4493846595182067,645
723,1.4513921174953788,632
724,1.4533995754725508,604
725,1.4554070334497229,598
726,1.457414491426895,620
727,1.4594219494040668,637
728,1.4614294073812388,627
729,1.4634368653584109,605
730,1.465444323335583,598
731,1.467451781312755,605
732,1.469459239289927,608
733,1.471466697267099,601
734,1.4734741552442712,594
735,1.4754816132214432,600
736,1.4774890711986153,618
737,1.4794965291757871,632
738,1.4815039871529592,626
739,1.4835114451301312,611
740,1.4855189031073033,607
741,1.4875263610844753,615
742,1.4895338190616474,619
743,1.4915412770388194,609
744,1.4935487350159915,597
745,1.4955561929931636,603
746,1.4975636509703354,627
747,1.4995711089475074,645
748,1.5015785669246795,639
749,1.5035860249018516,621
750,1.5055934828790236,621
751,1.5076009408561957,640
752,1.5096083988333677,655
753,1.5116158568105398,649
754,1.5136233147877118,635
755,1.5156307727648837,640
756,1.5176382307420557,663
757,1.5196456887192278,673
758,1.5216531466963998,650
759,1.523660604673572,620
760,1.525668062650744,619
761,1.527675520627916,643
762,1.529682978605088,654
763,1.5316904365822601,635
764,1.533697894559432,613
765,1.535705352536604,611
766,1.537712810513776,624
767,1.5397202684909481,631
768,1.5417277264681202,620
769,1.5437351844452922,609
770,1.5457426424224643,616
771,1.5477501003996363,636
772,1.5497575583768084,644
773,1.5517650163539802,634
774,1.5537724743311523,621
775,1.5557799323083243,617
776,1.5577873902854964,617
777,1.5597948482626685,615
778,1.5618023062398405,620
779,1.5638097642170126,639
780,1.5658172221941846,657
781,1.5678246801713567,646
782,1.5698321381485285,607
783,1.5718395961257006,576
784,1.5738470541028726,579
785,1.5758545120800447,614
786,1.5778619700572167,648
787,1.5798694280343888,651
788,1.5818768860115608,622
789,1.583884343988733,593
790,1.585891801965905,585
791,1.587899259943077,592
792,1.5899067179202488,598
793,1.591914175897421,595
794,1.593921633874593,594
795,1.595929091851765,601
796,1.597936549828937,610
797,1.5999440078061091,606
798,1.6019514657832812,589
799,1.6039589237604532,577
800,1.6059663817376253,575
801,1.6079738397147971,579
802,1.6099812976919692,578
803,1.6119887556691412,572
804,1.6139962136463133,569
805,1.6160036716234853,571
806,1.6180111296006574,571
807,1.6200185875778295,565
808,1.6220260455550015,554
809,1.6240335035321736,552
810,1.6260409615093454,568
811,1.6280484194865175,588
812,1.6300558774636895,597
813,1.6320633354408616,594
814,1.6340707934180336,586
815,1.6360782513952057,579
816,1.6380857093723777,578
817,1.6400931673495498,579
818,1.6421006253267219,577
819,1.6441080833038937,576
820,1.6461155412810657,584
821,1.6481229992582378,600
822,1.6501304572354099,605
823,1.652137915212582,594
824,1.654145373189754,582
825,1.656152831166926,586
826,1.658160289144098,600
827,1.6601677471212701,601
828,1.662175205098442,585
829,1.664182663075614,570
830,1.666190121052786,581
831,1.6681975790299581,607
832,1.6702050370071302,617
833,1.6722124949843022,598
834,1.6742199529614743,580
835,1.6762274109386464,589
836,1.6782348689158184,614
837,1.6802423268929902,623
838,1.6822497848701623,610
839,1.6842572428473344,591
840,1.6862647008245064,586
841,1.6882721588016785,584
842,1.6902796167788505,576
843,1.6922870747560226,565
844,1.6942945327331946,560
845,1.6963019907103667,553
846,1.6983094486875385,544
847,1.7003169066647106,545
848,1.7023243646418826,553
849,1.7043318226190547,563
850,1.7063392805962267,576
851,1.7083467385733988,593
852,1.7103541965505709,600
853,1.712361654527743,589
854,1.714369112504915,574
855,1.716376570482087,572
856,1.7183840284592589,579
857,1.720391486436431,579
858,1.722398944413603,572
859,1.724406402390775,570
860,1.726413860367947,576
861,1.7284213183451191,586
862,1.7304287763222912,590
863,1.7324362342994633,583
864,1.7344436922766353,572
865,1.7364511502538071,573
866,1.7384586082309792,582
867,1.7404660662081513,581
868,1.7424735241853233,561
869,1.7444809821624954,539
870,1.7464884401396674,537
871,1.7484958981168395,560
872,1.7505033560940115,578
873,1.7525108140711836,565
874,1.7545182720483554,536
875,1.7565257300255275,524
876,1.7585331880026995,541
877,1.7605406459798716,560
878,1.7625481039570436,558
879,1.7645555619342157,540
880,1.7665630199113878,528
881,1.7685704778885598,538
882,1.7705779358657319,556
883,1.7725853938429037,559
884,1.7745928518200758,546
885,1.7766003097972478,536
886,1.7786077677744199,543
887,1.780615225751592,559
888,1.782622683728764,566
889,1.784630141705936,560
890,1.786637599683108,554
891,1.7886450576602801,558
892,1.790652515637452,564
893,1.792659973614624,566
894,1.794667431591796,568
895,1.7966748895689681,579
896,1.7986823475461402,592
897,1.8006898055233123,596
898,1.8026972635004843,590
899,1.8047047214776564,585
900,1.8067121794548284,587
901,1.8087196374320003,595
902,1.8107270954091723,603
903,1.8127345533863444,604
904,1.8147420113635164,601
905,1.8167494693406885,597
906,1.8187569273178605,594
907,1.8207643852950326,592
908,1.8227718432722047,592
909,1.8247793012493767,595
910,1.8267867592265485,600
911,1.8287942172037206,599
912,1.8308016751808927,586
913,1.8328091331580647,561
914,1.8348165911352368,544
915,1.8368240491124088,552
916,1.8388315070895809,576
917,1.840838965066753,588
918,1.842846423043925,571
919,1.844853881021097,545
920,1.8468613389982689,532
921,1.848868796975441,541
922,1.850876254952613,560
923,1.852883712929785,581
924,1.854891170906957,606
925,1.8568986288841292,636
926,1.8589060868613012,655
927,1.8609135448384733,641
928,1.8629210028156453,608
929,1.8649284607928172,592
930,1.8669359187699892,606
931,1.8689433767471613,622
932,1.8709508347243333,616
933,1.8729582927015054,593
934,1.8749657506786774,577
935,1.8769732086558495,577
936,1.8789806666330215,587
937,1.8809881246101936,593
938,1.8829955825873654,592
939,1.8850030405645375,594
940,1.8870104985417095,609
941,1.8890179565188816,622
942,1.8910254144960537,616
943,1.8930328724732257,597
944,1.8950403304503978,586
945,1.8970477884275698,593
946,1.8990552464047419,605
947,1.9010627043819137,607
948,1.9030701623590858,594
949,1.9050776203362578,579
950,1.9070850783134299,573
951,1.909092536290602,576
952,1.911099994267774,583
953,1.913107452244946,591
954,1.915114910222118,594
955,1.9171223681992902,595
956,1.919129826176462,596
957,1.921137284153634,597
958,1.923144742130806,595
959,1.9251522001079782,591
960,1.9271596580851502,594
961,1.9291671160623223,602
962,1.9311745740394943,600
963,1.9331820320166664,583
964,1.9351894899938384,565
965,1.9371969479710103,551
966,1.9392044059481823,538
967,1.9412118639253544,533
968,1.9432193219025264,535
969,1.9452267798796985,538
970,1.9472342378568706,544
971,1.9492416958340426,559
972,1.9512491538112147,583
973,1.9532566117883867,604
974,1.9552640697655586,609
975,1.9572715277427306,600
976,1.9592789857199027,593
977,1.9612864436970747,594
978,1.9632939016742468,598
979,1.9653013596514188,608
980,1.967308817628591,627
981,1.969316275605763,641
982,1.971323733582935,630
983,1.973331191560107,600
984,1.975338649537279,583
985,1.977346107514451,589
986,1.979353565491623,602
987,1.981361023468795,607
988,1.9833684814459671,601
989,1.9853759394231392,595
990,1.9873833974003112,601
991,1.9893908553774833,612
992,1.9913983133546553,611
993,1.9934057713318272,602
994,1.9954132293089992,603
995,1.9974206872861713,616
996,1.9994281452633433,626
997,2.001435603240515,619
998,2.0034430612176872,599
999,2.0054505191948593,589
1000,2.0074579771720313,603
1001,2.0094654351492034,624
1002,2.0114728931263754,623
1003,2.0134803511035475,598
1004,2.0154878090807196,581
1005,2.0174952670578916,597
1006,2.0195027250350637,631
1007,2.0215101830122357,645
1008,2.023517640989408,631
1009,2.02552509896658,611
1010,2.027532556943752,608
1011,2.029540014920924,617
1012,2.031547472898096,623
1013,2.033554930875268,616
1014,2.03556238885244,605
1015,2.037569846829612,609
1016,2.039577304806784,636
1017,2.041584762783956,660
1018,2.043592220761128,656
1019,2.0455996787383,634
1020,2.047607136715472,624
1021,2.049614594692644,632
1022,2.051622052669816,636
1023,2.053629510646988,625
1024,2.0556369686241602,611
1025,2.0576444266013323,618
1026,2.0596518845785043,639
1027,2.0616593425556764,647
1028,2.0636668005328485,629
1029,2.0656742585100205,607
1030,2.0676817164871926,607
1031,2.0696891744643646,623
1032,2.0716966324415367,631
1033,2.0737040904187087,620
1034,2.0757115483958803,606
1035,2.0777190063730524,610
1036,2.0797264643502245,632
1037,2.0817339223273965,655
1038,2.0837413803045686,659
1039,2.0857488382817406,646
1040,2.0877562962589127,635
1041,2.0897637542360847,640
1042,2.091771212213257,650
1043,2.093778670190429,648
1044,2.095786128167601,638
1045,2.097793586144773,633
1046,2.099801044121945,636
1047,2.101808502099117,638
1048,2.103815960076289,631
1049,2.105823418053461,620
1050,2.1078308760306332,622
1051,2.1098383340078053,636
1052,2.111845791984977,646
1053,2.113853249962149,640
1054,2.115860707939321,629
1055,2.117868165916493,633
1056,2.119875623893665,651
1057,2.121883081870837,667
1058,2.1238905398480092,668
1059,2.1258979978251813,666
1060,2.1279054558023534,680
1061,2.1299129137795254,700
1062,2.1319203717566975,699
1063,2.1339278297338695,675
1064,2.1359352877110416,659
1065,2.1379427456882136,673
1066,2.1399502036653857,701
1067,2.1419576616425577,710
1068,2.14396511961973,684
1069,2.145972577596902,650
1070,2.1479800355740735,644
1071,2.1499874935512455,666
1072,2.1519949515284176,680
1073,2.1540024095055896,666
1074,2.1560098674827617,644
1075,2.1580173254599337,638
1076,2.160024783437106,645
1077,2.162032241414278,643
1078,2.16403969939145,626
1079,2.166047157368622,608
1080,2.168054615345794,607
1081,2.170062073322966,622
1082,2.172069531300138,636
1083,2.17407698927731,637
1084,2.1760844472544822,638
1085,2.1780919052316543,653
1086,2.1800993632088264,664
1087,2.1821068211859984,647
1088,2.1841142791631705,615
1089,2.186121737140342,604
1090,2.188129195117514,619
1091,2.190136653094686,641
1092,2.1921441110718582,650
1093,2.1941515690490303,645
1094,2.1961590270262024,637
1095,2.1981664850033744,629
1096,2.2001739429805465,621
1097,2.2021814009577185,617
1098,2.2041888589348906,613
1099,2.2061963169120626,609
1100,2.2082037748892347,611
1101,2.2102112328664067,619
1102,2.212218690843579,623
1103,2.214226148820751,612
1104,2.216233606797923,600
1105,2.218241064775095,608
1106,2.220248522752267,632
1107,2.2222559807294386,647
1108,2.2242634387066107,639
1109,2.2262708966837828,621
1110,2.228278354660955,615
1111,2.230285812638127,619
1112,2.232293270615299,618
1113,2.234300728592471,607
1114,2.236308186569643,600
1115,2.238315644546815,607
1116,2.240323102523987,625
1117,2.242330560501159,642
1118,2.2443380184783313,644
1119,2.2463454764555033,631
1120,2.2483529344326754,624
1121,2.2503603924098474,632
1122,2.2523678503870195,644
1123,2.2543753083641915,641
1124,2.2563827663413636,623
1125,2.258390224318535,601
1126,2.2603976822957073,588
1127,2.2624051402728793,591
1128,2.2644125982500514,604
1129,2.2664200562272234,614
1130,2.2684275142043955,618
1131,2.2704349721815675,626
1132,2.2724424301587396,633
1133,2.2744498881359116,624
1134,2.2764573461130837,603
1135,2.2784648040902558,593
1136,2.280472262067428,604
1137,2.2824797200446,624
1138,2.284487178021772,632
1139,2.286494635998944,621
1140,2.288502093976116,605
1141,2.290509551953288,601
1142,2.29251700993046,609
1143,2.294524467907632,618
1144,2.296531925884804,623
1145,2.298539383861976,625
1146,2.300546841839148,622
1147,2.30255429981632,612
1148,2.304561757793492,602
1149,2.306569215770664,602
1150,2.308576673747836,613
1151,2.310584131725008,624
1152,2.3125915897021803,621
1153,2.3145990476793523,601
1154,2.3166065056565244,580
1155,2.3186139636336964,573
1156,2.3206214216108685,581
1157,2.3226288795880405,592
1158,2.3246363375652126,596
1159,2.3266437955423847,599
1160,2.3286512535195567,606
1161,2.3306587114967288,619
1162,2.3326661694739004,629
1163,2.3346736274510724,629
1164,2.3366810854282445,623
1165,2.3386885434054165,622
1166,2.3406960013825886,631
1167,2.3427034593597607,635
1168,2.3447109173369327,626
1169,2.3467183753141048,618
1170,2.348725833291277,627
1171,2.350733291268449,644
1172,2.352740749245621,651
1173,2.354748207222793,645
1174,2.356755665199965,634
1175,2.358763123177137,629
1176,2.360770581154309,635
1177,2.362778039131481,641
1178,2.3647854971086533,637
1179,2.3667929550858253,626
1180,2.368800413062997,621
1181,2.370807871040169,624
1182,2.372815329017341,626
1183,2.374822786994513,624
1184,2.376830244971685,627
1185,2.378837702948857,643
1186,2.3808451609260293,662
1187,2.3828526189032013,664
1188,2.3848600768803734,646
1189,2.3868675348575454,628
1190,2.3888749928347175,624
1191,2.3908824508118895,632
1192,2.3928899087890616,638
1193,2.3948973667662337,634
1194,2.3969048247434057,632
1195,2.3989122827205778,643
1196,2.40091974069775,659
1197,2.402927198674922,666
1198,2.4049346566520935,658
1199,2.4069421146292656,650
1200,2.4089495726064376,659
1201,2.4109570305836097,683
1202,2.4129644885607817,694
1203,2.4149719465379538,677
1204,2.416979404515126,655
1205,2.418986862492298,649
1206,2.42099432046947,653
1207,2.423001778446642,651
1208,2.425009236423814,645
1209,2.427016694400986,647
1210,2.429024152378158,661
1211,2.43103161035533,677
1212,2.4330390683325023,677
1213,2.4350465263096743,657
1214,2.4370539842868464,637
1215,2.4390614422640184,635
1216,2.4410689002411905,652
1217,2.443076358218362,668
1218,2.445083816195534,664
1219,2.447091274172706,640
1220,2.4490987321498783,620
1221,2.4511061901270503,622
1222,2.4531136481042224,635
1223,2.4551211060813944,635
1224,2.4571285640585665,622
1225,2.4591360220357386,614
1226,2.4611434800129106,621
1227,2.4631509379900827,631
1228,2.4651583959672547,632
1229,2.467165853944427,629
1230,2.469173311921599,634
1231,2.471180769898771,648
1232,2.473188227875943,654
1233,2.475195685853115,644
1234,2.477203143830287,631
1235,2.4792106018074587,631
1236,2.4812180597846307,646
1237,2.483225517761803,657
1238,2.485232975738975,650
1239,2.487240433716147,635
1240,2.489247891693319,630
1241,2.491255349670491,633
1242,2.493262807647663,629
1243,2.495270265624835,618
1244,2.497277723602007,618
1245,2.4992851815791792,629
1246,2.5012926395563513,637
1247,2.5033000975335233,636
1248,2.5053075555106954,632
1249,2.5073150134878674,634
1250,2.5093224714650395,648
1251,2.5113299294422116,663
1252,2.5133373874193836,657
1253,2.5153448453965552,632
1254,2.5173523033737273,617
1255,2.5193597613508993,626
1256,2.5213672193280714,645
1257,2.5233746773052435,648
1258,2.5253821352824155,632
1259,2.5273895932595876,617
1260,2.5293970512367596,618
1261,2.5314045092139317,630
1262,2.5334119671911037,640
1263,2.535419425168276,636
1264,2.537426883145448,626
1265,2.53943434112262,625
1266,2.541441799099792,633
1267,2.543449257076964,636
1268,2.545456715054136,622
1269,2.547464173031308,598
1270,2.54947163100848,591
1271,2.5514790889856522,611
1272,2.553486546962824,639
1273,2.555494004939996,646
1274,2.557501462917168,637
1275,2.55950892089434,635
1276,2.561516378871512,645
1277,2.563523836848684,645
1278,2.565531294825856,629
1279,2.5675387528030282,613
1280,2.5695462107802003,610
1281,2.5715536687573723,613
1282,2.5735611267345444,616
1283,2.5755685847117165,622
1284,2.5775760426888885,629
1285,2.5795835006660606,634
1286,2.5815909586432326,643
1287,2.5835984166204047,652
1288,2.5856058745975767,647
1289,2.587613332574749,622
1290,2.5896207905519204,596
1291,2.5916282485290925,587
1292,2.5936357065062645,597
1293,2.5956431644834366,608
1294,2.5976506224606086,609
1295,2.5996580804377807,605
1296,2.6016655384149527,609
1297,2.603672996392125,620
1298,2.605680454369297,635
1299,2.607687912346469,660
1300,2.609695370323641,691
1301,2.611702828300813,710
1302,2.613710286277985,705
1303,2.615717744255157,675
1304,2.617725202232329,642
1305,2.6197326602095012,633
1306,2.6217401181866733,645
1307,2.6237475761638454,656
1308,2.625755034141017,650
1309,2.627762492118189,638
1310,2.629769950095361,636
1311,2.631777408072533,646
1312,2.633784866049705,651
1313,2.6357923240268772,643
1314,2.6377997820040493,632
1315,2.6398072399812214,639
1316,2.6418146979583934,660
1317,2.6438221559355655,671
1318,2.6458296139127375,656
1319,2.6478370718899096,635
1320,2.6498445298670816,638
1321,2.6518519878442537,655
1322,2.6538594458214257,659
1323,2.655866903798598,649
1324,2.65787436177577,646
1325,2.659881819752942,661
1326,2.6618892777301135,684
1327,2.6638967357072856,698
1328,2.6659041936844576,687
1329,2.6679116516616297,665
1330,2.6699191096388017,661
1331,2.671926567615974,676
1332,2.673934025593146,684
1333,2.675941483570318,671
1334,2.67794894154749,653
1335,2.679956399524662,656
1336,2.681963857501834,670
1337,2.683971315479006,664
1338,2.685978773456178,634
1339,2.6879862314333502,611
1340,2.6899936894105223,621
1341,2.6920011473876944,655
1342,2.6940086053648664,680
1343,2.6960160633420385,671
1344,2.6980235213192105,644
1345,2.700030979296382,631
1346,2.702038437273554,642
1347,2.7040458952507263,658
1348,2.7060533532278983,662
1349,2.7080608112050704,661
1350,2.7100682691822424,670
1351,2.7120757271594145,690
1352,2.7140831851365865,700
1353,2.7160906431137586,676
1354,2.7180981010909306,633
1355,2.7201055590681027,612
1356,2.7221130170452748,631
1357,2.724120475022447,659
1358,2.726127932999619,665
1359,2.728135390976791,654
1360,2.730142848953963,651
1361,2.732150306931135,651
1362,2.734157764908307,639
1363,2.7361652228854787,625
1364,2.7381726808626508,626
1365,2.740180138839823,646
1366,2.742187596816995,668
1367,2.744195054794167,671
1368,2.746202512771339,653
1369,2.748209970748511,626
1370,2.750217428725683,611
1371,2.752224886702855,620
1372,2.754232344680027,643
1373,2.7562398026571993,656
1374,2.7582472606343713,650
1375,2.7602547186115434,641
1376,2.7622621765887154,642
1377,2.7642696345658875,645
1378,2.7662770925430595,635
1379,2.7682845505202316,616
1380,2.7702920084974036,611
1381,2.7722994664745753,630
1382,2.7743069244517473,652
1383,2.7763143824289194,654
1384,2.7783218404060914,644
1385,2.7803292983832635,645
1386,2.7823367563604355,654
1387,2.7843442143376076,652
1388,2.7863516723147796,633
1389,2.7883591302919517,609
1390,2.7903665882691238,597
1391,2.792374046246296,605
1392,2.794381504223468,627
1393,2.79638896220064,642
1394,2.798396420177812,642
1395,2.800403878154984,639
1396,2.802411336132156,643
1397,2.804418794109328,649
1398,2.8064262520865,650
1399,2.8084337100636723,655
1400,2.810441168040844,672
1401,2.812448626018016,693
1402,2.814456083995188,695
1403,2.81646354197236,672
1404,2.818470999949532,652
1405,2.820478457926704,663
1406,2.822485915903876,689
1407,2.8244933738810483,699
1408,2.8265008318582203,690
1409,2.8285082898353924,685
1410,2.8305157478125644,693
1411,2.8325232057897365,707
1412,2.8345306637669085,711
1413,2.8365381217440806,697
1414,2.8385455797212527,687
1415,2.8405530376984247,702
1416,2.8425604956755968,729
1417,2.844567953652769,736
1418,2.8465754116299404,713
1419,2.8485828696071125,686
1420,2.8505903275842845,684
1421,2.8525977855614566,698
1422,2.8546052435386287,700
1423,2.8566127015158007,685
1424,2.8586201594929728,675
1425,2.860627617470145,676
1426,2.862635075447317,675
1427,2.864642533424489,670
1428,2.866649991401661,671
1429,2.868657449378833,680
1430,2.870664907356005,685
1431,2.872672365333177,682
1432,2.874679823310349,678
1433,2.8766872812875213,678
1434,2.8786947392646933,679
1435,2.8807021972418654,684
1436,2.882709655219037,697
1437,2.884717113196209,709
1438,2.886724571173381,705
1439,2.888732029150553,697
1440,2.890739487127725,704
1441,2.8927469451048973,731
1442,2.8947544030820693,757
1443,2.8967618610592414,753
1444,2.8987693190364134,723
1445,2.9007767770135855,697
1446,2.9027842349907576,698
1447,2.9047916929679296,715
1448,2.9067991509451017,720
1449,2.9088066089222737,706
1450,2.9108140668994458,688
1451,2.912821524876618,685
1452,2.91482898285379,698
1453,2.916836440830962,714
1454,2.9188438988081336,720
1455,2.9208513567853056,716
1456,2.9228588147624777,716
1457,2.9248662727396497,717
1458,2.9268737307168218,712
1459,2.928881188693994,705
1460,2.930888646671166,701
1461,2.932896104648338,700
1462,2.93490356262551,694
1463,2.936911020602682,683
1464,2.938918478579854,675
1465,2.940925936557026,687
1466,2.942933394534198,715
1467,2.9449408525113703,732
1468,2.9469483104885423,727
1469,2.9489557684657144,714
1470,2.9509632264428864,709
1471,2.9529706844200585,711
1472,2.9549781423972306,718
1473,2.956985600374402,719
1474,2.9589930583515742,709
1475,2.9610005163287463,701
1476,2.9630079743059183,702
1477,2.9650154322830904,699
1478,2.9670228902602624,687
1479,2.9690303482374345,682
1480,2.9710378062146066,701
1481,2.9730452641917786,727
1482,2.9750527221689507,727
1483,2.9770601801461227,700
1484,2.979067638123295,677
1485,2.981075096100467,678
1486,2.983082554077639,689
1487,2.985090012054811,690
1488,2.987097470031983,677
1489,2.989104928009155,668
1490,2.991112385986327,686
1491,2.9931198439634987,727
1492,2.995127301940671,749
1493,2.997134759917843,732
1494,2.999142217895015,703
1495,3.001149675872187,699
1496,3.003157133849359,718
1497,3.005164591826531,731
1498,3.007172049803703,720
1499,3.009179507780875,697
1500,3.0111869657580472,682
1501,3.0131944237352193,676
1502,3.0152018817123913,670
1503,3.0172093396895634,664
1504,3.0192167976667355,665
1505,3.0212242556439075,674
1506,3.0232317136210796,682
1507,3.0252391715982516,680
1508,3.0272466295754237,671
1509,3.0292540875525953,665
1510,3.0312615455297673,664
1511,3.0332690035069394,666
1512,3.0352764614841115,663
1513,3.0372839194612835,657
1514,3.0392913774384556,657
1515,3.0412988354156276,671
1516,3.0433062933927997,691
1517,3.0453137513699717,695
1518,3.047321209347144,679
1519,3.049328667324316,659
1520,3.051336125301488,653
1521,3.05334358327866,658
1522,3.055351041255832,666
1523,3.057358499233004,666
1524,3.059365957210176,658
1525,3.061373415187348,653
1526,3.0633808731645202,665
1527,3.0653883311416923,683
1528,3.067395789118864,683
1529,3.069403247096036,660
1530,3.071410705073208,638
1531,3.07341816305038,640
1532,3.075425621027552,653
1533,3.077433079004724,650
1534,3.0794405369818962,628
1535,3.0814479949590683,614
1536,3.0834554529362403,627
1537,3.0854629109134124,651
1538,3.0874703688905845,656
1539,3.0894778268677565,638
1540,3.0914852848449286,624
1541,3.0934927428221006,625
1542,3.0955002007992727,632
1543,3.0975076587764447,637
1544,3.099515116753617,644
1545,3.101522574730789,651
1546,3.1035300327079605,660
1547,3.1055374906851325,677
1548,3.1075449486623046,689
1549,3.1095524066394766,692
1550,3.1115598646166487,697
1551,3.1135673225938207,709
1552,3.115574780570993,719
1553,3.117582238548165,713
1554,3.119589696525337,697
1555,3.121597154502509,686
1556,3.123604612479681,685
1557,3.125612070456853,684
1558,3.127619528434025,677
1559,3.129626986411197,671
1560,3.1316344443883692,675
1561,3.1336419023655413,691
1562,3.1356493603427134,705
1563,3.1376568183198854,701
1564,3.139664276297057,682
1565,3.141671734274229,665
1566,3.143679192251401,660
1567,3.145686650228573,663
1568,3.1476941082057452,666
1569,3.1497015661829173,665
1570,3.1517090241600894,664
1571,3.1537164821372614,669
1572,3.1557239401144335,677
1573,3.1577313980916055,684
1574,3.1597388560687776,690
1575,3.1617463140459496,701
1576,3.1637537720231217,717
1577,3.1657612300002937,726
1578,3.167768687977466,716
1579,3.169776145954638,700
1580,3.17178360393181,701
1581,3.173791061908982,718
1582,3.175798519886154,729
1583,3.1778059778633256,719
1584,3.1798134358404977,696
1585,3.1818208938176697,681
1586,3.183828351794842,680
1587,3.185835809772014,686
1588,3.187843267749186,686
1589,3.189850725726358,678
1590,3.19185818370353,675
1591,3.193865641680702,683
1592,3.195873099657874,684
1593,3.197880557635046,672
1594,3.1998880156122183,665
1595,3.2018954735893903,672
1596,3.2039029315665624,679
1597,3.2059103895437344,674
1598,3.2079178475209065,663
1599,3.2099253054980785,657
1600,3.2119327634752506,659
1601,3.213940221452422,664
1602,3.2159476794295943,661
1603,3.2179551374067663,645
1604,3.2199625953839384,627
1605,3.2219700533611104,629
1606,3.2239775113382825,642
1607,3.2259849693154545,642
1608,3.2279924272926266,634
1609,3.2299998852697986,640
1610,3.2320073432469707,664
1611,3.2340148012241428,683
1612,3.236022259201315,680
1613,3.238029717178487,663
1614,3.240037175155659,658
1615,3.242044633132831,673
1616,3.244052091110003,693
1617,3.246059549087175,702
1618,3.248067007064347,690
1619,3.2500744650415188,669
1620,3.252081923018691,663
1621,3.254089380995863,677
1622,3.256096838973035,691
1623,3.258104296950207,682
1624,3.260111754927379,657
1625,3.262119212904551,642
1626,3.264126670881723,647
1627,3.266134128858895,657
1628,3.2681415868360673,654
1629,3.2701490448132393,643
1630,3.2721565027904114,642
1631,3.2741639607675834,656
1632,3.2761714187447555,671
1633,3.2781788767219275,669
1634,3.2801863346990996,656
1635,3.2821937926762716,647
1636,3.2842012506534437,649
1637,3.2862087086306153,655
1638,3.2882161666077874,652
1639,3.2902236245849594,643
1640,3.2922310825621315,641
1641,3.2942385405393035,653
1642,3.2962459985164756,666
1643,3.2982534564936477,663
1644,3.3002609144708197,651
1645,3.3022683724479918,654
1646,3.304275830425164,674
1647,3.306283288402336,689
1648,3.308290746379508,678
1649,3.31029820435668,654
1650,3.312305662333852,647
1651,3.314313120311024,663
1652,3.316320578288196,681
1653,3.318328036265368,679
1654,3.3203354942425403,661
1655,3.3223429522197123,655
1656,3.324350410196884,674
1657,3.326357868174056,700
1658,3.328365326151228,708
1659,3.3303727841284,695
1660,3.332380242105572,678
1661,3.334387700082744,676
1662,3.3363951580599163,682
1663,3.3384026160370883,681
1664,3.3404100740142604,672
1665,3.3424175319914324,671
1666,3.3444249899686045,675
1667,3.3464324479457765,671
1668,3.3484399059229486,657
1669,3.3504473639001207,653
1670,3.3524548218772927,672
1671,3.3544622798544648,704
1672,3.356469737831637,720
1673,3.358477195808809,711
1674,3.3604846537859805,699
1675,3.3624921117631525,709
1676,3.3644995697403246,740
1677,3.3665070277174967,761
1678,3.3685144856946687,750
1679,3.3705219436718408,725
1680,3.372529401649013,719
1681,3.374536859626185,730
1682,3.376544317603357,731
1683,3.378551775580529,715
1684,3.380559233557701,705
1685,3.382566691534873,709
1686,3.384574149512045,707
1687,3.386581607489217,685
1688,3.3885890654663893,657
1689,3.3905965234435613,643
1690,3.3926039814207334,649
1691,3.3946114393979054,667
1692,3.396618897375077,682
1693,3.398626355352249,683
1694,3.400633813329421,673
1695,3.402641271306593,668
1696,3.4046487292837653,673
1697,3.4066561872609373,678
1698,3.4086636452381094,675
1699,3.4106711032152814,667
1700,3.4126785611924535,670
1701,3.4146860191696256,691
1702,3.4166934771467976,713
1703,3.4187009351239697,705
1704,3.4207083931011417,670
1705,3.4227158510783138,645
1706,3.424723309055486,660
1707,3.426730767032658,699
1708,3.42873822500983,723
1709,3.430745682987002,716
1710,3.432753140964174,694
1711,3.4347605989413457,679
1712,3.4367680569185177,682
1713,3.4387755148956898,693
1714,3.440782972872862,699
1715,3.442790430850034,701
1716,3.444797888827206,705
1717,3.446805346804378,712
1718,3.44881280478155,708
1719,3.450820262758722,692
1720,3.452827720735894,685
1721,3.4548351787130662,693
1722,3.4568426366902383,697
1723,3.4588500946674103,687
1724,3.4608575526445824,678
1725,3.4628650106217544,685
1726,3.4648724685989265,695
1727,3.4668799265760986,689
1728,3.4688873845532706,671
1729,3.4708948425304422,658
1730,3.4729023005076143,658
1731,3.4749097584847863,659
1732,3.4769172164619584,658
1733,3.4789246744391304,654
1734,3.4809321324163025,646
1735,3.4829395903934746,639
1736,3.4849470483706466,640
1737,3.4869545063478187,648
1738,3.4889619643249907,653
1739,3.490969422302163,653
1740,3.492976880279335,657
1741,3.494984338256507,669
1742,3.496991796233679,678
1743,3.498999254210851,670
1744,3.501006712188023,654
1745,3.503014170165195,650
1746,3.505021628142367,658
1747,3.507029086119539,661
1748,3.509036544096711,656
1749,3.511044002073883,652
1750,3.513051460051055,658
1751,3.515058918028227,665
1752,3.517066376005399,662
1753,3.519073833982571,658
1754,3.521081291959743,669
1755,3.5230887499369152,691
1756,3.5250962079140873,700
1757,3.5271036658912593,689
1758,3.5291111238684314,683
1759,3.5311185818456035,698
1760,3.5331260398227755,712
1761,3.5351334977999476,706
1762,3.5371409557771196,689
1763,3.5391484137542917,678
1764,3.5411558717314637,672
1765,3.5431633297086353,671
1766,3.5451707876858074,680
1767,3.5471782456629795,689
1768,3.5491857036401515,684
1769,3.5511931616173236,673
1770,3.5532006195944956,678
1771,3.5552080775716677,693
1772,3.5572155355488397,695
1773,3.559222993526012,687
1774,3.561230451503184,690
1775,3.563237909480356,703
1776,3.565245367457528,713
1777,3.5672528254347,714
1778,3.569260283411872,704
1779,3.571267741389044,690
1780,3.573275199366216,684
1781,3.5752826573433882,694
1782,3.5772901153205603,707
1783,3.5792975732977323,708
1784,3.581305031274904,701
1785,3.583312489252076,707
1786,3.585319947229248,735
1787,3.58732740520642,768
1788,3.589334863183592,777
1789,3.5913423211607642,759
1790,3.5933497791379363,744
1791,3.5953572371151084,752
1792,3.5973646950922804,762
1793,3.5993721530694525,754
1794,3.6013796110466245,743
1795,3.6033870690237966,750
1796,3.6053945270009686,760
1797,3.6074019849781407,751
1798,3.6094094429553127,729
1799,3.611416900932485,721
1800,3.613424358909657,731
1801,3.615431816886829,744
1802,3.6174392748640005,745
1803,3.6194467328411726,737
1804,3.6214541908183446,734
1805,3.6234616487955167,746
1806,3.6254691067726887,762
1807,3.627476564749861,764
1808,3.629484022727033,746
1809,3.631491480704205,732
1810,3.633498938681377,737
1811,3.635506396658549,756
1812,3.637513854635721,767
1813,3.639521312612893,752
1814,3.641528770590065,725
1815,3.6435362285672372,710
1816,3.6455436865444093,717
1817,3.6475511445215814,733
1818,3.6495586024987534,741
1819,3.6515660604759255,738
1820,3.653573518453097,736
1821,3.655580976430269,741
1822,3.657588434407441,747
1823,3.6595958923846132,744
1824,3.6616033503617853,743
1825,3.6636108083389574,754
1826,3.6656182663161294,768
1827,3.6676257242933015,770
1828,3.6696331822704735,756
1829,3.6716406402476456,740
1830,3.6736480982248176,737
1831,3.6756555562019897,750
1832,3.6776630141791617,759
1833,3.679670472156334,750
1834,3.681677930133506,729
1835,3.683685388110678,717
1836,3.68569284608785,717
1837,3.687700304065022,722
1838,3.689707762042194,725
1839,3.6917152200193657,726
1840,3.6937226779965378,730
1841,3.69573013597371,742
1842,3.697737593950882,759
1843,3.699745051928054,768
1844,3.701752509905226,767
1845,3.703759967882398,762
1846,3.70576742585957,763
1847,3.707774883836742,770
1848,3.709782341813914,773
1849,3.7117897997910863,769
1850,3.7137972577682583,769
1851,3.7158047157454304,781
1852,3.7178121737226024,791
1853,3.7198196316997745,781
1854,3.7218270896769465,760
1855,3.7238345476541186,756
1856,3.7258420056312906,774
1857,3.7278494636084623,789
1858,3.7298569215856343,787
1859,3.7318643795628064,776
1860,3.7338718375399784,775
1861,3.7358792955171505,779
1862,3.7378867534943225,775
1863,3.7398942114714946,764
1864,3.7419016694486666,753
1865,3.7439091274258387,748
1866,3.7459165854030108,750
1867,3.747924043380183,755
1868,3.749931501357355,753
1869,3.751938959334527,750
1870,3.753946417311699,756
1871,3.755953875288871,772
1872,3.757961333266043,776
1873,3.759968791243215,761
1874,3.761976249220387,742
1875,3.763983707197559,740
1876,3.765991165174731,752
1877,3.767998623151903,759
1878,3.770006081129075,747
1879,3.772013539106247,727
1880,3.774020997083419,718
1881,3.776028455060591,725
1882,3.778035913037763,740
1883,3.7800433710149353,754
1884,3.7820508289921073,767
1885,3.7840582869692794,775
1886,3.7860657449464514,778
1887,3.7880732029236235,777
1888,3.7900806609007955,771
1889,3.7920881188779676,758
1890,3.7940955768551397,746
1891,3.7961030348323117,740
1892,3.7981104928094838,742
1893,3.8001179507866554,747
1894,3.8021254087638274,749
1895,3.8041328667409995,745
1896,3.8061403247181715,737
1897,3.8081477826953436,725
1898,3.8101552406725157,714
1899,3.8121626986496877,710
1900,3.8141701566268598,714
1901,3.816177614604032,724
1902,3.818185072581204,732
1903,3.820192530558376,717
1904,3.822199988535548,683
1905,3.82420744651272,667
1906,3.826214904489892,692
1907,3.828222362467064,727
1908,3.830229820444236,731
1909,3.8322372784214083,717
1910,3.8342447363985803,725
1911,3.8362521943757524,749
1912,3.838259652352924,746
1913,3.840267110330096,708
1914,3.842274568307268,676
1915,3.84428202628444,680
1916,3.846289484261612,703
1917,3.8482969422387843,711
1918,3.8503044002159563,694
1919,3.8523118581931284,674
1920,3.8543193161703004,672
1921,3.8563267741474725,681
1922,3.8583342321246445,688
1923,3.8603416901018166,685
1924,3.8623491480789887,682
1925,3.8643566060561607,688
1926,3.8663640640333328,700
1927,3.868371522010505,706
1928,3.870378979987677,695
1929,3.872386437964849,674
1930,3.8743938959420205,670
1931,3.8764013539191926,701
1932,3.8784088118963647,754
1933,3.8804162698735367,792
1934,3.8824237278507088,800
1935,3.884431185827881,798
1936,3.886438643805053,798
1937,3.888446101782225,788
1938,3.890453559759397,760
1939,3.892461017736569,733
1940,3.894468475713741,721
1941,3.896475933690913,721
1942,3.898483391668085,717
1943,3.9004908496452573,700
1944,3.9024983076224293,681
1945,3.9045057655996014,683
1946,3.9065132235767734,709
1947,3.9085206815539455,740
1948,3.910528139531117,752
1949,3.912535597508289,747
1950,3.914543055485461,740
1951,3.9165505134626333,744
1952,3.9185579714398053,755
1953,3.9205654294169774,753
1954,3.9225728873941494,733
1955,3.9245803453713215,711
1956,3.9265878033484936,703
1957,3.9285952613256656,710
1958,3.9306027193028377,722
1959,3.9326101772800097,727
1960,3.934617635257182,717
1961,3.936625093234354,707
1962,3.938632551211526,706
1963,3.940640009188698,705
1964,3.94264746716587,698
1965,3.944654925143042,694
1966,3.946662383120214,707
1967,3.9486698410973857,733
1968,3.950677299074558,744
1969,3.95268475705173,730
1970,3.954692215028902,707
1971,3.956699673006074,691
1972,3.958707130983246,675
1973,3.960714588960418,659
1974,3.96272204693759,654
1975,3.964729504914762,666
1976,3.9667369628919342,683
1977,3.9687444208691063,691
1978,3.9707518788462783,684
1979,3.9727593368234504,674
1980,3.9747667948006224,680
1981,3.9767742527777945,704
1982,3.9787817107549666,723
1983,3.9807891687321386,719
1984,3.9827966267093107,705
1985,3.9848040846864823,701
1986,3.9868115426636543,708
1987,3.9888190006408264,712
1988,3.9908264586179985,702
1989,3.9928339165951705,686
1990,3.9948413745723426,683
1991,3.9968488325495146,696
1992,3.9988562905266867,710
1993,4.000863748503859,712
1994,4.00287120648103,700
1995,4.004878664458203,691
1996,4.0068861224353745,691
1997,4.008893580412547,692
1998,4.010901038389719,685
1999,4.012908496366891,677
2000,4.014915954344063,676
2001,4.016923412321235,678
2002,4.018930870298407,677
2003,4.020938328275579,682
2004,4.022945786252751,693
2005,4.024953244229923,700
2006,4.026960702207095,694
2007,4.0289681601842675,681
2008,4.030975618161439,675
2009,4.032983076138612,687
2010,4.034990534115783,709
2011,4.036997992092956,720
2012,4.039005450070127,709
2013,4.041012908047299,687
2014,4.0430203660244715,675
2015,4.045027824001643,682
2016,4.047035281978816,701
2017,4.049042739955987,716
2018,4.05105019793316,708
2019,4.053057655910331,685
2020,4.055065113887504,671
2021,4.057072571864675,678
2022,4.059080029841848,695
2023,4.0610874878190195,702
2024,4.063094945796192,701
2025,4.065102403773364,707
2026,4.067109861750536,719
2027,4.069117319727708,725
2028,4.07112477770488,718
2029,4.073132235682052,707
2030,4.075139693659224,700
2031,4.077147151636396,699
2032,4.079154609613568,699
2033,4.08116206759074,699
2034,4.083169525567912,696
2035,4.085176983545084,688
2036,4.087184441522256,686
2037,4.089191899499428,698
2038,4.0911993574766,719
2039,4.093206815453772,732
2040,4.095214273430944,729
2041,4.0972217314081165,723
2042,4.099229189385288,725
2043,4.101236647362461,727
2044,4.103244105339632,720
2045,4.105251563316805,705
2046,4.107259021293976,694
2047,4.109266479271149,691
2048,4.1112739372483205,691
2049,4.113281395225492,692
2050,4.115288853202665,700
2051,4.117296311179836,718
2052,4.119303769157009,732
2053,4.12131122713418,725
2054,4.123318685111353,712
2055,4.125326143088524,727
2056,4.127333601065697,769
2057,4.1293410590428685,788
2058,4.131348517020041,754
2059,4.133355974997213,701
2060,4.135363432974385,688
2061,4.137370890951557,720
2062,4.139378348928729,750
2063,4.141385806905901,740
2064,4.143393264883073,709
2065,4.145400722860245,695
2066,4.1474081808374175,714
2067,4.149415638814589,744
2068,4.151423096791761,754
2069,4.153430554768933,739
2070,4.155438012746105,720
2071,4.157445470723277,713
2072,4.159452928700449,712
2073,4.161460386677621,696
2074,4.163467844654793,669
2075,4.1654753026319655,652
2076,4.167482760609137,654
2077,4.16949021858631,661
2078,4.171497676563481,663
2079,4.173505134540654,665
2080,4.175512592517825,673
2081,4.177520050494998,683
2082,4.1795275084721695,684
2083,4.181534966449342,676
2084,4.183542424426514,662
2085,4.185549882403685,647
2086,4.187557340380858,636
2087,4.189564798358029,632
2088,4.191572256335202,629
2089,4.193579714312373,623
2090,4.195587172289546,624
2091,4.1975946302667175,643
2092,4.19960208824389,668
2093,4.201609546221062,676
2094,4.203617004198234,660
2095,4.205624462175406,637
2096,4.207631920152578,623
2097,4.20963937812975,618
2098,4.211646836106922,615
2099,4.213654294084094,616
2100,4.2156617520612665,619
2101,4.217669210038438,623
2102,4.219676668015611,628
2103,4.221684125992782,637
2104,4.223691583969954,649
2105,4.225699041947126,663
2106,4.227706499924298,685
2107,4.22971395790147,711
2108,4.231721415878642,720
2109,4.2337288738558145,697
2110,4.235736331832986,667
2111,4.237743789810159,669
2112,4.23975124778733,696
2113,4.241758705764503,709
2114,4.243766163741674,691
2115,4.245773621718847,667
2116,4.2477810796960185,663
2117,4.249788537673191,670
2118,4.251795995650363,673
2119,4.253803453627535,666
2120,4.255810911604707,653
2121,4.257818369581879,644
2122,4.259825827559051,644
2123,4.261833285536222,647
2124,4.263840743513395,644
2125,4.2658482014905665,642
2126,4.267855659467739,651
2127,4.269863117444911,662
2128,4.271870575422083,657
2129,4.273878033399255,641
2130,4.275885491376427,632
2131,4.277892949353599,638
2132,4.279900407330771,643
2133,4.281907865307943,632
2134,4.2839153232851155,616
2135,4.285922781262287,616
2136,4.28793023923946,633
2137,4.289937697216631,647
2138,4.291945155193804,646
2139,4.293952613170975,638
2140,4.295960071148147,640
2141,4.297967529125319,651
2142,4.299974987102491,655
2143,4.3019824450796635,649
2144,4.303989903056835,649
2145,4.305997361034008,667
2146,4.308004819011179,696
2147,4.310012276988352,712
2148,4.312019734965523,701
2149,4.314027192942696,676
2150,4.3160346509198675,672
2151,4.31804210889704,696
2152,4.320049566874212,717
2153,4.322057024851384,709
2154,4.324064482828556,685
2155,4.326071940805728,667
2156,4.3280793987829,666
2157,4.330086856760072,668
2158,4.332094314737244,665
2159,4.3341017727144155,664
2160,4.336109230691588,677
2161,4.33811668866876,697
2162,4.340124146645932,704
2163,4.342131604623104,693
2164,4.344139062600276,682
2165,4.346146520577448,687
2166,4.34815397855462,707
2167,4.350161436531792,727
2168,4.3521688945089645,734
2169,4.354176352486136,730
2170,4.356183810463309,726
2171,4.35819126844048,726
2172,4.360198726417653,721
2173,4.362206184394824,711
2174,4.364213642371997,703
2175,4.366221100349168,704
2176,4.368228558326341,712
2177,4.3702360163035125,716
2178,4.372243474280684,709
2179,4.374250932257857,697
2180,4.376258390235028,695
2181,4.378265848212201,709
2182,4.380273306189372,727
2183,4.382280764166545,733
2184,4.3842882221437165,727
2185,4.386295680120889,720
2186,4.388303138098061,722
2187,4.390310596075233,733
2188,4.392318054052405,751
2189,4.394325512029577,762
2190,4.396332970006749,758
2191,4.398340427983921,751
2192,4.400347885961093,746
2193,4.402355343938265,745
2194,4.404362801915437,746
2195,4.406370259892609,746
2196,4.408377717869781,737
2197,4.410385175846953,725
2198,4.412392633824125,720
2199,4.414400091801297,727
2200,4.416407549778469,743
2201,4.418415007755641,756
2202,4.4204224657328135,756
2203,4.422429923709985,744
2204,4.424437381687158,732
2205,4.426444839664329,734
2206,4.428452297641502,743
2207,4.430459755618673,747
2208,4.432467213595846,739
2209,4.4344746715730174,729
2210,4.43648212955019,727
2211,4.438489587527362,732
2212,4.440497045504534,741
2213,4.442504503481706,751
2214,4.444511961458877,758
2215,4.44651941943605,763
2216,4.448526877413221,768
2217,4.450534335390394,767
2218,4.4525417933675655,754
2219,4.454549251344738,740
2220,4.45655670932191,740
2221,4.458564167299082,757
2222,4.460571625276254,769
2223,4.462579083253426,758
2224,4.464586541230598,738
2225,4.46659399920777,729
2226,4.468601457184942,727
2227,4.4706089151621144,722
2228,4.472616373139286,722
2229,4.474623831116459,725
2230,4.47663128909363,722
2231,4.478638747070803,713
2232,4.480646205047974,715
2233,4.482653663025146,733
2234,4.484661121002318,753
2235,4.48666857897949,762
2236,4.4886760369566625,763
2237,4.490683494933834,765
2238,4.492690952911007,770
2239,4.494698410888178,771
2240,4.496705868865351,772
2241,4.498713326842522,782
2242,4.500720784819695,794
2243,4.5027282427968665,793
2244,4.504735700774039,780
2245,4.506743158751211,773
2246,4.508750616728383,777
2247,4.510758074705555,781
2248,4.512765532682727,777
2249,4.514772990659899,767
2250,4.51678044863707,759
2251,4.518787906614243,757
2252,4.5207953645914145,753
2253,4.522802822568587,737
2254,4.524810280545759,716
2255,4.526817738522931,708
2256,4.528825196500103,708
2257,4.530832654477275,702
2258,4.532840112454447,689
2259,4.534847570431619,681
2260,4.536855028408791,682
2261,4.5388624863859635,691
2262,4.540869944363135,696
2263,4.542877402340308,686
2264,4.544884860317479,668
2265,4.546892318294652,662
2266,4.548899776271823,674
2267,4.550907234248996,684
2268,4.552914692226167,681
2269,4.554922150203339,673
2270,4.5569296081805115,676
2271,4.558937066157683,695
2272,4.560944524134856,714
2273,4.562951982112027,712
2274,4.5649594400892,694
2275,4.566966898066371,685
2276,4.568974356043544,697
2277,4.5709818140207155,712
2278,4.572989271997888,708
2279,4.57499672997506,690
2280,4.577004187952232,679
2281,4.579011645929404,684
2282,4.581019103906576,692
2283,4.583026561883748,696
2284,4.58503401986092,703
2285,4.587041477838092,718
2286,4.589048935815264,734
2287,4.591056393792436,733
2288,4.593063851769608,710
2289,4.59507130974678,686
2290,4.597078767723952,690
2291,4.599086225701124,715
2292,4.601093683678296,730
2293,4.603101141655468,716
2294,4.60510859963264,691
2295,4.6071160576098125,691
2296,4.609123515586984,717
2297,4.611130973564157,740
2298,4.613138431541328,743
2299,4.615145889518501,733
2300,4.617153347495672,721
2301,4.619160805472845,718
2302,4.621168263450016,719
2303,4.623175721427189,711
2304,4.6251831794043605,703
2305,4.627190637381532,717
2306,4.629198095358705,752
2307,4.631205553335876,778
2308,4.633213011313049,773
2309,4.63522046929022,748
2310,4.637227927267393,730
2311,4.6392353852445645,730
2312,4.641242843221737,735
2313,4.643250301198909,730
2314,4.645257759176081,717
2315,4.647265217153253,709
2316,4.649272675130425,711
2317,4.651280133107597,716
2318,4.653287591084769,718
2319,4.655295049061941,715
2320,4.657302507039113,715
2321,4.659309965016285,724
2322,4.6613174229934575,738
2323,4.663324880970629,743
2324,4.665332338947801,738
2325,4.667339796924973,738
2326,4.669347254902145,742
2327,4.671354712879317,735
2328,4.673362170856489,715
2329,4.6753696288336615,699
2330,4.677377086810833,700
2331,4.679384544788006,714
2332,4.681392002765177,724
2333,4.68339946074235,721
2334,4.685406918719521,708
2335,4.687414376696694,701
2336,4.689421834673865,708
2337,4.691429292651038,722
2338,4.6934367506282095,724
2339,4.695444208605382,713
2340,4.697451666582554,705
2341,4.699459124559726,713
2342,4.701466582536898,727
2343,4.703474040514069,724
2344,4.705481498491242,706
2345,4.7074889564684135,691
2346,4.709496414445586,688
2347,4.711503872422758,692
2348,4.71351133039993,701
2349,4.715518788377102,711
2350,4.717526246354274,724
2351,4.719533704331446,739
2352,4.721541162308618,752
2353,4.72354862028579,749
2354,4.725556078262962,729
2355,4.727563536240134,711
2356,4.7295709942173065,718
2357,4.731578452194478,741
2358,4.733585910171651,747
2359,4.735593368148822,722
2360,4.737600826125994,692
2361,4.739608284103166,681
2362,4.741615742080338,679
2363,4.7436232000575105,669
2364,4.745630658034682,666
2365,4.747638116011855,689
2366,4.749645573989026,719
2367,4.751653031966199,726
2368,4.75366048994337,713
2369,4.755667947920543,706
2370,4.757675405897714,716
2371,4.759682863874887,734
2372,4.7616903218520585,750
2373,4.763697779829231,754
2374,4.765705237806403,744
2375,4.767712695783575,734
2376,4.769720153760747,731
2377,4.771727611737919,730
2378,4.773735069715091,721
2379,4.7757425276922625,711
2380,4.777749985669435,715
2381,4.779757443646607,733
2382,4.781764901623779,753
2383,4.783772359600951,763
2384,4.785779817578123,760
2385,4.787787275555295,751
2386,4.789794733532467,743
2387,4.791802191509639,738
2388,4.793809649486811,734
2389,4.795817107463983,728
2390,4.7978245654411555,727
2391,4.799832023418327,731
2392,4.8018394813955,735
2393,4.803846939372671,731
2394,4.805854397349844,728
2395,4.807861855327015,735
2396,4.809869313304187,755
2397,4.8118767712813595,772
2398,4.813884229258531,770
2399,4.815891687235704,751
2400,4.817899145212875,732
2401,4.819906603190048,724
2402,4.821914061167219,718
2403,4.823921519144392,702
2404,4.825928977121563,684
2405,4.827936435098736,679
2406,4.8299438930759075,684
2407,4.83195135105308,691
2408,4.833958809030252,691
2409,4.835966267007424,686
2410,4.837973724984596,677
2411,4.839981182961768,674
2412,4.84198864093894,678
2413,4.843996098916112,677
2414,4.846003556893284,661
2415,4.848011014870456,640
2416,4.850018472847628,629
2417,4.8520259308248,631
2418,4.854033388801972,632
2419,4.856040846779144,619
2420,4.858048304756316,602
2421,4.860055762733488,600
2422,4.86206322071066,617
2423,4.864070678687832,632
2424,4.8660781366650045,633
2425,4.868085594642176,631
2426,4.870093052619349,636
2427,4.87210051059652,647
2428,4.874107968573693,653
2429,4.876115426550864,652
2430,4.878122884528037,652
2431,4.8801303425052085,660
2432,4.882137800482381,669
2433,4.884145258459553,671
2434,4.886152716436724,663
2435,4.888160174413897,649
2436,4.890167632391068,640
2437,4.892175090368241,639
2438,4.894182548345412,642
2439,4.896190006322585,645
2440,4.8981974642997566,646
2441,4.900204922276929,652
2442,4.902212380254101,659
2443,4.904219838231273,655
2444,4.906227296208445,643
2445,4.908234754185617,641
2446,4.910242212162789,651
2447,4.912249670139961,653
2448,4.914257128117133,639
2449,4.9162645860943055,630
2450,4.918272044071477,636
2451,4.920279502048649,644
2452,4.922286960025821,635
2453,4.924294418002993,612
2454,4.926301875980165,598
2455,4.928309333957337,603
2456,4.9303167919345094,621
2457,4.932324249911681,636
2458,4.934331707888854,641
2459,4.936339165866025,642
2460,4.938346623843198,652
2461,4.940354081820369,678
2462,4.942361539797542,710
2463,4.944368997774713,720
2464,4.946376455751886,705
2465,4.9483839137290575,691
2466,4.95039137170623,692
2467,4.952398829683402,697
2468,4.954406287660574,694
2469,4.956413745637746,688
2470,4.958421203614917,696
2471,4.96042866159209,719
2472,4.9624361195692615,728
2473,4.964443577546434,711
2474,4.966451035523606,688
2475,4.968458493500778,686
2476,4.97046595147795,702
2477,4.972473409455122,714
2478,4.974480867432294,702
2479,4.976488325409466,674
2480,4.978495783386638,655
2481,4.98050324136381,653
2482,4.982510699340982,655
2483,4.9845181573181545,648
2484,4.986525615295326,637
2485,4.988533073272499,639
2486,4.99054053124967,659
2487,4.992547989226843,683
2488,4.994555447204014,676
2489,4.996562905181186,625
2490,4.9985703631583585,567
2491,5.00057782113553,545
2492,5.002585279112703,555
2493,5.004592737089874,563
2494,5.006600195067047,557
2495,5.008607653044218,549
2496,5.010615111021391,550
2497,5.012622568998562,563
2498,5.014630026975735,586
2499,5.0166374849529065,613
2500,5.018644942930079,643
2501,5.020652400907251,672
2502,5.022659858884423,685
2503,5.024667316861595,676
2504,5.026674774838767,664
2505,5.028682232815939,665
2506,5.0306896907931105,673
2507,5.032697148770283,672
2508,5.034704606747455,666
2509,5.036712064724627,667
2510,5.038719522701799,680
2511,5.040726980678971,696
2512,5.042734438656143,703
2513,5.044741896633315,698
2514,5.046749354610487,692
2515,5.048756812587659,699
2516,5.050764270564831,722
2517,5.0527717285420035,741
2518,5.054779186519175,728
2519,5.056786644496348,691
2520,5.058794102473519,671
2521,5.060801560450692,684
2522,5.062809018427863,701
2523,5.064816476405036,689
2524,5.0668239343822075,665
2525,5.068831392359379,657
2526,5.070838850336552,666
2527,5.072846308313723,674
2528,5.074853766290896,672
2529,5.076861224268067,663
2530,5.07886868224524,657
2531,5.080876140222411,668
2532,5.082883598199584,689
2533,5.0848910561767555,693
2534,5.086898514153928,673
2535,5.0889059721311,652
2536,5.090913430108272,646
2537,5.092920888085444,648
2538,5.094928346062616,646
2539,5.096935804039788,639
2540,5.09894326201696,634
2541,5.100950719994132,630
2542,5.1029581779713045,621
2543,5.104965635948476,614
2544,5.106973093925648,616
2545,5.10898055190282,627
2546,5.110988009879992,641
2547,5.112995467857164,648
2548,5.115002925834336,640
2549,5.117010383811508,627
2550,5.11901784178868,626
2551,5.1210252997658525,642
2552,5.123032757743024,657
2553,5.125040215720197,646
2554,5.127047673697368,606
2555,5.129055131674541,563
2556,5.131062589651712,542
2557,5.133070047628885,541
2558,5.1350775056060565,542
2559,5.137084963583229,541
2560,5.139092421560401,553
2561,5.141099879537572,589
2562,5.143107337514745,626
2563,5.145114795491916,635
2564,5.147122253469089,627
2565,5.14912971144626,630
2566,5.151137169423433,650
2567,5.1531446274006045,671
2568,5.155152085377777,676
2569,5.157159543354949,665
2570,5.159167001332121,653
2571,5.161174459309293,649
2572,5.163181917286465,651
2573,5.165189375263637,646
2574,5.167196833240809,635
2575,5.169204291217981,633
2576,5.1712117491951535,646
2577,5.173219207172325,660
2578,5.175226665149498,658
2579,5.177234123126669,640
2580,5.179241581103841,616
2581,5.181249039081013,597
2582,5.183256497058185,589
2583,5.185263955035357,592
2584,5.187271413012529,603
2585,5.1892788709897015,621
2586,5.191286328966873,647
2587,5.193293786944046,666
2588,5.195301244921217,664
2589,5.19730870289839,645
2590,5.199316160875561,636
2591,5.201323618852734,649
2592,5.2033310768299055,666
2593,5.205338534807078,668
2594,5.20734599278425,658
2595,5.209353450761422,654
2596,5.211360908738594,664
2597,5.213368366715766,676
2598,5.215375824692938,664
2599,5.217383282670109,628
2600,5.219390740647282,601
2601,5.2213981986244535,608
2602,5.223405656601626,632
2603,5.225413114578798,649
2604,5.22742057255597,655
2605,5.229428030533142,655
2606,5.231435488510314,647
2607,5.233442946487486,638
2608,5.235450404464658,651
2609,5.23745786244183,676
2610,5.2394653204190025,676
2611,5.241472778396174,646
2612,5.243480236373347,626
2613,5.245487694350518,635
2614,5.247495152327691,653
2615,5.249502610304862,661
2616,5.251510068282034,668
2617,5.253517526259206,683
2618,5.255524984236378,699
2619,5.2575324422135505,706
2620,5.259539900190722,708
2621,5.261547358167895,718
2622,5.263554816145066,727
2623,5.265562274122239,720
2624,5.26756973209941,703
2625,5.269577190076583,699
2626,5.2715846480537545,713
2627,5.273592106030927,725
2628,5.275599564008099,728
2629,5.277607021985271,726
2630,5.279614479962443,727
2631,5.281621937939615,734
2632,5.283629395916787,747
2633,5.285636853893959,747
2634,5.287644311871131,728
2635,5.2896517698483025,708
2636,5.291659227825475,703
2637,5.293666685802647,706
2638,5.295674143779819,701
2639,5.297681601756991,690
2640,5.299689059734163,691
2641,5.301696517711335,705
2642,5.303703975688507,712
2643,5.305711433665679,704
2644,5.3077188916428515,699
2645,5.309726349620023,705
2646,5.311733807597196,707
2647,5.313741265574367,699
2648,5.31574872355154,694
2649,5.317756181528711,701
2650,5.319763639505884,709
2651,5.321771097483055,711
2652,5.323778555460227,714
2653,5.3257860134373995,717
2654,5.327793471414571,711
2655,5.329800929391744,706
2656,5.331808387368915,710
2657,5.333815845346088,717
2658,5.335823303323259,716
2659,5.337830761300432,712
2660,5.3398382192776035,716
2661,5.341845677254776,732
2662,5.343853135231948,744
2663,5.34586059320912,732
2664,5.347868051186292,705
2665,5.349875509163464,696
2666,5.351882967140636,712
2667,5.353890425117808,729
2668,5.35589788309498,719
2669,5.357905341072152,693
2670,5.359912799049324,685
2671,5.361920257026496,701
2672,5.363927715003668,711
2673,5.36593517298084,691
2674,5.367942630958012,660
2675,5.369950088935184,649
2676,5.371957546912356,665
2677,5.373965004889528,677
2678,5.3759724628667005,663
2679,5.377979920843872,632
2680,5.379987378821045,620
2681,5.381994836798216,635
2682,5.384002294775389,653
2683,5.38600975275256,658
2684,5.388017210729733,657
2685,5.390024668706904,664
2686,5.392032126684077,680
2687,5.3940395846612486,688
2688,5.396047042638421,680
2689,5.398054500615593,664
2690,5.400061958592764,663
2691,5.402069416569937,684
2692,5.404076874547108,706
2693,5.406084332524281,704
2694,5.4080917905014525,686
2695,5.410099248478625,682
2696,5.412106706455797,701
2697,5.414114164432969,721
2698,5.416121622410141,717
2699,5.418129080387313,697
2700,5.420136538364485,689
2701,5.422143996341657,698
2702,5.424151454318829,711
2703,5.4261589122960014,713
2704,5.428166370273173,701
2705,5.430173828250346,698
2706,5.432181286227517,719
2707,5.434188744204689,740
2708,5.436196202181861,728
2709,5.438203660159033,696
2710,5.440211118136205,683
2711,5.442218576113377,698
2712,5.4442260340905495,717
2713,5.446233492067721,715
2714,5.448240950044894,690
2715,5.450248408022065,669
2716,5.452255865999238,667
2717,5.454263323976409,677
2718,5.456270781953582,686
2719,5.4582782399307535,692
2720,5.460285697907926,698
2721,5.462293155885098,710
2722,5.46430061386227,721
2723,5.466308071839442,714
2724,5.468315529816614,692
2725,5.470322987793786,678
2726,5.472330445770957,683
2727,5.47433790374813,691
2728,5.4763453617253015,687
2729,5.478352819702474,679
2730,5.480360277679646,677
2731,5.482367735656818,680
2732,5.48437519363399,679
2733,5.486382651611162,678
2734,5.488390109588334,685
2735,5.490397567565506,699
2736,5.492405025542678,713
2737,5.4944124835198505,720
2738,5.496419941497022,716
2739,5.498427399474195,700
2740,5.500434857451366,686
2741,5.502442315428539,689
2742,5.50444977340571,708
2743,5.506457231382883,717
2744,5.508464689360054,703
2745,5.510472147337226,689
2746,5.5124796053143985,702
2747,5.51448706329157,727
2748,5.516494521268743,733
2749,5.518501979245914,715
2750,5.520509437223087,704
2751,5.522516895200258,721
2752,5.524524353177431,755
2753,5.5265318111546025,768
2754,5.528539269131775,751
2755,5.530546727108947,731
2756,5.532554185086119,727
2757,5.534561643063291,732
2758,5.536569101040463,734
2759,5.538576559017635,733
2760,5.540584016994807,733
2761,5.542591474971979,739
2762,5.5445989329491505,746
2763,5.546606390926323,738
2764,5.548613848903495,713
2765,5.550621306880667,694
2766,5.552628764857839,697
2767,5.554636222835011,713
2768,5.556643680812183,724
2769,5.558651138789355,723
2770,5.560658596766527,716
2771,5.5626660547436995,706
2772,5.564673512720871,696
2773,5.566680970698044,697
2774,5.568688428675215,713
2775,5.570695886652388,734
2776,5.572703344629559,746
2777,5.574710802606732,744
2778,5.576718260583903,731
2779,5.578725718561076,719
2780,5.5807331765382475,722
2781,5.582740634515419,743
2782,5.584748092492592,761
2783,5.586755550469763,753
2784,5.588763008446936,728
2785,5.590770466424107,720
2786,5.59277792440128,741
2787,5.5947853823784515,769
2788,5.596792840355624,775
2789,5.598800298332796,756
2790,5.600807756309968,738
2791,5.60281521428714,742
2792,5.604822672264312,761
2793,5.606830130241484,763
2794,5.608837588218656,738
2795,5.610845046195828,710
2796,5.612852504173,701
2797,5.614859962150172,710
2798,5.6168674201273445,721
2799,5.618874878104516,724
2800,5.620882336081688,720
2801,5.62288979405886,722
2802,5.624897252036032,729
2803,5.626904710013204,727
2804,5.628912167990376,716
2805,5.6309196259675485,712
2806,5.63292708394472,722
2807,5.634934541921893,734
2808,5.636941999899064,723
2809,5.638949457876237,693
2810,5.640956915853408,674
2811,5.642964373830581,675
2812,5.644971831807752,679
2813,5.646979289784925,674
2814,5.6489867477620965,671
2815,5.650994205739269,679
2816,5.653001663716441,699
2817,5.655009121693612,718
2818,5.657016579670785,721
2819,5.659024037647956,712
2820,5.661031495625129,710
2821,5.6630389536023005,724
2822,5.665046411579473,740
2823,5.667053869556645,737
2824,5.669061327533817,716
2825,5.671068785510989,702
2826,5.673076243488161,702
2827,5.675083701465333,702
2828,5.677091159442505,690
2829,5.679098617419677,675
2830,5.681106075396849,675
2831,5.683113533374021,693
2832,5.6851209913511935,712
2833,5.687128449328365,708
2834,5.689135907305538,688
2835,5.691143365282709,680
2836,5.693150823259881,690
2837,5.695158281237053,702
2838,5.697165739214225,700
2839,5.6991731971913975,686
2840,5.701180655168569,672
2841,5.703188113145742,674
2842,5.705195571122913,686
2843,5.707203029100086,694
2844,5.709210487077257,703
2845,5.71121794505443,722
2846,5.713225403031601,736
2847,5.715232861008774,734
2848,5.7172403189859455,727
2849,5.719247776963118,730
2850,5.72125523494029,743
2851,5.723262692917462,757
2852,5.725270150894634,763
2853,5.727277608871806,752
2854,5.729285066848978,737
2855,5.7312925248261495,733
2856,5.733299982803322,741
2857,5.735307440780494,747
2858,5.737314898757666,738
2859,5.739322356734838,718
2860,5.74132981471201,707
2861,5.743337272689182,712
2862,5.745344730666354,726
2863,5.747352188643526,734
2864,5.749359646620698,734
2865,5.75136710459787,736
2866,5.7533745625750425,749
2867,5.755382020552214,768
2868,5.757389478529387,772
2869,5.759396936506558,758
2870,5.761404394483731,746
2871,5.763411852460902,752
2872,5.765419310438074,774
2873,5.7674267684152465,788
2874,5.769434226392418,783
2875,5.771441684369591,771
2876,5.773449142346762,768
2877,5.775456600323935,774
2878,5.777464058301106,776
2879,5.779471516278279,771
2880,5.78147897425545,769
2881,5.783486432232623,778
2882,5.7854938902097945,788
2883,5.787501348186967,786
2884,5.789508806164139,769
2885,5.791516264141311,750
2886,5.793523722118483,748
2887,5.795531180095655,763
2888,5.797538638072827,778
2889,5.799546096049999,777
2890,5.801553554027171,767
2891,5.803561012004343,767
2892,5.805568469981515,770
2893,5.807575927958687,753
2894,5.809583385935859,716
2895,5.811590843913031,695
2896,5.813598301890203,711
2897,5.815605759867375,738
2898,5.817613217844547,742
2899,5.819620675821719,725
2900,5.8216281337988915,717
2901,5.823635591776063,738
2902,5.825643049753236,770
2903,5.827650507730407,780
2904,5.82965796570758,767
2905,5.831665423684751,758
2906,5.833672881661924,769
2907,5.8356803396390955,786
2908,5.837687797616267,787
2909,5.83969525559344,774
2910,5.841702713570611,764
2911,5.843710171547784,764
2912,5.845717629524955,765
2913,5.847725087502128,756
2914,5.849732545479299,738
2915,5.851740003456472,728
2916,5.8537474614336436,735
2917,5.855754919410816,750
2918,5.857762377387988,752
2919,5.85976983536516,740
2920,5.861777293342332,735
2921,5.863784751319504,747
2922,5.865792209296676,762
2923,5.867799667273848,767
2924,5.86980712525102,764
2925,5.8718145832281925,762
2926,5.873822041205364,768
2927,5.875829499182536,775
2928,5.877836957159708,773
2929,5.87984441513688,761
2930,5.881851873114052,751
2931,5.883859331091224,749
2932,5.885866789068396,755
2933,5.887874247045568,757
2934,5.8898817050227406,754
2935,5.891889162999912,755
2936,5.893896620977085,780
2937,5.895904078954256,828
2938,5.897911536931429,860
2939,5.8999189949086,838
2940,5.901926452885773,788
2941,5.9039339108629445,765
2942,5.905941368840117,782
2943,5.907948826817289,802
2944,5.909956284794461,799
2945,5.911963742771633,784
2946,5.913971200748804,779
2947,5.915978658725977,780
2948,5.9179861167031484,773
2949,5.919993574680321,760
2950,5.922001032657493,754
2951,5.924008490634665,760
2952,5.926015948611837,767
2953,5.928023406589009,772
2954,5.930030864566181,778
2955,5.932038322543353,794
2956,5.934045780520525,819
2957,5.936053238497697,834
2958,5.938060696474869,818
2959,5.9400681544520415,786
2960,5.942075612429213,772
2961,5.944083070406386,786
2962,5.946090528383557,804
2963,5.948097986360729,798
2964,5.950105444337901,773
2965,5.952112902315073,753
2966,5.9541203602922455,748
2967,5.956127818269417,758
2968,5.95813527624659,775
2969,5.960142734223761,793
2970,5.962150192200934,812
2971,5.964157650178105,831
2972,5.966165108155278,842
2973,5.968172566132449,838
2974,5.970180024109622,828
2975,5.9721874820867935,822
2976,5.974194940063966,813
2977,5.976202398041138,797
2978,5.97820985601831,786
2979,5.980217313995482,786
2980,5.982224771972654,797
2981,5.984232229949826,812
2982,5.9862396879269975,821
2983,5.98824714590417,814
2984,5.990254603881342,790
2985,5.992262061858514,763
2986,5.994269519835686,753
2987,5.996276977812858,761
2988,5.99828443579003,765
2989,6.000291893767202,750
2990,6.002299351744374,730
2991,6.004306809721546,729
2992,6.006314267698718,742
2993,6.0083217256758905,742
2994,6.010329183653062,725
2995,6.012336641630235,711
2996,6.014344099607406,711
2997,6.016351557584579,719
2998,6.01835901556175,719
2999,6.020366473538923,711
3000,6.0223739315160945,710
3001,6.024381389493266,726
3002,6.026388847470439,748
3003,6.02839630544761,757
3004,6.030403763424783,753
3005,6.032411221401954,749
3006,6.034418679379127,751
3007,6.036426137356298,757
3008,6.038433595333471,768
3009,6.0404410533106425,778
3010,6.042448511287815,775
3011,6.044455969264987,761
3012,6.046463427242159,743
3013,6.048470885219331,720
3014,6.050478343196503,698
3015,6.052485801173675,688
3016,6.054493259150847,689
3017,6.056500717128019,688
3018,6.058508175105191,675
3019,6.060515633082363,654
3020,6.062523091059535,640
3021,6.064530549036707,644
3022,6.066538007013879,656
3023,6.068545464991051,663
3024,6.070552922968223,665
3025,6.072560380945395,674
3026,6.074567838922567,695
3027,6.0765752968997395,714
3028,6.078582754876911,714
3029,6.080590212854084,693
3030,6.082597670831255,674
3031,6.084605128808428,674
3032,6.086612586785599,690
3033,6.088620044762772,704
3034,6.0906275027399435,704
3035,6.092634960717116,698
3036,6.094642418694288,702
3037,6.096649876671459,718
3038,6.098657334648632,725
3039,6.100664792625803,712
3040,6.102672250602976,695
3041,6.104679708580147,693
3042,6.10668716655732,700
3043,6.1086946245344915,696
3044,6.110702082511664,685
3045,6.112709540488836,683
3046,6.114716998466008,695
3047,6.11672445644318,703
3048,6.118731914420352,695
3049,6.120739372397524,679
3050,6.122746830374696,676
3051,6.124754288351868,693
3052,6.1267617463290405,715
3053,6.128769204306212,716
3054,6.130776662283385,693
3055,6.132784120260556,670
3056,6.134791578237728,670
3057,6.1367990362149,684
3058,6.138806494192072,689
3059,6.140813952169244,675
3060,6.142821410146416,662
3061,6.1448288681235885,670
3062,6.14683632610076,693
3063,6.148843784077933,711
3064,6.150851242055104,709
3065,6.152858700032277,700
3066,6.154866158009448,694
3067,6.156873615986621,694
3068,6.1588810739637925,694
3069,6.160888531940965,697
3070,6.162895989918137,702
3071,6.164903447895309,703
3072,6.166910905872481,699
3073,6.168918363849652,694
3074,6.170925821826825,693
3075,6.172933279803996,700
3076,6.174940737781169,712
3077,6.1769481957583405,718
3078,6.178955653735513,709
3079,6.180963111712685,704
3080,6.182970569689857,722
3081,6.184978027667029,751
3082,6.186985485644201,763
3083,6.188992943621373,751
3084,6.191000401598545,731
3085,6.193007859575717,730
3086,6.1950153175528895,757
3087,6.197022775530061,796
3088,6.199030233507234,819
3089,6.201037691484405,821
3090,6.203045149461578,818
3091,6.205052607438749,820
3092,6.207060065415921,815
3093,6.209067523393093,798
3094,6.211074981370265,784
3095,6.2130824393474375,787
3096,6.215089897324609,804
3097,6.217097355301782,816
3098,6.219104813278953,811
3099,6.221112271256126,794
3100,6.223119729233297,788
3101,6.22512718721047,805
3102,6.2271346451876415,830
3103,6.229142103164814,840
3104,6.231149561141986,833
3105,6.233157019119158,825
3106,6.23516447709633,826
3107,6.237171935073502,828
3108,6.239179393050674,822
3109,6.241186851027846,810
3110,6.243194309005018,804
3111,6.2452017669821895,815
3112,6.247209224959362,830
3113,6.249216682936534,821
3114,6.251224140913706,789
3115,6.253231598890878,772
3116,6.25523905686805,787
3117,6.257246514845222,807
3118,6.259253972822394,800
3119,6.261261430799566,773
3120,6.2632688887767385,751
3121,6.26527634675391,751
3122,6.267283804731083,768
3123,6.269291262708254,782
3124,6.271298720685427,783
3125,6.273306178662598,780
3126,6.275313636639771,777
3127,6.277321094616942,769
3128,6.279328552594114,754
3129,6.2813360105712865,742
3130,6.283343468548458,740
3131,6.285350926525631,749
3132,6.287358384502802,763
3133,6.289365842479975,768
3134,6.291373300457146,759
3135,6.293380758434319,749
3136,6.2953882164114905,745
3137,6.297395674388663,739
3138,6.299403132365835,728
3139,6.301410590343007,721
3140,6.303418048320179,728
3141,6.305425506297351,747
3142,6.307432964274523,762
3143,6.309440422251695,758
3144,6.311447880228867,736
3145,6.313455338206039,721
3146,6.315462796183211,731
3147,6.317470254160383,757
3148,6.319477712137555,768
3149,6.321485170114727,750
3150,6.323492628091899,726
3151,6.325500086069071,726
3152,6.327507544046243,748
3153,6.329515002023415,759
3154,6.3315224600005875,755
3155,6.333529917977759,757
3156,6.335537375954932,774
3157,6.337544833932103,782
3158,6.339552291909276,757
3159,6.341559749886447,698
3160,6.34356720786362,640
3161,6.345574665840791,620
3162,6.347582123817964,629
3163,6.3495895817951356,633
3164,6.351597039772308,627
3165,6.35360449774948,634
3166,6.355611955726651,661
3167,6.357619413703824,693
3168,6.359626871680995,714
3169,6.361634329658168,730
3170,6.3636417876353395,747
3171,6.365649245612512,755
3172,6.367656703589684,745
3173,6.369664161566856,706
3174,6.371671619544028,642
3175,6.3736790775212,588
3176,6.375686535498372,574
3177,6.377693993475544,584
3178,6.379701451452716,580
3179,6.381708909429888,556
3180,6.38371636740706,536
3181,6.3857238253842326,537
3182,6.387731283361404,559
3183,6.389738741338576,590
3184,6.391746199315748,610
3185,6.39375365729292,612
3186,6.395761115270092,608
3187,6.397768573247264,605
3188,6.3997760312244365,592
3189,6.401783489201608,572
3190,6.403790947178781,565
3191,6.405798405155952,572
3192,6.407805863133125,582
3193,6.409813321110296,597
3194,6.411820779087469,624
3195,6.4138282370646404,649
3196,6.415835695041813,659
3197,6.417843153018985,663
3198,6.419850610996157,671
3199,6.421858068973329,677
3200,6.423865526950501,673
3201,6.425872984927673,670
3202,6.427880442904844,679
3203,6.429887900882017,690
3204,6.4318953588591885,677
3205,6.433902816836361,650
3206,6.435910274813533,640
3207,6.437917732790705,649
3208,6.439925190767877,643
3209,6.441932648745049,609
3210,6.443940106722221,589
3211,6.445947564699393,641
3212,6.447955022676565,769
3213,6.4499624806537375,893
3214,6.451969938630909,919
3215,6.453977396608082,827
3216,6.455984854585253,690
3217,6.457992312562426,611
3218,6.459999770539597,624
3219,6.462007228516769,667
3220,6.464014686493941,672
3221,6.466022144471113,628
3222,6.4680296024482855,571
3223,6.470037060425457,528
3224,6.47204451840263,506
3225,6.474051976379801,511
3226,6.476059434356974,539
3227,6.478066892334145,581
3228,6.480074350311318,611
3229,6.4820818082884895,614
3230,6.484089266265662,604
3231,6.486096724242834,607
3232,6.488104182220006,616
3233,6.490111640197178,598
3234,6.49211909817435,552
3235,6.494126556151522,529
3236,6.496134014128694,555
3237,6.498141472105866,603
3238,6.5001489300830375,625
3239,6.50215638806021,612
3240,6.504163846037382,594
3241,6.506171304014554,591
3242,6.508178761991726,588
3243,6.510186219968898,568
3244,6.51219367794607,550
3245,6.514201135923242,557
3246,6.516208593900414,588
3247,6.5182160518775865,625
3248,6.520223509854758,640
3249,6.522230967831931,621
3250,6.524238425809102,590
3251,6.526245883786275,582
3252,6.528253341763446,601
3253,6.530260799740619,622
3254,6.53226825771779,632
3255,6.534275715694963,641
3256,6.5362831736721345,658
3257,6.538290631649306,678
3258,6.540298089626479,688
3259,6.54230554760365,683
3260,6.544313005580823,666
3261,6.546320463557994,650
3262,6.548327921535167,645
3263,6.5503353795123385,646
3264,6.552342837489511,644
3265,6.554350295466683,646
3266,6.556357753443855,663
3267,6.558365211421027,685
3268,6.560372669398199,687
3269,6.562380127375371,662
3270,6.564387585352543,629
3271,6.566395043329715,611
3272,6.568402501306887,617
3273,6.570409959284059,633
3274,6.572417417261231,635
3275,6.574424875238403,619
3276,6.576432333215575,611
3277,6.578439791192747,626
3278,6.580447249169919,645
3279,6.582454707147091,644
3280,6.584462165124263,629
3281,6.5864696231014355,626
3282,6.588477081078607,645
3283,6.59048453905578,668
3284,6.592491997032951,669
3285,6.594499455010124,644
3286,6.596506912987295,614
3287,6.598514370964468,604
3288,6.600521828941639,610
3289,6.602529286918812,616
3290,6.6045367448959835,621
3291,6.606544202873156,635
3292,6.608551660850328,649
3293,6.610559118827499,645
3294,6.612566576804672,629
3295,6.614574034781843,628
3296,6.616581492759016,653
3297,6.6185889507361875,683
3298,6.62059640871336,695
3299,6.622603866690532,688
3300,6.624611324667704,681
3301,6.626618782644876,693
3302,6.628626240622048,714
3303,6.63063369859922,716
3304,6.632641156576392,701
3305,6.634648614553564,700
3306,6.636656072530736,723
3307,6.638663530507908,741
3308,6.6406709884850805,732
3309,6.642678446462252,707
3310,6.644685904439425,698
3311,6.646693362416596,717
3312,6.648700820393768,739
3313,6.65070827837094,731
3314,6.652715736348112,695
3315,6.6547231943252845,667
3316,6.656730652302456,670
3317,6.658738110279629,688
3318,6.6607455682568,688
3319,6.662753026233973,665
3320,6.664760484211144,645
3321,6.666767942188317,653
3322,6.668775400165488,691
3323,6.670782858142661,729
3324,6.6727903161198325,733
3325,6.674797774097005,711
3326,6.676805232074177,699
3327,6.678812690051349,714
3328,6.680820148028521,732
3329,6.682827606005692,737
3330,6.684835063982865,742
3331,6.6868425219600365,758
3332,6.688849979937209,773
3333,6.690857437914381,768
3334,6.692864895891553,740
3335,6.694872353868725,719
3336,6.696879811845897,731
3337,6.698887269823069,763
3338,6.700894727800241,778
3339,6.702902185777413,764
3340,6.704909643754585,733
3341,6.706917101731757,702
3342,6.7089245597089295,679
3343,6.710932017686101,660
3344,6.712939475663274,639
3345,6.714946933640445,626
3346,6.716954391617618,635
3347,6.718961849594789,664
3348,6.720969307571961,686
3349,6.7229767655491335,689
3350,6.724984223526305,683
3351,6.726991681503478,669
3352,6.728999139480649,643
3353,6.731006597457822,620
3354,6.733014055434993,621
3355,6.735021513412166,642
3356,6.737028971389337,654
3357,6.73903642936651,639
3358,6.7410438873436815,607
3359,6.743051345320854,585
3360,6.745058803298026,592
3361,6.747066261275198,617
3362,6.74907371925237,630
3363,6.751081177229542,619
3364,6.753088635206714,598
3365,6.755096093183886,594
3366,6.757103551161058,615
3367,6.75911100913823,637
3368,6.761118467115402,632
3369,6.763125925092574,604
3370,6.765133383069746,586
3371,6.767140841046918,592
3372,6.76914829902409,605
3373,6.771155757001262,614
3374,6.773163214978434,626
3375,6.775170672955606,652
3376,6.7771781309327785,688
3377,6.77918558890995,716
3378,6.781193046887123,720
3379,6.783200504864294,710
3380,6.785207962841467,709
3381,6.787215420818638,729
3382,6.789222878795811,761
3383,6.7912303367729825,778
3384,6.793237794750154,762
3385,6.795245252727327,731
3386,6.797252710704498,713
3387,6.799260168681671,712
3388,6.801267626658842,708
3389,6.803275084636015,699
3390,6.805282542613186,699
3391,6.807290000590359,712
3392,6.8092974585675305,720
3393,6.811304916544703,711
3394,6.813312374521875,696
3395,6.815319832499047,691
3396,6.817327290476219,697
3397,6.819334748453391,696
3398,6.821342206430563,679
3399,6.823349664407735,660
3400,6.825357122384907,653
3401,6.8273645803620795,667
3402,6.829372038339251,688
3403,6.831379496316423,690
3404,6.833386954293595,662
3405,6.835394412270767,630
3406,6.837401870247939,623
3407,6.839409328225111,647
3408,6.841416786202283,684
3409,6.843424244179455,705
3410,6.8454317021566276,703
3411,6.847439160133799,692
3412,6.849446618110972,689
3413,6.851454076088143,693
3414,6.853461534065316,697
3415,6.855468992042487,700
3416,6.85747645001966,711
3417,6.8594839079968315,731
3418,6.861491365974004,739
3419,6.863498823951176,720
3420,6.865506281928348,697
3421,6.86751373990552,693
3422,6.869521197882691,705
3423,6.871528655859864,713
3424,6.873536113837035,709
3425,6.875543571814208,703
3426,6.8775510297913796,708
3427,6.879558487768552,719
3428,6.881565945745724,721
3429,6.883573403722896,712
3430,6.885580861700068,710
3431,6.88758831967724,729
3432,6.889595777654412,760
3433,6.891603235631584,771
3434,6.893610693608756,747
3435,6.8956181515859285,718
3436,6.8976256095631,714
3437,6.899633067540273,732
3438,6.901640525517444,743
3439,6.903647983494616,730
3440,6.905655441471788,708
3441,6.90766289944896,700
3442,6.9096703574261324,707
3443,6.911677815403304,713
3444,6.913685273380477,707
3445,6.915692731357648,701
3446,6.917700189334821,709
3447,6.919707647311992,725
3448,6.921715105289165,729
3449,6.923722563266336,714
3450,6.925730021243509,698
3451,6.9277374792206805,695
3452,6.929744937197853,699
3453,6.931752395175025,704
3454,6.933759853152197,710
3455,6.935767311129369,712
3456,6.937774769106541,711
3457,6.939782227083713,714
3458,6.9417896850608845,722
3459,6.943797143038057,731
3460,6.945804601015229,740
3461,6.947812058992401,747
3462,6.949819516969573,748
3463,6.951826974946745,747
3464,6.953834432923917,751
3465,6.955841890901089,758
3466,6.957849348878261,764
3467,6.959856806855433,765
3468,6.961864264832605,761
3469,6.9638717228097775,755
3470,6.965879180786949,752
3471,6.967886638764122,755
3472,6.969894096741293,761
3473,6.971901554718466,758
3474,6.973909012695637,748
3475,6.975916470672809,745
3476,6.9779239286499815,752
3477,6.979931386627153,759
3478,6.981938844604326,755
3479,6.983946302581497,747
3480,6.98595376055867,747
3481,6.987961218535841,756
3482,6.989968676513014,764
3483,6.991976134490185,760
3484,6.993983592467358,744
3485,6.9959910504445295,734
3486,6.997998508421702,742
3487,7.000005966398874,755
3488,7.002013424376046,753
3489,7.004020882353218,736
3490,7.00602834033039,730
3491,7.008035798307562,743
3492,7.010043256284734,762
3493,7.012050714261906,765
3494,7.014058172239078,750
3495,7.01606563021625,736
3496,7.018073088193422,742
3497,7.020080546170594,762
3498,7.022088004147766,769
3499,7.024095462124938,753
3500,7.02610292010211,733
3501,7.028110378079282,738
3502,7.030117836056454,767
3503,7.0321252940336265,779
3504,7.034132752010798,758
3505,7.036140209987971,728
3506,7.038147667965142,726
3507,7.040155125942315,755
3508,7.042162583919486,777
3509,7.044170041896659,761
3510,7.0461774998738305,733
3511,7.048184957851003,730
3512,7.050192415828175,746
3513,7.052199873805346,745
3514,7.054207331782519,722
3515,7.05621478975969,703
3516,7.058222247736863,709
3517,7.060229705714034,724
3518,7.062237163691207,723
3519,7.0642446216683785,702
3520,7.066252079645551,687
3521,7.068259537622723,700
3522,7.070266995599895,729
3523,7.072274453577067,743
3524,7.074281911554239,734
3525,7.076289369531411,717
3526,7.078296827508583,710
3527,7.080304285485755,708
3528,7.0823117434629275,704
3529,7.084319201440099,696
3530,7.086326659417271,692
3531,7.088334117394443,697
3532,7.090341575371615,700
3533,7.092349033348787,693
3534,7.094356491325959,679
3535,7.096363949303131,676
3536,7.098371407280303,690
3537,7.1003788652574755,708
3538,7.102386323234647,711
3539,7.10439378121182,695
3540,7.106401239188991,677
3541,7.108408697166164,682
3542,7.110416155143335,711
3543,7.112423613120508,727
3544,7.1144310710976795,702
3545,7.116438529074852,660
3546,7.118445987052024,647
3547,7.120453445029196,664
3548,7.122460903006368,678
3549,7.124468360983539,664
3550,7.126475818960712,641
3551,7.128483276937883,642
3552,7.130490734915056,662
3553,7.1324981928922275,664
3554,7.1345056508694,634
3555,7.136513108846572,610
3556,7.138520566823744,619
3557,7.140528024800916,643
3558,7.142535482778088,648
3559,7.14454294075526,629
3560,7.146550398732432,610
3561,7.148557856709604,608
3562,7.1505653146867765,621
3563,7.152572772663948,631
3564,7.154580230641121,626
3565,7.156587688618292,616
3566,7.158595146595465,624
3567,7.160602604572636,645
3568,7.162610062549808,656
3569,7.16461752052698,645
3570,7.166624978504152,627
3571,7.1686324364813245,624
3572,7.170639894458496,639
3573,7.172647352435669,653
3574,7.17465481041284,648
3575,7.176662268390013,630
3576,7.178669726367184,623
3577,7.180677184344357,634
3578,7.1826846423215285,646
3579,7.184692100298701,645
3580,7.186699558275873,638
3581,7.188707016253045,643
3582,7.190714474230217,662
3583,7.192721932207389,675
3584,7.194729390184561,676
3585,7.196736848161732,675
3586,7.198744306138905,678
3587,7.2007517641160765,680
3588,7.202759222093249,674
3589,7.204766680070421,654
3590,7.206774138047593,629
3591,7.208781596024765,612
3592,7.210789054001937,614
3593,7.212796511979109,633
3594,7.214803969956281,653
3595,7.216811427933453,661
3596,7.2188188859106255,662
3597,7.220826343887797,675
3598,7.22283380186497,696
3599,7.224841259842141,707
3600,7.226848717819314,705
3601,7.228856175796485,702
3602,7.230863633773658,698
3603,7.232871091750829,690
3604,7.234878549728001,682
3605,7.2368860077051735,674
3606,7.238893465682345,667
3607,7.240900923659518,658
3608,7.242908381636689,651
3609,7.244915839613862,646
3610,7.246923297591033,646
3611,7.248930755568206,653
3612,7.2509382135453775,664
3613,7.25294567152255,674
3614,7.254953129499722,673
3615,7.256960587476894,662
3616,7.258968045454066,662
3617,7.260975503431238,681
3618,7.26298296140841,702
3619,7.264990419385582,703
3620,7.266997877362754,698
3621,7.269005335339926,710
3622,7.271012793317098,741
3623,7.27302025129427,770
3624,7.275027709271442,772
3625,7.277035167248614,754
3626,7.279042625225786,734
3627,7.281050083202958,729
3628,7.28305754118013,732
3629,7.285064999157302,734
3630,7.2870724571344745,738
3631,7.289079915111646,747
3632,7.291087373088819,756
3633,7.29309483106599,755
3634,7.295102289043163,742
3635,7.297109747020334,729
3636,7.299117204997507,739
3637,7.301124662974678,771
3638,7.303132120951851,794
3639,7.3051395789290225,788
3640,7.307147036906194,767
3641,7.309154494883367,751
3642,7.311161952860538,746
3643,7.313169410837711,745
3644,7.315176868814882,740
3645,7.317184326792055,731
3646,7.3191917847692265,729
3647,7.321199242746399,739
3648,7.323206700723571,748
3649,7.325214158700743,745
3650,7.327221616677915,735
3651,7.329229074655087,735
3652,7.331236532632259,746
3653,7.333243990609431,751
3654,7.335251448586603,736
3655,7.337258906563775,707
3656,7.339266364540947,682
3657,7.3412738225181196,679
3658,7.343281280495291,700
3659,7.345288738472463,725
3660,7.347296196449635,736
3661,7.349303654426807,736
3662,7.351311112403979,735
3663,7.353318570381151,732
3664,7.3553260283583235,729
3665,7.357333486335495,725
3666,7.359340944312668,725
3667,7.361348402289839,729
3668,7.363355860267012,725
3669,7.365363318244183,704
3670,7.367370776221356,686
3671,7.3693782341985274,695
3672,7.3713856921757,722
3673,7.3733931501528716,737
3674,7.375400608130044,731
3675,7.377408066107216,723
3676,7.379415524084388,733
3677,7.38142298206156,751
3678,7.383430440038731,755
3679,7.385437898015904,740
3680,7.3874453559930755,726
3681,7.389452813970248,730
3682,7.39146027194742,748
3683,7.393467729924592,760
3684,7.395475187901764,749
3685,7.397482645878936,727
3686,7.399490103856108,718
3687,7.40149756183328,725
3688,7.403505019810452,732
3689,7.4055124777876244,724
3690,7.407519935764796,701
3691,7.409527393741969,686
3692,7.41153485171914,701
3693,7.413542309696313,727
3694,7.415549767673484,730
3695,7.417557225650656,715
3696,7.419564683627828,706
3697,7.421572141605,708
3698,7.4235795995821725,714
3699,7.425587057559344,715
3700,7.427594515536517,707
3701,7.429601973513688,700
3702,7.431609431490861,703
3703,7.433616889468032,710
3704,7.435624347445205,711
3705,7.4376318054223765,704
3706,7.439639263399549,695
3707,7.441646721376721,693
3708,7.443654179353893,705
3709,7.445661637331065,717
3710,7.447669095308237,707
3711,7.449676553285409,689
3712,7.451684011262581,698
3713,7.453691469239753,733
3714,7.4556989272169245,757
3715,7.457706385194097,757
3716,7.459713843171269,757
3717,7.461721301148441,774
3718,7.463728759125613,791
3719,7.465736217102785,780
3720,7.467743675079957,751
3721,7.469751133057129,734
3722,7.471758591034301,735
3723,7.4737660490114735,735
3724,7.475773506988645,719
3725,7.477780964965818,697
3726,7.479788422942989,692
3727,7.481795880920162,711
3728,7.483803338897333,724
3729,7.485810796874506,707
3730,7.487818254851677,681
3731,7.489825712828849,677
3732,7.4918331708060215,691
3733,7.493840628783193,697
3734,7.495848086760366,688
3735,7.497855544737537,681
3736,7.49986300271471,694
3737,7.501870460691881,719
3738,7.503877918669054,730
3739,7.5058853766462255,716
3740,7.507892834623398,694
3741,7.50990029260057,686
3742,7.511907750577742,690
3743,7.513915208554914,689
3744,7.515922666532086,678
3745,7.517930124509258,673
3746,7.51993758248643,680
3747,7.521945040463602,676
3748,7.523952498440774,653
3749,7.525959956417946,634
3750,7.527967414395118,641
3751,7.52997487237229,664
3752,7.531982330349462,682
3753,7.533989788326634,682
3754,7.535997246303806,670
3755,7.538004704280978,662
3756,7.54001216225815,669
3757,7.5420196202353225,680
3758,7.544027078212494,682
3759,7.546034536189667,674
3760,7.548041994166838,668
3761,7.550049452144011,677
3762,7.552056910121182,696
3763,7.554064368098355,705
3764,7.556071826075526,693
3765,7.558079284052699,676
3766,7.5600867420298705,673
3767,7.562094200007043,682
3768,7.564101657984215,692
3769,7.566109115961386,695
3770,7.568116573938559,694
3771,7.57012403191573,696
3772,7.572131489892903,701
3773,7.5741389478700745,699
3774,7.576146405847247,691
3775,7.578153863824419,688
3776,7.580161321801591,696
3777,7.582168779778763,706
3778,7.584176237755935,705
3779,7.586183695733107,689
3780,7.588191153710279,673
3781,7.590198611687451,672
3782,7.592206069664623,680
3783,7.594213527641795,680
3784,7.5962209856189675,667
3785,7.598228443596139,661
3786,7.600235901573311,673
3787,7.602243359550483,693
3788,7.604250817527655,698
3789,7.606258275504827,686
3790,7.608265733481999,675
3791,7.6102731914591715,683
3792,7.612280649436343,702
3793,7.614288107413516,709
3794,7.616295565390687,694
3795,7.61830302336786,673
3796,7.620310481345031,664
3797,7.622317939322204,672
3798,7.624325397299375,688
3799,7.626332855276548,698
3800,7.6283403132537195,702
3801,7.630347771230892,708
3802,7.632355229208064,713
3803,7.634362687185236,706
3804,7.636370145162408,682
3805,7.638377603139579,661
3806,7.640385061116752,666
3807,7.6423925190939235,688
3808,7.644399977071096,699
3809,7.646407435048268,692
3810,7.64841489302544,682
3811,7.650422351002612,682
3812,7.652429808979784,695
3813,7.654437266956956,709
3814,7.656444724934128,715
3815,7.6584521829113,726
3816,7.660459640888472,751
3817,7.662467098865644,773
3818,7.6644745568428165,767
3819,7.666482014819988,736
3820,7.668489472797161,717
3821,7.670496930774332,737
3822,7.672504388751505,786
3823,7.674511846728676,814
3824,7.676519304705848,797
3825,7.6785267626830205,769
3826,7.680534220660192,777
3827,7.682541678637365,823
3828,7.684549136614536,864
3829,7.686556594591709,863
3830,7.68856405256888,829
3831,7.690571510546053,799
3832,7.692578968523224,794
3833,7.694586426500397,803
3834,7.6965938844775685,802
3835,7.698601342454741,788
3836,7.700608800431913,773
3837,7.702616258409085,772
3838,7.704623716386257,775
3839,7.706631174363429,768
3840,7.708638632340601,757
3841,7.7106460903177725,761
3842,7.712653548294945,778
3843,7.714661006272117,783
3844,7.716668464249289,762
3845,7.718675922226461,729
3846,7.720683380203633,707
3847,7.722690838180805,705
3848,7.724698296157977,714
3849,7.726705754135149,722
3850,7.728713212112321,721
3851,7.730720670089493,715
3852,7.7327281280666655,707
3853,7.734735586043837,701
3854,7.73674304402101,698
3855,7.738750501998181,700
3856,7.740757959975354,708
3857,7.742765417952525,716
3858,7.744772875929698,714
3859,7.7467803339068695,700
3860,7.748787791884041,688
3861,7.750795249861214,699
3862,7.752802707838385,730
3863,7.754810165815558,749
3864,7.756817623792729,738
3865,7.758825081769902,721
3866,7.760832539747073,729
3867,7.762839997724246,752
3868,7.7648474557014175,753
3869,7.76685491367859,732
3870,7.768862371655762,720
3871,7.770869829632934,729
3872,7.772877287610106,742
3873,7.774884745587278,748
3874,7.77689220356445,745
3875,7.778899661541622,741
3876,7.780907119518794,734
3877,7.7829145774959665,717
3878,7.784922035473138,697
3879,7.78692949345031,690
3880,7.788936951427482,701
3881,7.790944409404654,718
3882,7.792951867381826,727
3883,7.794959325358998,723
3884,7.79696678333617,713
3885,7.798974241313342,711
3886,7.8009816992905145,719
3887,7.802989157267686,729
3888,7.804996615244859,737
3889,7.80700407322203,748
3890,7.809011531199203,765
3891,7.811018989176374,782
3892,7.813026447153547,788
3893,7.8150339051307185,769
3894,7.817041363107891,737
3895,7.819048821085063,723
3896,7.821056279062234,741
3897,7.823063737039407,767
3898,7.825071195016578,769
3899,7.827078652993751,743
3900,7.829086110970922,721
3901,7.831093568948095,729
3902,7.8331010269252666,752
3903,7.835108484902439,757
3904,7.837115942879611,737
3905,7.839123400856783,721
3906,7.841130858833955,728
3907,7.843138316811127,753
3908,7.845145774788299,775
3909,7.847153232765471,776
3910,7.849160690742643,763
3911,7.8511681487198155,765
3912,7.853175606696987,792
3913,7.85518306467416,819
3914,7.857190522651331,821
3915,7.859197980628503,808
3916,7.861205438605675,801
3917,7.863212896582847,811
3918,7.8652203545600194,826
3919,7.867227812537191,827
3920,7.869235270514364,811
3921,7.871242728491535,794
3922,7.873250186468708,790
3923,7.875257644445879,793
3924,7.877265102423052,797
3925,7.879272560400223,812
3926,7.881280018377396,833
3927,7.8832874763545675,844
3928,7.88529493433174,839
3929,7.887302392308912,822
3930,7.889309850286084,802
3931,7.891317308263256,790
3932,7.893324766240428,793
3933,7.8953322242176,811
3934,7.8973396821947714,829
3935,7.899347140171944,836
3936,7.901354598149116,833
3937,7.903362056126288,830
3938,7.90536951410346,823
3939,7.907376972080632,809
3940,7.909384430057804,802
3941,7.911391888034976,814
3942,7.913399346012148,830
3943,7.91540680398932,825
3944,7.917414261966492,808
3945,7.9194217199436645,805
3946,7.921429177920836,827
3947,7.923436635898009,848
3948,7.92544409387518,844
3949,7.927451551852353,815
3950,7.929459009829524,791
3951,7.931466467806696,792
3952,7.9334739257838685,805
3953,7.93548138376104,804
3954,7.937488841738213,789
3955,7.939496299715384,777
3956,7.941503757692557,779
3957,7.943511215669728,787
3958,7.945518673646901,789
3959,7.947526131624072,783
3960,7.949533589601245,786
3961,7.9515410475784165,808
3962,7.953548505555589,834
3963,7.955555963532761,841
3964,7.957563421509933,825
3965,7.959570879487105,803
3966,7.961578337464277,799
3967,7.963585795441449,824
3968,7.965593253418621,856
3969,7.967600711395793,861
3970,7.969608169372965,835
3971,7.971615627350137,812
3972,7.973623085327309,814
3973,7.975630543304481,828
3974,7.977638001281653,827
3975,7.979645459258825,817
3976,7.981652917235997,816
3977,7.983660375213169,821
3978,7.985667833190341,819
3979,7.9876752911675135,805
3980,7.989682749144685,793
3981,7.991690207121858,804
3982,7.993697665099029,833
3983,7.995705123076202,845
3984,7.997712581053373,818
3985,7.999720039030546,781
3986,8.001727497007717,778
3987,8.003734954984889,807
3988,8.00574241296206,832
3989,8.007749870939234,831
3990,8.009757328916406,815
3991,8.011764786893577,809
3992,8.013772244870749,816
3993,8.015779702847922,815
3994,8.017787160825094,801
3995,8.019794618802266,788
3996,8.021802076779437,783
3997,8.02380953475661,782
3998,8.025816992733782,785
3999,8.027824450710954,793
4000,8.029831908688125,804
4001,8.031839366665299,821
4002,8.03384682464247,842
4003,8.035854282619642,852
4004,8.037861740596814,840
4005,8.039869198573987,824
4006,8.041876656551159,824
4007,8.04388411452833,842
4008,8.045891572505502,853
4009,8.047899030482673,839
4010,8.049906488459847,812
4011,8.051913946437018,797
4012,8.05392140441419,801
4013,8.055928862391362,814
4014,8.057936320368535,823
4015,8.059943778345707,824
4016,8.061951236322878,819
4017,8.06395869430005,813
4018,8.065966152277223,807
4019,8.067973610254395,799
4020,8.069981068231566,787
4021,8.071988526208738,780
4022,8.073995984185911,782
4023,8.076003442163083,777
4024,8.078010900140255,765
4025,8.080018358117426,771
4026,8.082025816094598,804
4027,8.084033274071771,840
4028,8.086040732048943,853
4029,8.088048190026115,852
4030,8.090055648003286,861
4031,8.09206310598046,883
4032,8.094070563957631,899
4033,8.096078021934803,899
4034,8.098085479911974,886
4035,8.100092937889148,864
4036,8.10210039586632,839
4037,8.104107853843491,817
4038,8.106115311820663,803
4039,8.108122769797836,790
4040,8.110130227775008,778
4041,8.11213768575218,779
4042,8.11414514372935,792
4043,8.116152601706522,797
4044,8.118160059683696,785
4045,8.120167517660867,775
4046,8.122174975638039,785
4047,8.12418243361521,800
4048,8.126189891592384,803
4049,8.128197349569556,802
4050,8.130204807546727,808
4051,8.132212265523899,816
4052,8.134219723501072,820
4053,8.136227181478244,821
4054,8.138234639455415,822
4055,8.140242097432587,827
4056,8.14224955540976,847
4057,8.144257013386932,876
4058,8.146264471364104,887
4059,8.148271929341275,865
4060,8.150279387318449,835
4061,8.15228684529562,821
4062,8.154294303272792,824
4063,8.156301761249964,827
4064,8.158309219227135,817
4065,8.160316677204309,805
4066,8.16232413518148,813
4067,8.164331593158652,842
4068,8.166339051135823,859
4069,8.168346509112997,846
4070,8.170353967090168,823
4071,8.17236142506734,820
4072,8.174368883044512,837
4073,8.176376341021685,853
4074,8.178383798998857,856
4075,8.180391256976028,853
4076,8.1823987149532,852
4077,8.184406172930373,844
4078,8.186413630907545,827
4079,8.188421088884716,825
4080,8.190428546861888,858
4081,8.19243600483906,908
4082,8.194443462816233,943
4083,8.196450920793405,962
4084,8.198458378770576,980
4085,8.200465836747748,995
4086,8.202473294724921,1001
4087,8.204480752702093,1004
4088,8.206488210679264,1006
4089,8.208495668656436,1002
4090,8.21050312663361,997
4091,8.212510584610781,1005
4092,8.214518042587953,1023
4093,8.216525500565124,1033
4094,8.218532958542298,1023
4095,8.22054041651947,1011
4096,8.222547874496641,1017
4097,8.224555332473813,1038
4098,8.226562790450984,1055
4099,8.228570248428158,1053
4100,8.23057770640533,1043
4101,8.2325851643825,1051
4102,8.234592622359672,1080
4103,8.236600080336846,1105
4104,8.238607538314017,1108
4105,8.240614996291189,1107
4106,8.24262245426836,1121
4107,8.244629912245534,1146
4108,8.246637370222706,1163
4109,8.248644828199877,1164
4110,8.250652286177049,1157
4111,8.252659744154222,1150
4112,8.254667202131394,1146
4113,8.256674660108565,1147
4114,8.258682118085737,1156
4115,8.26068957606291,1171
4116,8.262697034040082,1187
4117,8.264704492017254,1193
4118,8.266711949994425,1190
4119,8.268719407971597,1191
4120,8.27072686594877,1204
4121,8.272734323925942,1224
4122,8.274741781903113,1247
4123,8.276749239880285,1259
4124,8.278756697857458,1249
4125,8.28076415583463,1221
4126,8.282771613811802,1200
4127,8.284779071788973,1199
4128,8.286786529766147,1202
4129,8.288793987743318,1186
4130,8.29080144572049,1169
4131,8.292808903697662,1186
4132,8.294816361674835,1229
4133,8.296823819652007,1248
4134,8.298831277629178,1222
4135,8.30083873560635,1185
4136,8.302846193583521,1178
4137,8.304853651560695,1190
4138,8.306861109537866,1190
4139,8.308868567515038,1169
4140,8.31087602549221,1147
4141,8.312883483469383,1139
4142,8.314890941446555,1139
4143,8.316898399423726,1136
4144,8.318905857400898,1129
4145,8.320913315378071,1126
4146,8.322920773355243,1135
4147,8.324928231332414,1144
4148,8.326935689309586,1140
4149,8.32894314728676,1121
4150,8.330950605263931,1102
4151,8.332958063241103,1089
4152,8.334965521218274,1082
4153,8.336972979195446,1080
4154,8.33898043717262,1081
4155,8.34098789514979,1088
4156,8.342995353126962,1103
4157,8.345002811104134,1116
4158,8.347010269081307,1128
4159,8.349017727058479,1142
4160,8.35102518503565,1155
4161,8.353032643012822,1162
4162,8.355040100989996,1163
4163,8.357047558967167,1152
4164,8.359055016944339,1125
4165,8.36106247492151,1100
4166,8.363069932898684,1102
4167,8.365077390875856,1127
4168,8.367084848853027,1151
4169,8.369092306830199,1158
4170,8.37109976480737,1152
4171,8.373107222784544,1149
4172,8.375114680761715,1160
4173,8.377122138738887,1179
4174,8.379129596716059,1192
4175,8.381137054693232,1198
4176,8.383144512670404,1206
4177,8.385151970647575,1215
4178,8.387159428624747,1210
4179,8.38916688660192,1183
4180,8.391174344579092,1159
4181,8.393181802556263,1167
4182,8.395189260533435,1198
4183,8.397196718510608,1214
4184,8.39920417648778,1791
4185,8.401211634464952,256
4186,8.403219092442123,1024
4187,8.405226550419297,512
4188,8.407234008396468,3840
4189,8.40924146637364,2560
4190,8.411248924350812,0
4191,8.413256382327983,3328
4192,8.415263840305157,768
4193,8.417271298282328,768
4194,8.4192787562595,2048
4195,8.421286214236671,23
4196,8.423293672213845,34
4197,8.425301130191016,38
4198,8.427308588168188,30
4199,8.42931604614536,14
4200,8.431323504122533,0
4201,8.433330962099705,0
4202,8.435338420076876,0
4203,8.437345878054048,0
4204,8.439353336031221,6
4205,8.441360794008393,17
4206,8.443368251985564,25
4207,8.445375709962736,27
4208,8.447383167939908,22
4209,8.449390625917081,13
4210,8.451398083894253,4
4211,8.453405541871424,0
4212,8.455412999848596,0
4213,8.45742045782577,0
4214,8.45942791580294,6
4215,8.461435373780112,14
4216,8.463442831757284,19
4217,8.465450289734457,20
4218,8.467457747711629,17
4219,8.4694652056888,12
4220,8.471472663665972,7
4221,8.473480121643146,3
4222,8.475487579620317,3
4223,8.477495037597489,4
4224,8.47950249557466,8
4225,8.481509953551832,11
4226,8.483517411529006,15
4227,8.485524869506177,16
4228,8.487532327483349,15
4229,8.48953978546052,12
4230,8.491547243437694,8
4231,8.493554701414865,5
4232,8.495562159392037,5
4233,8.497569617369209,7
4234,8.499577075346382,10
4235,8.501584533323554,12
4236,8.503591991300725,13
4237,8.505599449277897,13
4238,8.50760690725507,12
4239,8.509614365232242,11
4240,8.511621823209413,9
4241,8.513629281186585,7
4242,8.515636739163758,6
4243,8.51764419714093,6
4244,8.519651655118102,8
4245,8.521659113095273,10
4246,8.523666571072445,11
4247,8.525674029049618,11
4248,8.52768148702679,11
4249,8.529688945003961,11
4250,8.531696402981133,10
4251,8.533703860958306,9
4252,8.535711318935478,9
4253,8.53771877691265,9
4254,8.539726234889821,9
4255,8.541733692866995,10
4256,8.543741150844166,10
4257,8.545748608821338,10
4258,8.54775606679851,10
4259,8.549763524775683,10
4260,8.551770982752855,10
4261,8.553778440730026,9
4262,8.555785898707198,8
4263,8.55779335668437,8
4264,8.559800814661543,10
4265,8.561808272638714,11
4266,8.563815730615886,11
4267,8.565823188593058,11
4268,8.567830646570231,10
4269,8.569838104547403,10
4270,8.571845562524574,9
4271,8.573853020501746,9
4272,8.57586047847892,9
4273,8.57786793645609,10
4274,8.579875394433262,10
4275,8.581882852410434,9
4276,8.583890310387607,9
4277,8.585897768364779,10
4278,8.58790522634195,11
4279,8.589912684319122,10
4280,8.591920142296294,9
4281,8.593927600273467,9
4282,8.595935058250639,10
4283,8.59794251622781,10
4284,8.599949974204982,10
4285,8.601957432182155,9
4286,8.603964890159327,7
4287,8.605972348136499,6
4288,8.60797980611367,8
4289,8.609987264090844,10
4290,8.611994722068015,11
4291,8.614002180045187,10
4292,8.616009638022359,9
4293,8.618017095999532,11
4294,8.620024553976704,13
4295,8.622032011953875,13
4296,8.624039469931047,11
4297,8.62604692790822,9
4298,8.628054385885392,9
4299,8.630061843862563,10
4300,8.632069301839735,10
4301,8.634076759816907,8
4302,8.63608421779408,5
4303,8.638091675771252,5
4304,8.640099133748423,7
4305,8.642106591725595,8
4306,8.644114049702768,8
4307,8.64612150767994,9
4308,8.648128965657111,10
4309,8.650136423634283,10
4310,8.652143881611456,10
4311,8.654151339588628,10
4312,8.6561587975658,10
4313,8.658166255542971,10
4314,8.660173713520145,10
4315,8.662181171497316,10
4316,8.664188629474488,10
4317,8.66619608745166,9
4318,8.668203545428831,8
4319,8.670211003406004,7
4320,8.672218461383176,8
4321,8.674225919360348,10
4322,8.67623337733752,11
4323,8.678240835314693,10
4324,8.680248293291864,9
4325,8.682255751269036,9
4326,8.684263209246208,10
4327,8.686270667223381,10
4328,8.688278125200553,9
4329,8.690285583177724,9
4330,8.692293041154896,9
4331,8.69430049913207,9
4332,8.69630795710924,9
4333,8.698315415086412,9
4334,8.700322873063584,9
4335,8.702330331040756,9
4336,8.704337789017929,10
4337,8.7063452469951,10
4338,8.708352704972272,11
4339,8.710360162949444,11
4340,8.712367620926617,11
4341,8.714375078903789,12
4342,8.71638253688096,11
4343,8.718389994858132,10
4344,8.720397452835305,9
4345,8.722404910812477,10
4346,8.724412368789649,11
4347,8.72641982676682,11
4348,8.728427284743994,10
4349,8.730434742721165,9
4350,8.732442200698337,9
4351,8.734449658675508,9
4352,8.736457116652682,10
4353,8.738464574629853,11
4354,8.740472032607025,10
4355,8.742479490584197,10
4356,8.744486948561368,10
4357,8.746494406538542,10
4358,8.748501864515713,10
4359,8.750509322492885,9
4360,8.752516780470057,9
4361,8.75452423844723,9
4362,8.756531696424402,9
4363,8.758539154401573,10
4364,8.760546612378745,10
4365,8.762554070355918,10
4366,8.76456152833309,10
4367,8.766568986310261,10
4368,8.768576444287433,10
4369,8.770583902264606,10
4370,8.772591360241778,9
4371,8.77459881821895,9
4372,8.776606276196121,9
4373,8.778613734173293,9
4374,8.780621192150466,10
4375,8.782628650127638,9
4376,8.78463610810481,9
4377,8.786643566081981,9
4378,8.788651024059154,10
4379,8.790658482036326,11
4380,8.792665940013498,11
4381,8.79467339799067,10
4382,8.796680855967843,9
4383,8.798688313945014,9
4384,8.800695771922186,9
4385,8.802703229899357,8
4386,8.80471068787653,7
4387,8.806718145853702,7
4388,8.808725603830874,9
4389,8.810733061808046,10
4390,8.812740519785217,10
4391,8.81474797776239,9
4392,8.816755435739562,8
4393,8.818762893716734,9
4394,8.820770351693906,10
4395,8.822777809671079,10
4396,8.82478526764825,10
4397,8.826792725625422,10
4398,8.828800183602594,9
4399,8.830807641579767,9
4400,8.832815099556939,9
4401,8.83482255753411,9
4402,8.836830015511282,9
4403,8.838837473488455,9
4404,8.840844931465627,9
4405,8.842852389442799,12
4406,8.84485984741997,13
4407,8.846867305397144,13
4408,8.848874763374315,10
4409,8.850882221351487,9
4410,8.852889679328658,9
4411,8.85489713730583,10
4412,8.856904595283003,11
4413,8.858912053260175,10
4414,8.860919511237347,10
4415,8.862926969214518,10
4416,8.864934427191692,10
4417,8.866941885168863,10
4418,8.868949343146035,10
4419,8.870956801123207,10
4420,8.87296425910038,10
4421,8.874971717077552,11
4422,8.876979175054723,11
4423,8.878986633031895,10
4424,8.880994091009068,9
4425,8.88300154898624,9
4426,8.885009006963411,9
4427,8.887016464940583,9
4428,8.889023922917755,9
4429,8.891031380894928,9
4430,8.8930388388721,10
4431,8.895046296849271,10
4432,8.897053754826443,9
4433,8.899061212803616,9
4434,8.901068670780788,10
4435,8.90307612875796,12
4436,8.905083586735131,13
4437,8.907091044712304,12
4438,8.909098502689476,11
4439,8.911105960666648,10
4440,8.91311341864382,11
4441,8.915120876620993,12
4442,8.917128334598164,11
4443,8.919135792575336,10
4444,8.921143250552507,9
4445,8.923150708529679,9
4446,8.925158166506852,9
4447,8.927165624484024,10
4448,8.929173082461196,10
4449,8.931180540438367,10
4450,8.93318799841554,10
4451,8.935195456392712,9
4452,8.937202914369884,9
4453,8.939210372347056,9
4454,8.941217830324229,10
4455,8.9432252883014,10
4456,8.945232746278572,10
4457,8.947240204255744,9
4458,8.949247662232917,9
4459,8.951255120210089,9
4460,8.95326257818726,10
4461,8.955270036164432,10
4462,8.957277494141605,10
4463,8.959284952118777,10
4464,8.961292410095949,11
4465,8.96329986807312,13
4466,8.965307326050292,13
4467,8.967314784027465,11
4468,8.969322242004637,10
4469,8.971329699981808,10
4470,8.97333715795898,11
4471,8.975344615936153,11
4472,8.977352073913325,10
4473,8.979359531890497,9
4474,8.981366989867668,9
4475,8.983374447844842,8
4476,8.985381905822013,7
4477,8.987389363799185,7
4478,8.989396821776356,8
4479,8.99140427975353,9
4480,8.993411737730701,9
4481,8.995419195707873,10
4482,8.997426653685045,10
4483,8.999434111662216,11
4484,9.00144156963939,10
4485,9.003449027616561,10
4486,9.005456485593733,9
4487,9.007463943570905,9
4488,9.009471401548078,10
4489,9.01147885952525,11
4490,9.013486317502421,11
4491,9.015493775479593,10
4492,9.017501233456766,9
4493,9.019508691433938,9
4494,9.02151614941111,9
4495,9.023523607388281,10
4496,9.025531065365454,10
4497,9.027538523342626,11
4498,9.029545981319798,11
4499,9.03155343929697,11
4500,9.03356089727414,10
4501,9.035568355251314,10
4502,9.037575813228486,10
4503,9.039583271205657,11
4504,9.041590729182829,11
4505,9.043598187160002,10
4506,9.045605645137174,10
4507,9.047613103114346,10
4508,9.049620561091517,10
4509,9.05162801906869,9
4510,9.053635477045862,8
4511,9.055642935023034,8
4512,9.057650393000205,9
4513,9.059657850977379,9
4514,9.06166530895455,10
4515,9.063672766931722,10
4516,9.065680224908894,10
4517,9.067687682886067,10
4518,9.069695140863239,10
4519,9.07170259884041,12
4520,9.073710056817582,13
4521,9.075717514794754,11
4522,9.077724972771927,7
4523,9.079732430749099,6
4524,9.08173988872627,9
4525,9.083747346703442,12
4526,9.085754804680615,11
4527,9.087762262657787,7
4528,9.089769720634958,5
4529,9.09177717861213,6
4530,9.093784636589303,8
4531,9.095792094566475,9
4532,9.097799552543647,9
4533,9.099807010520818,9
4534,9.101814468497992,9
4535,9.103821926475163,9
4536,9.105829384452335,9
4537,9.107836842429506,9
4538,9.109844300406678,10
4539,9.111851758383851,11
4540,9.113859216361023,11
4541,9.115866674338195,11
4542,9.117874132315366,10
4543,9.11988159029254,10
4544,9.121889048269711,10
4545,9.123896506246883,10
4546,9.125903964224054,10
4547,9.127911422201228,10
4548,9.1299188801784,11
4549,9.131926338155571,10
4550,9.133933796132743,10
4551,9.135941254109916,10
4552,9.137948712087088,10
4553,9.13995617006426,11
4554,9.141963628041431,11
4555,9.143971086018603,10
4556,9.145978543995776,9
4557,9.147986001972948,9
4558,9.14999345995012,10
4559,9.15200091792729,9
4560,9.154008375904464,9
4561,9.156015833881636,9
4562,9.158023291858807,10
4563,9.160030749835979,10
4564,9.162038207813152,10
4565,9.164045665790324,10
4566,9.166053123767496,10
4567,9.168060581744667,10
4568,9.17006803972184,10
4569,9.172075497699012,10
4570,9.174082955676184,10
4571,9.176090413653355,11
4572,9.178097871630529,11
4573,9.1801053296077,10
4574,9.182112787584872,10
4575,9.184120245562044,10
4576,9.186127703539215,10
4577,9.188135161516389,10
4578,9.19014261949356,10
4579,9.192150077470732,10
4580,9.194157535447903,9
4581,9.196164993425077,9
4582,9.198172451402248,9
4583,9.20017990937942,10
4584,9.202187367356592,10
4585,9.204194825333765,9
4586,9.206202283310937,9
4587,9.208209741288108,9
4588,9.21021719926528,11
4589,9.212224657242453,11
4590,9.214232115219625,11
4591,9.216239573196797,10
4592,9.218247031173968,9
4593,9.22025448915114,9
4594,9.222261947128313,10
4595,9.224269405105485,11
4596,9.226276863082656,10
4597,9.228284321059828,10
4598,9.230291779037001,9
4599,9.232299237014173,10
4600,9.234306694991345,10
4601,9.236314152968516,10
4602,9.23832161094569,10
4603,9.240329068922861,10
4604,9.242336526900033,10
4605,9.244343984877204,10
4606,9.246351442854378,11
4607,9.24835890083155,12
4608,9.250366358808721,12
4609,9.252373816785893,10
4610,9.254381274763064,9
4611,9.256388732740238,10
4612,9.25839619071741,10
4613,9.26040364869458,10
4614,9.262411106671752,10
4615,9.264418564648926,9
4616,9.266426022626097,9
4617,9.268433480603269,10
4618,9.27044093858044,10
4619,9.272448396557614,10
4620,9.274455854534786,9
4621,9.276463312511957,10
4622,9.278470770489129,10
4623,9.280478228466302,10
4624,9.282485686443474,10
4625,9.284493144420646,10
4626,9.286500602397817,10
4627,9.28850806037499,10
4628,9.290515518352162,10
4629,9.292522976329334,10
4630,9.294530434306505,11
4631,9.296537892283677,12
4632,9.29854535026085,11
4633,9.300552808238022,10
4634,9.302560266215194,10
4635,9.304567724192365,10
4636,9.306575182169539,10
4637,9.30858264014671,10
4638,9.310590098123882,9
4639,9.312597556101053,9
4640,9.314605014078227,9
4641,9.316612472055398,9
4642,9.31861993003257,10
4643,9.320627388009742,10
4644,9.322634845986915,10
4645,9.324642303964087,8
4646,9.326649761941258,7
4647,9.32865721991843,8
4648,9.330664677895601,12
4649,9.332672135872775,13
4650,9.334679593849946,11
4651,9.336687051827118,9
4652,9.33869450980429,9
4653,9.340701967781463,10
4654,9.342709425758635,11
4655,9.344716883735806,11
4656,9.346724341712978,10
4657,9.348731799690151,10
4658,9.350739257667323,9
4659,9.352746715644495,9
4660,9.354754173621666,9
4661,9.35676163159884,9
4662,9.358769089576011,9
4663,9.360776547553183,9
4664,9.362784005530354,9
4665,9.364791463507526,10
4666,9.3667989214847,10
4667,9.368806379461871,10
4668,9.370813837439043,9
4669,9.372821295416214,9
4670,9.374828753393388,9
4671,9.37683621137056,10
4672,9.37884366934773,9
4673,9.380851127324902,9
4674,9.382858585302076,10
4675,9.384866043279247,11
4676,9.386873501256419,11
4677,9.38888095923359,10
4678,9.390888417210764,10
4679,9.392895875187936,10
4680,9.394903333165107,10
4681,9.396910791142279,10
4682,9.398918249119452,10
4683,9.400925707096624,10
4684,9.402933165073796,10
4685,9.404940623050967,10
4686,9.406948081028139,10
4687,9.408955539005312,10
4688,9.410962996982484,10
4689,9.412970454959655,10
4690,9.414977912936827,10
4691,9.416985370914,9
4692,9.418992828891172,10
4693,9.421000286868344,10
4694,9.423007744845515,11
4695,9.425015202822689,12
4696,9.42702266079986,13
4697,9.429030118777032,11
4698,9.431037576754203,9
4699,9.433045034731377,9
4700,9.435052492708548,10
4701,9.43705995068572,12
4702,9.439067408662892,12
4703,9.441074866640063,11
4704,9.443082324617237,10
4705,9.445089782594408,10
4706,9.44709724057158,10
4707,9.449104698548751,9
4708,9.451112156525925,9
4709,9.453119614503096,10
4710,9.455127072480268,10
4711,9.45713453045744,11
4712,9.459141988434613,12
4713,9.461149446411785,13
4714,9.463156904388956,12
4715,9.465164362366128,9
4716,9.467171820343301,8
4717,9.469179278320473,9
4718,9.471186736297645,11
4719,9.473194194274816,11
4720,9.475201652251988,11
4721,9.477209110229161,9
4722,9.479216568206333,9
4723,9.481224026183504,8
4724,9.483231484160676,9
4725,9.48523894213785,9
4726,9.487246400115021,10
4727,9.489253858092193,10
4728,9.491261316069364,11
4729,9.493268774046538,11
4730,9.49527623202371,11
4731,9.49728369000088,9
4732,9.499291147978052,9
4733,9.501298605955226,9
4734,9.503306063932397,9
4735,9.505313521909569,10
4736,9.50732097988674,10
4737,9.509328437863912,10
4738,9.511335895841086,10
4739,9.513343353818257,9
4740,9.515350811795429,9
4741,9.5173582697726,9
4742,9.519365727749774,10
4743,9.521373185726945,10
4744,9.523380643704117,10
4745,9.525388101681289,10
4746,9.527395559658462,10
4747,9.529403017635634,10
4748,9.531410475612805,10
4749,9.533417933589977,10
4750,9.53542539156715,10
4751,9.537432849544322,9
4752,9.539440307521494,9
4753,9.541447765498665,9
4754,9.543455223475839,9
4755,9.54546268145301,9
4756,9.547470139430182,9
4757,9.549477597407353,10
4758,9.551485055384525,9
4759,9.553492513361698,9
4760,9.55549997133887,9
4761,9.557507429316042,10
4762,9.559514887293213,11
4763,9.561522345270387,11
4764,9.563529803247558,10
4765,9.56553726122473,9
4766,9.567544719201901,9
4767,9.569552177179075,9
4768,9.571559635156246,10
4769,9.573567093133418,10
4770,9.57557455111059,10
4771,9.577582009087763,10
4772,9.579589467064935,10
4773,9.581596925042106,10
4774,9.583604383019278,10
4775,9.58561184099645,11
4776,9.587619298973623,10
4777,9.589626756950794,11
4778,9.591634214927966,11
4779,9.593641672905138,11
4780,9.595649130882311,10
4781,9.597656588859483,9
4782,9.599664046836654,9
4783,9.601671504813826,9
4784,9.603678962791,10
4785,9.605686420768171,12
4786,9.607693878745343,13
4787,9.609701336722514,13
4788,9.611708794699688,10
4789,9.61371625267686,9
4790,9.61572371065403,10
4791,9.617731168631202,10
4792,9.619738626608374,10
4793,9.621746084585547,10
4794,9.623753542562719,10
4795,9.62576100053989,10
4796,9.627768458517062,9
4797,9.629775916494236,9
4798,9.631783374471407,11
4799,9.633790832448579,13
4800,9.63579829042575,13
4801,9.637805748402924,10
4802,9.639813206380095,9
4803,9.641820664357267,9
4804,9.643828122334439,10
4805,9.645835580311612,11
4806,9.647843038288784,10
4807,9.649850496265955,9
4808,9.651857954243127,9
4809,9.6538654122203,10
4810,9.655872870197472,11
4811,9.657880328174643,11
4812,9.659887786151815,10
4813,9.661895244128987,10
4814,9.66390270210616,10
4815,9.665910160083332,10
4816,9.667917618060503,11
4817,9.669925076037675,11
4818,9.671932534014848,10
4819,9.67393999199202,9
4820,9.675947449969192,8
4821,9.677954907946363,9
4822,9.679962365923537,11
4823,9.681969823900708,11
4824,9.68397728187788,12
4825,9.685984739855051,12
4826,9.687992197832225,11
4827,9.689999655809396,9
4828,9.692007113786568,9
4829,9.69401457176374,10
4830,9.696022029740911,11
4831,9.698029487718085,11
4832,9.700036945695256,11
4833,9.702044403672428,11
4834,9.7040518616496,12
4835,9.706059319626773,12
4836,9.708066777603944,13
4837,9.710074235581116,12
4838,9.712081693558288,10
4839,9.714089151535461,10
4840,9.716096609512633,10
4841,9.718104067489804,11
4842,9.720111525466976,11
4843,9.72211898344415,10
4844,9.72412644142132,9
4845,9.726133899398492,9
4846,9.728141357375664,9
4847,9.730148815352836,10
4848,9.732156273330009,10
4849,9.73416373130718,10
4850,9.736171189284352,10
4851,9.738178647261524,11
4852,9.740186105238697,12
4853,9.742193563215869,13
4854,9.74420102119304,12
4855,9.746208479170212,9
4856,9.748215937147386,8
4857,9.750223395124557,8
4858,9.752230853101729,9
4859,9.7542383110789,10
4860,9.756245769056074,10
4861,9.758253227033245,10
4862,9.760260685010417,9
4863,9.762268142987589,9
4864,9.764275600964762,8
4865,9.766283058941934,8
4866,9.768290516919105,9
4867,9.770297974896277,10
4868,9.772305432873448,11
4869,9.774312890850622,10
4870,9.776320348827793,10
4871,9.778327806804965,9
4872,9.780335264782137,9
4873,9.78234272275931,8
4874,9.784350180736482,6
4875,9.786357638713653,7
4876,9.788365096690825,10
4877,9.790372554667998,14
4878,9.79238001264517,18
4879,9.794387470622341,19
4880,9.796394928599513,17
4881,9.798402386576686,14
4882,9.800409844553858,15
4883,9.80241730253103,20
4884,9.804424760508201,23
4885,9.806432218485373,27
4886,9.808439676462546,35
4887,9.810447134439718,41
4888,9.81245459241689,45
4889,9.814462050394061,52
4890,9.816469508371235,60
4891,9.818476966348406,72
4892,9.820484424325578,87
4893,9.82249188230275,96
4894,9.824499340279923,93
4895,9.826506798257094,87
4896,9.828514256234266,87
4897,9.830521714211438,92
4898,9.832529172188611,95
4899,9.834536630165783,92
4900,9.836544088142954,87
4901,9.838551546120126,90
4902,9.840559004097297,99
4903,9.84256646207447,103
4904,9.844573920051642,97
4905,9.846581378028814,90
4906,9.848588836005986,97
4907,9.850596293983159,112
4908,9.85260375196033,121
4909,9.854611209937502,114
4910,9.856618667914674,99
4911,9.858626125891847,92
4912,9.860633583869019,107
4913,9.86264104184619,137
4914,9.864648499823362,159
4915,9.866655957800536,154
4916,9.868663415777707,129
4917,9.870670873754879,111
4918,9.87267833173205,114
4919,9.874685789709224,126
4920,9.876693247686395,129
4921,9.878700705663567,124
4922,9.880708163640739,121
4923,9.88271562161791,123
4924,9.884723079595084,127
4925,9.886730537572255,132
4926,9.888737995549427,139
4927,9.890745453526598,149
4928,9.892752911503772,158
4929,9.894760369480943,163
4930,9.896767827458115,166
4931,9.898775285435287,168
4932,9.90078274341246,169
4933,9.902790201389632,172
4934,9.904797659366803,175
4935,9.906805117343975,181
4936,9.908812575321148,192
4937,9.91082003329832,203
4938,9.912827491275491,202
4939,9.914834949252663,194
4940,9.916842407229835,191
4941,9.918849865207008,200
4942,9.92085732318418,218
4943,9.922864781161351,235
4944,9.924872239138523,232
4945,9.926879697115696,206
4946,9.928887155092868,188
4947,9.93089461307004,198
4948,9.932902071047211,226
4949,9.934909529024385,241
4950,9.936916987001556,230
4951,9.938924444978728,208
4952,9.9409319029559,200
4953,9.942939360933073,203
4954,9.944946818910244,205
4955,9.946954276887416,204
4956,9.948961734864588,207
4957,9.95096919284176,211
4958,9.952976650818933,214
4959,9.954984108796104,220
4960,9.956991566773276,231
4961,9.958999024750447,239
4962,9.96100648272762,255
4963,9.963013940704792,282
4964,9.965021398681964,305
4965,9.967028856659136,303
4966,9.969036314636309,289
4967,9.97104377261348,285
4968,9.973051230590652,298
4969,9.975058688567824,315
4970,9.977066146544997,327
4971,9.979073604522169,332
4972,9.98108106249934,333
4973,9.983088520476512,336
4974,9.985095978453685,347
4975,9.987103436430857,361
4976,9.989110894408029,376
4977,9.9911183523852,388
4978,9.993125810362372,394
4979,9.995133268339545,389
4980,9.997140726316717,384
4981,9.999148184293889,398
4982,10.00115564227106,425
4983,10.003163100248234,437
4984,10.005170558225405,418
4985,10.007178016202577,392
4986,10.009185474179748,393
4987,10.011192932156922,429
4988,10.013200390134093,469
4989,10.015207848111265,483
4990,10.017215306088437,469
4991,10.01922276406561,451
4992,10.021230222042782,449
4993,10.023237680019953,457
4994,10.025245137997125,462
4995,10.027252595974296,452
4996,10.02926005395147,440
4997,10.031267511928641,445
4998,10.033274969905813,467
4999,10.035282427882985,480
5000,10.037289885860158,474
5001,10.03929734383733,466
5002,10.041304801814501,474
5003,10.043312259791673,495
5004,10.045319717768846,511
5005,10.047327175746018,511
5006,10.04933463372319,508
5007,10.051342091700361,513
5008,10.053349549677534,525
5009,10.055357007654706,535
5010,10.057364465631878,534
5011,10.05937192360905,527
5012,10.061379381586221,525
5013,10.063386839563394,535
5014,10.065394297540566,555
5015,10.067401755517738,574
5016,10.06940921349491,583
5017,10.071416671472083,583
5018,10.073424129449254,580
5019,10.075431587426426,572
5020,10.077439045403597,557
5021,10.07944650338077,544
5022,10.081453961357942,545
5023,10.083461419335114,560
5024,10.085468877312286,571
5025,10.087476335289459,569
5026,10.08948379326663,559
5027,10.091491251243802,551
5028,10.093498709220974,546
5029,10.095506167198147,541
5030,10.097513625175319,542
5031,10.09952108315249,548
5032,10.101528541129662,552
5033,10.103535999106834,549
5034,10.105543457084007,541
5035,10.107550915061179,538
5036,10.10955837303835,545
5037,10.111565831015522,555
5038,10.113573288992695,559
5039,10.115580746969867,558
5040,10.117588204947038,557
5041,10.11959566292421,560
5042,10.121603120901383,568
5043,10.123610578878555,579
5044,10.125618036855727,581
5045,10.127625494832898,571
5046,10.129632952810072,563
5047,10.131640410787243,576
5048,10.133647868764415,604
5049,10.135655326741587,623
5050,10.137662784718758,618
5051,10.139670242695932,610
5052,10.141677700673103,620
5053,10.143685158650275,645
5054,10.145692616627446,651
5055,10.14770007460462,632
5056,10.149707532581791,617
5057,10.151714990558963,631
5058,10.153722448536135,660
5059,10.155729906513308,674
5060,10.15773736449048,669
5061,10.159744822467651,660
5062,10.161752280444823,657
5063,10.163759738421996,661
5064,10.165767196399168,666
5065,10.16777465437634,670
5066,10.169782112353511,672
5067,10.171789570330683,674
5068,10.173797028307856,675
5069,10.175804486285028,670
5070,10.1778119442622,661
5071,10.17981940223937,653
5072,10.181826860216544,652
5073,10.183834318193716,659
5074,10.185841776170887,667
5075,10.187849234148059,665
5076,10.189856692125232,656
5077,10.191864150102404,653
5078,10.193871608079576,659
5079,10.195879066056747,660
5080,10.19788652403392,649
5081,10.199893982011092,639
5082,10.201901439988264,644
5083,10.203908897965436,657
5084,10.205916355942609,659
5085,10.20792381391978,641
5086,10.209931271896952,622
5087,10.211938729874124,624
5088,10.213946187851295,644
5089,10.215953645828469,658
5090,10.21796110380564,652
5091,10.219968561782812,638
5092,10.221976019759984,635
5093,10.223983477737157,647
5094,10.225990935714329,661
5095,10.2279983936915,659
5096,10.230005851668672,643
5097,10.232013309645845,631
5098,10.234020767623017,636
5099,10.236028225600188,643
5100,10.23803568357736,624
5101,10.240043141554533,593
5102,10.242050599531705,589
5103,10.244058057508877,615
5104,10.246065515486048,638
5105,10.24807297346322,633
5106,10.250080431440393,618
5107,10.252087889417565,618
5108,10.254095347394736,636
5109,10.256102805371908,653
5110,10.258110263349081,653
5111,10.260117721326253,643
5112,10.262125179303425,638
5113,10.264132637280596,648
5114,10.26614009525777,663
5115,10.268147553234941,669
5116,10.270155011212113,665
5117,10.272162469189285,661
5118,10.274169927166458,661
5119,10.27617738514363,661
5120,10.278184843120801,662
5121,10.280192301097973,669
5122,10.282199759075144,681
5123,10.284207217052318,685
5124,10.28621467502949,682
5125,10.288222133006661,684
5126,10.290229590983833,699
5127,10.292237048961006,717
5128,10.294244506938178,727
5129,10.29625196491535,729
5130,10.29825942289252,728
5131,10.300266880869694,727
5132,10.302274338846866,729
5133,10.304281796824037,734
5134,10.306289254801209,739
5135,10.308296712778382,740
5136,10.310304170755554,733
5137,10.312311628732726,722
5138,10.314319086709897,723
5139,10.31632654468707,735
5140,10.318334002664242,745
5141,10.320341460641414,749
5142,10.322348918618586,757
5143,10.324356376595757,770
5144,10.32636383457293,773
5145,10.328371292550102,761
5146,10.330378750527274,749
5147,10.332386208504445,749
5148,10.334393666481619,755
5149,10.33640112445879,752
5150,10.338408582435962,740
5151,10.340416040413134,728
5152,10.342423498390307,721
5153,10.344430956367479,719
5154,10.34643841434465,720
5155,10.348445872321822,723
5156,10.350453330298995,729
5157,10.352460788276167,739
5158,10.354468246253338,751
5159,10.35647570423051,757
5160,10.358483162207682,755
5161,10.360490620184855,749
5162,10.362498078162027,748
5163,10.364505536139198,751
5164,10.36651299411637,755
5165,10.368520452093543,757
5166,10.370527910070715,758
5167,10.372535368047886,754
5168,10.374542826025058,751
5169,10.376550284002231,757
5170,10.378557741979403,775
5171,10.380565199956575,792
5172,10.382572657933746,804
5173,10.38458011591092,813
5174,10.386587573888091,816
5175,10.388595031865263,810
5176,10.390602489842435,801
5177,10.392609947819606,795
5178,10.39461740579678,791
5179,10.396624863773951,791
5180,10.398632321751123,797
5181,10.400639779728294,806
5182,10.402647237705468,807
5183,10.40465469568264,791
5184,10.406662153659811,767
5185,10.408669611636983,759
5186,10.410677069614156,777
5187,10.412684527591328,806
5188,10.4146919855685,813
5189,10.41669944354567,783
5190,10.418706901522844,740
5191,10.420714359500016,731
5192,10.422721817477187,760
5193,10.424729275454359,789
5194,10.426736733431532,790
5195,10.428744191408704,775
5196,10.430751649385876,761
5197,10.432759107363047,758
5198,10.434766565340219,767
5199,10.436774023317392,778
5200,10.438781481294564,783
5201,10.440788939271735,786
5202,10.442796397248907,802
5203,10.44480385522608,827
5204,10.446811313203252,836
5205,10.448818771180424,817
5206,10.450826229157595,795
5207,10.452833687134769,796
5208,10.45484114511194,817
5209,10.456848603089112,831
5210,10.458856061066284,825
5211,10.460863519043457,808
5212,10.462870977020629,798
5213,10.4648784349978,801
5214,10.466885892974972,812
5215,10.468893350952143,824
5216,10.470900808929317,834
5217,10.472908266906488,840
5218,10.47491572488366,839
5219,10.476923182860832,831
5220,10.478930640838005,822
5221,10.480938098815177,817
5222,10.482945556792348,816
5223,10.48495301476952,811
5224,10.486960472746693,799
5225,10.488967930723865,792
5226,10.490975388701036,802
5227,10.492982846678208,825
5228,10.494990304655381,847
5229,10.496997762632553,850
5230,10.499005220609725,841
5231,10.501012678586896,840
5232,10.503020136564068,857
5233,10.505027594541241,875
5234,10.507035052518413,877
5235,10.509042510495584,863
5236,10.511049968472756,849
5237,10.51305742644993,848
5238,10.515064884427101,861
5239,10.517072342404273,873
5240,10.519079800381444,865
5241,10.521087258358618,845
5242,10.52309471633579,833
5243,10.525102174312961,836
5244,10.527109632290133,842
5245,10.529117090267306,845
5246,10.531124548244478,850
5247,10.53313200622165,861
5248,10.53513946419882,875
5249,10.537146922175992,878
5250,10.539154380153166,868
5251,10.541161838130337,859
5252,10.543169296107509,859
5253,10.54517675408468,863
5254,10.547184212061854,861
5255,10.549191670039026,842
5256,10.551199128016197,812
5257,10.553206585993369,790
5258,10.555214043970542,788
5259,10.557221501947714,790
5260,10.559228959924885,783
5261,10.561236417902057,770
5262,10.56324387587923,773
5263,10.565251333856402,798
5264,10.567258791833574,819
5265,10.569266249810745,813
5266,10.571273707787919,792
5267,10.57328116576509,787
5268,10.575288623742262,802
5269,10.577296081719433,811
5270,10.579303539696605,806
5271,10.581310997673778,797
5272,10.58331845565095,793
5273,10.585325913628122,793
5274,10.587333371605293,789
5275,10.589340829582467,781
5276,10.591348287559638,784
5277,10.59335574553681,802
5278,10.595363203513982,824
5279,10.597370661491155,831
5280,10.599378119468327,822
5281,10.601385577445498,810
5282,10.60339303542267,813
5283,10.605400493399843,837
5284,10.607407951377015,863
5285,10.609415409354186,870
5286,10.611422867331358,859
5287,10.61343032530853,854
5288,10.615437783285703,861
5289,10.617445241262875,871
5290,10.619452699240046,872
5291,10.621460157217218,867
5292,10.623467615194391,866
5293,10.625475073171563,866
5294,10.627482531148734,862
5295,10.629489989125906,858
5296,10.63149744710308,866
5297,10.633504905080251,887
5298,10.635512363057423,906
5299,10.637519821034594,909
5300,10.639527279011768,898
5301,10.64153473698894,889
5302,10.64354219496611,900
5303,10.645549652943282,929
5304,10.647557110920454,951
5305,10.649564568897627,944
5306,10.651572026874799,917
5307,10.65357948485197,901
5308,10.655586942829142,911
5309,10.657594400806316,934
5310,10.659601858783487,943
5311,10.661609316760659,935
5312,10.66361677473783,930
5313,10.665624232715004,937
5314,10.667631690692176,943
5315,10.669639148669347,938
5316,10.671646606646519,930
5317,10.673654064623692,932
5318,10.675661522600864,942
5319,10.677668980578035,949
5320,10.679676438555207,950
5321,10.68168389653238,953
5322,10.683691354509552,960
5323,10.685698812486724,961
5324,10.687706270463895,940
5325,10.689713728441067,896
5326,10.69172118641824,861
5327,10.693728644395412,869
5328,10.695736102372583,913
5329,10.697743560349755,942
5330,10.699751018326928,922
5331,10.7017584763041,882
5332,10.703765934281272,872
5333,10.705773392258443,909
5334,10.707780850235617,962
5335,10.709788308212788,987
5336,10.71179576618996,982
5337,10.713803224167131,973
5338,10.715810682144305,975
5339,10.717818140121476,987
5340,10.719825598098648,997
5341,10.72183305607582,1002
5342,10.723840514052991,1004
5343,10.725847972030165,1004
5344,10.727855430007336,1005
5345,10.729862887984508,1007
5346,10.73187034596168,1016
5347,10.733877803938853,1032
5348,10.735885261916025,1046
5349,10.737892719893196,1045
5350,10.739900177870368,1031
5351,10.741907635847541,1023
5352,10.743915093824713,1033
5353,10.745922551801884,1046
5354,10.747930009779056,1039
5355,10.74993746775623,1012
5356,10.751944925733401,990
5357,10.753952383710573,986
5358,10.755959841687744,996
5359,10.757967299664916,1007
5360,10.75997475764209,1009
5361,10.76198221561926,1008
5362,10.763989673596432,1009
5363,10.765997131573604,1013
5364,10.768004589550777,1016
5365,10.770012047527949,1017
5366,10.77201950550512,1018
5367,10.774026963482292,1017
5368,10.776034421459466,1012
5369,10.778041879436637,1004
5370,10.780049337413809,995
5371,10.78205679539098,990
5372,10.784064253368154,992
5373,10.786071711345325,996
5374,10.788079169322497,997
5375,10.790086627299669,995
5376,10.792094085276842,993
5377,10.794101543254014,996
5378,10.796109001231185,1007
5379,10.798116459208357,1017
5380,10.800123917185529,1016
5381,10.802131375162702,1007
5382,10.804138833139874,1006
5383,10.806146291117045,1016
5384,10.808153749094217,1024
5385,10.81016120707139,1016
5386,10.812168665048562,994
5387,10.814176123025733,979
5388,10.816183581002905,985
5389,10.818191038980078,1000
5390,10.82019849695725,1003
5391,10.822205954934422,993
5392,10.824213412911593,988
5393,10.826220870888767,994
5394,10.828228328865938,1006
5395,10.83023578684311,1010
5396,10.832243244820281,1007
5397,10.834250702797453,1005
5398,10.836258160774626,1004
5399,10.838265618751798,999
5400,10.84027307672897,995
5401,10.842280534706141,996
5402,10.844287992683315,1003
5403,10.846295450660486,1008
5404,10.848302908637658,1006
5405,10.85031036661483,998
5406,10.852317824592003,994
5407,10.854325282569175,1001
5408,10.856332740546346,1010
5409,10.858340198523518,1006
5410,10.860347656500691,994
5411,10.862355114477863,986
5412,10.864362572455034,992
5413,10.866370030432206,1001
5414,10.868377488409378,1002
5415,10.870384946386551,996
5416,10.872392404363723,991
5417,10.874399862340894,992
5418,10.876407320318066,996
5419,10.87841477829524,998
5420,10.88042223627241,991
5421,10.882429694249582,978
5422,10.884437152226754,962
5423,10.886444610203927,943
5424,10.888452068181099,925
5425,10.89045952615827,918
5426,10.892466984135442,928
5427,10.894474442112616,949
5428,10.896481900089787,958
5429,10.898489358066959,940
5430,10.90049681604413,913
5431,10.902504274021304,911
5432,10.904511731998475,932
5433,10.906519189975647,945
5434,10.908526647952819,937
5435,10.91053410592999,927
5436,10.912541563907164,929
5437,10.914549021884335,938
5438,10.916556479861507,943
5439,10.918563937838679,943
5440,10.920571395815852,943
5441,10.922578853793024,952
5442,10.924586311770195,968
5443,10.926593769747367,983
5444,10.92860122772454,986
5445,10.930608685701712,978
5446,10.932616143678883,973
5447,10.934623601656055,974
5448,10.936631059633228,976
5449,10.9386385176104,972
5450,10.940645975587572,965
5451,10.942653433564743,965
5452,10.944660891541915,977
5453,10.946668349519088,990
5454,10.94867580749626,992
5455,10.950683265473431,983
5456,10.952690723450603,978
5457,10.954698181427776,981
5458,10.956705639404948,981
5459,10.95871309738212,969
5460,10.960720555359291,954
5461,10.962728013336465,952
5462,10.964735471313636,965
5463,10.966742929290808,979
5464,10.96875038726798,980
5465,10.970757845245153,969
5466,10.972765303222324,959
5467,10.974772761199496,966
5468,10.976780219176668,988
5469,10.97878767715384,1004
5470,10.980795135131013,998
5471,10.982802593108184,983
5472,10.984810051085356,974
5473,10.986817509062528,974
5474,10.988824967039701,986
5475,10.990832425016873,1008
5476,10.992839882994044,1023
5477,10.994847340971216,1014
5478,10.99685479894839,991
5479,10.99886225692556,978
5480,11.000869714902732,978
5481,11.002877172879904,978
5482,11.004884630857077,973
5483,11.006892088834249,967
5484,11.00889954681142,960
5485,11.010907004788592,953
5486,11.012914462765766,956
5487,11.014921920742937,976
5488,11.016929378720109,1006
5489,11.01893683669728,1021
5490,11.020944294674452,1009
5491,11.022951752651625,986
5492,11.024959210628797,981
5493,11.026966668605969,996
5494,11.02897412658314,1011
5495,11.030981584560314,1009
5496,11.032989042537485,997
5497,11.034996500514657,994
5498,11.037003958491828,1008
5499,11.039011416469002,1023
5500,11.041018874446173,1023
5501,11.043026332423345,1014
5502,11.045033790400517,1012
5503,11.04704124837769,1018
5504,11.049048706354862,1023
5505,11.051056164332033,1020
5506,11.053063622309205,1012
5507,11.055071080286377,997
5508,11.05707853826355,978
5509,11.059085996240722,963
5510,11.061093454217893,951
5511,11.063100912195065,942
5512,11.065108370172238,944
5513,11.06711582814941,960
5514,11.069123286126581,977
5515,11.071130744103753,977
5516,11.073138202080926,963
5517,11.075145660058098,955
5518,11.07715311803527,968
5519,11.079160576012441,989
5520,11.081168033989615,1002
5521,11.083175491966786,1005
5522,11.085182949943958,1011
5523,11.08719040792113,1023
5524,11.089197865898301,1024
5525,11.091205323875474,1010
5526,11.093212781852646,990
5527,11.095220239829818,984
5528,11.09722769780699,996
5529,11.099235155784163,1009
5530,11.101242613761334,1011
5531,11.103250071738506,1007
5532,11.105257529715677,1008
5533,11.10726498769285,1015
5534,11.109272445670022,1017
5535,11.111279903647194,1008
5536,11.113287361624366,1000
5537,11.115294819601539,1005
5538,11.11730227757871,1023
5539,11.119309735555882,1036
5540,11.121317193533054,1032
5541,11.123324651510227,1024
5542,11.125332109487399,1027
5543,11.12733956746457,1037
5544,11.129347025441742,1038
5545,11.131354483418914,1028
5546,11.133361941396087,1023
5547,11.135369399373259,1028
5548,11.13737685735043,1037
5549,11.139384315327602,1039
5550,11.141391773304775,1032
5551,11.143399231281947,1021
5552,11.145406689259119,1015
5553,11.14741414723629,1017
5554,11.149421605213464,1025
5555,11.151429063190635,1032
5556,11.153436521167807,1036
5557,11.155443979144978,1037
5558,11.157451437122152,1036
5559,11.159458895099323,1035
5560,11.161466353076495,1034
5561,11.163473811053667,1029
5562,11.165481269030838,1029
5563,11.167488727008012,1036
5564,11.169496184985183,1040
5565,11.171503642962355,1037
5566,11.173511100939526,1037
5567,11.1755185589167,1046
5568,11.177526016893871,1054
5569,11.179533474871043,1052
5570,11.181540932848215,1036
5571,11.183548390825388,1023
5572,11.18555584880256,1029
5573,11.187563306779731,1050
5574,11.189570764756903,1063
5575,11.191578222734076,1058
5576,11.193585680711248,1045
5577,11.19559313868842,1035
5578,11.197600596665591,1036
5579,11.199608054642763,1051
5580,11.201615512619936,1069
5581,11.203622970597108,1069
5582,11.20563042857428,1051
5583,11.207637886551451,1034
5584,11.209645344528624,1030
5585,11.211652802505796,1037
5586,11.213660260482968,1045
5587,11.21566771846014,1053
5588,11.217675176437313,1061
5589,11.219682634414484,1065
5590,11.221690092391656,1060
5591,11.223697550368827,1055
5592,11.225705008346,1063
5593,11.227712466323172,1077
5594,11.229719924300344,1076
5595,11.231727382277516,1061
5596,11.233734840254689,1054
5597,11.23574229823186,1064
5598,11.237749756209032,1080
5599,11.239757214186204,1080
5600,11.241764672163375,1061
5601,11.243772130140549,1043
5602,11.24577958811772,1041
5603,11.247787046094892,1046
5604,11.249794504072064,1048
5605,11.251801962049237,1046
5606,11.253809420026409,1045
5607,11.25581687800358,1044
5608,11.257824335980752,1043
5609,11.259831793957925,1039
5610,11.261839251935097,1033
5611,11.263846709912269,1037
5612,11.26585416788944,1053
5613,11.267861625866614,1067
5614,11.269869083843785,1065
5615,11.271876541820957,1049
5616,11.273883999798128,1035
5617,11.2758914577753,1032
5618,11.277898915752473,1037
5619,11.279906373729645,1036
5620,11.281913831706817,1021
5621,11.283921289683988,1002
5622,11.285928747661162,994
5623,11.287936205638333,998
5624,11.289943663615505,1006
5625,11.291951121592676,1010
5626,11.29395857956985,1013
5627,11.295966037547021,1017
5628,11.297973495524193,1019
5629,11.299980953501365,1018
5630,11.301988411478538,1014
5631,11.30399586945571,1014
5632,11.306003327432881,1013
5633,11.308010785410053,1009
5634,11.310018243387225,1006
5635,11.312025701364398,1006
5636,11.31403315934157,1002
5637,11.316040617318741,997
5638,11.318048075295913,1006
5639,11.320055533273086,1025
5640,11.322062991250258,1030
5641,11.32407044922743,1015
5642,11.326077907204601,998
5643,11.328085365181774,995
5644,11.330092823158946,1003
5645,11.332100281136118,1012
5646,11.33410773911329,1017
5647,11.336115197090463,1018
5648,11.338122655067634,1020
5649,11.340130113044806,1024
5650,11.342137571021977,1025
5651,11.34414502899915,1023
5652,11.346152486976322,1028
5653,11.348159944953494,1044
5654,11.350167402930666,1050
5655,11.352174860907837,1033
5656,11.35418231888501,1013
5657,11.356189776862182,1007
5658,11.358197234839354,1002
5659,11.360204692816525,988
5660,11.362212150793699,976
5661,11.36421960877087,986
5662,11.366227066748042,1011
5663,11.368234524725214,1023
5664,11.370241982702387,1007
5665,11.372249440679559,979
5666,11.37425689865673,966
5667,11.376264356633902,969
5668,11.378271814611075,973
5669,11.380279272588247,971
5670,11.382286730565419,963
5671,11.38429418854259,952
5672,11.386301646519762,947
5673,11.388309104496935,949
5674,11.390316562474107,952
5675,11.392324020451278,951
5676,11.39433147842845,952
5677,11.396338936405623,957
5678,11.398346394382795,957
5679,11.400353852359967,948
5680,11.402361310337138,937
5681,11.404368768314312,934
5682,11.406376226291483,941
5683,11.408383684268655,953
5684,11.410391142245826,964
5685,11.412398600223,971
5686,11.414406058200171,971
5687,11.416413516177343,962
5688,11.418420974154515,951
5689,11.420428432131686,945
5690,11.42243589010886,943
5691,11.424443348086031,945
5692,11.426450806063203,954
5693,11.428458264040374,966
5694,11.430465722017548,973
5695,11.43247317999472,972
5696,11.434480637971891,967
5697,11.436488095949063,962
5698,11.438495553926236,958
5699,11.440503011903408,953
5700,11.44251046988058,953
5701,11.444517927857751,959
5702,11.446525385834924,962
5703,11.448532843812096,956
5704,11.450540301789268,945
5705,11.45254775976644,938
5706,11.454555217743613,940
5707,11.456562675720784,951
5708,11.458570133697956,970
5709,11.460577591675127,980
5710,11.462585049652299,968
5711,11.464592507629472,948
5712,11.466599965606644,941
5713,11.468607423583816,950
5714,11.470614881560987,956
5715,11.47262233953816,945
5716,11.474629797515332,922
5717,11.476637255492504,909
5718,11.478644713469675,919
5719,11.480652171446849,939
5720,11.48265962942402,947
5721,11.484667087401192,941
5722,11.486674545378364,939
5723,11.488682003355537,954
5724,11.490689461332709,972
5725,11.49269691930988,967
5726,11.494704377287052,942
5727,11.496711835264223,929
5728,11.498719293241397,944
5729,11.500726751218568,965
5730,11.50273420919574,961
5731,11.504741667172912,938
5732,11.506749125150085,930
5733,11.508756583127257,947
5734,11.510764041104428,964
5735,11.5127714990816,966
5736,11.514778957058773,966
5737,11.516786415035945,980
5738,11.518793873013117,1000
5739,11.520801330990288,1008
5740,11.522808788967462,999
5741,11.524816246944633,983
5742,11.526823704921805,980
5743,11.528831162898976,986
5744,11.530838620876148,984
5745,11.532846078853321,982
5746,11.534853536830493,994
5747,11.536860994807665,1012
5748,11.538868452784836,1019
5749,11.54087591076201,1018
5750,11.542883368739181,1016
5751,11.544890826716353,1012
5752,11.546898284693524,1008
5753,11.548905742670698,1010
5754,11.55091320064787,1013
5755,11.552920658625041,1008
5756,11.554928116602213,1004
5757,11.556935574579386,1013
5758,11.558943032556558,1032
5759,11.56095049053373,1039
5760,11.5629579485109,1024
5761,11.564965406488074,1003
5762,11.566972864465246,994
5763,11.568980322442417,996
5764,11.570987780419589,994
5765,11.57299523839676,978
5766,11.575002696373934,956
5767,11.577010154351106,949
5768,11.579017612328277,965
5769,11.581025070305449,983
5770,11.583032528282622,979
5771,11.585039986259794,958
5772,11.587047444236966,945
5773,11.589054902214137,953
5774,11.59106236019131,964
5775,11.593069818168482,956
5776,11.595077276145654,940
5777,11.597084734122825,936
5778,11.599092192099999,945
5779,11.60109965007717,955
5780,11.603107108054342,954
5781,11.605114566031514,946
5782,11.607122024008685,944
5783,11.609129481985859,953
5784,11.61113693996303,969
5785,11.613144397940202,978
5786,11.615151855917373,977
5787,11.617159313894547,979
5788,11.619166771871718,1018
5789,11.62117422984889,1106
5790,11.623181687826062,1186
5791,11.625189145803235,1199
5792,11.627196603780407,1171
5793,11.629204061757578,1165
5794,11.63121151973475,1185
5795,11.633218977711923,1197
5796,11.635226435689095,1188
5797,11.637233893666266,1170
5798,11.639241351643438,1156
5799,11.64124880962061,1146
5800,11.643256267597783,1131
5801,11.645263725574955,1113
5802,11.647271183552126,1104
5803,11.649278641529298,1111
5804,11.651286099506471,1127
5805,11.653293557483643,1145
5806,11.655301015460815,1158
5807,11.657308473437986,1165
5808,11.65931593141516,1176
5809,11.661323389392331,1196
5810,11.663330847369503,1214
5811,11.665338305346674,1221
5812,11.667345763323848,1228
5813,11.66935322130102,1250
5814,11.671360679278191,1279
5815,11.673368137255363,1286
5816,11.675375595232534,1268
5817,11.677383053209708,1246
5818,11.67939051118688,1240
5819,11.68139796916405,1244
5820,11.683405427141222,1243
5821,11.685412885118396,1240
5822,11.687420343095567,1252
5823,11.689427801072739,1279
5824,11.69143525904991,1299
5825,11.693442717027084,1294
5826,11.695450175004256,1275
5827,11.697457632981427,1268
5828,11.699465090958599,1286
5829,11.701472548935772,1308
5830,11.703480006912944,1304
5831,11.705487464890115,1275
5832,11.707494922867287,1260
5833,11.70950238084446,1279
5834,11.711509838821632,1310
5835,11.713517296798804,1322
5836,11.715524754775975,1314
5837,11.717532212753147,1306
5838,11.71953967073032,1306
5839,11.721547128707492,1305
5840,11.723554586684664,1300
5841,11.725562044661835,1295
5842,11.727569502639009,1296
5843,11.72957696061618,1301
5844,11.731584418593352,1302
5845,11.733591876570523,1297
5846,11.735599334547697,1292
5847,11.737606792524868,1297
5848,11.73961425050204,1309
5849,11.741621708479212,1317
5850,11.743629166456385,1314
5851,11.745636624433557,1305
5852,11.747644082410728,1300
5853,11.7496515403879,1295
5854,11.751658998365071,1294
5855,11.753666456342245,1299
5856,11.755673914319416,1307
5857,11.757681372296588,1304
5858,11.75968883027376,1287
5859,11.761696288250933,1271
5860,11.763703746228105,1268
5861,11.765711204205276,1276
5862,11.767718662182448,1284
5863,11.769726120159621,1285
5864,11.771733578136793,1268
5865,11.773741036113964,1236
5866,11.775748494091136,1205
5867,11.77775595206831,1193
5868,11.779763410045481,1201
5869,11.781770868022653,1204
5870,11.783778325999824,1187
5871,11.785785783976996,1160
5872,11.78779324195417,1147
5873,11.789800699931341,1157
5874,11.791808157908513,1179
5875,11.793815615885684,1194
5876,11.795823073862858,1197
5877,11.79783053184003,1195
5878,11.7998379898172,1196
5879,11.801845447794372,1195
5880,11.803852905771546,1189
5881,11.805860363748717,1181
5882,11.807867821725889,1174
5883,11.80987527970306,1171
5884,11.811882737680234,1171
5885,11.813890195657406,1168
5886,11.815897653634577,1163
5887,11.817905111611749,1161
5888,11.819912569588922,1160
5889,11.821920027566094,1152
5890,11.823927485543265,1138
5891,11.825934943520437,1127
5892,11.827942401497609,1125
5893,11.829949859474782,1133
5894,11.831957317451954,1142
5895,11.833964775429125,1144
5896,11.835972233406297,1135
5897,11.83797969138347,1126
5898,11.839987149360642,1128
5899,11.841994607337814,1141
5900,11.844002065314985,1148
5901,11.846009523292159,1140
5902,11.84801698126933,1123
5903,11.850024439246502,1109
5904,11.852031897223673,1109
5905,11.854039355200847,1122
5906,11.856046813178018,1131
5907,11.85805427115519,1126
5908,11.860061729132362,1118
5909,11.862069187109533,1121
5910,11.864076645086707,1133
5911,11.866084103063878,1134
5912,11.86809156104105,1108
5913,11.870099019018221,1061
5914,11.872106476995395,1016
5915,11.874113934972566,993
5916,11.876121392949738,986
5917,11.87812885092691,981
5918,11.880136308904083,971
5919,11.882143766881255,966
5920,11.884151224858426,978
5921,11.886158682835598,1005
5922,11.888166140812771,1028
5923,11.890173598789943,1033
5924,11.892181056767114,1023
5925,11.894188514744286,1011
5926,11.896195972721458,1006
5927,11.898203430698631,1007
5928,11.900210888675803,1009
5929,11.902218346652974,1002
5930,11.904225804630146,977
5931,11.90623326260732,957
5932,11.908240720584491,971
5933,11.910248178561663,1016
5934,11.912255636538834,1054
5935,11.914263094516008,1070
5936,11.91627055249318,1082
5937,11.91827801047035,1105
5938,11.920285468447522,1131
5939,11.922292926424696,1145
5940,11.924300384401867,1142
5941,11.926307842379039,1135
5942,11.92831530035621,1137
5943,11.930322758333384,1147
5944,11.932330216310556,1148
5945,11.934337674287727,1126
5946,11.936345132264899,1087
5947,11.93835259024207,1063
5948,11.940360048219244,1070
5949,11.942367506196415,1084
5950,11.944374964173587,1083
5951,11.946382422150759,1079
5952,11.948389880127932,1084
5953,11.950397338105104,1088
5954,11.952404796082275,1082
5955,11.954412254059447,1079
5956,11.95641971203662,1081
5957,11.958427170013792,1077
5958,11.960434627990963,1066
5959,11.962442085968135,1064
5960,11.964449543945308,1073
5961,11.96645700192248,1081
5962,11.968464459899652,1088
5963,11.970471917876823,1100
5964,11.972479375853995,1114
5965,11.974486833831168,1131
5966,11.97649429180834,1155
5967,11.978501749785512,1175
5968,11.980509207762683,1176
5969,11.982516665739857,1162
5970,11.984524123717028,1148
5971,11.9865315816942,1143
5972,11.988539039671371,1144
5973,11.990546497648545,1136
5974,11.992553955625716,1115
5975,11.994561413602888,1093
5976,11.99656887158006,1082
5977,11.998576329557233,1069
5978,12.000583787534405,1040
5979,12.002591245511576,1007
5980,12.004598703488748,985
5981,12.00660616146592,978
5982,12.008613619443093,980
5983,12.010621077420264,984
5984,12.012628535397436,979
5985,12.014635993374608,961
5986,12.016643451351781,945
5987,12.018650909328953,947
5988,12.020658367306124,963
5989,12.022665825283296,974
5990,12.02467328326047,974
5991,12.02668074123764,983
5992,12.028688199214812,1009
5993,12.030695657191984,1026
5994,12.032703115169157,1010
5995,12.034710573146329,976
5996,12.0367180311235,964
5997,12.038725489100672,983
5998,12.040732947077846,1002
5999,12.042740405055017,995
6000,12.044747863032189,976
6001,12.04675532100936,984
6002,12.048762778986532,1026
6003,12.050770236963706,1057
6004,12.052777694940877,1038
6005,12.054785152918049,1003
6006,12.05679261089522,1006
6007,12.058800068872394,1048
6008,12.060807526849565,1084
6009,12.062814984826737,1076
6010,12.064822442803909,1032
6011,12.066829900781082,1001
6012,12.068837358758254,1013
6013,12.070844816735425,1053
6014,12.072852274712597,1078
6015,12.07485973268977,1074
6016,12.076867190666942,1057
6017,12.078874648644113,1048
6018,12.080882106621285,1048
6019,12.082889564598457,1056
6020,12.08489702257563,1064
6021,12.086904480552802,1055
6022,12.088911938529973,1028
6023,12.090919396507145,1000
6024,12.092926854484318,991
6025,12.09493431246149,1008
6026,12.096941770438661,1039
6027,12.098949228415833,1064
6028,12.100956686393006,1063
6029,12.102964144370178,1040
6030,12.10497160234735,1017
6031,12.106979060324521,1010
6032,12.108986518301695,1016
6033,12.110993976278866,1020
6034,12.113001434256038,1014
6035,12.11500889223321,1002
6036,12.117016350210381,992
6037,12.119023808187555,988
6038,12.121031266164726,989
6039,12.123038724141898,993
6040,12.12504618211907,993
6041,12.127053640096243,988
6042,12.129061098073414,983
6043,12.131068556050586,989
6044,12.133076014027758,999
6045,12.135083472004931,993
6046,12.137090929982103,976
6047,12.139098387959274,972
6048,12.141105845936446,993
6049,12.14311330391362,1024
6050,12.14512076189079,1045
6051,12.147128219867962,1053
6052,12.149135677845134,1050
6053,12.151143135822307,1035
6054,12.153150593799479,1014
6055,12.15515805177665,1000
6056,12.157165509753822,1001
6057,12.159172967730994,1007
6058,12.161180425708167,1003
6059,12.163187883685339,988
6060,12.16519534166251,977
6061,12.167202799639682,980
6062,12.169210257616855,994
6063,12.171217715594027,1005
6064,12.173225173571199,1002
6065,12.17523263154837,988
6066,12.177240089525544,984
6067,12.179247547502715,996
6068,12.181255005479887,1010
6069,12.183262463457059,1007
6070,12.185269921434232,994
6071,12.187277379411404,991
6072,12.189284837388575,1008
6073,12.191292295365747,1036
6074,12.193299753342918,1069
6075,12.195307211320092,1098
6076,12.197314669297263,1109
6077,12.199322127274435,1087
6078,12.201329585251607,1048
6079,12.20333704322878,1029
6080,12.205344501205952,1053
6081,12.207351959183123,1102
6082,12.209359417160295,1142
6083,12.211366875137468,1152
6084,12.21337433311464,1144
6085,12.215381791091811,1142
6086,12.217389249068983,1158
6087,12.219396707046156,1181
6088,12.221404165023328,1194
6089,12.2234116230005,1182
6090,12.225419080977671,1151
6091,12.227426538954843,1119
6092,12.229433996932016,1093
6093,12.231441454909188,1065
6094,12.23344891288636,1035
6095,12.235456370863531,1012
6096,12.237463828840704,1015
6097,12.239471286817876,1063
6098,12.241478744795048,1152
6099,12.24348620277222,1232
6100,12.245493660749393,1253
6101,12.247501118726564,1230
6102,12.249508576703736,1217
6103,12.251516034680908,1233
6104,12.253523492658081,1252
6105,12.255530950635253,1250
6106,12.257538408612424,1236
6107,12.259545866589596,1232
6108,12.26155332456677,1235
6109,12.26356078254394,1231
6110,12.265568240521112,1219
6111,12.267575698498284,1215
6112,12.269583156475456,1220
6113,12.271590614452629,1216
6114,12.2735980724298,1188
6115,12.275605530406972,1141
6116,12.277612988384144,1107
6117,12.279620446361317,1111
6118,12.281627904338489,1150
6119,12.28363536231566,1191
6120,12.285642820292832,1204
6121,12.287650278270005,1197
6122,12.289657736247177,1197
6123,12.291665194224349,1215
6124,12.29367265220152,1235
6125,12.295680110178694,1242
6126,12.297687568155865,1237
6127,12.299695026133037,1230
6128,12.301702484110209,1223
6129,12.30370994208738,1203
6130,12.305717400064554,1169
6131,12.307724858041725,1146
6132,12.309732316018897,1153
6133,12.311739773996068,1179
6134,12.313747231973242,1201
6135,12.315754689950413,1208
6136,12.317762147927585,1205
6137,12.319769605904757,1198
6138,12.32177706388193,1192
6139,12.323784521859102,1188
6140,12.325791979836273,1183
6141,12.327799437813445,1170
6142,12.329806895790618,1157
6143,12.33181435376779,1153
6144,12.333821811744961,1166
6145,12.335829269722133,1189
6146,12.337836727699305,1209
6147,12.339844185676478,1212
6148,12.34185164365365,1201
6149,12.343859101630821,1191
6150,12.345866559607993,1189
6151,12.347874017585166,1194
6152,12.349881475562338,1204
6153,12.35188893353951,1215
6154,12.353896391516681,1221
6155,12.355903849493854,1214
6156,12.357911307471026,1197
6157,12.359918765448198,1180
6158,12.36192622342537,1172
6159,12.363933681402543,1172
6160,12.365941139379714,1176
6161,12.367948597356886,1184
6162,12.369956055334058,1196
6163,12.371963513311231,1207
6164,12.373970971288403,1201
6165,12.375978429265574,1178
6166,12.377985887242746,1152
6167,12.379993345219917,1128
6168,12.38200080319709,1101
6169,12.384008261174262,1075
6170,12.386015719151434,1059
6171,12.388023177128606,1056
6172,12.390030635105779,1061
6173,12.39203809308295,1070
6174,12.394045551060122,1088
6175,12.396053009037294,1111
6176,12.398060467014467,1125
6177,12.400067924991639,1125
6178,12.40207538296881,1121
6179,12.404082840945982,1119
6180,12.406090298923155,1111
6181,12.408097756900327,1098
6182,12.410105214877499,1089
6183,12.41211267285467,1093
6184,12.414120130831842,1100
6185,12.416127588809015,1098
6186,12.418135046786187,1089
6187,12.420142504763358,1088
6188,12.42214996274053,1097
6189,12.424157420717703,1105
6190,12.426164878694875,1104
6191,12.428172336672047,1093
6192,12.430179794649218,1084
6193,12.432187252626392,1082
6194,12.434194710603563,1084
6195,12.436202168580735,1084
6196,12.438209626557907,1086
6197,12.44021708453508,1099
6198,12.442224542512252,1125
6199,12.444232000489423,1149
6200,12.446239458466595,1147
6201,12.448246916443766,1118
6202,12.45025437442094,1091
6203,12.452261832398111,1081
6204,12.454269290375283,1076
6205,12.456276748352455,1062
6206,12.458284206329628,1048
6207,12.4602916643068,1044
6208,12.462299122283971,1047
6209,12.464306580261143,1053
6210,12.466314038238316,1057
6211,12.468321496215488,1059
6212,12.47032895419266,1053
6213,12.472336412169831,1047
6214,12.474343870147004,1054
6215,12.476351328124176,1064
6216,12.478358786101348,1055
6217,12.48036624407852,1025
6218,12.482373702055693,1002
6219,12.484381160032864,1012
6220,12.486388618010036,1039
6221,12.488396075987207,1052
6222,12.490403533964379,1056
6223,12.492410991941552,1079
6224,12.494418449918724,1116
6225,12.496425907895896,1135
6226,12.498433365873067,1130
6227,12.50044082385024,1132
6228,12.502448281827412,1152
6229,12.504455739804584,1174
6230,12.506463197781756,1180
6231,12.508470655758929,1176
6232,12.5104781137361,1174
6233,12.512485571713272,1178
6234,12.514493029690444,1177
6235,12.516500487667617,1166
6236,12.518507945644789,1158
6237,12.52051540362196,1163
6238,12.522522861599132,1171
6239,12.524530319576304,1172
6240,12.526537777553477,1166
6241,12.528545235530649,1159
6242,12.53055269350782,1158
6243,12.532560151484992,1172
6244,12.534567609462165,1189
6245,12.536575067439337,1186
6246,12.538582525416508,1162
6247,12.54058998339368,1147
6248,12.542597441370853,1159
6249,12.544604899348025,1176
6250,12.546612357325197,1177
6251,12.548619815302368,1169
6252,12.550627273279542,1166
6253,12.552634731256713,1172
6254,12.554642189233885,1178
6255,12.556649647211056,1175
6256,12.558657105188228,1166
6257,12.560664563165401,1165
6258,12.562672021142573,1170
6259,12.564679479119745,1168
6260,12.566686937096916,1154
6261,12.56869439507409,1138
6262,12.570701853051261,1130
6263,12.572709311028433,1130
6264,12.574716769005605,1129
6265,12.576724226982778,1120
6266,12.57873168495995,1110
6267,12.580739142937121,1110
6268,12.582746600914293,1120
6269,12.584754058891466,1133
6270,12.586761516868638,1152
6271,12.58876897484581,1172
6272,12.590776432822981,1182
6273,12.592783890800154,1176
6274,12.594791348777326,1163
6275,12.596798806754498,1160
6276,12.59880626473167,1171
6277,12.60081372270884,1187
6278,12.602821180686014,1201
6279,12.604828638663186,1200
6280,12.606836096640357,1178
6281,12.608843554617529,1149
6282,12.610851012594702,1140
6283,12.612858470571874,1161
6284,12.614865928549046,1192
6285,12.616873386526217,1208
6286,12.61888084450339,1204
6287,12.620888302480562,1195
6288,12.622895760457734,1195
6289,12.624903218434905,1202
6290,12.626910676412079,1207
6291,12.62891813438925,1202
6292,12.630925592366422,1190
6293,12.632933050343594,1179
6294,12.634940508320765,1178
6295,12.636947966297939,1189
6296,12.63895542427511,1208
6297,12.640962882252282,1228
6298,12.642970340229454,1238
6299,12.644977798206627,1234
6300,12.646985256183799,1221
6301,12.64899271416097,1215
6302,12.651000172138142,1228
6303,12.653007630115315,1243
6304,12.655015088092487,1232
6305,12.657022546069658,1194
6306,12.65903000404683,1159
6307,12.661037462024003,1143
6308,12.663044920001175,1135
6309,12.665052377978347,1126
6310,12.667059835955518,1127
6311,12.66906729393269,1141
6312,12.671074751909863,1155
6313,12.673082209887035,1158
6314,12.675089667864206,1153
6315,12.677097125841378,1146
6316,12.679104583818551,1141
6317,12.681112041795723,1144
6318,12.683119499772895,1151
6319,12.685126957750066,1150
6320,12.68713441572724,1137
6321,12.689141873704411,1123
6322,12.691149331681583,1120
6323,12.693156789658754,1126
6324,12.695164247635928,1130
6325,12.6971717056131,1126
6326,12.699179163590271,1120
6327,12.701186621567443,1122
6328,12.703194079544616,1130
6329,12.705201537521788,1134
6330,12.70720899549896,1128
6331,12.709216453476131,1119
6332,12.711223911453303,1115
6333,12.713231369430476,1115
6334,12.715238827407648,1117
6335,12.71724628538482,1112
6336,12.71925374336199,1101
6337,12.721261201339164,1095
6338,12.723268659316336,1098
6339,12.725276117293507,1101
6340,12.727283575270679,1098
6341,12.729291033247852,1099
6342,12.731298491225024,1108
6343,12.733305949202196,1122
6344,12.735313407179367,1127
6345,12.73732086515654,1117
6346,12.739328323133712,1101
6347,12.741335781110884,1095
6348,12.743343239088055,1101
6349,12.745350697065227,1103
6350,12.7473581550424,1094
6351,12.749365613019572,1082
6352,12.751373070996744,1080
6353,12.753380528973915,1089
6354,12.755387986951089,1096
6355,12.75739544492826,1094
6356,12.759402902905432,1087
6357,12.761410360882603,1088
6358,12.763417818859777,1099
6359,12.765425276836948,1109
6360,12.76743273481412,1101
6361,12.769440192791292,1079
6362,12.771447650768465,1063
6363,12.773455108745637,1064
6364,12.775462566722808,1069
6365,12.77747002469998,1067
6366,12.779477482677152,1065
6367,12.781484940654325,1076
6368,12.783492398631497,1094
6369,12.785499856608668,1099
6370,12.78750731458584,1090
6371,12.789514772563013,1087
6372,12.791522230540185,1097
6373,12.793529688517356,1115
6374,12.795537146494528,1134
6375,12.797544604471701,1143
6376,12.799552062448873,1141
6377,12.801559520426045,1141
6378,12.803566978403216,1152
6379,12.80557443638039,1167
6380,12.807581894357561,1171
6381,12.809589352334733,1166
6382,12.811596810311904,1167
6383,12.813604268289076,1173
6384,12.81561172626625,1169
6385,12.817619184243421,1153
6386,12.819626642220593,1144
6387,12.821634100197764,1148
6388,12.823641558174938,1152
6389,12.82564901615211,1148
6390,12.827656474129281,1143
6391,12.829663932106453,1144
6392,12.831671390083626,1149
6393,12.833678848060798,1153
6394,12.83568630603797,1154
6395,12.83769376401514,1151
6396,12.839701221992314,1150
6397,12.841708679969486,1156
6398,12.843716137946657,1166
6399,12.845723595923829,1185
6400,12.847731053901002,1219
6401,12.849738511878174,1252
6402,12.851745969855346,1264
6403,12.853753427832517,1264
6404,12.855760885809689,1276
6405,12.857768343786862,1295
6406,12.859775801764034,1286
6407,12.861783259741205,1238
6408,12.863790717718377,1191
6409,12.86579817569555,1181
6410,12.867805633672722,1201
6411,12.869813091649894,1206
6412,12.871820549627065,1168
6413,12.873828007604239,1098
6414,12.87583546558141,1040
6415,12.877842923558582,1018
6416,12.879850381535753,1035
6417,12.881857839512927,1073
6418,12.883865297490098,1105
6419,12.88587275546727,1105
6420,12.887880213444442,1081
6421,12.889887671421613,1065
6422,12.891895129398787,1075
6423,12.893902587375958,1096
6424,12.89591004535313,1113
6425,12.897917503330302,1131
6426,12.899924961307475,1148
6427,12.901932419284647,1150
6428,12.903939877261818,1140
6429,12.90594733523899,1130
6430,12.907954793216163,1125
6431,12.909962251193335,1121
6432,12.911969709170506,1126
6433,12.913977167147678,1142
6434,12.915984625124851,1157
6435,12.917992083102023,1158
6436,12.919999541079195,1150
6437,12.922006999056366,1150
6438,12.924014457033538,1160
6439,12.926021915010711,1161
6440,12.928029372987883,1144
6441,12.930036830965054,1128
6442,12.932044288942226,1129
6443,12.9340517469194,1141
6444,12.936059204896571,1150
6445,12.938066662873743,1144
6446,12.940074120850914,1117
6447,12.942081578828088,1071
6448,12.94408903680526,1031
6449,12.94609649478243,1015
6450,12.948103952759602,1014
6451,12.950111410736776,1014
6452,12.952118868713947,1025
6453,12.954126326691119,1056
6454,12.95613378466829,1090
6455,12.958141242645464,1106
6456,12.960148700622636,1108
6457,12.962156158599807,1109
6458,12.964163616576979,1115
6459,12.96617107455415,1118
6460,12.968178532531324,1101
6461,12.970185990508496,1058
6462,12.972193448485667,1014
6463,12.974200906462839,996
6464,12.976208364440012,994
6465,12.978215822417184,981
6466,12.980223280394355,962
6467,12.982230738371527,962
6468,12.9842381963487,978
6469,12.986245654325872,988
6470,12.988253112303044,983
6471,12.990260570280215,975
6472,12.992268028257389,977
6473,12.99427548623456,985
6474,12.996282944211732,980
6475,12.998290402188903,960
6476,13.000297860166075,942
6477,13.002305318143248,943
6478,13.00431277612042,964
6479,13.006320234097592,989
6480,13.008327692074763,995
6481,13.010335150051937,972
6482,13.012342608029108,945
6483,13.01435006600628,940
6484,13.016357523983451,947
6485,13.018364981960625,950
6486,13.020372439937796,947
6487,13.022379897914968,946
6488,13.02438735589214,949
6489,13.026394813869313,954
6490,13.028402271846485,957
6491,13.030409729823656,962
6492,13.032417187800828,991
6493,13.034424645778,1051
6494,13.036432103755173,1092
6495,13.038439561732345,1067
6496,13.040447019709516,1012
6497,13.042454477686688,991
6498,13.044461935663861,1000
6499,13.046469393641033,998
6500,13.048476851618204,979
6501,13.050484309595376,969
6502,13.05249176757255,980
6503,13.054499225549721,1004
6504,13.056506683526893,1023
6505,13.058514141504064,1024
6506,13.060521599481238,1015
6507,13.06252905745841,1010
6508,13.06453651543558,1008
6509,13.066543973412752,1015
6510,13.068551431389926,1030
6511,13.070558889367097,1029
6512,13.072566347344269,999
6513,13.07457380532144,966
6514,13.076581263298612,957
6515,13.078588721275786,966
6516,13.080596179252957,975
6517,13.082603637230129,987
6518,13.0846110952073,1008
6519,13.086618553184474,1023
6520,13.088626011161645,1007
6521,13.090633469138817,976
6522,13.092640927115989,962
6523,13.094648385093162,965
6524,13.096655843070334,966
6525,13.098663301047505,958
6526,13.100670759024677,948
6527,13.10267821700185,946
6528,13.104685674979022,955
6529,13.106693132956194,972
6530,13.108700590933365,995
6531,13.110708048910537,1026
6532,13.11271550688771,1060
6533,13.114722964864882,1079
6534,13.116730422842053,1079
6535,13.118737880819225,1071
6536,13.120745338796398,1067
6537,13.12275279677357,1069
6538,13.124760254750742,1078
6539,13.126767712727913,1093
6540,13.128775170705087,1105
6541,13.130782628682258,1108
6542,13.13279008665943,1113
6543,13.134797544636601,1125
6544,13.136805002613775,1134
6545,13.138812460590946,1128
6546,13.140819918568118,1124
6547,13.14282737654529,1150
6548,13.144834834522461,1209
6549,13.146842292499635,1261
6550,13.148849750476806,1273
6551,13.150857208453978,1247
6552,13.15286466643115,1194
6553,13.154872124408323,1122
6554,13.156879582385494,1059
6555,13.158887040362666,1039
6556,13.160894498339838,1048
6557,13.162901956317011,1047
6558,13.164909414294183,1019
6559,13.166916872271354,981
6560,13.168924330248526,958
6561,13.1709317882257,964
6562,13.172939246202871,989
6563,13.174946704180043,1015
6564,13.176954162157214,1030
6565,13.178961620134388,1042
6566,13.18096907811156,1058
6567,13.18297653608873,1076
6568,13.184983994065902,1081
6569,13.186991452043074,1068
6570,13.188998910020247,1046
6571,13.191006367997419,1030
6572,13.19301382597459,1031
6573,13.195021283951762,1041
6574,13.197028741928936,1040
6575,13.199036199906107,1021
6576,13.201043657883279,998
6577,13.20305111586045,993
6578,13.205058573837624,1006
6579,13.207066031814795,1020
6580,13.209073489791967,1032
6581,13.211080947769139,1057
6582,13.213088405746312,1101
6583,13.215095863723484,1144
6584,13.217103321700655,1158
6585,13.219110779677827,1129
6586,13.221118237654998,1082
6587,13.223125695632172,1056
6588,13.225133153609343,1056
6589,13.227140611586515,1053
6590,13.229148069563687,1029
6591,13.23115552754086,998
6592,13.233162985518032,982
6593,13.235170443495203,985
6594,13.237177901472375,999
6595,13.239185359449548,1008
6596,13.24119281742672,1008
6597,13.243200275403892,1005
6598,13.245207733381063,1004
6599,13.247215191358237,1002
6600,13.249222649335408,993
6601,13.25123010731258,977
6602,13.253237565289751,971
6603,13.255245023266923,988
6604,13.257252481244096,1014
6605,13.259259939221268,1017
6606,13.26126739719844,997
6607,13.263274855175611,978
6608,13.265282313152785,976
6609,13.267289771129956,978
6610,13.269297229107128,966
6611,13.2713046870843,943
6612,13.273312145061473,927
6613,13.275319603038644,938
6614,13.277327061015816,977
6615,13.279334518992988,1023
6616,13.281341976970161,1051
6617,13.283349434947333,1070
6618,13.285356892924504,1090
6619,13.287364350901676,1108
6620,13.28937180887885,1105
6621,13.291379266856021,1083
6622,13.293386724833193,1064
6623,13.295394182810364,1063
6624,13.297401640787536,1070
6625,13.29940909876471,1070
6626,13.30141655674188,1068
6627,13.303424014719052,1077
6628,13.305431472696224,1095
6629,13.307438930673397,1112
6630,13.309446388650569,1125
6631,13.31145384662774,1130
6632,13.313461304604912,1126
6633,13.315468762582086,1108
6634,13.317476220559257,1078
6635,13.319483678536429,1047
6636,13.3214911365136,1030
6637,13.323498594490774,1025
6638,13.325506052467945,1015
6639,13.327513510445117,998
6640,13.329520968422289,986
6641,13.33152842639946,984
6642,13.333535884376634,988
6643,13.335543342353805,995
6644,13.337550800330977,1003
6645,13.339558258308148,1014
6646,13.341565716285322,1029
6647,13.343573174262493,1038
6648,13.345580632239665,1043
6649,13.347588090216837,1051
6650,13.34959554819401,1058
6651,13.351603006171182,1058
6652,13.353610464148353,1059
6653,13.355617922125525,1070
6654,13.357625380102698,1075
6655,13.35963283807987,1051
6656,13.361640296057042,1014
6657,13.363647754034213,999
6658,13.365655212011385,1012
6659,13.367662669988558,1028
6660,13.36967012796573,1023
6661,13.371677585942901,1008
6662,13.373685043920073,1014
6663,13.375692501897246,1051
6664,13.377699959874418,1091
6665,13.37970741785159,1102
6666,13.381714875828761,1095
6667,13.383722333805935,1096
6668,13.385729791783106,1107
6669,13.387737249760278,1114
6670,13.38974470773745,1112
6671,13.391752165714623,1110
6672,13.393759623691794,1114
6673,13.395767081668966,1120
6674,13.397774539646138,1123
6675,13.399781997623311,1126
6676,13.401789455600483,1133
6677,13.403796913577654,1140
6678,13.405804371554826,1141
6679,13.407811829531997,1137
6680,13.40981928750917,1132
6681,13.411826745486342,1127
6682,13.413834203463514,1124
6683,13.415841661440686,1127
6684,13.417849119417859,1136
6685,13.41985657739503,1145
6686,13.421864035372202,1150
6687,13.423871493349374,1152
6688,13.425878951326547,1154
6689,13.427886409303719,1152
6690,13.42989386728089,1149
6691,13.431901325258062,1138
6692,13.433908783235236,1114
6693,13.435916241212407,1081
6694,13.437923699189579,1054
6695,13.43993115716675,1035
6696,13.441938615143922,1020
6697,13.443946073121095,1010
6698,13.445953531098267,1009
6699,13.447960989075439,1013
6700,13.44996844705261,1019
6701,13.451975905029784,1034
6702,13.453983363006955,1057
6703,13.455990820984127,1068
6704,13.457998278961298,1051
6705,13.460005736938472,1018
6706,13.462013194915643,993
6707,13.464020652892815,988
6708,13.466028110869987,995
6709,13.46803556884716,1007
6710,13.470043026824332,1019
6711,13.472050484801503,1034
6712,13.474057942778675,1053
6713,13.476065400755846,1069
6714,13.47807285873302,1068
6715,13.480080316710191,1043
6716,13.482087774687363,1014
6717,13.484095232664535,1008
6718,13.486102690641708,1023
6719,13.48811014861888,1033
6720,13.490117606596051,1016
6721,13.492125064573223,989
6722,13.494132522550396,990
6723,13.496139980527568,1028
6724,13.49814743850474,1063
6725,13.500154896481911,1062
6726,13.502162354459085,1044
6727,13.504169812436256,1040
6728,13.506177270413428,1044
6729,13.5081847283906,1032
6730,13.510192186367773,1014
6731,13.512199644344944,1014
6732,13.514207102322116,1029
6733,13.516214560299288,1044
6734,13.51822201827646,1052
6735,13.520229476253633,1053
6736,13.522236934230804,1054
6737,13.524244392207976,1063
6738,13.526251850185147,1068
6739,13.52825930816232,1049
6740,13.530266766139492,1007
6741,13.532274224116664,972
6742,13.534281682093836,971
6743,13.536289140071009,989
6744,13.53829659804818,993
6745,13.540304056025352,979
6746,13.542311514002524,974
6747,13.544318971979697,998
6748,13.546326429956869,1047
6749,13.54833388793404,1101
6750,13.550341345911212,1137
6751,13.552348803888384,1142
6752,13.554356261865557,1134
6753,13.556363719842729,1139
6754,13.5583711778199,1160
6755,13.560378635797072,1176
6756,13.562386093774245,1181
6757,13.564393551751417,1185
6758,13.566401009728589,1190
6759,13.56840846770576,1182
6760,13.570415925682934,1149
6761,13.572423383660105,1099
6762,13.574430841637277,1062
6763,13.576438299614448,1066
6764,13.578445757591622,1097
6765,13.580453215568793,1110
6766,13.582460673545965,1097
6767,13.584468131523137,1083
6768,13.586475589500308,1090
6769,13.588483047477482,1099
6770,13.590490505454653,1080
6771,13.592497963431825,1042
6772,13.594505421408996,1021
6773,13.59651287938617,1031
6774,13.598520337363341,1057
6775,13.600527795340513,1073
6776,13.602535253317685,1071
6777,13.604542711294858,1062
6778,13.60655016927203,1064
6779,13.608557627249201,1076
6780,13.610565085226373,1082
6781,13.612572543203546,1071
6782,13.614580001180718,1048
6783,13.61658745915789,1029
6784,13.618594917135061,1018
6785,13.620602375112234,1010
6786,13.622609833089406,1001
6787,13.624617291066578,993
6788,13.62662474904375,996
6789,13.628632207020921,1007
6790,13.630639664998094,1014
6791,13.632647122975266,1020
6792,13.634654580952438,1040
6793,13.63666203892961,1071
6794,13.638669496906783,1089
6795,13.640676954883954,1077
6796,13.642684412861126,1049
6797,13.644691870838297,1042
6798,13.64669932881547,1082
6799,13.648706786792642,1148
6800,13.650714244769814,1198
6801,13.652721702746986,1214
6802,13.654729160724159,1204
6803,13.65673661870133,1189
6804,13.658744076678502,1182
6805,13.660751534655674,1186
6806,13.662758992632845,1197
6807,13.664766450610019,1212
6808,13.66677390858719,1223
6809,13.668781366564362,1222
6810,13.670788824541534,1209
6811,13.672796282518707,1180
6812,13.674803740495879,1135
6813,13.67681119847305,1091
6814,13.678818656450222,1068
6815,13.680826114427395,1065
6816,13.682833572404567,1061
6817,13.684841030381738,1046
6818,13.68684848835891,1023
6819,13.688855946336083,994
6820,13.690863404313255,975
6821,13.692870862290427,976
6822,13.694878320267598,996
6823,13.69688577824477,1024
6824,13.698893236221943,1043
6825,13.700900694199115,1037
6826,13.702908152176287,1014
6827,13.704915610153458,994
6828,13.706923068130632,990
6829,13.708930526107803,997
6830,13.710937984084975,1001
6831,13.712945442062146,994
6832,13.71495290003932,988
6833,13.716960358016491,992
6834,13.718967815993663,1004
6835,13.720975273970835,1013
6836,13.722982731948008,1013
6837,13.72499018992518,1008
6838,13.726997647902351,997
6839,13.729005105879523,979
6840,13.731012563856696,965
6841,13.733020021833868,968
6842,13.73502747981104,987
6843,13.737034937788211,1003
6844,13.739042395765383,1001
6845,13.741049853742556,987
6846,13.743057311719728,981
6847,13.7450647696969,987
6848,13.74707222767407,1003
6849,13.749079685651244,1032
6850,13.751087143628416,1075
6851,13.753094601605587,1117
6852,13.755102059582759,1148
6853,13.757109517559932,1173
6854,13.759116975537104,1189
6855,13.761124433514276,1189
6856,13.763131891491447,1182
6857,13.76513934946862,1183
6858,13.767146807445792,1194
6859,13.769154265422964,1204
6860,13.771161723400136,1206
6861,13.773169181377307,1195
6862,13.77517663935448,1180
6863,13.777184097331652,1178
6864,13.779191555308824,1184
6865,13.781199013285995,1182
6866,13.783206471263169,1171
6867,13.78521392924034,1167
6868,13.787221387217512,1178
6869,13.789228845194684,1191
6870,13.791236303171857,1189
6871,13.793243761149029,1172
6872,13.7952512191262,1160
6873,13.797258677103372,1159
6874,13.799266135080545,1160
6875,13.801273593057717,1159
6876,13.803281051034888,1169
6877,13.80528850901206,1188
6878,13.807295966989232,1186
6879,13.809303424966405,1135
6880,13.811310882943577,1061
6881,13.813318340920748,1013
6882,13.81532579889792,1011
6883,13.817333256875093,1029
6884,13.819340714852265,1044
6885,13.821348172829437,1052
6886,13.823355630806608,1049
6887,13.825363088783782,1036
6888,13.827370546760953,1038
6889,13.829378004738125,1070
6890,13.831385462715296,1111
6891,13.83339292069247,1137
6892,13.835400378669641,1152
6893,13.837407836646813,1169
6894,13.839415294623985,1188
6895,13.841422752601158,1207
6896,13.84343021057833,1227
6897,13.845437668555501,1239
6898,13.847445126532673,1236
6899,13.849452584509844,1222
6900,13.851460042487018,1208
6901,13.85346750046419,1201
6902,13.855474958441361,1205
6903,13.857482416418533,1211
6904,13.859489874395706,1201
6905,13.861497332372878,1171
6906,13.86350479035005,1141
6907,13.86551224832722,1138
6908,13.867519706304394,1156
6909,13.869527164281566,1168
6910,13.871534622258737,1163
6911,13.873542080235909,1151
6912,13.875549538213082,1146
6913,13.877556996190254,1140
6914,13.879564454167426,1127
6915,13.881571912144597,1110
6916,13.883579370121769,1101
6917,13.885586828098942,1105
6918,13.887594286076114,1115
6919,13.889601744053286,1119
6920,13.891609202030457,1110
6921,13.89361666000763,1097
6922,13.895624117984802,1093
6923,13.897631575961974,1096
6924,13.899639033939145,1092
6925,13.901646491916319,1075
6926,13.90365394989349,1065
6927,13.905661407870662,1090
6928,13.907668865847834,1140
6929,13.909676323825007,1168
6930,13.911683781802179,1143
6931,13.91369123977935,1102
6932,13.915698697756522,1096
6933,13.917706155733693,1128
6934,13.919713613710867,1155
6935,13.921721071688038,1144
6936,13.92372852966521,1106
6937,13.925735987642382,1067
6938,13.927743445619555,1047
6939,13.929750903596727,1046
6940,13.931758361573898,1053
6941,13.93376581955107,1064
6942,13.935773277528243,1078
6943,13.937780735505415,1090
6944,13.939788193482586,1086
6945,13.941795651459758,1074
6946,13.943803109436931,1064
6947,13.945810567414103,1043
6948,13.947818025391275,1008
6949,13.949825483368446,995
6950,13.951832941345618,1023
6951,13.953840399322791,1065
6952,13.955847857299963,1085
6953,13.957855315277135,1070
6954,13.959862773254306,1043
6955,13.96187023123148,1032
6956,13.963877689208651,1044
6957,13.965885147185823,1054
6958,13.967892605162994,1032
6959,13.969900063140168,990
6960,13.97190752111734,966
6961,13.973914979094511,972
6962,13.975922437071683,997
6963,13.977929895048856,1024
6964,13.979937353026028,1043
6965,13.9819448110032,1052
6966,13.98395226898037,1060
6967,13.985959726957544,1074
6968,13.987967184934716,1083
6969,13.989974642911887,1071
6970,13.991982100889059,1035
6971,13.99398955886623,994
6972,13.995997016843404,973
6973,13.998004474820576,973
6974,14.000011932797747,974
6975,14.002019390774919,961
6976,14.004026848752092,946
6977,14.006034306729264,949
6978,14.008041764706435,967
6979,14.010049222683607,982
6980,14.01205668066078,982
6981,14.014064138637952,972
6982,14.016071596615124,966
6983,14.018079054592295,976
6984,14.020086512569469,995
6985,14.02209397054664,1023
6986,14.024101428523812,1068
6987,14.026108886500984,1124
6988,14.028116344478155,1169
6989,14.030123802455329,1186
6990,14.0321312604325,1164
6991,14.034138718409672,1116
6992,14.036146176386843,1086
6993,14.038153634364017,1109
6994,14.040161092341188,1157
6995,14.04216855031836,1171
6996,14.044176008295532,1141
6997,14.046183466272705,1105
6998,14.048190924249877,1088
6999,14.050198382227048,1082
7000,14.05220584020422,1083
7001,14.054213298181393,1092
7002,14.056220756158565,1093
7003,14.058228214135736,1067
7004,14.060235672112908,1038
7005,14.06224313009008,1043
7006,14.064250588067253,1083
7007,14.066258046044425,1129
7008,14.068265504021596,1161
7009,14.070272961998768,1174
7010,14.072280419975941,1176
7011,14.074287877953113,1183
7012,14.076295335930284,1201
7013,14.078302793907456,1217
7014,14.08031025188463,1215
7015,14.082317709861801,1191
7016,14.084325167838973,1156
7017,14.086332625816144,1114
7018,14.088340083793318,1062
7019,14.09034754177049,1018
7020,14.092354999747661,1009
7021,14.094362457724833,1044
7022,14.096369915702006,1087
7023,14.098377373679178,1088
7024,14.10038483165635,1037
7025,14.10239228963352,973
7026,14.104399747610692,944
7027,14.106407205587866,959
7028,14.108414663565037,992
7029,14.110422121542209,1023
7030,14.11242957951938,1054
7031,14.114437037496554,1080
7032,14.116444495473726,1091
7033,14.118451953450897,1089
7034,14.120459411428069,1086
7035,14.122466869405242,1092
7036,14.124474327382414,1104
7037,14.126481785359585,1115
7038,14.128489243336757,1120
7039,14.13049670131393,1116
7040,14.132504159291102,1091
7041,14.134511617268274,1046
7042,14.136519075245445,1012
7043,14.138526533222617,1017
7044,14.14053399119979,1046
7045,14.142541449176962,1064
7046,14.144548907154133,1070
7047,14.146556365131305,1082
7048,14.148563823108478,1092
7049,14.15057128108565,1073
7050,14.152578739062822,1031
7051,14.154586197039993,1010
7052,14.156593655017167,1043
7053,14.158601112994338,1098
7054,14.16060857097151,1118
7055,14.162616028948682,1083
7056,14.164623486925855,1026
7057,14.166630944903027,985
7058,14.168638402880198,985
7059,14.17064586085737,1030
7060,14.172653318834541,1090
7061,14.174660776811715,1114
7062,14.176668234788886,1089
7063,14.178675692766058,1051
7064,14.18068315074323,1039
7065,14.182690608720403,1048
7066,14.184698066697575,1061
7067,14.186705524674746,1075
7068,14.188712982651918,1096
7069,14.190720440629091,1115
7070,14.192727898606263,1115
7071,14.194735356583434,1101
7072,14.196742814560606,1088
7073,14.19875027253778,1086
7074,14.200757730514951,1089
7075,14.202765188492123,1092
7076,14.204772646469294,1096
7077,14.206780104446468,1104
7078,14.20878756242364,1112
7079,14.21079502040081,1114
7080,14.212802478377982,1110
7081,14.214809936355154,1103
7082,14.216817394332327,1097
7083,14.218824852309499,1097
7084,14.22083231028667,1107
7085,14.222839768263842,1121
7086,14.224847226241016,1129
7087,14.226854684218187,1129
7088,14.228862142195359,1129
7089,14.23086960017253,1131
7090,14.232877058149704,1134
7091,14.234884516126876,1138
7092,14.236891974104047,1143
7093,14.238899432081219,1143
7094,14.240906890058392,1132
7095,14.242914348035564,1114
7096,14.244921806012735,1103
7097,14.246929263989907,1105
7098,14.248936721967079,1107
7099,14.250944179944252,1098
7100,14.252951637921424,1077
7101,14.254959095898595,1050
7102,14.256966553875767,1035
7103,14.25897401185294,1036
7104,14.260981469830112,1039
7105,14.262988927807283,1034
7106,14.264996385784455,1023
7107,14.267003843761628,1020
7108,14.2690113017388,1034
7109,14.271018759715972,1052
7110,14.273026217693143,1058
7111,14.275033675670317,1061
7112,14.277041133647488,1081
7113,14.27904859162466,1112
7114,14.281056049601832,1130
7115,14.283063507579003,1123
7116,14.285070965556177,1107
7117,14.287078423533348,1101
7118,14.28908588151052,1099
7119,14.291093339487691,1092
7120,14.293100797464865,1081
7121,14.295108255442036,1076
7122,14.297115713419208,1078
7123,14.29912317139638,1086
7124,14.301130629373553,1089
7125,14.303138087350725,1086
7126,14.305145545327896,1083
7127,14.307153003305068,1089
7128,14.309160461282241,1105
7129,14.311167919259413,1115
7130,14.313175377236584,1109
7131,14.315182835213756,1098
7132,14.31719029319093,1103
7133,14.319197751168101,1120
7134,14.321205209145273,1132
7135,14.323212667122444,1125
7136,14.325220125099616,1112
7137,14.32722758307679,1110
7138,14.32923504105396,1118
7139,14.331242499031132,1124
7140,14.333249957008304,1120
7141,14.335257414985477,1104
7142,14.337264872962649,1086
7143,14.33927233093982,1083
7144,14.341279788916992,1098
7145,14.343287246894166,1115
7146,14.345294704871337,1115
7147,14.347302162848509,1104
7148,14.34930962082568,1102
7149,14.351317078802854,1114
7150,14.353324536780026,1131
7151,14.355331994757197,1139
7152,14.357339452734369,1137
7153,14.35934691071154,1128
7154,14.361354368688714,1113
7155,14.363361826665885,1103
7156,14.365369284643057,1106
7157,14.367376742620229,1120
7158,14.369384200597402,1134
7159,14.371391658574574,1139
7160,14.373399116551745,1137
7161,14.375406574528917,1131
7162,14.37741403250609,1119
7163,14.379421490483262,1101
7164,14.381428948460433,1086
7165,14.383436406437605,1078
7166,14.385443864414778,1078
7167,14.38745132239195,1087
7168,14.389458780369122,1100
7169,14.391466238346293,1107
7170,14.393473696323465,1103
7171,14.395481154300638,1093
7172,14.39748861227781,1091
7173,14.399496070254981,1101
7174,14.401503528232153,1117
7175,14.403510986209326,1127
7176,14.405518444186498,1121
7177,14.40752590216367,1100
7178,14.409533360140841,1076
7179,14.411540818118015,1060
7180,14.413548276095186,1053
7181,14.415555734072358,1051
7182,14.41756319204953,1051
7183,14.419570650026703,1055
7184,14.421578108003875,1059
7185,14.423585565981046,1051
7186,14.425593023958218,1023
7187,14.427600481935391,990
7188,14.429607939912563,982
7189,14.431615397889734,1000
7190,14.433622855866906,1012
7191,14.435630313844078,995
7192,14.437637771821251,970
7193,14.439645229798423,978
7194,14.441652687775594,1023
7195,14.443660145752766,1068
7196,14.44566760372994,1079
7197,14.44767506170711,1068
7198,14.449682519684282,1059
7199,14.451689977661454,1062
7200,14.453697435638627,1073
7201,14.455704893615799,1087
7202,14.45771235159297,1103
7203,14.459719809570142,1112
7204,14.461727267547316,1108
7205,14.463734725524487,1098
7206,14.465742183501659,1100
7207,14.46774964147883,1117
7208,14.469757099456002,1131
7209,14.471764557433175,1130
7210,14.473772015410347,1123
7211,14.475779473387519,1129
7212,14.47778693136469,1151
7213,14.479794389341864,1172
7214,14.481801847319035,1177
7215,14.483809305296207,1170
7216,14.485816763273379,1169
7217,14.487824221250552,1182
7218,14.489831679227724,1202
7219,14.491839137204895,1214
7220,14.493846595182067,1212
7221,14.49585405315924,1202
7222,14.497861511136412,1193
7223,14.499868969113583,1196
7224,14.501876427090755,1206
7225,14.503883885067927,1209
7226,14.5058913430451,1207
7227,14.507898801022272,1208
7228,14.509906258999443,1210
7229,14.511913716976615,1203
7230,14.513921174953788,1196
7231,14.51592863293096,1195
7232,14.517936090908131,1200
7233,14.519943548885303,1207
7234,14.521951006862476,1209
7235,14.523958464839648,1197
7236,14.52596592281682,1178
7237,14.527973380793991,1156
7238,14.529980838771165,1126
7239,14.531988296748336,1096
7240,14.533995754725508,1083
7241,14.53600321270268,1086
7242,14.538010670679853,1087
7243,14.540018128657024,1070
7244,14.542025586634196,1038
7245,14.544033044611368,1008
7246,14.54604050258854,999
7247,14.548047960565713,1012
7248,14.550055418542884,1031
7249,14.552062876520056,1043
7250,14.554070334497228,1060
7251,14.556077792474401,1086
7252,14.558085250451573,1099
7253,14.560092708428744,1074
7254,14.562100166405916,1017
7255,14.56410762438309,968
7256,14.56611508236026,956
7257,14.568122540337432,970
7258,14.570129998314604,983
7259,14.572137456291777,975
7260,14.574144914268949,949
7261,14.57615237224612,929
7262,14.578159830223292,938
7263,14.580167288200464,981
7264,14.582174746177637,1041
7265,14.584182204154809,1087
7266,14.58618966213198,1107
7267,14.588197120109152,1114
7268,14.590204578086325,1121
7269,14.592212036063497,1129
7270,14.594219494040669,1134
7271,14.59622695201784,1133
7272,14.598234409995014,1127
7273,14.600241867972185,1119
7274,14.602249325949357,1098
7275,14.604256783926528,1062
7276,14.606264241903702,1044
7277,14.608271699880873,1069
7278,14.610279157858045,1096
7279,14.612286615835217,1074
7280,14.614294073812388,1014
7281,14.616301531789562,977
7282,14.618308989766733,995
7283,14.620316447743905,1054
7284,14.622323905721077,1108
7285,14.62433136369825,1120
7286,14.626338821675422,1092
7287,14.628346279652593,1059
7288,14.630353737629765,1065
7289,14.632361195606938,1099
7290,14.63436865358411,1096
7291,14.636376111561281,1033
7292,14.638383569538453,964
7293,14.640391027515626,935
7294,14.642398485492798,931
7295,14.64440594346997,926
7296,14.646413401447141,924
7297,14.648420859424315,937
7298,14.650428317401486,967
7299,14.652435775378658,1005
7300,14.65444323335583,1036
7301,14.656450691333001,1054
7302,14.658458149310174,1063
7303,14.660465607287346,1070
7304,14.662473065264518,1068
7305,14.66448052324169,1048
7306,14.666487981218863,1019
7307,14.668495439196034,1003
7308,14.670502897173206,1000
7309,14.672510355150377,996
7310,14.67451781312755,984
7311,14.676525271104722,971
7312,14.678532729081894,971
7313,14.680540187059066,986
7314,14.682547645036239,1001
7315,14.68455510301341,1000
7316,14.686562560990582,984
7317,14.688570018967754,969
7318,14.690577476944926,970
7319,14.692584934922099,994
7320,14.69459239289927,1023
7321,14.696599850876442,1032
7322,14.698607308853614,1036
7323,14.700614766830787,1055
7324,14.702622224807959,1082
7325,14.70462968278513,1099
7326,14.706637140762302,1110
7327,14.708644598739475,1122
7328,14.710652056716647,1123
7329,14.712659514693819,1100
7330,14.71466697267099,1063
7331,14.716674430648164,1037
7332,14.718681888625335,1025
7333,14.720689346602507,1009
7334,14.722696804579678,980
7335,14.72470426255685,955
7336,14.726711720534023,951
7337,14.728719178511195,976
7338,14.730726636488367,1017
7339,14.732734094465538,1055
7340,14.734741552442712,1076
7341,14.736749010419883,1084
7342,14.738756468397055,1094
7343,14.740763926374227,1110
7344,14.7427713843514,1121
7345,14.744778842328571,1119
7346,14.746786300305743,1110
7347,14.748793758282915,1106
7348,14.750801216260088,1109
7349,14.75280867423726,1109
7350,14.754816132214431,1098
7351,14.756823590191603,1086
7352,14.758831048168776,1089
7353,14.760838506145948,1106
7354,14.76284596412312,1126
7355,14.764853422100291,1145
7356,14.766860880077463,1159
7357,14.768868338054636,1164
7358,14.770875796031808,1161
7359,14.77288325400898,1163
7360,14.774890711986151,1175
7361,14.776898169963324,1194
7362,14.778905627940496,1211
7363,14.780913085917668,1216
7364,14.78292054389484,1208
7365,14.784928001872013,1198
7366,14.786935459849184,1197
7367,14.788942917826356,1202
7368,14.790950375803527,1207
7369,14.7929578337807,1211
7370,14.794965291757872,1215
7371,14.796972749735044,1214
7372,14.798980207712216,1215
7373,14.800987665689387,1223
7374,14.80299512366656,1232
7375,14.805002581643732,1230
7376,14.807010039620904,1215
7377,14.809017497598076,1203
7378,14.811024955575249,1201
7379,14.81303241355242,1202
7380,14.815039871529592,1196
7381,14.817047329506764,1185
7382,14.819054787483937,1177
7383,14.821062245461109,1171
7384,14.82306970343828,1160
7385,14.825077161415452,1142
7386,14.827084619392625,1123
7387,14.829092077369797,1116
7388,14.831099535346969,1121
7389,14.83310699332414,1118
7390,14.835114451301312,1093
7391,14.837121909278485,1059
7392,14.839129367255657,1043
7393,14.841136825232828,1051
7394,14.84314428321,1065
7395,14.845151741187173,1078
7396,14.847159199164345,1099
7397,14.849166657141517,1127
7398,14.851174115118688,1151
7399,14.853181573095862,1161
7400,14.855189031073033,1160
7401,14.857196489050205,1154
7402,14.859203947027376,1144
7403,14.86121140500455,1129
7404,14.863218862981721,1104
7405,14.865226320958893,1071
7406,14.867233778936065,1046
7407,14.869241236913238,1036
7408,14.87124869489041,1032
7409,14.873256152867581,1028
7410,14.875263610844753,1026
7411,14.877271068821925,1027
7412,14.879278526799098,1032
7413,14.88128598477627,1049
7414,14.883293442753441,1089
7415,14.885300900730613,1144
7416,14.887308358707786,1190
7417,14.889315816684958,1209
7418,14.89132327466213,1208
7419,14.893330732639301,1207
7420,14.895338190616474,1220
7421,14.897345648593646,1239
7422,14.899353106570818,1251
7423,14.90136056454799,1249
7424,14.903368022525163,1230
7425,14.905375480502334,1202
7426,14.907382938479506,1183
7427,14.909390396456677,1177
7428,14.911397854433849,1177
7429,14.913405312411022,1171
7430,14.915412770388194,1156
7431,14.917420228365366,1135
7432,14.919427686342537,1115
7433,14.92143514431971,1107
7434,14.923442602296882,1117
7435,14.925450060274054,1126
7436,14.927457518251225,1117
7437,14.929464976228399,1097
7438,14.93147243420557,1082
7439,14.933479892182742,1072
7440,14.935487350159914,1051
7441,14.937494808137087,1021
7442,14.939502266114259,1010
7443,14.94150972409143,1024
7444,14.943517182068602,1034
7445,14.945524640045774,1019
7446,14.947532098022947,994
7447,14.949539556000119,983
7448,14.95154701397729,990
7449,14.953554471954462,1010
7450,14.955561929931635,1046
7451,14.957569387908807,1092
7452,14.959576845885978,1126
7453,14.96158430386315,1134
7454,14.963591761840323,1130
7455,14.965599219817495,1136
7456,14.967606677794667,1148
7457,14.969614135771838,1149
7458,14.971621593749012,1130
7459,14.973629051726183,1105
7460,14.975636509703355,1096
7461,14.977643967680526,1108
7462,14.979651425657698,1123
7463,14.981658883634871,1123
7464,14.983666341612043,1115
7465,14.985673799589215,1111
7466,14.987681257566386,1113
7467,14.98968871554356,1124
7468,14.991696173520731,1141
7469,14.993703631497903,1152
7470,14.995711089475074,1143
7471,14.997718547452248,1120
7472,14.99972600542942,1104
7473,15.001733463406591,1112
7474,15.003740921383763,1132
7475,15.005748379360936,1138
7476,15.007755837338108,1129
7477,15.00976329531528,1126
7478,15.011770753292451,1136
7479,15.013778211269624,1143
7480,15.015785669246796,1140
7481,15.017793127223968,1134
7482,15.01980058520114,1135
7483,15.02180804317831,1143
7484,15.023815501155484,1150
7485,15.025822959132656,1153
7486,15.027830417109827,1153
7487,15.029837875086999,1152
7488,15.031845333064172,1152
7489,15.033852791041344,1153
7490,15.035860249018516,1155
7491,15.037867706995687,1152
7492,15.03987516497286,1144
7493,15.041882622950032,1140
7494,15.043890080927204,1141
7495,15.045897538904375,1140
7496,15.047904996881549,1134
7497,15.04991245485872,1131
7498,15.051919912835892,1139
7499,15.053927370813064,1156
7500,15.055934828790235,1165
7501,15.057942286767409,1151
7502,15.05994974474458,1123
7503,15.061957202721752,1103
7504,15.063964660698923,1095
7505,15.065972118676097,1093
7506,15.067979576653268,1092
7507,15.06998703463044,1093
7508,15.071994492607612,1100
7509,15.074001950584785,1113
7510,15.076009408561957,1125
7511,15.078016866539128,1131
7512,15.0800243245163,1139
7513,15.082031782493473,1153
7514,15.084039240470645,1162
7515,15.086046698447817,1157
7516,15.088054156424988,1146
7517,15.09006161440216,1142
7518,15.092069072379333,1145
7519,15.094076530356505,1142
7520,15.096083988333676,1131
7521,15.098091446310848,1120
7522,15.100098904288021,1117
7523,15.102106362265193,1118
7524,15.104113820242365,1117
7525,15.106121278219536,1112
7526,15.10812873619671,1110
7527,15.110136194173881,1115
7528,15.112143652151053,1123
7529,15.114151110128224,1134
7530,15.116158568105398,1143
7531,15.11816602608257,1139
7532,15.120173484059741,1127
7533,15.122180942036913,1125
7534,15.124188400014086,1134
7535,15.126195857991258,1136
7536,15.12820331596843,1114
7537,15.1302107739456,1071
7538,15.132218231922772,1034
7539,15.134225689899946,1019
7540,15.136233147877117,1015
7541,15.138240605854289,1007
7542,15.14024806383146,996
7543,15.142255521808634,993
7544,15.144262979785806,998
7545,15.146270437762977,999
7546,15.148277895740149,986
7547,15.150285353717322,965
7548,15.152292811694494,952
7549,15.154300269671666,951
7550,15.156307727648837,950
7551,15.15831518562601,939
7552,15.160322643603182,922
7553,15.162330101580354,916
7554,15.164337559557525,925
7555,15.166345017534697,944
7556,15.16835247551187,974
7557,15.170359933489042,1026
7558,15.172367391466214,1084
7559,15.174374849443385,1098
7560,15.176382307420559,1044
7561,15.17838976539773,972
7562,15.180397223374902,961
7563,15.182404681352073,1023
7564,15.184412139329247,1081
7565,15.186419597306418,1057
7566,15.18842705528359,970
7567,15.190434513260762,905
7568,15.192441971237935,901
7569,15.194449429215107,929
7570,15.196456887192278,957
7571,15.19846434516945,979
7572,15.200471803146621,997
7573,15.202479261123795,1002
7574,15.204486719100966,990
7575,15.206494177078138,968
7576,15.20850163505531,956
7577,15.210509093032483,962
7578,15.212516551009655,976
7579,15.214524008986826,984
7580,15.216531466963998,985
7581,15.218538924941171,986
7582,15.220546382918343,987
7583,15.222553840895515,984
7584,15.224561298872686,978
7585,15.22656875684986,979
7586,15.228576214827031,987
7587,15.230583672804203,988
7588,15.232591130781374,973
7589,15.234598588758548,946
7590,15.23660604673572,928
7591,15.238613504712891,925
7592,15.240620962690063,932
7593,15.242628420667234,947
7594,15.244635878644408,970
7595,15.24664333662158,987
7596,15.24865079459875,982
7597,15.250658252575922,972
7598,15.252665710553096,990
7599,15.254673168530267,1029
7600,15.256680626507439,1044
7601,15.25868808448461,1020
7602,15.260695542461784,986
7603,15.262703000438956,974
7604,15.264710458416127,982
7605,15.266717916393299,988
7606,15.268725374370472,983
7607,15.270732832347644,979
7608,15.272740290324816,988
7609,15.274747748301987,997
7610,15.276755206279159,989
7611,15.278762664256332,967
7612,15.280770122233504,954
7613,15.282777580210675,960
7614,15.284785038187847,970
7615,15.28679249616502,972
7616,15.288799954142192,973
7617,15.290807412119364,983
7618,15.292814870096535,994
7619,15.294822328073709,1001
7620,15.29682978605088,1012
7621,15.298837244028052,1027
7622,15.300844702005223,1041
7623,15.302852159982397,1046
7624,15.304859617959568,1032
7625,15.30686707593674,1002
7626,15.308874533913912,974
7627,15.310881991891083,967
7628,15.312889449868257,975
7629,15.314896907845428,978
7630,15.3169043658226,970
7631,15.318911823799771,961
7632,15.320919281776945,964
7633,15.322926739754116,977
7634,15.324934197731288,992
7635,15.32694165570846,1001
7636,15.328949113685633,1009
7637,15.330956571662805,1024
7638,15.332964029639976,1039
7639,15.334971487617148,1042
7640,15.336978945594321,1037
7641,15.338986403571493,1038
7642,15.340993861548665,1045
7643,15.343001319525836,1046
7644,15.34500877750301,1031
7645,15.347016235480181,1007
7646,15.349023693457353,988
7647,15.351031151434524,979
7648,15.353038609411696,975
7649,15.35504606738887,975
7650,15.357053525366041,978
7651,15.359060983343213,976
7652,15.361068441320384,975
7653,15.363075899297558,984
7654,15.36508335727473,1001
7655,15.3670908152519,1017
7656,15.369098273229072,1030
7657,15.371105731206246,1036
7658,15.373113189183417,1026
7659,15.375120647160589,1004
7660,15.37712810513776,984
7661,15.379135563114934,975
7662,15.381143021092106,974
7663,15.383150479069277,975
7664,15.385157937046449,980
7665,15.38716539502362,996
7666,15.389172853000794,1017
7667,15.391180310977965,1021
7668,15.393187768955137,1001
7669,15.395195226932309,978
7670,15.397202684909482,978
7671,15.399210142886654,1003
7672,15.401217600863825,1031
7673,15.403225058840997,1025
7674,15.40523251681817,980
7675,15.407239974795342,933
7676,15.409247432772514,919
7677,15.411254890749685,932
7678,15.413262348726859,951
7679,15.41526980670403,975
7680,15.417277264681202,1007
7681,15.419284722658373,1040
7682,15.421292180635545,1062
7683,15.423299638612718,1063
7684,15.42530709658989,1038
7685,15.427314554567062,995
7686,15.429322012544233,961
7687,15.431329470521407,957
7688,15.433336928498578,972
7689,15.43534438647575,973
7690,15.437351844452921,945
7691,15.439359302430095,915
7692,15.441366760407266,926
7693,15.443374218384438,986
7694,15.44538167636161,1052
7695,15.447389134338783,1086
7696,15.449396592315955,1093
7697,15.451404050293126,1104
7698,15.453411508270298,1122
7699,15.455418966247471,1119
7700,15.457426424224643,1074
7701,15.459433882201814,1016
7702,15.461441340178986,985
7703,15.463448798156158,986
7704,15.465456256133331,998
7705,15.467463714110503,998
7706,15.469471172087674,983
7707,15.471478630064846,969
7708,15.47348608804202,972
7709,15.475493546019191,990
7710,15.477501003996363,1006
7711,15.479508461973534,1016
7712,15.481515919950708,1036
7713,15.48352337792788,1062
7714,15.48553083590505,1061
7715,15.487538293882222,1020
7716,15.489545751859396,977
7717,15.491553209836567,970
7718,15.493560667813739,995
7719,15.49556812579091,1017
7720,15.497575583768082,1005
7721,15.499583041745256,969
7722,15.501590499722427,943
7723,15.503597957699599,947
7724,15.50560541567677,966
7725,15.507612873653944,978
7726,15.509620331631115,978
7727,15.511627789608287,973
7728,15.513635247585459,973
7729,15.515642705562632,981
7730,15.517650163539804,1006
7731,15.519657621516975,1043
7732,15.521665079494147,1063
7733,15.52367253747132,1044
7734,15.525679995448492,1009
7735,15.527687453425663,994
7736,15.529694911402835,1004
7737,15.531702369380007,1023
7738,15.53370982735718,1035
7739,15.535717285334352,1032
7740,15.537724743311523,1019
7741,15.539732201288695,1008
7742,15.541739659265868,1020
7743,15.54374711724304,1062
7744,15.545754575220212,1111
7745,15.547762033197383,1134
7746,15.549769491174557,1134
7747,15.551776949151728,1135
7748,15.5537844071289,1150
7749,15.555791865106071,1167
7750,15.557799323083245,1170
7751,15.559806781060416,1159
7752,15.561814239037588,1143
7753,15.56382169701476,1135
7754,15.565829154991933,1123
7755,15.567836612969105,1090
7756,15.569844070946276,1041
7757,15.571851528923448,1009
7758,15.57385898690062,1014
7759,15.575866444877793,1047
7760,15.577873902854964,1071
7761,15.579881360832136,1060
7762,15.581888818809308,1028
7763,15.583896276786481,1007
7764,15.585903734763653,1012
7765,15.587911192740824,1028
7766,15.589918650717996,1035
7767,15.59192610869517,1034
7768,15.59393356667234,1036
7769,15.595941024649512,1038
7770,15.597948482626684,1024
7771,15.599955940603857,995
7772,15.601963398581029,979
7773,15.6039708565582,993
7774,15.605978314535372,1023
7775,15.607985772512544,1038
7776,15.609993230489717,1036
7777,15.612000688466889,1042
7778,15.61400814644406,1069
7779,15.616015604421232,1100
7780,15.618023062398406,1105
7781,15.620030520375577,1077
7782,15.622037978352749,1045
7783,15.62404543632992,1045
7784,15.626052894307094,1076
7785,15.628060352284265,1108
7786,15.630067810261437,1118
7787,15.632075268238609,1113
7788,15.634082726215782,1109
7789,15.636090184192954,1110
7790,15.638097642170125,1109
7791,15.640105100147297,1104
7792,15.642112558124468,1100
7793,15.644120016101642,1104
7794,15.646127474078813,1111
7795,15.648134932055985,1107
7796,15.650142390033157,1095
7797,15.65214984801033,1080
7798,15.654157305987502,1057
7799,15.656164763964673,1028
7800,15.658172221941845,1007
7801,15.660179679919018,1000
7802,15.66218713789619,1002
7803,15.664194595873361,1006
7804,15.666202053850533,1009
7805,15.668209511827706,1010
7806,15.670216969804878,1003
7807,15.67222442778205,993
7808,15.674231885759221,990
7809,15.676239343736395,1005
7810,15.678246801713566,1042
7811,15.680254259690738,1089
7812,15.68226171766791,1119
7813,15.684269175645081,1114
7814,15.686276633622255,1075
7815,15.688284091599426,1032
7816,15.690291549576598,1017
7817,15.69229900755377,1028
7818,15.694306465530943,1034
7819,15.696313923508114,1021
7820,15.698321381485286,999
7821,15.700328839462458,980
7822,15.702336297439631,969
7823,15.704343755416803,968
7824,15.706351213393974,976
7825,15.708358671371146,990
7826,15.71036612934832,1001
7827,15.71237358732549,1003
7828,15.714381045302662,996
7829,15.716388503279834,982
7830,15.718395961257006,964
7831,15.720403419234179,950
7832,15.72241087721135,952
7833,15.724418335188522,966
7834,15.726425793165694,972
7835,15.728433251142867,967
7836,15.730440709120039,965
7837,15.73244816709721,968
7838,15.734455625074382,959
7839,15.736463083051556,934
7840,15.738470541028727,917
7841,15.740477999005899,923
7842,15.74248545698307,943
7843,15.744492914960244,959
7844,15.746500372937415,960
7845,15.748507830914587,964
7846,15.750515288891759,996
7847,15.75252274686893,1047
7848,15.754530204846104,1081
7849,15.756537662823275,1087
7850,15.758545120800447,1070
7851,15.760552578777618,1036
7852,15.762560036754792,1001
7853,15.764567494731963,987
7854,15.766574952709135,990
7855,15.768582410686307,985
7856,15.77058986866348,964
7857,15.772597326640652,948
7858,15.774604784617823,952
7859,15.776612242594995,968
7860,15.778619700572168,975
7861,15.78062715854934,968
7862,15.782634616526511,959
7863,15.784642074503683,962
7864,15.786649532480856,972
7865,15.788656990458028,971
7866,15.7906644484352,956
7867,15.792671906412371,938
7868,15.794679364389543,933
7869,15.796686822366716,947
7870,15.798694280343888,961
7871,15.80070173832106,956
7872,15.802709196298231,938
7873,15.804716654275405,929
7874,15.806724112252576,933
7875,15.808731570229748,940
7876,15.81073902820692,947
7877,15.812746486184093,954
7878,15.814753944161264,953
7879,15.816761402138436,938
7880,15.818768860115608,922
7881,15.820776318092781,920
7882,15.822783776069953,930
7883,15.824791234047124,945
7884,15.826798692024296,974
7885,15.828806150001467,1023
7886,15.83081360797864,1059
7887,15.832821065955812,1064
7888,15.834828523932984,1058
7889,15.836835981910156,1068
7890,15.838843439887329,1090
7891,15.8408508978645,1102
7892,15.842858355841672,1101
7893,15.844865813818844,1091
7894,15.846873271796017,1073
7895,15.848880729773189,1044
7896,15.85088818775036,1018
7897,15.852895645727532,1012
7898,15.854903103704705,1026
7899,15.856910561681877,1046
7900,15.858918019659049,1059
7901,15.86092547763622,1069
7902,15.862932935613392,1080
7903,15.864940393590565,1088
7904,15.866947851567737,1084
7905,15.868955309544909,1069
7906,15.87096276752208,1055
7907,15.872970225499254,1052
7908,15.874977683476425,1068
7909,15.876985141453597,1093
7910,15.878992599430768,1104
7911,15.881000057407942,1086
7912,15.883007515385113,1053
7913,15.885014973362285,1034
7914,15.887022431339457,1033
7915,15.88902988931663,1033
7916,15.891037347293802,1021
7917,15.893044805270973,1005
7918,15.895052263248145,991
7919,15.897059721225318,982
7920,15.89906717920249,986
7921,15.901074637179661,1003
7922,15.903082095156833,1023
7923,15.905089553134005,1026
7924,15.907097011111178,1013
7925,15.90910446908835,991
7926,15.911111927065521,978
7927,15.913119385042693,993
7928,15.915126843019866,1034
7929,15.917134300997038,1062
7930,15.91914175897421,1040
7931,15.921149216951381,985
7932,15.923156674928554,953
7933,15.925164132905726,974
7934,15.927171590882898,1034
7935,15.92917904886007,1084
7936,15.931186506837243,1078
7937,15.933193964814414,1030
7938,15.935201422791586,999
7939,15.937208880768758,1010
7940,15.93921633874593,1036
7941,15.941223796723103,1065
7942,15.943231254700274,1108
7943,15.945238712677446,1158
7944,15.947246170654617,1184
7945,15.94925362863179,1170
7946,15.951261086608962,1124
7947,15.953268544586134,1069
7948,15.955276002563306,1040
7949,15.957283460540479,1058
7950,15.95929091851765,1099
7951,15.961298376494822,1107
7952,15.963305834471994,1066
7953,15.965313292449167,1018
7954,15.967320750426339,1012
7955,15.96932820840351,1050
7956,15.971335666380682,1100
7957,15.973343124357854,1134
7958,15.975350582335027,1155
7959,15.977358040312199,1175
7960,15.97936549828937,1182
7961,15.981372956266542,1160
7962,15.983380414243715,1131
7963,15.985387872220887,1125
7964,15.987395330198058,1137
7965,15.98940278817523,1138
7966,15.991410246152403,1117
7967,15.993417704129575,1076
7968,15.995425162106747,1023
7969,15.997432620083918,977
7970,15.999440078061092,956
7971,16.001447536038263,958
7972,16.003454994015435,965
7973,16.005462451992607,964
7974,16.007469909969778,955
7975,16.00947736794695,950
7976,16.01148482592412,951
7977,16.013492283901297,953
7978,16.015499741878468,956
7979,16.01750719985564,961
7980,16.01951465783281,966
7981,16.021522115809983,965
7982,16.023529573787155,960
7983,16.025537031764326,960
7984,16.027544489741498,965
7985,16.029551947718673,962
7986,16.031559405695845,956
7987,16.033566863673016,966
7988,16.035574321650188,999
7989,16.03758177962736,1028
7990,16.03958923760453,1026
7991,16.041596695581703,1000
7992,16.043604153558874,986
7993,16.045611611536046,993
7994,16.04761906951322,997
7995,16.049626527490393,986
7996,16.051633985467564,979
7997,16.053641443444736,990
7998,16.055648901421907,1002
7999,16.05765635939908,995
8000,16.05966381737625,977
8001,16.061671275353422,960
8002,16.063678733330597,954
8003,16.06568619130777,958
8004,16.06769364928494,962
8005,16.069701107262112,959
8006,16.071708565239284,942
8007,16.073716023216456,923
8008,16.075723481193627,922
8009,16.0777309391708,943
8010,16.079738397147974,975
8011,16.081745855125146,1003
8012,16.083753313102317,1024
8013,16.08576077107949,1033
8014,16.08776822905666,1031
8015,16.089775687033832,1027
8016,16.091783145011004,1038
8017,16.093790602988175,1068
8018,16.095798060965347,1090
8019,16.097805518942522,1075
8020,16.099812976919694,1028
8021,16.101820434896865,986
8022,16.103827892874037,976
8023,16.10583535085121,990
8024,16.10784280882838,997
8025,16.10985026680555,981
8026,16.111857724782723,950
8027,16.1138651827599,929
8028,16.11587264073707,934
8029,16.11788009871424,954
8030,16.119887556691413,968
8031,16.121895014668585,963
8032,16.123902472645756,956
8033,16.125909930622928,965
8034,16.1279173886001,982
8035,16.12992484657727,984
8036,16.131932304554446,969
8037,16.133939762531618,966
8038,16.13594722050879,985
8039,16.13795467848596,1005
8040,16.139962136463133,1003
8041,16.141969594440305,985
8042,16.143977052417476,971
8043,16.145984510394648,971
8044,16.147991968371823,980
8045,16.149999426348995,991
8046,16.152006884326166,992
8047,16.154014342303338,990
8048,16.15602180028051,1002
8049,16.15802925825768,1031
8050,16.160036716234853,1057
8051,16.162044174212024,1059
8052,16.164051632189196,1037
8053,16.16605909016637,1014
8054,16.168066548143543,1004
8055,16.170074006120714,1005
8056,16.172081464097886,1003
8057,16.174088922075057,996
8058,16.17609638005223,991
8059,16.1781038380294,990
8060,16.180111296006572,989
8061,16.182118753983747,985
8062,16.18412621196092,986
8063,16.18613366993809,992
8064,16.188141127915262,998
8065,16.190148585892434,997
8066,16.192156043869605,987
8067,16.194163501846777,976
8068,16.19617095982395,972
8069,16.19817841780112,970
8070,16.200185875778295,966
8071,16.202193333755467,963
8072,16.20420079173264,972
8073,16.20620824970981,1000
8074,16.208215707686982,1031
8075,16.210223165664154,1047
8076,16.212230623641325,1045
8077,16.214238081618497,1039
8078,16.216245539595672,1037
8079,16.218252997572844,1040
8080,16.220260455550015,1038
8081,16.222267913527187,1026
8082,16.22427537150436,1009
8083,16.22628282948153,1000
8084,16.2282902874587,993
8085,16.230297745435873,983
8086,16.232305203413045,973
8087,16.23431266139022,970
8088,16.23632011936739,975
8089,16.238327577344563,996
8090,16.240335035321735,1031
8091,16.242342493298906,1053
8092,16.244349951276078,1037
8093,16.24635740925325,1003
8094,16.24836486723042,985
8095,16.250372325207596,991
8096,16.252379783184768,999
8097,16.25438724116194,996
8098,16.25639469913911,987
8099,16.258402157116283,982
8100,16.260409615093455,978
8101,16.262417073070626,971
8102,16.264424531047798,966
8103,16.26643198902497,974
8104,16.268439447002145,999
8105,16.270446904979316,1028
8106,16.272454362956488,1044
8107,16.27446182093366,1043
8108,16.27646927891083,1041
8109,16.278476736888003,1043
8110,16.280484194865174,1037
8111,16.282491652842346,1025
8112,16.28449911081952,1040
8113,16.286506568796693,1095
8114,16.288514026773864,1149
8115,16.290521484751036,1157
8116,16.292528942728207,1128
8117,16.29453640070538,1108
8118,16.29654385868255,1113
8119,16.298551316659722,1129
8120,16.300558774636897,1144
8121,16.30256623261407,1151
8122,16.30457369059124,1151
8123,16.306581148568412,1150
8124,16.308588606545584,1154
8125,16.310596064522755,1152
8126,16.312603522499927,1139
8127,16.3146109804771,1130
8128,16.31661843845427,1143
8129,16.318625896431445,1170
8130,16.320633354408617,1182
8131,16.32264081238579,1165
8132,16.32464827036296,1140
8133,16.326655728340132,1130
8134,16.328663186317304,1137
8135,16.330670644294475,1142
8136,16.332678102271647,1128
8137,16.334685560248822,1094
8138,16.336693018225994,1051
8139,16.338700476203165,1019
8140,16.340707934180337,1011
8141,16.34271539215751,1016
8142,16.34472285013468,1021
8143,16.34673030811185,1029
8144,16.348737766089023,1043
8145,16.350745224066195,1052
8146,16.35275268204337,1045
8147,16.35476014002054,1025
8148,16.356767597997713,1013
8149,16.358775055974885,1017
8150,16.360782513952056,1028
8151,16.362789971929228,1023
8152,16.3647974299064,1003
8153,16.36680488788357,987
8154,16.368812345860746,990
8155,16.370819803837918,1001
8156,16.37282726181509,1005
8157,16.37483471979226,1011
8158,16.376842177769433,1034
8159,16.378849635746604,1066
8160,16.380857093723776,1079
8161,16.382864551700948,1066
8162,16.38487200967812,1048
8163,16.386879467655294,1042
8164,16.388886925632466,1041
8165,16.390894383609638,1036
8166,16.39290184158681,1032
8167,16.39490929956398,1036
8168,16.396916757541153,1046
8169,16.398924215518324,1054
8170,16.400931673495496,1047
8171,16.40293913147267,1026
8172,16.404946589449843,1005
8173,16.406954047427014,998
8174,16.408961505404186,1003
8175,16.410968963381357,1008
8176,16.41297642135853,1013
8177,16.4149838793357,1038
8178,16.416991337312872,1081
8179,16.418998795290044,1099
8180,16.42100625326722,1064
8181,16.42301371124439,1013
8182,16.425021169221562,1002
8183,16.427028627198734,1040
8184,16.429036085175905,1088
8185,16.431043543153077,1106
8186,16.43305100113025,1088
8187,16.43505845910742,1057
8188,16.437065917084595,1043
8189,16.439073375061767,1054
8190,16.44108083303894,1076
8191,16.44308829101611,1083
8192,16.445095748993282,1066
8193,16.447103206970453,1043
8194,16.449110664947625,1033
8195,16.451118122924797,1033
8196,16.45312558090197,1029
8197,16.455133038879143,1027
8198,16.457140496856315,1043
8199,16.459147954833487,1071
8200,16.46115541281066,1089
8201,16.46316287078783,1086
8202,16.465170328765,1072
8203,16.467177786742173,1061
8204,16.469185244719345,1057
8205,16.47119270269652,1059
8206,16.47320016067369,1076
8207,16.475207618650863,1117
8208,16.477215076628035,1163
8209,16.479222534605206,1175
8210,16.481229992582378,1139
8211,16.48323745055955,1095
8212,16.48524490853672,1093
8213,16.487252366513893,1132
8214,16.489259824491068,1165
8215,16.49126728246824,1153
8216,16.49327474044541,1110
8217,16.495282198422583,1069
8218,16.497289656399754,1049
8219,16.499297114376926,1050
8220,16.501304572354098,1060
8221,16.50331203033127,1071
8222,16.505319488308444,1077
8223,16.507326946285616,1077
8224,16.509334404262788,1067
8225,16.51134186223996,1050
8226,16.51334932021713,1034
8227,16.515356778194302,1028
8228,16.517364236171474,1030
8229,16.519371694148646,1036
8230,16.52137915212582,1057
8231,16.523386610102992,1098
8232,16.525394068080164,1144
8233,16.527401526057336,1173
8234,16.529408984034507,1174
8235,16.53141644201168,1161
8236,16.53342389998885,1147
8237,16.535431357966022,1126
8238,16.537438815943194,1094
8239,16.53944627392037,1074
8240,16.54145373189754,1081
8241,16.543461189874712,1096
8242,16.545468647851884,1091
8243,16.547476105829055,1065
8244,16.549483563806227,1042
8245,16.5514910217834,1040
8246,16.55349847976057,1053
8247,16.555505937737745,1065
8248,16.557513395714917,1063
8249,16.55952085369209,1052
8250,16.56152831166926,1046
8251,16.563535769646432,1045
8252,16.565543227623603,1043
8253,16.567550685600775,1044
8254,16.569558143577947,1058
8255,16.57156560155512,1081
8256,16.573573059532293,1094
8257,16.575580517509465,1086
8258,16.577587975486637,1063
8259,16.57959543346381,1040
8260,16.58160289144098,1036
8261,16.58361034941815,1053
8262,16.585617807395323,1072
8263,16.587625265372495,1069
8264,16.58963272334967,1049
8265,16.59164018132684,1031
8266,16.593647639304013,1026
8267,16.595655097281185,1032
8268,16.597662555258356,1038
8269,16.599670013235528,1038
8270,16.6016774712127,1034
8271,16.60368492918987,1024
8272,16.605692387167043,1008
8273,16.607699845144218,997
8274,16.60970730312139,999
8275,16.61171476109856,1011
8276,16.613722219075733,1024
8277,16.615729677052904,1036
8278,16.617737135030076,1048
8279,16.619744593007248,1051
8280,16.62175205098442,1036
8281,16.623759508961594,1013
8282,16.625766966938766,999
8283,16.627774424915938,1003
8284,16.62978188289311,1016
8285,16.63178934087028,1023
8286,16.633796798847452,1023
8287,16.635804256824624,1032
8288,16.637811714801796,1047
8289,16.639819172778967,1052
8290,16.641826630756142,1042
8291,16.643834088733314,1035
8292,16.645841546710486,1058
8293,16.647849004687657,1122
8294,16.64985646266483,1176
8295,16.651863920642,1150
8296,16.653871378619172,1062
8297,16.655878836596344,998
8298,16.65788629457352,1002
8299,16.65989375255069,1037
8300,16.661901210527862,1054
8301,16.663908668505034,1040
8302,16.665916126482205,1015
8303,16.667923584459377,1007
8304,16.66993104243655,1024
8305,16.67193850041372,1044
8306,16.67394595839089,1044
8307,16.675953416368067,1032
8308,16.67796087434524,1031
8309,16.67996833232241,1041
8310,16.68197579029958,1049
8311,16.683983248276753,1043
8312,16.685990706253925,1026
8313,16.687998164231097,1015
8314,16.690005622208268,1017
8315,16.692013080185443,1026
8316,16.694020538162615,1031
8317,16.696027996139787,1025
8318,16.698035454116958,1021
8319,16.70004291209413,1034
8320,16.7020503700713,1051
8321,16.704057828048473,1049
8322,16.706065286025645,1023
8323,16.708072744002816,995
8324,16.71008020197999,989
8325,16.712087659957163,1002
8326,16.714095117934335,1016
8327,16.716102575911506,1025
8328,16.718110033888678,1031
8329,16.72011749186585,1034
8330,16.72212494984302,1028
8331,16.724132407820193,1013
8332,16.726139865797368,1003
8333,16.72814732377454,1006
8334,16.73015478175171,1017
8335,16.732162239728883,1024
8336,16.734169697706054,1023
8337,16.736177155683226,1025
8338,16.738184613660398,1038
8339,16.74019207163757,1059
8340,16.74219952961474,1080
8341,16.744206987591916,1104
8342,16.746214445569088,1137
8343,16.74822190354626,1161
8344,16.75022936152343,1147
8345,16.752236819500602,1103
8346,16.754244277477774,1075
8347,16.756251735454946,1091
8348,16.758259193432117,1119
8349,16.760266651409292,1124
8350,16.762274109386464,1109
8351,16.764281567363636,1099
8352,16.766289025340807,1100
8353,16.76829648331798,1107
8354,16.77030394129515,1113
8355,16.772311399272322,1115
8356,16.774318857249494,1111
8357,16.77632631522667,1111
8358,16.77833377320384,1131
8359,16.780341231181012,1164
8360,16.782348689158184,1183
8361,16.784356147135355,1171
8362,16.786363605112527,1140
8363,16.7883710630897,1116
8364,16.79037852106687,1119
8365,16.79238597904404,1143
8366,16.794393437021217,1166
8367,16.79640089499839,1174
8368,16.79840835297556,1171
8369,16.80041581095273,1169
8370,16.802423268929903,1169
8371,16.804430726907075,1167
8372,16.806438184884247,1167
8373,16.808445642861418,1179
8374,16.810453100838593,1201
8375,16.812460558815765,1213
8376,16.814468016792937,1207
8377,16.816475474770108,1198
8378,16.81848293274728,1197
8379,16.82049039072445,1204
8380,16.822497848701623,1209
8381,16.824505306678795,1203
8382,16.826512764655966,1190
8383,16.82852022263314,1177
8384,16.830527680610313,1168
8385,16.832535138587485,1159
8386,16.834542596564656,1144
8387,16.836550054541828,1126
8388,16.838557512519,1106
8389,16.84056497049617,1090
8390,16.842572428473343,1088
8391,16.844579886450518,1104
8392,16.84658734442769,1126
8393,16.84859480240486,1133
8394,16.850602260382033,1126
8395,16.852609718359204,1134
8396,16.854617176336376,1165
8397,16.856624634313548,1198
8398,16.85863209229072,1208
8399,16.86063955026789,1202
8400,16.862647008245066,1196
8401,16.864654466222238,1197
8402,16.86666192419941,1192
8403,16.86866938217658,1169
8404,16.870676840153752,1138
8405,16.872684298130924,1117
8406,16.874691756108096,1103
8407,16.876699214085267,1083
8408,16.878706672062442,1059
8409,16.880714130039614,1042
8410,16.882721588016786,1034
8411,16.884729045993957,1031
8412,16.88673650397113,1027
8413,16.8887439619483,1024
8414,16.890751419925472,1023
8415,16.892758877902644,1018
8416,16.894766335879815,1010
8417,16.89677379385699,1010
8418,16.898781251834162,1023
8419,16.900788709811334,1032
8420,16.902796167788505,1021
8421,16.904803625765677,1000
8422,16.90681108374285,995
8423,16.90881854172002,1015
8424,16.91082599969719,1045
8425,16.912833457674367,1061
8426,16.91484091565154,1056
8427,16.91684837362871,1045
8428,16.91885583160588,1043
8429,16.920863289583053,1050
8430,16.922870747560225,1054
8431,16.924878205537397,1048
8432,16.926885663514568,1034
8433,16.92889312149174,1025
8434,16.930900579468915,1027
8435,16.932908037446087,1027
8436,16.934915495423258,1023
8437,16.93692295340043,1019
8438,16.9389304113776,1025
8439,16.940937869354773,1033
8440,16.942945327331945,1037
8441,16.944952785309116,1040
8442,16.94696024328629,1040
8443,16.948967701263463,1028
8444,16.950975159240635,1007
8445,16.952982617217806,991
8446,16.954990075194978,996
8447,16.95699753317215,1018
8448,16.95900499114932,1039
8449,16.961012449126493,1049
8450,16.963019907103664,1051
8451,16.96502736508084,1053
8452,16.96703482305801,1059
8453,16.969042281035183,1067
8454,16.971049739012354,1074
8455,16.973057196989526,1080
8456,16.975064654966697,1084
8457,16.97707211294387,1084
8458,16.97907957092104,1080
8459,16.981087028898216,1074
8460,16.983094486875387,1063
8461,16.98510194485256,1051
8462,16.98710940282973,1048
8463,16.989116860806902,1068
8464,16.991124318784074,1116
8465,16.993131776761246,1175
8466,16.995139234738417,1213
8467,16.997146692715592,1221
8468,16.999154150692764,1223
8469,17.001161608669936,1239
8470,17.003169066647107,1257
8471,17.00517652462428,1253
8472,17.00718398260145,1228
8473,17.009191440578622,1203
8474,17.011198898555794,1178
8475,17.013206356532965,1138
8476,17.01521381451014,1090
8477,17.017221272487312,1057
8478,17.019228730464484,1050
8479,17.021236188441655,1063
8480,17.023243646418827,1082
8481,17.025251104396,1104
8482,17.02725856237317,1132
8483,17.02926602035034,1151
8484,17.031273478327517,1136
8485,17.03328093630469,1095
8486,17.03528839428186,1064
8487,17.03729585225903,1062
8488,17.039303310236203,1070
8489,17.041310768213375,1072
8490,17.043318226190546,1071
8491,17.045325684167718,1073
8492,17.04733314214489,1078
8493,17.049340600122065,1084
8494,17.051348058099236,1092
8495,17.053355516076408,1099
8496,17.05536297405358,1096
8497,17.05737043203075,1083
8498,17.059377890007923,1070
8499,17.061385347985095,1063
8500,17.063392805962266,1057
8501,17.06540026393944,1046
8502,17.067407721916613,1038
8503,17.069415179893785,1053
8504,17.071422637870956,1095
8505,17.073430095848128,1133
8506,17.0754375538253,1143
8507,17.07744501180247,1139
8508,17.079452469779643,1153
8509,17.081459927756814,1194
8510,17.08346738573399,1246
8511,17.08547484371116,1287
8512,17.087482301688333,1313
8513,17.089489759665504,1334
8514,17.091497217642676,1351
8515,17.093504675619847,1354
8516,17.09551213359702,1339
8517,17.09751959157419,1319
8518,17.099527049551366,1315
8519,17.101534507528537,1334
8520,17.10354196550571,1343
8521,17.10554942348288,1302
8522,17.107556881460052,1223
8523,17.109564339437224,1169
8524,17.111571797414395,1182
8525,17.113579255391567,1229
8526,17.11558671336874,1254
8527,17.117594171345914,1247
8528,17.119601629323085,1238
8529,17.121609087300257,1246
8530,17.12361654527743,1242
8531,17.1256240032546,1198
8532,17.127631461231772,1140
8533,17.129638919208944,1130
8534,17.131646377186115,1182
8535,17.13365383516329,1240
8536,17.135661293140462,1234
8537,17.137668751117634,1168
8538,17.139676209094805,1114
8539,17.141683667071977,1117
8540,17.14369112504915,1139
8541,17.14569858302632,1136
8542,17.14770604100349,1113
8543,17.149713498980663,1102
8544,17.15172095695784,1112
8545,17.15372841493501,1122
8546,17.15573587291218,1117
8547,17.157743330889353,1115
8548,17.159750788866525,1150
8549,17.161758246843696,1217
8550,17.163765704820868,1280
8551,17.16577316279804,1314
8552,17.167780620775215,1324
8553,17.169788078752386,1321
8554,17.171795536729558,1311
8555,17.17380299470673,1289
8556,17.1758104526839,1262
8557,17.177817910661073,1253
8558,17.179825368638244,1261
8559,17.181832826615416,1257
8560,17.183840284592588,1233
8561,17.185847742569763,1212
8562,17.187855200546934,1213
8563,17.189862658524106,1228
8564,17.191870116501278,1249
8565,17.19387757447845,1265
8566,17.19588503245562,1264
8567,17.197892490432793,1241
8568,17.199899948409964,1205
8569,17.20190740638714,1175
8570,17.20391486436431,1160
8571,17.205922322341483,1154
8572,17.207929780318654,1147
8573,17.209937238295826,1141
8574,17.211944696272997,1141
8575,17.21395215425017,1145
8576,17.21595961222734,1146
8577,17.217967070204516,1152
8578,17.219974528181687,1174
8579,17.22198198615886,1211
8580,17.22398944413603,1248
8581,17.225996902113202,1262
8582,17.228004360090374,1259
8583,17.230011818067545,1268
8584,17.232019276044717,1302
8585,17.23402673402189,1343
8586,17.236034191999064,1357
8587,17.238041649976235,1329
8588,17.240049107953407,1289
8589,17.24205656593058,1287
8590,17.24406402390775,1314
8591,17.246071481884922,1312
8592,17.248078939862094,1281
8593,17.250086397839265,1271
8594,17.25209385581644,1297
8595,17.254101313793612,1323
8596,17.256108771770784,1326
8597,17.258116229747955,1320
8598,17.260123687725127,1326
8599,17.2621311457023,1344
8600,17.26413860367947,1357
8601,17.26614606165664,1348
8602,17.268153519633813,1310
8603,17.27016097761099,1246
8604,17.27216843558816,1185
8605,17.27417589356533,1153
8606,17.276183351542503,1143
8607,17.278190809519675,1134
8608,17.280198267496846,1123
8609,17.282205725474018,1118
8610,17.28421318345119,1116
8611,17.286220641428365,1099
8612,17.288228099405536,1068
8613,17.290235557382708,1047
8614,17.29224301535988,1047
8615,17.29425047333705,1057
8616,17.296257931314223,1056
8617,17.298265389291394,1040
8618,17.300272847268566,1017
8619,17.302280305245738,995
8620,17.304287763222913,976
8621,17.306295221200084,964
8622,17.308302679177256,971
8623,17.310310137154428,994
8624,17.3123175951316,1013
8625,17.31432505310877,1012
8626,17.316332511085943,998
8627,17.318339969063114,983
8628,17.32034742704029,977
8629,17.32235488501746,979
8630,17.324362342994633,982
8631,17.326369800971804,977
8632,17.328377258948976,967
8633,17.330384716926147,963
8634,17.33239217490332,971
8635,17.33439963288049,977
8636,17.336407090857662,971
8637,17.338414548834837,961
8638,17.34042200681201,959
8639,17.34242946478918,961
8640,17.344436922766352,968
8641,17.346444380743524,994
8642,17.348451838720695,1034
8643,17.350459296697867,1068
8644,17.35246675467504,1084
8645,17.354474212652214,1085
8646,17.356481670629385,1086
8647,17.358489128606557,1093
8648,17.36049658658373,1105
8649,17.3625040445609,1111
8650,17.364511502538072,1107
8651,17.366518960515243,1093
8652,17.368526418492415,1076
8653,17.370533876469587,1065
8654,17.372541334446762,1065
8655,17.374548792423933,1076
8656,17.376556250401105,1084
8657,17.378563708378277,1082
8658,17.38057116635545,1079
8659,17.38257862433262,1083
8660,17.38458608230979,1086
8661,17.386593540286963,1086
8662,17.38860099826414,1086
8663,17.39060845624131,1089
8664,17.39261591421848,1087
8665,17.394623372195653,1079
8666,17.396630830172825,1072
8667,17.398638288149996,1068
8668,17.400645746127168,1075
8669,17.40265320410434,1094
8670,17.40466066208151,1108
8671,17.406668120058686,1099
8672,17.408675578035858,1078
8673,17.41068303601303,1069
8674,17.4126904939902,1078
8675,17.414697951967373,1092
8676,17.416705409944544,1096
8677,17.418712867921716,1088
8678,17.420720325898888,1078
8679,17.422727783876063,1065
8680,17.424735241853234,1038
8681,17.426742699830406,1000
8682,17.428750157807578,977
8683,17.43075761578475,983
8684,17.43276507376192,994
8685,17.434772531739092,987
8686,17.436779989716264,966
8687,17.43878744769344,956
8688,17.44079490567061,961
8689,17.442802363647782,965
8690,17.444809821624954,964
8691,17.446817279602126,987
8692,17.448824737579297,1038
8693,17.45083219555647,1075
8694,17.45283965353364,1062
8695,17.454847111510812,1012
8696,17.456854569487987,968
8697,17.45886202746516,962
8698,17.46086948544233,986
8699,17.462876943419502,1012
8700,17.464884401396674,1023
8701,17.466891859373845,1013
8702,17.468899317351017,994
8703,17.47090677532819,988
8704,17.472914233305364,1003
8705,17.474921691282535,1023
8706,17.476929149259707,1029
8707,17.47893660723688,1025
8708,17.48094406521405,1024
8709,17.482951523191222,1030
8710,17.484958981168393,1031
8711,17.486966439145565,1023
8712,17.488973897122737,1026
8713,17.490981355099912,1052
8714,17.492988813077083,1066
8715,17.494996271054255,1038
8716,17.497003729031427,999
8717,17.4990111870086,989
8718,17.50101864498577,1003
8719,17.50302610296294,1010
8720,17.505033560940113,994
8721,17.50704101891729,968
8722,17.50904847689446,961
8723,17.51105593487163,990
8724,17.513063392848803,1040
8725,17.515070850825975,1083
8726,17.517078308803146,1101
8727,17.519085766780318,1101
8728,17.52109322475749,1099
8729,17.52310068273466,1102
8730,17.525108140711836,1107
8731,17.527115598689008,1104
8732,17.52912305666618,1091
8733,17.53113051464335,1079
8734,17.533137972620523,1075
8735,17.535145430597694,1077
8736,17.537152888574866,1077
8737,17.539160346552038,1078
8738,17.541167804529213,1077
8739,17.543175262506384,1068
8740,17.545182720483556,1045
8741,17.547190178460728,1016
8742,17.5491976364379,996
8743,17.55120509441507,993
8744,17.553212552392242,1010
8745,17.555220010369414,1033
8746,17.557227468346586,1027
8747,17.55923492632376,991
8748,17.561242384300932,974
8749,17.563249842278104,1006
8750,17.565257300255276,1055
8751,17.567264758232447,1079
8752,17.56927221620962,1078
8753,17.57127967418679,1075
8754,17.573287132163962,1075
8755,17.575294590141137,1071
8756,17.57730204811831,1066
8757,17.57930950609548,1072
8758,17.581316964072652,1092
8759,17.583324422049824,1110
8760,17.585331880026995,1113
8761,17.587339338004167,1098
8762,17.58934679598134,1075
8763,17.59135425395851,1065
8764,17.593361711935685,1071
8765,17.595369169912857,1077
8766,17.59737662789003,1070
8767,17.5993840858672,1064
8768,17.60139154384437,1072
8769,17.603399001821543,1095
8770,17.605406459798715,1111
8771,17.607413917775887,1105
8772,17.60942137575306,1085
8773,17.611428833730233,1071
8774,17.613436291707405,1057
8775,17.615443749684577,1027
8776,17.617451207661748,988
8777,17.61945866563892,963
8778,17.62146612361609,961
8779,17.623473581593263,966
8780,17.625481039570435,959
8781,17.62748849754761,940
8782,17.62949595552478,926
8783,17.631503413501953,928
8784,17.633510871479125,951
8785,17.635518329456296,981
8786,17.637525787433468,1002
8787,17.63953324541064,1008
8788,17.64154070338781,1009
8789,17.643548161364986,1013
8790,17.645555619342158,1015
8791,17.64756307731933,1013
8792,17.6495705352965,1008
8793,17.651577993273673,1004
8794,17.653585451250844,1001
8795,17.655592909228016,1005
8796,17.657600367205188,1024
8797,17.659607825182363,1053
8798,17.661615283159534,1070
8799,17.663622741136706,1064
8800,17.665630199113878,1042
8801,17.66763765709105,1018
8802,17.66964511506822,1008
8803,17.671652573045392,1013
8804,17.673660031022564,1023
8805,17.675667488999736,1025
8806,17.67767494697691,1016
8807,17.679682404954082,996
8808,17.681689862931254,986
8809,17.683697320908426,1000
8810,17.685704778885597,1016
8811,17.68771223686277,1010
8812,17.68971969483994,996
8813,17.691727152817112,1006
8814,17.693734610794287,1031
8815,17.69574206877146,1042
8816,17.69774952674863,1047
8817,17.699756984725802,1068
8818,17.701764442702974,1097
8819,17.703771900680145,1111
8820,17.705779358657317,1103
8821,17.70778681663449,1079
8822,17.70979427461166,1045
8823,17.711801732588835,1021
8824,17.713809190566007,1017
8825,17.71581664854318,1016
8826,17.71782410652035,994
8827,17.71983156449752,957
8828,17.721839022474693,935
8829,17.723846480451865,942
8830,17.725853938429037,970
8831,17.72786139640621,996
8832,17.729868854383383,1011
8833,17.731876312360555,1025
8834,17.733883770337727,1036
8835,17.735891228314898,1030
8836,17.73789868629207,1003
8837,17.73990614426924,977
8838,17.741913602246413,969
8839,17.743921060223585,971
8840,17.74592851820076,974
8841,17.74793597617793,985
8842,17.749943434155103,1013
8843,17.751950892132275,1041
8844,17.753958350109446,1040
8845,17.755965808086618,1017
8846,17.75797326606379,1005
8847,17.75998072404096,1011
8848,17.761988182018136,1018
8849,17.763995639995308,1018
8850,17.76600309797248,1019
8851,17.76801055594965,1025
8852,17.770018013926823,1024
8853,17.772025471903994,1017
8854,17.774032929881166,1009
8855,17.776040387858338,1000
8856,17.77804784583551,993
8857,17.780055303812684,991
8858,17.782062761789856,996
8859,17.784070219767028,1001
8860,17.7860776777442,1000
8861,17.78808513572137,991
8862,17.790092593698542,988
8863,17.792100051675714,1008
8864,17.794107509652886,1049
8865,17.79611496763006,1073
8866,17.798122425607232,1069
8867,17.800129883584404,1065
8868,17.802137341561576,1073
8869,17.804144799538747,1067
8870,17.80615225751592,1039
8871,17.80815971549309,1005
8872,17.810167173470262,986
8873,17.812174631447434,985
8874,17.81418208942461,997
8875,17.81618954740178,1014
8876,17.818197005378952,1023
8877,17.820204463356124,1023
8878,17.822211921333295,1028
8879,17.824219379310467,1037
8880,17.82622683728764,1039
8881,17.82823429526481,1031
8882,17.830241753241985,1033
8883,17.832249211219157,1053
8884,17.83425666919633,1077
8885,17.8362641271735,1075
8886,17.83827158515067,1046
8887,17.840279043127843,1018
8888,17.842286501105015,1015
8889,17.844293959082187,1037
8890,17.846301417059358,1060
8891,17.848308875036533,1065
8892,17.850316333013705,1056
8893,17.852323790990877,1067
8894,17.854331248968048,1113
8895,17.85633870694522,1166
8896,17.85834616492239,1189
8897,17.860353622899563,1182
8898,17.862361080876735,1164
8899,17.86436853885391,1139
8900,17.86637599683108,1111
8901,17.868383454808253,1090
8902,17.870390912785425,1078
8903,17.872398370762596,1069
8904,17.874405828739768,1054
8905,17.87641328671694,1029
8906,17.87842074469411,1006
8907,17.880428202671283,999
8908,17.882435660648458,1006
8909,17.88444311862563,1019
8910,17.8864505766028,1030
8911,17.888458034579973,1037
8912,17.890465492557144,1037
8913,17.892472950534316,1028
8914,17.894480408511487,1019
8915,17.89648786648866,1012
8916,17.898495324465834,1005
8917,17.900502782443006,1004
8918,17.902510240420177,1014
8919,17.90451769839735,1029
8920,17.90652515637452,1037
8921,17.908532614351692,1032
8922,17.910540072328864,1017
8923,17.912547530306036,1004
8924,17.91455498828321,1002
8925,17.916562446260382,1007
8926,17.918569904237554,1011
8927,17.920577362214726,1014
8928,17.922584820191897,1029
8929,17.92459227816907,1056
8930,17.92659973614624,1081
8931,17.928607194123412,1090
8932,17.930614652100584,1084
8933,17.93262211007776,1067
8934,17.93462956805493,1049
8935,17.936637026032102,1048
8936,17.938644484009274,1069
8937,17.940651941986445,1092
8938,17.942659399963617,1099
8939,17.94466685794079,1095
8940,17.94667431591796,1088
8941,17.948681773895135,1078
8942,17.950689231872307,1072
8943,17.95269668984948,1087
8944,17.95470414782665,1127
8945,17.95671160580382,1163
8946,17.958719063780993,1157
8947,17.960726521758165,1105
8948,17.962733979735336,1043
8949,17.964741437712508,1008
8950,17.966748895689683,1012
8951,17.968756353666855,1034
8952,17.970763811644026,1044
8953,17.972771269621198,1026
8954,17.97477872759837,995
8955,17.97678618557554,981
8956,17.978793643552713,992
8957,17.980801101529885,1011
8958,17.98280855950706,1025
8959,17.98481601748423,1038
8960,17.986823475461403,1049
8961,17.988830933438575,1044
8962,17.990838391415746,1020
8963,17.992845849392918,999
8964,17.99485330737009,1002
8965,17.99686076534726,1016
8966,17.998868223324433,1016
8967,18.000875681301608,1003
8968,18.00288313927878,995
8969,18.00489059725595,996
8970,18.006898055233123,1003
8971,18.008905513210294,1006
8972,18.010912971187466,1001
8973,18.012920429164637,999
8974,18.01492788714181,1002
8975,18.016935345118984,1006
8976,18.018942803096156,1007
8977,18.020950261073327,1020
8978,18.0229577190505,1051
8979,18.02496517702767,1085
8980,18.026972635004842,1093
8981,18.028980092982014,1070
8982,18.030987550959185,1041
8983,18.032995008936357,1036
8984,18.035002466913532,1051
8985,18.037009924890704,1050
8986,18.039017382867875,1024
8987,18.041024840845047,1002
8988,18.04303229882222,1008
8989,18.04503975679939,1042
8990,18.047047214776562,1076
8991,18.049054672753734,1083
8992,18.05106213073091,1067
8993,18.05306958870808,1055
8994,18.055077046685252,1057
8995,18.057084504662424,1062
8996,18.059091962639595,1058
8997,18.061099420616767,1045
8998,18.06310687859394,1031
8999,18.06511433657111,1026
9000,18.06712179454828,1030
9001,18.069129252525457,1032
9002,18.07113671050263,1028
9003,18.0731441684798,1034
9004,18.07515162645697,1059
9005,18.077159084434143,1087
9006,18.079166542411315,1095
9007,18.081174000388486,1089
9008,18.083181458365658,1091
9009,18.085188916342833,1110
9010,18.087196374320005,1131
9011,18.089203832297176,1144
9012,18.091211290274348,1151
9013,18.09321874825152,1156
9014,18.09522620622869,1151
9015,18.097233664205863,1133
9016,18.099241122183034,1109
9017,18.101248580160206,1090
9018,18.10325603813738,1081
9019,18.105263496114553,1086
9020,18.107270954091724,1103
9021,18.109278412068896,1122
9022,18.111285870046068,1136
9023,18.11329332802324,1146
9024,18.11530078600041,1150
9025,18.117308243977583,1141
9026,18.119315701954758,1121
9027,18.12132315993193,1109
9028,18.1233306179091,1113
9029,18.125338075886273,1120
9030,18.127345533863444,1115
9031,18.129352991840616,1093
9032,18.131360449817787,1073
9033,18.13336790779496,1072
9034,18.135375365772134,1088
9035,18.137382823749306,1103
9036,18.139390281726477,1110
9037,18.14139773970365,1112
9038,18.14340519768082,1114
9039,18.145412655657992,1116
9040,18.147420113635164,1117
9041,18.149427571612335,1112
9042,18.151435029589507,1100
9043,18.153442487566682,1091
9044,18.155449945543854,1097
9045,18.157457403521025,1110
9046,18.159464861498197,1116
9047,18.16147231947537,1121
9048,18.16347977745254,1140
9049,18.165487235429712,1165
9050,18.167494693406883,1169
9051,18.16950215138406,1143
9052,18.17150960936123,1107
9053,18.173517067338402,1096
9054,18.175524525315573,1109
9055,18.177531983292745,1123
9056,18.179539441269917,1117
9057,18.18154689924709,1097
9058,18.18355435722426,1079
9059,18.18556181520143,1076
9060,18.187569273178607,1087
9061,18.18957673115578,1105
9062,18.19158418913295,1131
9063,18.19359164711012,1163
9064,18.195599105087293,1213
9065,18.197606563064465,1277
9066,18.199614021041636,1323
9067,18.201621479018808,1326
9068,18.203628936995983,1311
9069,18.205636394973155,1306
9070,18.207643852950326,1313
9071,18.209651310927498,1315
9072,18.21165876890467,1315
9073,18.21366622688184,1318
9074,18.215673684859013,1317
9075,18.217681142836184,1306
9076,18.219688600813356,1296
9077,18.22169605879053,1300
9078,18.223703516767703,1315
9079,18.225710974744874,1331
9080,18.227718432722046,1345
9081,18.229725890699218,1355
9082,18.23173334867639,1355
9083,18.23374080665356,1352
9084,18.235748264630733,1348
9085,18.237755722607908,1334
9086,18.23976318058508,1297
9087,18.24177063856225,1240
9088,18.243778096539423,1185
9089,18.245785554516594,1153
9090,18.247793012493766,1142
9091,18.249800470470937,1129
9092,18.25180792844811,1104
9093,18.25381538642528,1083
9094,18.255822844402456,1082
9095,18.257830302379627,1094
9096,18.2598377603568,1099
9097,18.26184521833397,1097
9098,18.263852676311142,1096
9099,18.265860134288314,1095
9100,18.267867592265485,1087
9101,18.269875050242657,1078
9102,18.271882508219832,1071
9103,18.273889966197004,1065
9104,18.275897424174175,1059
9105,18.277904882151347,1053
9106,18.27991234012852,1048
9107,18.28191979810569,1052
9108,18.283927256082862,1068
9109,18.285934714060033,1090
9110,18.287942172037205,1112
9111,18.28994963001438,1121
9112,18.291957087991552,1112
9113,18.293964545968723,1098
9114,18.295972003945895,1101
9115,18.297979461923067,1132
9116,18.29998691990024,1171
9117,18.30199437787741,1191
9118,18.30400183585458,1181
9119,18.306009293831757,1159
9120,18.30801675180893,1141
9121,18.3100242097861,1129
9122,18.31203166776327,1118
9123,18.314039125740443,1108
9124,18.316046583717615,1103
9125,18.318054041694786,1100
9126,18.320061499671958,1095
9127,18.32206895764913,1088
9128,18.324076415626305,1086
9129,18.326083873603476,1094
9130,18.328091331580648,1099
9131,18.33009878955782,1089
9132,18.33210624753499,1071
9133,18.334113705512163,1059
9134,18.336121163489334,1056
9135,18.338128621466506,1053
9136,18.34013607944368,1047
9137,18.342143537420853,1048
9138,18.344150995398024,1063
9139,18.346158453375196,1083
9140,18.348165911352368,1088
9141,18.35017336932954,1074
9142,18.35218082730671,1057
9143,18.354188285283882,1054
9144,18.356195743261058,1063
9145,18.35820320123823,1066
9146,18.3602106592154,1060
9147,18.362218117192572,1050
9148,18.364225575169744,1042
9149,18.366233033146916,1040
9150,18.368240491124087,1056
9151,18.37024794910126,1091
9152,18.37225540707843,1133
9153,18.374262865055606,1170
9154,18.376270323032777,1203
9155,18.37827778100995,1227
9156,18.38028523898712,1236
9157,18.382292696964292,1234
9158,18.384300154941464,1236
9159,18.386307612918635,1246
9160,18.388315070895807,1250
9161,18.390322528872982,1235
9162,18.392329986850154,1211
9163,18.394337444827325,1198
9164,18.396344902804497,1199
9165,18.39835236078167,1197
9166,18.40035981875884,1181
9167,18.402367276736012,1166
9168,18.404374734713183,1169
9169,18.406382192690355,1182
9170,18.40838965066753,1191
9171,18.410397108644702,1191
9172,18.412404566621873,1188
9173,18.414412024599045,1187
9174,18.416419482576217,1186
9175,18.41842694055339,1180
9176,18.42043439853056,1169
9177,18.42244185650773,1163
9178,18.424449314484907,1168
9179,18.42645677246208,1179
9180,18.42846423043925,1187
9181,18.43047168841642,1188
9182,18.432479146393593,1183
9183,18.434486604370765,1176
9184,18.436494062347936,1171
9185,18.438501520325108,1169
9186,18.44050897830228,1167
9187,18.442516436279455,1173
9188,18.444523894256626,1191
9189,18.446531352233798,1212
9190,18.44853881021097,1214
9191,18.45054626818814,1192
9192,18.452553726165313,1165
9193,18.454561184142484,1152
9194,18.456568642119656,1144
9195,18.45857610009683,1109
9196,18.460583558074003,1053
9197,18.462591016051174,1015
9198,18.464598474028346,1009
9199,18.466605932005518,1016
9200,18.46861338998269,1010
9201,18.47062084795986,986
9202,18.472628305937032,961
9203,18.474635763914204,955
9204,18.47664322189138,967
9205,18.47865067986855,981
9206,18.480658137845722,985
9207,18.482665595822894,983
9208,18.484673053800066,980
9209,18.486680511777237,975
9210,18.48868796975441,964
9211,18.49069542773158,957
9212,18.492702885708756,964
9213,18.494710343685927,982
9214,18.4967178016631,992
9215,18.49872525964027,987
9216,18.500732717617442,975
9217,18.502740175594614,970
9218,18.504747633571785,977
9219,18.506755091548957,985
9220,18.50876254952613,984
9221,18.510770007503304,975
9222,18.512777465480475,970
9223,18.514784923457647,968
9224,18.51679238143482,962
9225,18.51879983941199,953
9226,18.52080729738916,946
9227,18.522814755366333,944
9228,18.524822213343505,943
9229,18.52682967132068,937
9230,18.52883712929785,924
9231,18.530844587275023,913
9232,18.532852045252195,914
9233,18.534859503229367,925
9234,18.536866961206538,938
9235,18.53887441918371,945
9236,18.54088187716088,943
9237,18.542889335138053,933
9238,18.544896793115228,925
9239,18.5469042510924,926
9240,18.54891170906957,931
9241,18.550919167046743,932
9242,18.552926625023915,931
9243,18.554934083001086,936
9244,18.556941540978258,947
9245,18.55894899895543,948
9246,18.560956456932605,936
9247,18.562963914909776,921
9248,18.564971372886948,918
9249,18.56697883086412,929
9250,18.56898628884129,940
9251,18.570993746818463,933
9252,18.573001204795634,914
9253,18.575008662772806,902
9254,18.57701612074998,906
9255,18.579023578727153,921
9256,18.581031036704324,935
9257,18.583038494681496,940
9258,18.585045952658668,937
9259,18.58705341063584,933
9260,18.58906086861301,951
9261,18.591068326590182,1026
9262,18.593075784567354,1158
9263,18.59508324254453,1282
9264,18.5970907005217,1347
9265,18.599098158498872,1364
9266,18.601105616476044,1363
9267,18.603113074453216,1369
9268,18.605120532430387,1378
9269,18.60712799040756,1344
9270,18.60913544838473,1240
9271,18.611142906361906,1112
9272,18.613150364339077,1028
9273,18.61515782231625,1009
9274,18.61716528029342,1017
9275,18.619172738270592,1014
9276,18.621180196247764,990
9277,18.623187654224935,966
9278,18.625195112202107,963
9279,18.62720257017928,982
9280,18.629210028156454,1003
9281,18.631217486133625,1006
9282,18.633224944110797,985
9283,18.63523240208797,957
9284,18.63723986006514,937
9285,18.63924731804231,926
9286,18.641254776019483,922
9287,18.643262233996655,927
9288,18.64526969197383,944
9289,18.647277149951,964
9290,18.649284607928173,977
9291,18.651292065905345,979
9292,18.653299523882517,972
9293,18.655306981859688,961
9294,18.65731443983686,953
9295,18.65932189781403,965
9296,18.661329355791203,997
9297,18.663336813768378,1032
9298,18.66534427174555,1054
9299,18.66735172972272,1059
9300,18.669359187699893,1054
9301,18.671366645677065,1046
9302,18.673374103654236,1037
9303,18.675381561631408,1030
9304,18.67738901960858,1024
9305,18.679396477585755,1012
9306,18.681403935562926,991
9307,18.683411393540098,978
9308,18.68541885151727,989
9309,18.68742630949444,1017
9310,18.689433767471613,1044
9311,18.691441225448784,1057
9312,18.693448683425956,1055
9313,18.695456141403128,1047
9314,18.697463599380303,1042
9315,18.699471057357474,1040
9316,18.701478515334646,1033
9317,18.703485973311818,1021
9318,18.70549343128899,1018
9319,18.70750088926616,1029
9320,18.709508347243332,1041
9321,18.711515805220504,1044
9322,18.71352326319768,1047
9323,18.71553072117485,1061
9324,18.717538179152022,1075
9325,18.719545637129194,1075
9326,18.721553095106366,1054
9327,18.723560553083537,1020
9328,18.72556801106071,989
9329,18.72757546903788,989
9330,18.729582927015052,1021
9331,18.731590384992227,1050
9332,18.7335978429694,1052
9333,18.73560530094657,1036
9334,18.737612758923742,1015
9335,18.739620216900914,995
9336,18.741627674878085,985
9337,18.743635132855257,996
9338,18.74564259083243,1015
9339,18.747650048809604,1020
9340,18.749657506786775,1009
9341,18.751664964763947,994
9342,18.75367242274112,981
9343,18.75567988071829,970
9344,18.75768733869546,965
9345,18.759694796672633,963
9346,18.761702254649805,966
9347,18.763709712626977,985
9348,18.76571717060415,1011
9349,18.767724628581323,1024
9350,18.769732086558495,1016
9351,18.771739544535667,1000
9352,18.773747002512838,992
9353,18.77575446049001,997
9354,18.77776191846718,1005
9355,18.779769376444353,999
9356,18.781776834421528,979
9357,18.7837842923987,960
9358,18.78579175037587,948
9359,18.787799208353043,945
9360,18.789806666330215,951
9361,18.791814124307386,961
9362,18.793821582284558,972
9363,18.79582904026173,980
9364,18.797836498238905,987
9365,18.799843956216076,993
9366,18.801851414193248,999
9367,18.80385887217042,1012
9368,18.80586633014759,1032
9369,18.807873788124763,1043
9370,18.809881246101934,1036
9371,18.811888704079106,1020
9372,18.813896162056277,1019
9373,18.815903620033453,1044
9374,18.817911078010624,1074
9375,18.819918535987796,1082
9376,18.821925993964967,1069
9377,18.82393345194214,1058
9378,18.82594090991931,1059
9379,18.827948367896482,1055
9380,18.829955825873654,1031
9381,18.83196328385083,998
9382,18.833970741828,982
9383,18.835978199805172,1001
9384,18.837985657782344,1042
9385,18.839993115759516,1063
9386,18.842000573736687,1051
9387,18.84400803171386,1037
9388,18.84601548969103,1055
9389,18.848022947668202,1090
9390,18.850030405645377,1101
9391,18.85203786362255,1083
9392,18.85404532159972,1067
9393,18.856052779576892,1070
9394,18.858060237554064,1085
9395,18.860067695531235,1107
9396,18.862075153508407,1132
9397,18.86408261148558,1142
9398,18.866090069462754,1125
9399,18.868097527439925,1092
9400,18.870104985417097,1069
9401,18.87211244339427,1064
9402,18.87411990137144,1069
9403,18.87612735934861,1076
9404,18.878134817325783,1092
9405,18.880142275302955,1113
9406,18.882149733280126,1124
9407,18.8841571912573,1122
9408,18.886164649234473,1127
9409,18.888172107211645,1147
9410,18.890179565188816,1177
9411,18.892187023165988,1197
9412,18.89419448114316,1188
9413,18.89620193912033,1154
9414,18.898209397097503,1128
9415,18.900216855074678,1139
9416,18.90222431305185,1166
9417,18.90423177102902,1172
9418,18.906239229006193,1161
9419,18.908246686983365,1160
9420,18.910254144960536,1176
9421,18.912261602937708,1193
9422,18.91426906091488,1196
9423,18.91627651889205,1192
9424,18.918283976869226,1194
9425,18.920291434846398,1192
9426,18.92229889282357,1172
9427,18.92430635080074,1147
9428,18.926313808777913,1136
9429,18.928321266755084,1147
9430,18.930328724732256,1175
9431,18.932336182709427,1203
9432,18.934343640686603,1208
9433,18.936351098663774,1178
9434,18.938358556640946,1135
9435,18.940366014618117,1117
9436,18.94237347259529,1127
9437,18.94438093057246,1145
9438,18.946388388549632,1155
9439,18.948395846526804,1165
9440,18.950403304503975,1183
9441,18.95241076248115,1199
9442,18.954418220458322,1200
9443,18.956425678435494,1186
9444,18.958433136412665,1175
9445,18.960440594389837,1176
9446,18.96244805236701,1185
9447,18.96445551034418,1185
9448,18.966462968321352,1162
9449,18.968470426298527,1128
9450,18.9704778842757,1114
9451,18.97248534225287,1133
9452,18.974492800230042,1163
9453,18.976500258207214,1184
9454,18.978507716184385,1191
9455,18.980515174161557,1183
9456,18.98252263213873,1160
9457,18.9845300901159,1126
9458,18.986537548093075,1101
9459,18.988545006070247,1101
9460,18.99055246404742,1115
9461,18.99255992202459,1118
9462,18.99456738000176,1102
9463,18.996574837978933,1086
9464,18.998582295956105,1081
9465,19.000589753933276,1084
9466,19.00259721191045,1100
9467,19.004604669887623,1135
9468,19.006612127864795,1174
9469,19.008619585841966,1193
9470,19.010627043819138,1189
9471,19.01263450179631,1176
9472,19.01464195977348,1165
9473,19.016649417750653,1158
9474,19.018656875727824,1146
9475,19.020664333705,1135
9476,19.02267179168217,1139
9477,19.024679249659343,1151
9478,19.026686707636514,1151
9479,19.028694165613686,1135
9480,19.030701623590858,1123
9481,19.03270908156803,1127
9482,19.0347165395452,1136
9483,19.036723997522376,1142
9484,19.038731455499548,1141
9485,19.04073891347672,1127
9486,19.04274637145389,1105
9487,19.044753829431063,1093
9488,19.046761287408234,1097
9489,19.048768745385406,1098
9490,19.050776203362577,1081
9491,19.052783661339753,1049
9492,19.054791119316924,1023
9493,19.056798577294096,1014
9494,19.058806035271267,1030
9495,19.06081349324844,1051
9496,19.06282095122561,1055
9497,19.064828409202782,1042
9498,19.066835867179954,1028
9499,19.068843325157125,1023
9500,19.0708507831343,1027
9501,19.072858241111472,1028
9502,19.074865699088644,1023
9503,19.076873157065815,1017
9504,19.078880615042987,1031
9505,19.08088807302016,1064
9506,19.08289553099733,1086
9507,19.084902988974502,1074
9508,19.086910446951677,1053
9509,19.08891790492885,1054
9510,19.09092536290602,1072
9511,19.092932820883192,1084
9512,19.094940278860363,1083
9513,19.096947736837535,1079
9514,19.098955194814707,1079
9515,19.10096265279188,1077
9516,19.10297011076905,1067
9517,19.104977568746225,1057
9518,19.106985026723397,1057
9519,19.10899248470057,1062
9520,19.11099994267774,1060
9521,19.11300740065491,1054
9522,19.115014858632083,1048
9523,19.117022316609255,1037
9524,19.119029774586426,1021
9525,19.1210372325636,1019
9526,19.123044690540773,1038
9527,19.125052148517945,1059
9528,19.127059606495116,1062
9529,19.129067064472288,1057
9530,19.13107452244946,1057
9531,19.13308198042663,1067
9532,19.135089438403803,1084
9533,19.137096896380974,1106
9534,19.13910435435815,1124
9535,19.14111181233532,1121
9536,19.143119270312493,1098
9537,19.145126728289664,1073
9538,19.147134186266836,1068
9539,19.149141644244008,1078
9540,19.15114910222118,1093
9541,19.15315656019835,1100
9542,19.155164018175526,1099
9543,19.157171476152698,1099
9544,19.15917893412987,1106
9545,19.16118639210704,1111
9546,19.163193850084212,1098
9547,19.165201308061384,1075
9548,19.167208766038556,1065
9549,19.169216224015727,1073
9550,19.1712236819929,1088
9551,19.173231139970074,1092
9552,19.175238597947246,1085
9553,19.177246055924417,1084
9554,19.17925351390159,1095
9555,19.18126097187876,1110
9556,19.183268429855932,1113
9557,19.185275887833104,1107
9558,19.187283345810275,1106
9559,19.18929080378745,1116
9560,19.191298261764622,1130
9561,19.193305719741794,1127
9562,19.195313177718965,1094
9563,19.197320635696137,1052
9564,19.19932809367331,1035
9565,19.20133555165048,1050
9566,19.203343009627652,1069
9567,19.205350467604823,1076
9568,19.207357925582,1076
9569,19.20936538355917,1076
9570,19.211372841536342,1071
9571,19.213380299513513,1058
9572,19.215387757490685,1039
9573,19.217395215467857,1026
9574,19.21940267344503,1031
9575,19.2214101314222,1048
9576,19.223417589399375,1050
9577,19.225425047376547,1034
9578,19.22743250535372,1023
9579,19.22943996333089,1035
9580,19.23144742130806,1058
9581,19.233454879285233,1070
9582,19.235462337262405,1073
9583,19.237469795239576,1079
9584,19.239477253216748,1092
9585,19.241484711193923,1098
9586,19.243492169171095,1088
9587,19.245499627148266,1065
9588,19.247507085125438,1049
9589,19.24951454310261,1053
9590,19.25152200107978,1076
9591,19.253529459056953,1103
9592,19.255536917034124,1121
9593,19.2575443750113,1126
9594,19.25955183298847,1122
9595,19.261559290965643,1112
9596,19.263566748942814,1097
9597,19.265574206919986,1080
9598,19.267581664897158,1062
9599,19.26958912287433,1053
9600,19.2715965808515,1069
9601,19.273604038828676,1102
9602,19.275611496805848,1125
9603,19.27761895478302,1134
9604,19.27962641276019,1145
9605,19.281633870737362,1160
9606,19.283641328714534,1168
9607,19.285648786691706,1176
9608,19.287656244668877,1195
9609,19.28966370264605,1211
9610,19.291671160623224,1203
9611,19.293678618600396,1174
9612,19.295686076577567,1151
9613,19.29769353455474,1153
9614,19.29970099253191,1173
9615,19.301708450509082,1184
9616,19.303715908486254,1178
9617,19.305723366463425,1169
9618,19.3077308244406,1170
9619,19.309738282417772,1179
9620,19.311745740394944,1182
9621,19.313753198372115,1168
9622,19.315760656349287,1144
9623,19.31776811432646,1131
9624,19.31977557230363,1140
9625,19.321783030280802,1153
9626,19.323790488257973,1149
9627,19.32579794623515,1129
9628,19.32780540421232,1110
9629,19.329812862189492,1104
9630,19.331820320166663,1104
9631,19.333827778143835,1102
9632,19.335835236121007,1097
9633,19.33784269409818,1095
9634,19.33985015207535,1105
9635,19.341857610052525,1119
9636,19.343865068029697,1126
9637,19.34587252600687,1129
9638,19.34787998398404,1137
9639,19.34988744196121,1148
9640,19.351894899938383,1152
9641,19.353902357915555,1144
9642,19.355909815892726,1124
9643,19.357917273869898,1105
9644,19.359924731847073,1095
9645,19.361932189824245,1094
9646,19.363939647801416,1097
9647,19.365947105778588,1102
9648,19.36795456375576,1110
9649,19.36996202173293,1118
9650,19.371969479710103,1122
9651,19.373976937687274,1116
9652,19.37598439566445,1103
9653,19.37799185364162,1098
9654,19.379999311618793,1111
9655,19.382006769595964,1131
9656,19.384014227573136,1134
9657,19.386021685550308,1119
9658,19.38802914352748,1109
9659,19.39003660150465,1116
9660,19.392044059481822,1132
9661,19.394051517458998,1134
9662,19.39605897543617,1117
9663,19.39806643341334,1101
9664,19.400073891390512,1105
9665,19.402081349367684,1120
9666,19.404088807344856,1125
9667,19.406096265322027,1126
9668,19.4081037232992,1142
9669,19.410111181276374,1174
9670,19.412118639253546,1199
9671,19.414126097230717,1199
9672,19.41613355520789,1185
9673,19.41814101318506,1175
9674,19.420148471162232,1172
9675,19.422155929139404,1165
9676,19.424163387116575,1151
9677,19.426170845093747,1137
9678,19.428178303070922,1129
9679,19.430185761048094,1126
9680,19.432193219025265,1126
9681,19.434200677002437,1121
9682,19.43620813497961,1111
9683,19.43821559295678,1105
9684,19.44022305093395,1116
9685,19.442230508911123,1129
9686,19.4442379668883,1115
9687,19.44624542486547,1082
9688,19.44825288284264,1066
9689,19.450260340819813,1079
9690,19.452267798796985,1106
9691,19.454275256774157,1122
9692,19.456282714751328,1117
9693,19.4582901727285,1103
9694,19.46029763070567,1096
9695,19.462305088682847,1097
9696,19.464312546660018,1096
9697,19.46632000463719,1092
9698,19.46832746261436,1091
9699,19.470334920591533,1092
9700,19.472342378568705,1085
9701,19.474349836545876,1069
9702,19.476357294523048,1065
9703,19.478364752500223,1087
9704,19.480372210477395,1119
9705,19.482379668454566,1130
9706,19.484387126431738,1118
9707,19.48639458440891,1108
9708,19.48840204238608,1112
9709,19.490409500363253,1116
9710,19.492416958340424,1108
9711,19.4944244163176,1096
9712,19.49643187429477,1091
9713,19.498439332271943,1091
9714,19.500446790249114,1096
9715,19.502454248226286,1098
9716,19.504461706203458,1078
9717,19.50646916418063,1031
9718,19.5084766221578,989
9719,19.510484080134972,981
9720,19.512491538112148,991
9721,19.51449899608932,986
9722,19.51650645406649,966
9723,19.518513912043662,951
9724,19.520521370020834,946
9725,19.522528827998006,938
9726,19.524536285975177,925
9727,19.52654374395235,925
9728,19.528551201929524,939
9729,19.530558659906696,947
9730,19.532566117883867,936
9731,19.53457357586104,914
9732,19.53658103383821,900
9733,19.538588491815382,904
9734,19.540595949792554,924
9735,19.542603407769725,957
9736,19.544610865746897,994
9737,19.546618323724072,1029
9738,19.548625781701244,1061
9739,19.550633239678415,1083
9740,19.552640697655587,1089
9741,19.55464815563276,1077
9742,19.55665561360993,1056
9743,19.5586630715871,1044
9744,19.560670529564273,1051
9745,19.56267798754145,1063
9746,19.56468544551862,1069
9747,19.56669290349579,1070
9748,19.568700361472963,1069
9749,19.570707819450135,1073
9750,19.572715277427307,1083
9751,19.574722735404478,1100
9752,19.57673019338165,1113
9753,19.57873765135882,1120
9754,19.580745109335997,1123
9755,19.582752567313168,1119
9756,19.58476002529034,1096
9757,19.58676748326751,1054
9758,19.588774941244683,1018
9759,19.590782399221855,1014
9760,19.592789857199026,1035
9761,19.594797315176198,1058
9762,19.596804773153373,1071
9763,19.598812231130545,1077
9764,19.600819689107716,1080
9765,19.602827147084888,1080
9766,19.60483460506206,1080
9767,19.60684206303923,1087
9768,19.608849521016403,1098
9769,19.610856978993574,1099
9770,19.612864436970746,1086
9771,19.61487189494792,1078
9772,19.616879352925093,1087
9773,19.618886810902264,1107
9774,19.620894268879436,1120
9775,19.622901726856607,1123
9776,19.62490918483378,1126
9777,19.62691664281095,1135
9778,19.628924100788122,1137
9779,19.630931558765297,1118
9780,19.63293901674247,1096
9781,19.63494647471964,1094
9782,19.636953932696812,1103
9783,19.638961390673984,1101
9784,19.640968848651156,1082
9785,19.642976306628327,1062
9786,19.6449837646055,1059
9787,19.64699122258267,1071
9788,19.648998680559846,1082
9789,19.651006138537017,1089
9790,19.65301359651419,1099
9791,19.65502105449136,1110
9792,19.657028512468532,1114
9793,19.659035970445704,1112
9794,19.661043428422875,1106
9795,19.663050886400047,1099
9796,19.665058344377222,1095
9797,19.667065802354394,1091
9798,19.669073260331565,1078
9799,19.671080718308737,1054
9800,19.67308817628591,1031
9801,19.67509563426308,1016
9802,19.67710309224025,1004
9803,19.679110550217423,995
9804,19.681118008194595,986
9805,19.68312546617177,978
9806,19.68513292414894,978
9807,19.687140382126113,991
9808,19.689147840103285,1009
9809,19.691155298080457,1017
9810,19.693162756057628,1012
9811,19.6951702140348,1001
9812,19.69717767201197,994
9813,19.699185129989147,997
9814,19.701192587966318,1010
9815,19.70320004594349,1021
9816,19.70520750392066,1019
9817,19.707214961897833,1011
9818,19.709222419875005,1005
9819,19.711229877852176,1003
9820,19.713237335829348,1000
9821,19.715244793806523,1000
9822,19.717252251783695,1008
9823,19.719259709760866,1016
9824,19.721267167738038,1009
9825,19.72327462571521,990
9826,19.72528208369238,974
9827,19.727289541669553,964
9828,19.729296999646724,962
9829,19.731304457623896,965
9830,19.73331191560107,969
9831,19.735319373578243,969
9832,19.737326831555414,964
9833,19.739334289532586,961
9834,19.741341747509757,968
9835,19.74334920548693,981
9836,19.7453566634641,986
9837,19.747364121441272,986
9838,19.749371579418447,990
9839,19.75137903739562,996
9840,19.75338649537279,994
9841,19.755393953349962,982
9842,19.757401411327134,968
9843,19.759408869304306,962
9844,19.761416327281477,965
9845,19.76342378525865,969
9846,19.76543124323582,972
9847,19.767438701212996,976
9848,19.769446159190167,985
9849,19.77145361716734,991
9850,19.77346107514451,989
9851,19.775468533121682,986
9852,19.777475991098854,989
9853,19.779483449076025,995
9854,19.781490907053197,991
9855,19.783498365030372,977
9856,19.785505823007544,964
9857,19.787513280984715,962
9858,19.789520738961887,968
9859,19.79152819693906,981
9860,19.79353565491623,997
9861,19.7955431128934,1006
9862,19.797550570870573,1001
9863,19.799558028847745,991
9864,19.80156548682492,988
9865,19.80357294480209,992
9866,19.805580402779263,996
9867,19.807587860756435,1004
9868,19.809595318733606,1025
9869,19.811602776710778,1041
9870,19.81361023468795,1030
9871,19.81561769266512,997
9872,19.817625150642296,973
9873,19.819632608619468,975
9874,19.82164006659664,987
9875,19.82364752457381,987
9876,19.825654982550983,970
9877,19.827662440528155,943
9878,19.829669898505326,921
9879,19.831677356482498,916
9880,19.83368481445967,926
9881,19.835692272436845,935
9882,19.837699730414016,932
9883,19.839707188391188,929
9884,19.84171464636836,937
9885,19.84372210434553,949
9886,19.845729562322703,958
9887,19.847737020299874,970
9888,19.849744478277046,999
9889,19.85175193625422,1038
9890,19.853759394231393,1071
9891,19.855766852208564,1088
9892,19.857774310185736,1092
9893,19.859781768162907,1097
9894,19.86178922614008,1116
9895,19.86379668411725,1144
9896,19.865804142094422,1157
9897,19.867811600071594,1151
9898,19.86981905804877,1141
9899,19.87182651602594,1136
9900,19.873833974003112,1132
9901,19.875841431980284,1119
9902,19.877848889957455,1104
9903,19.879856347934627,1110
9904,19.8818638059118,1135
9905,19.88387126388897,1151
9906,19.885878721866145,1141
9907,19.887886179843317,1121
9908,19.88989363782049,1115
9909,19.89190109579766,1134
9910,19.893908553774832,1160
9911,19.895916011752004,1166
9912,19.897923469729175,1151
9913,19.899930927706347,1137
9914,19.90193838568352,1143
9915,19.903945843660694,1162
9916,19.905953301637865,1176
9917,19.907960759615037,1173
9918,19.90996821759221,1158
9919,19.91197567556938,1151
9920,19.91398313354655,1159
9921,19.915990591523723,1162
9922,19.917998049500895,1139
9923,19.92000550747807,1105
9924,19.92201296545524,1093
9925,19.924020423432413,1098
9926,19.926027881409585,1098
9927,19.928035339386756,1088
9928,19.930042797363928,1080
9929,19.9320502553411,1077
9930,19.93405771331827,1075
9931,19.936065171295446,1072
9932,19.938072629272618,1068
9933,19.94008008724979,1061
9934,19.94208754522696,1056
9935,19.944095003204133,1054
9936,19.946102461181304,1057
9937,19.948109919158476,1070
9938,19.950117377135648,1085
9939,19.95212483511282,1093
9940,19.954132293089994,1096
9941,19.956139751067166,1105
9942,19.958147209044338,1117
9943,19.96015466702151,1126
9944,19.96216212499868,1133
9945,19.964169582975853,1140
9946,19.966177040953024,1145
9947,19.968184498930196,1147
9948,19.97019195690737,1148
9949,19.972199414884543,1148
9950,19.974206872861714,1146
9951,19.976214330838886,1143
9952,19.978221788816057,1148
9953,19.98022924679323,1167
9954,19.9822367047704,1195
9955,19.984244162747572,1204
9956,19.986251620724744,1181
9957,19.98825907870192,1149
9958,19.99026653667909,1136
9959,19.992273994656262,1142
9960,19.994281452633434,1152
9961,19.996288910610605,1156
9962,19.998296368587777,1156
9963,20.00030382656495,1154
9964,20.00231128454212,1155
9965,20.004318742519295,1157
9966,20.006326200496467,1147
9967,20.00833365847364,1123
9968,20.01034111645081,1114
9969,20.012348574427982,1139
9970,20.014356032405153,1173
9971,20.016363490382325,1182
9972,20.018370948359497,1165
9973,20.02037840633667,1152
9974,20.022385864313843,1158
9975,20.024393322291015,1171
9976,20.026400780268187,1172
9977,20.02840823824536,1164
9978,20.03041569622253,1166
9979,20.0324231541997,1177
9980,20.034430612176873,1171
9981,20.036438070154045,1143
9982,20.03844552813122,1126
9983,20.04045298610839,1141
9984,20.042460444085563,1164
9985,20.044467902062735,1172
9986,20.046475360039906,1175
9987,20.048482818017078,1182
9988,20.05049027599425,1194
9989,20.05249773397142,1205
9990,20.054505191948593,1207
9991,20.056512649925768,1189
9992,20.05852010790294,1152
9993,20.06052756588011,1116
9994,20.062535023857283,1112
9995,20.064542481834454,1136
9996,20.066549939811626,1159
9997,20.068557397788798,1160
9998,20.07056485576597,1145
9999,20.072572313743144,1133
10000,20.074579771720316,1137
10001,20.076587229697488,1146
10002,20.07859468767466,1147
10003,20.08060214565183,1151
10004,20.082609603629002,1173
10005,20.084617061606174,1196
10006,20.086624519583346,1189
10007,20.088631977560517,1164
10008,20.090639435537692,1153
10009,20.092646893514864,1166
10010,20.094654351492036,1181
10011,20.096661809469207,1180
10012,20.09866926744638,1165
10013,20.10067672542355,1154
10014,20.102684183400722,1153
10015,20.104691641377894,1155
10016,20.10669909935507,1154
10017,20.10870655733224,1154
10018,20.110714015309412,1160
10019,20.112721473286584,1167
10020,20.114728931263755,1170
10021,20.116736389240927,1168
10022,20.1187438472181,1165
10023,20.12075130519527,1169
10024,20.122758763172442,1185
10025,20.124766221149617,1197
10026,20.12677367912679,1184
10027,20.12878113710396,1157
10028,20.130788595081132,1143
10029,20.132796053058303,1152
10030,20.134803511035475,1171
10031,20.136810969012647,1188
10032,20.13881842698982,1195
10033,20.140825884966993,1185
10034,20.142833342944165,1166
10035,20.144840800921337,1148
10036,20.14684825889851,1131
10037,20.14885571687568,1105
10038,20.15086317485285,1080
10039,20.152870632830023,1077
10040,20.154878090807195,1092
10041,20.156885548784366,1097
10042,20.15889300676154,1085
10043,20.160900464738713,1078
10044,20.162907922715885,1091
10045,20.164915380693056,1110
10046,20.166922838670228,1121
10047,20.1689302966474,1124
10048,20.17093775462457,1129
10049,20.172945212601743,1140
10050,20.174952670578918,1147
10051,20.17696012855609,1138
10052,20.17896758653326,1123
10053,20.180975044510433,1127
10054,20.182982502487604,1148
10055,20.184989960464776,1165
10056,20.186997418441948,1166
10057,20.18900487641912,1155
10058,20.191012334396294,1146
10059,20.193019792373466,1149
10060,20.195027250350638,1159
10061,20.19703470832781,1157
10062,20.19904216630498,1135
10063,20.201049624282152,1107
10064,20.203057082259324,1093
10065,20.205064540236496,1092
10066,20.207071998213667,1093
10067,20.209079456190842,1093
10068,20.211086914168014,1097
10069,20.213094372145186,1108
10070,20.215101830122357,1125
10071,20.21710928809953,1136
10072,20.2191167460767,1134
10073,20.221124204053872,1126
10074,20.223131662031044,1128
10075,20.22513912000822,1140
10076,20.22714657798539,1143
10077,20.229154035962562,1128
10078,20.231161493939734,1112
10079,20.233168951916905,1114
10080,20.235176409894077,1126
10081,20.23718386787125,1126
10082,20.23919132584842,1113
10083,20.241198783825592,1102
10084,20.243206241802767,1103
10085,20.24521369977994,1110
10086,20.24722115775711,1103
10087,20.249228615734282,1080
10088,20.251236073711453,1061
10089,20.253243531688625,1059
10090,20.255250989665797,1073
10091,20.25725844764297,1086
10092,20.259265905620143,1084
10093,20.261273363597315,1076
10094,20.263280821574487,1082
10095,20.26528827955166,1098
10096,20.26729573752883,1107
10097,20.269303195506,1101
10098,20.271310653483173,1085
10099,20.273318111460345,1069
10100,20.275325569437516,1057
10101,20.27733302741469,1037
10102,20.279340485391863,1010
10103,20.281347943369035,1000
10104,20.283355401346206,1023
10105,20.285362859323378,1054
10106,20.28737031730055,1060
10107,20.28937777527772,1040
10108,20.291385233254893,1020
10109,20.293392691232068,1017
10110,20.29540014920924,1023
10111,20.29740760718641,1023
10112,20.299415065163583,1020
10113,20.301422523140754,1016
10114,20.303429981117926,1018
10115,20.305437439095098,1024
10116,20.30744489707227,1028
10117,20.30945235504944,1023
10118,20.311459813026616,1014
10119,20.313467271003788,1006
10120,20.31547472898096,995
10121,20.31748218695813,984
10122,20.319489644935302,977
10123,20.321497102912474,976
10124,20.323504560889646,974
10125,20.325512018866817,968
10126,20.327519476843992,957
10127,20.329526934821164,951
10128,20.331534392798336,964
10129,20.333541850775507,990
10130,20.33554930875268,1004
10131,20.33755676672985,993
10132,20.339564224707022,972
10133,20.341571682684194,968
10134,20.343579140661365,981
10135,20.34558659863854,986
10136,20.347594056615712,972
10137,20.349601514592884,964
10138,20.351608972570055,980
10139,20.353616430547227,1013
10140,20.3556238885244,1045
10141,20.35763134650157,1059
10142,20.35963880447874,1055
10143,20.361646262455917,1051
10144,20.36365372043309,1058
10145,20.36566117841026,1061
10146,20.36766863638743,1052
10147,20.369676094364603,1042
10148,20.371683552341775,1043
10149,20.373691010318947,1045
10150,20.375698468296118,1031
10151,20.37770592627329,1005
10152,20.379713384250465,987
10153,20.381720842227637,992
10154,20.383728300204808,1009
10155,20.38573575818198,1020
10156,20.38774321615915,1020
10157,20.389750674136323,1015
10158,20.391758132113495,1012
10159,20.393765590090666,1006
10160,20.39577304806784,997
10161,20.397780506045013,989
10162,20.399787964022185,988
10163,20.401795421999356,994
10164,20.403802879976528,1009
10165,20.4058103379537,1027
10166,20.40781779593087,1024
10167,20.409825253908043,999
10168,20.411832711885218,980
10169,20.41384016986239,986
10170,20.41584762783956,1004
10171,20.417855085816733,1006
10172,20.419862543793904,987
10173,20.421870001771076,963
10174,20.423877459748248,947
10175,20.42588491772542,934
10176,20.42789237570259,917
10177,20.429899833679766,909
10178,20.431907291656938,926
10179,20.43391474963411,960
10180,20.43592220761128,977
10181,20.437929665588452,967
10182,20.439937123565624,958
10183,20.441944581542796,971
10184,20.443952039519967,997
10185,20.445959497497142,1011
10186,20.447966955474314,1005
10187,20.449974413451486,989
10188,20.451981871428657,981
10189,20.45398932940583,983
10190,20.455996787383,988
10191,20.458004245360172,988
10192,20.460011703337344,983
10193,20.462019161314515,984
10194,20.46402661929169,998
10195,20.466034077268862,1012
10196,20.468041535246034,1011
10197,20.470048993223205,1001
10198,20.472056451200377,993
10199,20.47406390917755,993
10200,20.47607136715472,995
10201,20.47807882513189,992
10202,20.480086283109067,983
10203,20.48209374108624,985
10204,20.48410119906341,1000
10205,20.48610865704058,1011
10206,20.488116115017753,1006
10207,20.490123572994925,997
10208,20.492131030972097,999
10209,20.494138488949268,1008
10210,20.49614594692644,1013
10211,20.498153404903615,1013
10212,20.500160862880787,1026
10213,20.502168320857958,1061
10214,20.50417577883513,1098
10215,20.5061832368123,1110
10216,20.508190694789473,1101
10217,20.510198152766645,1091
10218,20.512205610743816,1093
10219,20.51421306872099,1110
10220,20.516220526698163,1133
10221,20.518227984675335,1145
10222,20.520235442652506,1141
10223,20.522242900629678,1135
10224,20.52425035860685,1139
10225,20.52625781658402,1144
10226,20.528265274561193,1143
10227,20.530272732538364,1149
10228,20.53228019051554,1169
10229,20.53428764849271,1185
10230,20.536295106469883,1181
10231,20.538302564447054,1166
10232,20.540310022424226,1157
10233,20.542317480401397,1156
10234,20.54432493837857,1160
10235,20.54633239635574,1164
10236,20.548339854332916,1162
10237,20.550347312310087,1157
10238,20.55235477028726,1159
10239,20.55436222826443,1174
10240,20.556369686241602,1191
10241,20.558377144218774,1195
10242,20.560384602195946,1176
10243,20.562392060173117,1143
10244,20.56439951815029,1119
10245,20.566406976127464,1123
10246,20.568414434104636,1145
10247,20.570421892081807,1152
10248,20.57242935005898,1139
10249,20.57443680803615,1121
10250,20.576444266013322,1113
10251,20.578451723990494,1119
10252,20.580459181967665,1140
10253,20.58246663994484,1170
10254,20.584474097922012,1189
10255,20.586481555899184,1188
10256,20.588489013876355,1178
10257,20.590496471853527,1174
10258,20.5925039298307,1179
10259,20.59451138780787,1186
10260,20.59651884578504,1188
10261,20.598526303762213,1181
10262,20.60053376173939,1174
10263,20.60254121971656,1177
10264,20.60454867769373,1189
10265,20.606556135670903,1209
10266,20.608563593648075,1236
10267,20.610571051625246,1257
10268,20.612578509602418,1252
10269,20.61458596757959,1216
10270,20.616593425556765,1172
10271,20.618600883533936,1149
10272,20.620608341511108,1150
10273,20.62261579948828,1148
10274,20.62462325746545,1123
10275,20.626630715442623,1086
10276,20.628638173419795,1073
10277,20.630645631396966,1091
10278,20.63265308937414,1115
10279,20.634660547351313,1123
10280,20.636668005328485,1122
10281,20.638675463305656,1127
10282,20.640682921282828,1136
10283,20.64269037926,1141
10284,20.64469783723717,1137
10285,20.646705295214343,1134
10286,20.648712753191514,1138
10287,20.65072021116869,1141
10288,20.65272766914586,1139
10289,20.654735127123033,1139
10290,20.656742585100204,1148
10291,20.658750043077376,1161
10292,20.660757501054547,1165
10293,20.66276495903172,1162
10294,20.66477241700889,1163
10295,20.666779874986066,1167
10296,20.668787332963237,1163
10297,20.67079479094041,1148
10298,20.67280224891758,1138
10299,20.674809706894752,1146
10300,20.676817164871924,1163
10301,20.678824622849096,1171
10302,20.680832080826267,1165
10303,20.68283953880344,1155
10304,20.684846996780614,1151
10305,20.686854454757786,1150
10306,20.688861912734957,1143
10307,20.69086937071213,1137
10308,20.6928768286893,1143
10309,20.694884286666472,1156
10310,20.696891744643644,1158
10311,20.698899202620815,1144
10312,20.70090666059799,1125
10313,20.702914118575162,1125
10314,20.704921576552334,1145
10315,20.706929034529505,1164
10316,20.708936492506677,1164
10317,20.71094395048385,1151
10318,20.71295140846102,1145
10319,20.71495886643819,1151
10320,20.716966324415363,1159
10321,20.71897378239254,1158
10322,20.72098124036971,1147
10323,20.72298869834688,1133
10324,20.724996156324053,1123
10325,20.727003614301225,1118
10326,20.729011072278396,1116
10327,20.731018530255568,1115
10328,20.73302598823274,1117
10329,20.735033446209915,1122
10330,20.737040904187086,1129
10331,20.739048362164258,1134
10332,20.74105582014143,1140
10333,20.7430632781186,1152
10334,20.745070736095773,1167
10335,20.747078194072945,1169
10336,20.749085652050116,1152
10337,20.751093110027288,1129
10338,20.753100568004463,1119
10339,20.755108025981635,1124
10340,20.757115483958806,1129
10341,20.759122941935978,1123
10342,20.76113039991315,1108
10343,20.76313785789032,1094
10344,20.765145315867493,1083
10345,20.767152773844664,1076
10346,20.76916023182184,1067
10347,20.77116768979901,1055
10348,20.773175147776183,1044
10349,20.775182605753354,1035
10350,20.777190063730526,1023
10351,20.779197521707697,1014
10352,20.78120497968487,1023
10353,20.78321243766204,1047
10354,20.785219895639212,1067
10355,20.787227353616387,1071
10356,20.78923481159356,1070
10357,20.79124226957073,1077
10358,20.793249727547902,1094
10359,20.795257185525074,1113
10360,20.797264643502245,1127
10361,20.799272101479417,1130
10362,20.80127955945659,1126
10363,20.803287017433764,1124
10364,20.805294475410935,1121
10365,20.807301933388107,1104
10366,20.80930939136528,1080
10367,20.81131684934245,1059
10368,20.813324307319622,1049
10369,20.815331765296794,1055
10370,20.817339223273965,1071
10371,20.819346681251137,1081
10372,20.821354139228312,1078
10373,20.823361597205484,1072
10374,20.825369055182655,1082
10375,20.827376513159827,1108
10376,20.829383971137,1125
10377,20.83139142911417,1123
10378,20.83339888709134,1112
10379,20.835406345068513,1108
10380,20.83741380304569,1106
10381,20.83942126102286,1101
10382,20.84142871900003,1096
10383,20.843436176977203,1101
10384,20.845443634954375,1110
10385,20.847451092931546,1105
10386,20.849458550908718,1084
10387,20.85146600888589,1065
10388,20.853473466863065,1065
10389,20.855480924840236,1087
10390,20.857488382817408,1118
10391,20.85949584079458,1131
10392,20.86150329877175,1113
10393,20.863510756748923,1085
10394,20.865518214726094,1077
10395,20.867525672703266,1092
10396,20.869533130680438,1113
10397,20.871540588657613,1132
10398,20.873548046634784,1145
10399,20.875555504611956,1161
10400,20.877562962589128,1184
10401,20.8795704205663,1207
10402,20.88157787854347,1209
10403,20.883585336520643,1182
10404,20.885592794497814,1151
10405,20.88760025247499,1140
10406,20.88960771045216,1143
10407,20.891615168429333,1138
10408,20.893622626406504,1125
10409,20.895630084383676,1110
10410,20.897637542360847,1101
10411,20.89964500033802,1103
10412,20.90165245831519,1113
10413,20.903659916292362,1121
10414,20.905667374269537,1127
10415,20.90767483224671,1142
10416,20.90968229022388,1164
10417,20.911689748201052,1173
10418,20.913697206178224,1167
10419,20.915704664155395,1155
10420,20.917712122132567,1143
10421,20.91971958010974,1130
10422,20.921727038086914,1128
10423,20.923734496064085,1147
10424,20.925741954041257,1180
10425,20.92774941201843,1221
10426,20.9297568699956,1270
10427,20.931764327972772,1294
10428,20.933771785949943,1249
10429,20.935779243927115,1163
10430,20.937786701904287,1115
10431,20.939794159881462,1122
10432,20.941801617858633,1138
10433,20.943809075835805,1137
10434,20.945816533812977,1133
10435,20.94782399179015,1134
10436,20.94983144976732,1129
10437,20.95183890774449,1122
10438,20.953846365721663,1129
10439,20.95585382369884,1151
10440,20.95786128167601,1171
10441,20.95986873965318,1173
10442,20.961876197630353,1154
10443,20.963883655607525,1133
10444,20.965891113584696,1131
10445,20.967898571561868,1144
10446,20.96990602953904,1150
10447,20.97191348751621,1143
10448,20.973920945493386,1139
10449,20.975928403470558,1147
10450,20.97793586144773,1161
10451,20.9799433194249,1165
10452,20.981950777402073,1155
10453,20.983958235379244,1143
10454,20.985965693356416,1138
10455,20.987973151333588,1136
10456,20.989980609310763,1124
10457,20.991988067287934,1108
10458,20.993995525265106,1102
10459,20.996002983242278,1116
10460,20.99801044121945,1140
10461,21.00001789919662,1155
10462,21.002025357173792,1152
10463,21.004032815150964,1142
10464,21.006040273128136,1140
10465,21.00804773110531,1147
10466,21.010055189082482,1152
10467,21.012062647059654,1152
10468,21.014070105036826,1159
10469,21.016077563013997,1177
10470,21.01808502099117,1190
10471,21.02009247896834,1181
10472,21.022099936945512,1161
10473,21.024107394922687,1148
10474,21.02611485289986,1148
10475,21.02812231087703,1149
10476,21.030129768854202,1141
10477,21.032137226831374,1131
10478,21.034144684808545,1131
10479,21.036152142785717,1145
10480,21.03815960076289,1165
10481,21.04016705874006,1178
10482,21.042174516717235,1175
10483,21.044181974694407,1166
10484,21.04618943267158,1164
10485,21.04819689064875,1174
10486,21.050204348625922,1179
10487,21.052211806603093,1173
10488,21.054219264580265,1165
10489,21.056226722557437,1165
10490,21.058234180534612,1164
10491,21.060241638511783,1148
10492,21.062249096488955,1128
10493,21.064256554466127,1129
10494,21.0662640124433,1148
10495,21.06827147042047,1161
10496,21.07027892839764,1152
10497,21.072286386374813,1138
10498,21.074293844351985,1139
10499,21.07630130232916,1155
10500,21.07830876030633,1171
10501,21.080316218283503,1176
10502,21.082323676260675,1178
10503,21.084331134237846,1184
10504,21.086338592215018,1182
10505,21.08834605019219,1162
10506,21.09035350816936,1142
10507,21.092360966146536,1147
10508,21.094368424123708,1172
10509,21.09637588210088,1187
10510,21.09838334007805,1171
10511,21.100390798055223,1135
10512,21.102398256032394,1110
10513,21.104405714009566,1113
10514,21.106413171986738,1133
10515,21.108420629963913,1145
10516,21.110428087941084,1137
10517,21.112435545918256,1116
10518,21.114443003895428,1104
10519,21.1164504618726,1111
10520,21.11845791984977,1122
10521,21.120465377826942,1123
10522,21.122472835804114,1117
10523,21.124480293781286,1118
10524,21.12648775175846,1127
10525,21.128495209735632,1131
10526,21.130502667712804,1116
10527,21.132510125689976,1097
10528,21.134517583667147,1093
10529,21.13652504164432,1104
10530,21.13853249962149,1111
10531,21.140539957598662,1105
10532,21.142547415575837,1093
10533,21.14455487355301,1092
10534,21.14656233153018,1103
10535,21.148569789507352,1117
10536,21.150577247484524,1119
10537,21.152584705461695,1103
10538,21.154592163438867,1082
10539,21.15659962141604,1072
10540,21.15860707939321,1075
10541,21.160614537370385,1080
10542,21.162621995347557,1080
10543,21.16462945332473,1081
10544,21.1666369113019,1092
10545,21.168644369279072,1110
10546,21.170651827256243,1117
10547,21.172659285233415,1108
10548,21.174666743210587,1102
10549,21.176674201187762,1113
10550,21.178681659164933,1132
10551,21.180689117142105,1137
10552,21.182696575119277,1119
10553,21.18470403309645,1094
10554,21.18671149107362,1089
10555,21.18871894905079,1105
10556,21.190726407027963,1117
10557,21.192733865005135,1110
10558,21.19474132298231,1098
10559,21.19674878095948,1099
10560,21.198756238936653,1113
10561,21.200763696913825,1126
10562,21.202771154890996,1126
10563,21.204778612868168,1118
10564,21.20678607084534,1125
10565,21.20879352882251,1145
10566,21.210800986799686,1154
10567,21.212808444776858,1143
10568,21.21481590275403,1136
10569,21.2168233607312,1148
10570,21.218830818708373,1167
10571,21.220838276685544,1174
10572,21.222845734662716,1161
10573,21.224853192639888,1146
10574,21.22686065061706,1144
10575,21.228868108594234,1151
10576,21.230875566571406,1151
10577,21.232883024548578,1136
10578,21.23489048252575,1121
10579,21.23689794050292,1124
10580,21.238905398480092,1142
10581,21.240912856457264,1153
10582,21.242920314434436,1145
10583,21.24492777241161,1132
10584,21.246935230388782,1133
10585,21.248942688365954,1149
10586,21.250950146343126,1162
10587,21.252957604320297,1156
10588,21.25496506229747,1141
10589,21.25697252027464,1140
10590,21.258979978251812,1148
10591,21.260987436228984,1141
10592,21.26299489420616,1114
10593,21.26500235218333,1095
10594,21.267009810160502,1103
10595,21.269017268137674,1124
10596,21.271024726114845,1127
10597,21.273032184092017,1108
10598,21.27503964206919,1091
10599,21.27704710004636,1095
10600,21.279054558023535,1110
10601,21.281062016000707,1110
10602,21.28306947397788,1090
10603,21.28507693195505,1071
10604,21.28708438993222,1077
10605,21.289091847909393,1095
10606,21.291099305886565,1098
10607,21.293106763863737,1085
10608,21.295114221840908,1082
10609,21.297121679818083,1100
10610,21.299129137795255,1121
10611,21.301136595772427,1132
10612,21.303144053749598,1131
10613,21.30515151172677,1121
10614,21.30715896970394,1109
10615,21.309166427681113,1104
10616,21.311173885658285,1104
10617,21.31318134363546,1099
10618,21.31518880161263,1098
10619,21.317196259589803,1120
10620,21.319203717566975,1159
10621,21.321211175544146,1177
10622,21.323218633521318,1154
10623,21.32522609149849,1123
10624,21.32723354947566,1119
10625,21.329241007452836,1138
10626,21.331248465430008,1147
10627,21.33325592340718,1132
10628,21.33526338138435,1113
10629,21.337270839361523,1109
10630,21.339278297338694,1119
10631,21.341285755315866,1127
10632,21.343293213293038,1117
10633,21.34530067127021,1095
10634,21.347308129247384,1081
10635,21.349315587224556,1083
10636,21.351323045201728,1089
10637,21.3533305031789,1088
10638,21.35533796115607,1080
10639,21.357345419133242,1068
10640,21.359352877110414,1060
10641,21.361360335087586,1061
10642,21.36336779306476,1072
10643,21.365375251041932,1091
10644,21.367382709019104,1120
10645,21.369390166996276,1147
10646,21.371397624973447,1153
10647,21.37340508295062,1135
10648,21.37541254092779,1114
10649,21.377419998904962,1121
10650,21.379427456882134,1146
10651,21.38143491485931,1148
10652,21.38344237283648,1115
10653,21.385449830813652,1084
10654,21.387457288790824,1092
10655,21.389464746767995,1129
10656,21.391472204745167,1155
10657,21.39347966272234,1151
10658,21.39548712069951,1132
10659,21.397494578676685,1118
10660,21.399502036653857,1113
10661,21.40150949463103,1114
10662,21.4035169526082,1115
10663,21.40552441058537,1114
10664,21.407531868562543,1114
10665,21.409539326539715,1112
10666,21.411546784516887,1109
10667,21.413554242494058,1107
10668,21.415561700471233,1118
10669,21.417569158448405,1143
10670,21.419576616425577,1174
10671,21.421584074402748,1200
10672,21.42359153237992,1213
10673,21.42559899035709,1217
10674,21.427606448334263,1228
10675,21.429613906311435,1252
10676,21.43162136428861,1267
10677,21.43362882226578,1252
10678,21.435636280242953,1220
10679,21.437643738220125,1203
10680,21.439651196197296,1211
10681,21.441658654174468,1216
10682,21.44366611215164,1197
10683,21.44567357012881,1166
10684,21.447681028105983,1150
10685,21.449688486083158,1153
10686,21.45169594406033,1161
10687,21.4537034020375,1165
10688,21.455710860014673,1167
10689,21.457718317991844,1172
10690,21.459725775969016,1181
10691,21.461733233946187,1191
10692,21.46374069192336,1198
10693,21.465748149900534,1204
10694,21.467755607877706,1210
10695,21.469763065854877,1214
10696,21.47177052383205,1209
10697,21.47377798180922,1200
10698,21.475785439786392,1192
10699,21.477792897763564,1190
10700,21.479800355740736,1190
10701,21.481807813717907,1194
10702,21.483815271695082,1200
10703,21.485822729672254,1203
10704,21.487830187649426,1196
10705,21.489837645626597,1175
10706,21.49184510360377,1153
10707,21.49385256158094,1145
10708,21.495860019558112,1152
10709,21.497867477535284,1165
10710,21.49987493551246,1172
10711,21.50188239348963,1166
10712,21.503889851466802,1151
10713,21.505897309443974,1142
10714,21.507904767421145,1143
10715,21.509912225398317,1152
10716,21.51191968337549,1161
10717,21.51392714135266,1167
10718,21.51593459932983,1173
10719,21.517942057307007,1179
10720,21.51994951528418,1179
10721,21.52195697326135,1172
10722,21.52396443123852,1167
10723,21.525971889215693,1175
10724,21.527979347192865,1186
10725,21.529986805170036,1187
10726,21.531994263147208,1181
10727,21.534001721124383,1177
10728,21.536009179101555,1178
10729,21.538016637078726,1181
10730,21.540024095055898,1185
10731,21.54203155303307,1181
10732,21.54403901101024,1167
10733,21.546046468987413,1155
10734,21.548053926964585,1151
10735,21.55006138494176,1152
10736,21.55206884291893,1148
10737,21.554076300896103,1140
10738,21.556083758873275,1134
10739,21.558091216850446,1136
10740,21.560098674827618,1139
10741,21.56210613280479,1134
10742,21.56411359078196,1123
10743,21.566121048759133,1115
10744,21.568128506736308,1115
10745,21.57013596471348,1119
10746,21.57214342269065,1121
10747,21.574150880667823,1117
10748,21.576158338644994,1105
10749,21.578165796622166,1086
10750,21.580173254599337,1072
10751,21.58218071257651,1083
10752,21.584188170553684,1123
10753,21.586195628530856,1166
10754,21.588203086508027,1189
10755,21.5902105444852,1196
10756,21.59221800246237,1200
10757,21.594225460439542,1205
10758,21.596232918416714,1206
10759,21.598240376393885,1196
10760,21.600247834371057,1172
10761,21.602255292348232,1145
10762,21.604262750325404,1132
10763,21.606270208302575,1131
10764,21.608277666279747,1126
10765,21.61028512425692,1112
10766,21.61229258223409,1106
10767,21.614300040211262,1117
10768,21.616307498188434,1128
10769,21.61831495616561,1133
10770,21.62032241414278,1135
10771,21.622329872119952,1136
10772,21.624337330097124,1129
10773,21.626344788074295,1119
10774,21.628352246051467,1115
10775,21.63035970402864,1121
10776,21.63236716200581,1133
10777,21.63437461998298,1144
10778,21.636382077960157,1150
10779,21.63838953593733,1153
10780,21.6403969939145,1162
10781,21.64240445189167,1174
10782,21.644411909868843,1175
10783,21.646419367846015,1163
10784,21.648426825823186,1154
10785,21.650434283800358,1157
10786,21.652441741777533,1161
10787,21.654449199754705,1152
10788,21.656456657731876,1139
10789,21.658464115709048,1138
10790,21.66047157368622,1150
10791,21.66247903166339,1159
10792,21.664486489640563,1156
10793,21.666493947617735,1147
10794,21.668501405594906,1144
10795,21.67050886357208,1149
10796,21.672516321549253,1152
10797,21.674523779526425,1148
10798,21.676531237503596,1143
10799,21.678538695480768,1143
10800,21.68054615345794,1149
10801,21.68255361143511,1157
10802,21.684561069412283,1159
10803,21.686568527389458,1152
10804,21.68857598536663,1146
10805,21.6905834433438,1156
10806,21.692590901320973,1194
10807,21.694598359298144,1238
10808,21.696605817275316,1245
10809,21.698613275252487,1210
10810,21.70062073322966,1166
10811,21.70262819120683,1148
10812,21.704635649184006,1163
10813,21.706643107161177,1184
10814,21.70865056513835,1177
10815,21.71065802311552,1142
10816,21.712665481092692,1108
10817,21.714672939069864,1100
10818,21.716680397047035,1113
10819,21.718687855024207,1127
10820,21.720695313001382,1125
10821,21.722702770978554,1117
10822,21.724710228955725,1115
10823,21.726717686932897,1118
10824,21.72872514491007,1117
10825,21.73073260288724,1108
10826,21.732740060864412,1092
10827,21.734747518841584,1069
10828,21.736754976818755,1051
10829,21.73876243479593,1055
10830,21.740769892773102,1087
10831,21.742777350750274,1132
10832,21.744784808727445,1166
10833,21.746792266704617,1170
10834,21.74879972468179,1150
10835,21.75080718265896,1131
10836,21.75281464063613,1128
10837,21.754822098613307,1134
10838,21.75682955659048,1133
10839,21.75883701456765,1124
10840,21.76084447254482,1114
10841,21.762851930521993,1100
10842,21.764859388499165,1079
10843,21.766866846476336,1065
10844,21.768874304453508,1073
10845,21.770881762430683,1098
10846,21.772889220407855,1117
10847,21.774896678385026,1115
10848,21.776904136362198,1101
10849,21.77891159433937,1094
10850,21.78091905231654,1099
10851,21.782926510293713,1101
10852,21.784933968270884,1091
10853,21.786941426248056,1078
10854,21.78894888422523,1075
10855,21.790956342202403,1079
10856,21.792963800179574,1080
10857,21.794971258156746,1080
10858,21.796978716133918,1084
10859,21.79898617411109,1095
10860,21.80099363208826,1102
10861,21.803001090065433,1093
10862,21.805008548042608,1074
10863,21.80701600601978,1067
10864,21.80902346399695,1075
10865,21.811030921974123,1088
10866,21.813038379951294,1088
10867,21.815045837928466,1072
10868,21.817053295905637,1056
10869,21.81906075388281,1056
10870,21.82106821185998,1070
10871,21.823075669837156,1080
10872,21.825083127814327,1075
10873,21.8270905857915,1059
10874,21.82909804376867,1049
10875,21.831105501745842,1052
10876,21.833112959723014,1058
10877,21.835120417700185,1059
10878,21.837127875677357,1057
10879,21.839135333654532,1063
10880,21.841142791631704,1073
10881,21.843150249608875,1072
10882,21.845157707586047,1065
10883,21.84716516556322,1065
10884,21.84917262354039,1073
10885,21.851180081517562,1076
10886,21.853187539494733,1069
10887,21.855194997471905,1061
10888,21.85720245544908,1057
10889,21.859209913426252,1059
10890,21.861217371403423,1060
10891,21.863224829380595,1057
10892,21.865232287357767,1049
10893,21.86723974533494,1045
10894,21.86924720331211,1054
10895,21.87125466128928,1072
10896,21.873262119266457,1085
10897,21.87526957724363,1086
10898,21.8772770352208,1081
10899,21.87928449319797,1080
10900,21.881291951175143,1089
10901,21.883299409152315,1108
10902,21.885306867129486,1125
10903,21.887314325106658,1132
10904,21.88932178308383,1130
10905,21.891329241061005,1121
10906,21.893336699038176,1103
10907,21.895344157015348,1076
10908,21.89735161499252,1050
10909,21.89935907296969,1037
10910,21.901366530946863,1038
10911,21.903373988924034,1040
10912,21.905381446901206,1035
10913,21.90738890487838,1025
10914,21.909396362855553,1020
10915,21.911403820832724,1024
10916,21.913411278809896,1030
10917,21.915418736787068,1030
10918,21.91742619476424,1031
10919,21.91943365274141,1037
10920,21.921441110718582,1044
10921,21.923448568695754,1036
10922,21.92545602667293,1009
10923,21.9274634846501,990
10924,21.929470942627272,1001
10925,21.931478400604444,1032
10926,21.933485858581616,1050
10927,21.935493316558787,1046
10928,21.93750077453596,1039
10929,21.93950823251313,1042
10930,21.941515690490306,1051
10931,21.943523148467477,1057
10932,21.94553060644465,1058
10933,21.94753806442182,1058
10934,21.949545522398992,1059
10935,21.951552980376164,1059
10936,21.953560438353335,1062
10937,21.955567896330507,1070
10938,21.95757535430768,1082
10939,21.959582812284854,1098
10940,21.961590270262025,1112
10941,21.963597728239197,1114
10942,21.96560518621637,1105
10943,21.96761264419354,1102
10944,21.969620102170712,1114
10945,21.971627560147883,1128
10946,21.973635018125055,1132
10947,21.97564247610223,1133
10948,21.977649934079402,1143
10949,21.979657392056573,1163
10950,21.981664850033745,1177
10951,21.983672308010917,1170
10952,21.98567976598809,1151
10953,21.98768722396526,1144
10954,21.98969468194243,1162
10955,21.991702139919607,1187
10956,21.99370959789678,1195
10957,21.99571705587395,1178
10958,21.99772451385112,1153
10959,21.999731971828293,1138
10960,22.001739429805465,1139
10961,22.003746887782636,1148
10962,22.005754345759808,1147
10963,22.00776180373698,1127
10964,22.009769261714155,1099
10965,22.011776719691326,1077
10966,22.013784177668498,1064
10967,22.01579163564567,1054
10968,22.01779909362284,1047
10969,22.019806551600013,1056
10970,22.021814009577184,1083
10971,22.023821467554356,1111
10972,22.02582892553153,1114
10973,22.027836383508703,1096
10974,22.029843841485874,1090
10975,22.031851299463046,1122
10976,22.033858757440218,1164
10977,22.03586621541739,1169
10978,22.03787367339456,1133
10979,22.039881131371732,1090
10980,22.041888589348904,1080
10981,22.04389604732608,1107
10982,22.04590350530325,1132
10983,22.047910963280422,1125
10984,22.049918421257594,1097
10985,22.051925879234766,1076
10986,22.053933337211937,1071
10987,22.05594079518911,1069
10988,22.05794825316628,1065
10989,22.059955711143456,1062
10990,22.061963169120627,1064
10991,22.0639706270978,1064
10992,22.06597808507497,1058
10993,22.067985543052142,1054
10994,22.069993001029314,1059
10995,22.072000459006485,1073
10996,22.074007916983657,1084
10997,22.07601537496083,1084
10998,22.078022832938004,1082
10999,22.080030290915175,1087
11000,22.082037748892347,1095
11001,22.08404520686952,1097
11002,22.08605266484669,1093
11003,22.08806012282386,1087
11004,22.090067580801033,1085
11005,22.092075038778205,1095
11006,22.09408249675538,1112
11007,22.09608995473255,1125
11008,22.098097412709723,1128
11009,22.100104870686895,1124
11010,22.102112328664067,1120
11011,22.104119786641238,1119
11012,22.10612724461841,1115
11013,22.10813470259558,1102
11014,22.110142160572753,1084
11015,22.112149618549928,1072
11016,22.1141570765271,1070
11017,22.11616453450427,1066
11018,22.118171992481443,1053
11019,22.120179450458615,1037
11020,22.122186908435786,1027
11021,22.124194366412958,1018
11022,22.12620182439013,1007
11023,22.128209282367305,999
11024,22.130216740344476,998
11025,22.132224198321648,998
11026,22.13423165629882,1000
11027,22.13623911427599,1010
11028,22.138246572253163,1029
11029,22.140254030230334,1044
11030,22.142261488207506,1046
11031,22.144268946184678,1037
11032,22.146276404161853,1018
11033,22.148283862139024,992
11034,22.150291320116196,978
11035,22.152298778093368,999
11036,22.15430623607054,1038
11037,22.15631369404771,1053
11038,22.158321152024882,1039
11039,22.160328610002054,1024
11040,22.16233606797923,1031
11041,22.1643435259564,1055
11042,22.166350983933572,1079
11043,22.168358441910744,1087
11044,22.170365899887916,1088
11045,22.172373357865087,1099
11046,22.17438081584226,1117
11047,22.17638827381943,1125
11048,22.178395731796602,1117
11049,22.180403189773777,1095
11050,22.18241064775095,1069
11051,22.18441810572812,1056
11052,22.186425563705292,1060
11053,22.188433021682464,1067
11054,22.190440479659635,1071
11055,22.192447937636807,1079
11056,22.19445539561398,1089
11057,22.196462853591154,1080
11058,22.198470311568325,1060
11059,22.200477769545497,1054
11060,22.20248522752267,1070
11061,22.20449268549984,1092
11062,22.20650014347701,1105
11063,22.208507601454183,1111
11064,22.210515059431355,1118
11065,22.212522517408527,1122
11066,22.2145299753857,1111
11067,22.216537433362873,1085
11068,22.218544891340045,1065
11069,22.220552349317217,1069
11070,22.222559807294388,1092
11071,22.22456726527156,1108
11072,22.22657472324873,1104
11073,22.228582181225903,1097
11074,22.230589639203078,1104
11075,22.23259709718025,1112
11076,22.23460455515742,1095
11077,22.236612013134593,1061
11078,22.238619471111765,1046
11079,22.240626929088936,1063
11080,22.242634387066108,1099
11081,22.24464184504328,1128
11082,22.246649303020455,1135
11083,22.248656760997626,1122
11084,22.250664218974798,1107
11085,22.25267167695197,1105
11086,22.25467913492914,1114
11087,22.256686592906313,1118
11088,22.258694050883484,1117
11089,22.260701508860656,1129
11090,22.262708966837828,1153
11091,22.264716424815003,1156
11092,22.266723882792174,1121
11093,22.268731340769346,1079
11094,22.270738798746518,1065
11095,22.27274625672369,1082
11096,22.27475371470086,1103
11097,22.276761172678032,1109
11098,22.278768630655204,1105
11099,22.28077608863238,1103
11100,22.28278354660955,1103
11101,22.284791004586722,1101
11102,22.286798462563894,1098
11103,22.288805920541066,1097
11104,22.290813378518237,1097
11105,22.29282083649541,1097
11106,22.29482829447258,1090
11107,22.296835752449752,1080
11108,22.298843210426927,1077
11109,22.3008506684041,1084
11110,22.30285812638127,1095
11111,22.304865584358442,1099
11112,22.306873042335614,1093
11113,22.308880500312785,1081
11114,22.310887958289957,1076
11115,22.31289541626713,1083
11116,22.314902874244304,1098
11117,22.316910332221475,1112
11118,22.318917790198647,1119
11119,22.32092524817582,1120
11120,22.32293270615299,1122
11121,22.32494016413016,1128
11122,22.326947622107333,1134
11123,22.328955080084505,1135
11124,22.330962538061677,1133
11125,22.33296999603885,1131
11126,22.334977454016023,1130
11127,22.336984911993195,1127
11128,22.338992369970367,1124
11129,22.340999827947538,1123
11130,22.34300728592471,1128
11131,22.34501474390188,1144
11132,22.347022201879053,1162
11133,22.349029659856228,1171
11134,22.3510371178334,1177
11135,22.35304457581057,1182
11136,22.355052033787743,1180
11137,22.357059491764915,1172
11138,22.359066949742086,1168
11139,22.361074407719258,1174
11140,22.36308186569643,1180
11141,22.3650893236736,1180
11142,22.367096781650776,1176
11143,22.369104239627948,1177
11144,22.37111169760512,1194
11145,22.37311915558229,1219
11146,22.375126613559463,1233
11147,22.377134071536634,1223
11148,22.379141529513806,1194
11149,22.381148987490977,1168
11150,22.383156445468153,1158
11151,22.385163903445324,1160
11152,22.387171361422496,1166
11153,22.389178819399667,1176
11154,22.39118627737684,1196
11155,22.39319373535401,1218
11156,22.395201193331182,1226
11157,22.397208651308354,1213
11158,22.399216109285526,1200
11159,22.4012235672627,1204
11160,22.403231025239872,1221
11161,22.405238483217044,1233
11162,22.407245941194216,1231
11163,22.409253399171387,1226
11164,22.41126085714856,1227
11165,22.41326831512573,1229
11166,22.415275773102902,1224
11167,22.417283231080077,1216
11168,22.41929068905725,1219
11169,22.42129814703442,1234
11170,22.423305605011592,1246
11171,22.425313062988764,1244
11172,22.427320520965935,1232
11173,22.429327978943107,1219
11174,22.43133543692028,1210
11175,22.43334289489745,1213
11176,22.435350352874625,1224
11177,22.437357810851797,1232
11178,22.43936526882897,1234
11179,22.44137272680614,1238
11180,22.44338018478331,1241
11181,22.445387642760483,1239
11182,22.447395100737655,1234
11183,22.449402558714826,1233
11184,22.451410016692,1235
11185,22.453417474669173,1235
11186,22.455424932646345,1232
11187,22.457432390623516,1226
11188,22.459439848600688,1222
11189,22.46144730657786,1219
11190,22.46345476455503,1215
11191,22.465462222532203,1208
11192,22.467469680509378,1198
11193,22.46947713848655,1188
11194,22.47148459646372,1181
11195,22.473492054440893,1180
11196,22.475499512418065,1183
11197,22.477506970395236,1188
11198,22.479514428372408,1196
11199,22.48152188634958,1206
11200,22.48352934432675,1214
11201,22.485536802303926,1214
11202,22.487544260281098,1204
11203,22.48955171825827,1190
11204,22.49155917623544,1181
11205,22.493566634212613,1183
11206,22.495574092189784,1187
11207,22.497581550166956,1184
11208,22.499589008144127,1178
11209,22.501596466121303,1175
11210,22.503603924098474,1178
11211,22.505611382075646,1188
11212,22.507618840052817,1201
11213,22.50962629802999,1212
11214,22.51163375600716,1215
11215,22.513641213984332,1215
11216,22.515648671961504,1212
11217,22.517656129938675,1206
11218,22.51966358791585,1196
11219,22.521671045893022,1190
11220,22.523678503870194,1193
11221,22.525685961847365,1201
11222,22.527693419824537,1207
11223,22.52970087780171,1208
11224,22.53170833577888,1204
11225,22.533715793756052,1200
11226,22.535723251733227,1195
11227,22.5377307097104,1189
11228,22.53973816768757,1185
11229,22.541745625664742,1184
11230,22.543753083641914,1184
11231,22.545760541619085,1183
11232,22.547767999596257,1180
11233,22.54977545757343,1178
11234,22.5517829155506,1173
11235,22.553790373527775,1166
11236,22.555797831504947,1159
11237,22.55780528948212,1150
11238,22.55981274745929,1139
11239,22.56182020543646,1128
11240,22.563827663413633,1125
11241,22.565835121390805,1129
11242,22.567842579367976,1129
11243,22.56985003734515,1122
11244,22.571857495322323,1120
11245,22.573864953299495,1135
11246,22.575872411276666,1162
11247,22.577879869253838,1179
11248,22.57988732723101,1175
11249,22.58189478520818,1163
11250,22.583902243185353,1156
11251,22.585909701162524,1160
11252,22.5879171591397,1165
11253,22.58992461711687,1164
11254,22.591932075094043,1158
11255,22.593939533071214,1152
11256,22.595946991048386,1150
11257,22.597954449025558,1151
11258,22.59996190700273,1152
11259,22.6019693649799,1149
11260,22.603976822957076,1139
11261,22.605984280934248,1130
11262,22.60799173891142,1131
11263,22.60999919688859,1136
11264,22.612006654865763,1138
11265,22.614014112842934,1138
11266,22.616021570820106,1137
11267,22.618029028797277,1131
11268,22.62003648677445,1127
11269,22.622043944751624,1134
11270,22.624051402728796,1145
11271,22.626058860705967,1150
11272,22.62806631868314,1146
11273,22.63007377666031,1140
11274,22.632081234637482,1144
11275,22.634088692614654,1152
11276,22.636096150591825,1148
11277,22.638103608569,1126
11278,22.640111066546172,1110
11279,22.642118524523344,1119
11280,22.644125982500515,1141
11281,22.646133440477687,1149
11282,22.64814089845486,1136
11283,22.65014835643203,1116
11284,22.652155814409202,1110
11285,22.654163272386374,1115
11286,22.65617073036355,1113
11287,22.65817818834072,1104
11288,22.660185646317892,1098
11289,22.662193104295064,1101
11290,22.664200562272235,1105
11291,22.666208020249407,1107
11292,22.66821547822658,1108
11293,22.67022293620375,1108
11294,22.672230394180925,1112
11295,22.674237852158097,1118
11296,22.67624531013527,1122
11297,22.67825276811244,1123
11298,22.68026022608961,1121
11299,22.682267684066783,1116
11300,22.684275142043955,1108
11301,22.686282600021126,1104
11302,22.6882900579983,1107
11303,22.690297515975473,1112
11304,22.692304973952645,1113
11305,22.694312431929816,1112
11306,22.696319889906988,1110
11307,22.69832734788416,1105
11308,22.70033480586133,1094
11309,22.702342263838503,1075
11310,22.704349721815674,1061
11311,22.70635717979285,1061
11312,22.70836463777002,1063
11313,22.710372095747193,1053
11314,22.712379553724364,1042
11315,22.714387011701536,1046
11316,22.716394469678708,1062
11317,22.71840192765588,1075
11318,22.72040938563305,1082
11319,22.722416843610226,1085
11320,22.724424301587398,1082
11321,22.72643175956457,1073
11322,22.72843921754174,1064
11323,22.730446675518913,1062
11324,22.732454133496084,1062
11325,22.734461591473256,1063
11326,22.736469049450427,1065
11327,22.7384765074276,1067
11328,22.740483965404774,1072
11329,22.742491423381946,1081
11330,22.744498881359117,1092
11331,22.74650633933629,1099
11332,22.74851379731346,1100
11333,22.750521255290632,1097
11334,22.752528713267804,1095
11335,22.754536171244975,1095
11336,22.75654362922215,1093
11337,22.758551087199322,1089
11338,22.760558545176494,1088
11339,22.762566003153665,1088
11340,22.764573461130837,1088
11341,22.76658091910801,1089
11342,22.76858837708518,1097
11343,22.770595835062352,1121
11344,22.772603293039523,1150
11345,22.7746107510167,1145
11346,22.77661820899387,1101
11347,22.778625666971042,1059
11348,22.780633124948213,1054
11349,22.782640582925385,1070
11350,22.784648040902557,1077
11351,22.78665549887973,1066
11352,22.7886629568569,1055
11353,22.790670414834075,1057
11354,22.792677872811247,1065
11355,22.79468533078842,1068
11356,22.79669278876559,1066
11357,22.79870024674276,1069
11358,22.800707704719933,1079
11359,22.802715162697105,1089
11360,22.804722620674276,1096
11361,22.806730078651448,1098
11362,22.808737536628623,1093
11363,22.810744994605795,1084
11364,22.812752452582966,1077
11365,22.814759910560138,1076
11366,22.81676736853731,1077
11367,22.81877482651448,1075
11368,22.820782284491653,1068
11369,22.822789742468824,1058
11370,22.824797200446,1055
11371,22.82680465842317,1063
11372,22.828812116400343,1072
11373,22.830819574377514,1070
11374,22.832827032354686,1059
11375,22.834834490331858,1056
11376,22.83684194830903,1064
11377,22.8388494062862,1077
11378,22.840856864263372,1086
11379,22.842864322240548,1091
11380,22.84487178021772,1093
11381,22.84687923819489,1095
11382,22.848886696172062,1098
11383,22.850894154149234,1099
11384,22.852901612126406,1095
11385,22.854909070103577,1088
11386,22.85691652808075,1084
11387,22.858923986057924,1082
11388,22.860931444035096,1081
11389,22.862938902012267,1079
11390,22.86494635998944,1076
11391,22.86695381796661,1070
11392,22.868961275943782,1055
11393,22.870968733920954,1034
11394,22.872976191898125,1020
11395,22.874983649875297,1027
11396,22.876991107852472,1048
11397,22.878998565829644,1062
11398,22.881006023806815,1057
11399,22.883013481783987,1042
11400,22.88502093976116,1031
11401,22.88702839773833,1030
11402,22.889035855715502,1030
11403,22.891043313692673,1023
11404,22.89305077166985,1018
11405,22.89505822964702,1019
11406,22.897065687624192,1020
11407,22.899073145601363,1019
11408,22.901080603578535,1019
11409,22.903088061555707,1021
11410,22.90509551953288,1029
11411,22.90710297751005,1041
11412,22.909110435487225,1041
11413,22.911117893464397,1023
11414,22.91312535144157,1008
11415,22.91513280941874,1024
11416,22.91714026739591,1050
11417,22.919147725373083,1054
11418,22.921155183350255,1039
11419,22.923162641327426,1032
11420,22.925170099304598,1041
11421,22.927177557281773,1049
11422,22.929185015258945,1045
11423,22.931192473236116,1043
11424,22.933199931213288,1051
11425,22.93520738919046,1063
11426,22.93721484716763,1068
11427,22.939222305144803,1063
11428,22.941229763121974,1054
11429,22.94323722109915,1052
11430,22.94524467907632,1062
11431,22.947252137053493,1073
11432,22.949259595030664,1070
11433,22.951267053007836,1054
11434,22.953274510985008,1043
11435,22.95528196896218,1047
11436,22.95728942693935,1054
11437,22.959296884916522,1050
11438,22.961304342893698,1033
11439,22.96331180087087,1016
11440,22.96531925884804,1010
11441,22.967326716825212,1018
11442,22.969334174802384,1035
11443,22.971341632779556,1053
11444,22.973349090756727,1059
11445,22.9753565487339,1052
11446,22.977364006711074,1043
11447,22.979371464688246,1042
11448,22.981378922665417,1046
11449,22.98338638064259,1052
11450,22.98539383861976,1060
11451,22.987401296596932,1061
11452,22.989408754574104,1048
11453,22.991416212551275,1031
11454,22.993423670528447,1028
11455,22.995431128505622,1042
11456,22.997438586482794,1056
11457,22.999446044459965,1053
11458,23.001453502437137,1041
11459,23.00346096041431,1039
11460,23.00546841839148,1057
11461,23.00747587636865,1079
11462,23.009483334345823,1087
11463,23.011490792323,1079
11464,23.01349825030017,1073
11465,23.01550570827734,1082
11466,23.017513166254513,1093
11467,23.019520624231685,1091
11468,23.021528082208857,1080
11469,23.023535540186028,1072
11470,23.0255429981632,1069
11471,23.02755045614037,1070
11472,23.029557914117547,1070
11473,23.031565372094718,1066
11474,23.03357283007189,1062
11475,23.03558028804906,1063
11476,23.037587746026233,1069
11477,23.039595204003405,1064
11478,23.041602661980576,1049
11479,23.043610119957748,1042
11480,23.045617577934923,1047
11481,23.047625035912095,1047
11482,23.049632493889266,1040
11483,23.051639951866438,1037
11484,23.05364740984361,1047
11485,23.05565486782078,1062
11486,23.057662325797953,1070
11487,23.059669783775124,1075
11488,23.061677241752296,1085
11489,23.06368469972947,1102
11490,23.065692157706643,1113
11491,23.067699615683814,1109
11492,23.069707073660986,1096
11493,23.071714531638158,1089
11494,23.07372198961533,1093
11495,23.0757294475925,1100
11496,23.077736905569672,1098
11497,23.079744363546848,1086
11498,23.08175182152402,1074
11499,23.08375927950119,1072
11500,23.085766737478362,1078
11501,23.087774195455534,1080
11502,23.089781653432706,1075
11503,23.091789111409877,1069
11504,23.09379656938705,1067
11505,23.09580402736422,1062
11506,23.097811485341396,1053
11507,23.099818943318567,1049
11508,23.10182640129574,1059
11509,23.10383385927291,1076
11510,23.105841317250082,1081
11511,23.107848775227254,1072
11512,23.109856233204425,1060
11513,23.111863691181597,1057
11514,23.113871149158772,1064
11515,23.115878607135944,1082
11516,23.117886065113115,1111
11517,23.119893523090287,1147
11518,23.12190098106746,1166
11519,23.12390843904463,1148
11520,23.1259158970218,1113
11521,23.127923354998973,1106
11522,23.12993081297615,1132
11523,23.13193827095332,1156
11524,23.13394572893049,1157
11525,23.135953186907663,1148
11526,23.137960644884835,1148
11527,23.139968102862007,1156
11528,23.141975560839178,1157
11529,23.14398301881635,1148
11530,23.14599047679352,1141
11531,23.147997934770697,1141
11532,23.150005392747868,1136
11533,23.15201285072504,1123
11534,23.15402030870221,1112
11535,23.156027766679383,1110
11536,23.158035224656555,1110
11537,23.160042682633726,1103
11538,23.162050140610898,1094
11539,23.164057598588073,1097
11540,23.166065056565245,1116
11541,23.168072514542416,1132
11542,23.170079972519588,1129
11543,23.17208743049676,1116
11544,23.17409488847393,1112
11545,23.176102346451103,1115
11546,23.178109804428274,1109
11547,23.180117262405446,1091
11548,23.18212472038262,1080
11549,23.184132178359793,1092
11550,23.186139636336964,1121
11551,23.188147094314136,1142
11552,23.190154552291308,1137
11553,23.19216201026848,1116
11554,23.19416946824565,1106
11555,23.196176926222822,1118
11556,23.198184384199998,1133
11557,23.20019184217717,1131
11558,23.20219930015434,1122
11559,23.204206758131512,1124
11560,23.206214216108684,1136
11561,23.208221674085856,1145
11562,23.210229132063027,1149
11563,23.2122365900402,1155
11564,23.21424404801737,1166
11565,23.216251505994546,1174
11566,23.218258963971717,1170
11567,23.22026642194889,1160
11568,23.22227387992606,1155
11569,23.224281337903232,1157
11570,23.226288795880404,1161
11571,23.228296253857575,1162
11572,23.230303711834747,1155
11573,23.232311169811922,1147
11574,23.234318627789094,1146
11575,23.236326085766265,1152
11576,23.238333543743437,1155
11577,23.24034100172061,1152
11578,23.24234845969778,1148
11579,23.24435591767495,1145
11580,23.246363375652123,1145
11581,23.248370833629295,1150
11582,23.25037829160647,1157
11583,23.25238574958364,1168
11584,23.254393207560813,1182
11585,23.256400665537985,1187
11586,23.258408123515157,1173
11587,23.260415581492328,1155
11588,23.2624230394695,1155
11589,23.26443049744667,1168
11590,23.266437955423847,1170
11591,23.268445413401018,1154
11592,23.27045287137819,1137
11593,23.27246032935536,1134
11594,23.274467787332533,1143
11595,23.276475245309705,1152
11596,23.278482703286876,1157
11597,23.280490161264048,1162
11598,23.28249761924122,1174
11599,23.284505077218395,1186
11600,23.286512535195566,1187
11601,23.288519993172738,1179
11602,23.29052745114991,1174
11603,23.29253490912708,1177
11604,23.294542367104253,1181
11605,23.296549825081424,1181
11606,23.298557283058596,1173
11607,23.30056474103577,1161
11608,23.302572199012943,1157
11609,23.304579656990114,1164
11610,23.306587114967286,1171
11611,23.308594572944457,1168
11612,23.31060203092163,1160
11613,23.3126094888988,1159
11614,23.314616946875972,1173
11615,23.316624404853144,1192
11616,23.31863186283032,1201
11617,23.32063932080749,1192
11618,23.322646778784662,1179
11619,23.324654236761834,1180
11620,23.326661694739006,1196
11621,23.328669152716177,1222
11622,23.33067661069335,1247
11623,23.33268406867052,1266
11624,23.334691526647696,1273
11625,23.336698984624867,1271
11626,23.33870644260204,1263
11627,23.34071390057921,1246
11628,23.342721358556382,1225
11629,23.344728816533554,1218
11630,23.346736274510725,1223
11631,23.348743732487897,1209
11632,23.35075119046507,1169
11633,23.352758648442244,1137
11634,23.354766106419415,1137
11635,23.356773564396587,1155
11636,23.35878102237376,1162
11637,23.36078848035093,1155
11638,23.3627959383281,1150
11639,23.364803396305273,1160
11640,23.366810854282445,1184
11641,23.36881831225962,1202
11642,23.37082577023679,1194
11643,23.372833228213963,1170
11644,23.374840686191135,1158
11645,23.376848144168306,1170
11646,23.378855602145478,1192
11647,23.38086306012265,1207
11648,23.38287051809982,1206
11649,23.384877976076996,1199
11650,23.386885434054168,1201
11651,23.38889289203134,1213
11652,23.39090035000851,1221
11653,23.392907807985683,1218
11654,23.394915265962855,1214
11655,23.396922723940026,1217
11656,23.398930181917198,1222
11657,23.40093763989437,1227
11658,23.402945097871545,1236
11659,23.404952555848716,1247
11660,23.406960013825888,1249
11661,23.40896747180306,1238
11662,23.41097492978023,1226
11663,23.412982387757403,1222
11664,23.414989845734574,1232
11665,23.416997303711746,1247
11666,23.41900476168892,1246
11667,23.421012219666093,1218
11668,23.423019677643264,1181
11669,23.425027135620436,1161
11670,23.427034593597607,1158
11671,23.42904205157478,1158
11672,23.43104950955195,1161
11673,23.433056967529122,1167
11674,23.435064425506294,1164
11675,23.43707188348347,1145
11676,23.43907934146064,1125
11677,23.441086799437812,1117
11678,23.443094257414984,1123
11679,23.445101715392155,1134
11680,23.447109173369327,1140
11681,23.4491166313465,1143
11682,23.45112408932367,1143
11683,23.453131547300845,1142
11684,23.455139005278017,1142
11685,23.45714646325519,1145
11686,23.45915392123236,1150
11687,23.461161379209532,1146
11688,23.463168837186704,1127
11689,23.465176295163875,1107
11690,23.467183753141047,1102
11691,23.46919121111822,1108
11692,23.471198669095394,1109
11693,23.473206127072565,1101
11694,23.475213585049737,1100
11695,23.47722104302691,1112
11696,23.47922850100408,1129
11697,23.48123595898125,1135
11698,23.483243416958423,1131
11699,23.485250874935595,1133
11700,23.48725833291277,1145
11701,23.48926579088994,1156
11702,23.491273248867113,1153
11703,23.493280706844285,1137
11704,23.495288164821456,1126
11705,23.497295622798628,1130
11706,23.4993030807758,1140
11707,23.50131053875297,1141
11708,23.503317996730143,1137
11709,23.505325454707318,1135
11710,23.50733291268449,1137
11711,23.50934037066166,1135
11712,23.511347828638833,1126
11713,23.513355286616004,1119
11714,23.515362744593176,1119
11715,23.517370202570348,1123
11716,23.51937766054752,1124
11717,23.521385118524694,1124
11718,23.523392576501866,1133
11719,23.525400034479038,1164
11720,23.52740749245621,1210
11721,23.52941495043338,1246
11722,23.531422408410553,1249
11723,23.533429866387724,1217
11724,23.535437324364896,1179
11725,23.537444782342067,1163
11726,23.539452240319243,1168
11727,23.541459698296414,1171
11728,23.543467156273586,1160
11729,23.545474614250757,1140
11730,23.54748207222793,1123
11731,23.5494895302051,1115
11732,23.551496988182272,1116
11733,23.553504446159444,1121
11734,23.55551190413662,1133
11735,23.55751936211379,1146
11736,23.559526820090962,1150
11737,23.561534278068134,1150
11738,23.563541736045305,1152
11739,23.565549194022477,1154
11740,23.56755665199965,1148
11741,23.56956410997682,1136
11742,23.571571567953992,1130
11743,23.573579025931167,1132
11744,23.57558648390834,1145
11745,23.57759394188551,1162
11746,23.579601399862682,1174
11747,23.581608857839853,1170
11748,23.583616315817025,1155
11749,23.585623773794197,1146
11750,23.58763123177137,1156
11751,23.589638689748543,1173
11752,23.591646147725715,1173
11753,23.593653605702887,1152
11754,23.59566106368006,1134
11755,23.59766852165723,1134
11756,23.5996759796344,1145
11757,23.601683437611573,1150
11758,23.603690895588745,1152
11759,23.60569835356592,1156
11760,23.60770581154309,1159
11761,23.609713269520263,1157
11762,23.611720727497435,1152
11763,23.613728185474606,1148
11764,23.615735643451778,1149
11765,23.61774310142895,1154
11766,23.61975055940612,1152
11767,23.621758017383293,1142
11768,23.623765475360468,1130
11769,23.62577293333764,1123
11770,23.62778039131481,1115
11771,23.629787849291983,1102
11772,23.631795307269154,1093
11773,23.633802765246326,1108
11774,23.635810223223498,1187
11775,23.63781768120067,1363
11776,23.639825139177844,1590
11777,23.641832597155016,1756
11778,23.643840055132188,1809
11779,23.64584751310936,1810
11780,23.64785497108653,1842
11781,23.649862429063703,1898
11782,23.651869887040874,1873
11783,23.653877345018046,1700
11784,23.655884802995217,1450
11785,23.657892260972393,1271
11786,23.659899718949564,1209
11787,23.661907176926736,1189
11788,23.663914634903907,1144
11789,23.66592209288108,1085
11790,23.66792955085825,1058
11791,23.669937008835422,1079
11792,23.671944466812594,1123
11793,23.67395192478977,1165
11794,23.67595938276694,1194
11795,23.677966840744112,1209
11796,23.679974298721284,1200
11797,23.681981756698455,1162
11798,23.683989214675627,1110
11799,23.6859966726528,1080
11800,23.68800413062997,1088
11801,23.690011588607142,1127
11802,23.692019046584317,1174
11803,23.69402650456149,1215
11804,23.69603396253866,1241
11805,23.698041420515832,1247
11806,23.700048878493003,1231
11807,23.702056336470175,1204
11808,23.704063794447347,1178
11809,23.70607125242452,1166
11810,23.708078710401693,1167
11811,23.710086168378865,1171
11812,23.712093626356037,1170
11813,23.71410108433321,1170
11814,23.71610854231038,1180
11815,23.71811600028755,1192
11816,23.720123458264723,1193
11817,23.722130916241895,1186
11818,23.724138374219066,1180
11819,23.72614583219624,1177
11820,23.728153290173413,1184
11821,23.730160748150585,1203
11822,23.732168206127756,1227
11823,23.734175664104928,1246
11824,23.7361831220821,1267
11825,23.73819058005927,1298
11826,23.740198038036443,1327
11827,23.742205496013618,1334
11828,23.74421295399079,1318
11829,23.74622041196796,1291
11830,23.748227869945133,1258
11831,23.750235327922304,1214
11832,23.752242785899476,1166
11833,23.754250243876648,1131
11834,23.75625770185382,1120
11835,23.75826515983099,1121
11836,23.760272617808166,1114
11837,23.762280075785338,1094
11838,23.76428753376251,1079
11839,23.76629499173968,1081
11840,23.768302449716852,1101
11841,23.770309907694024,1129
11842,23.772317365671196,1146
11843,23.774324823648367,1143
11844,23.776332281625542,1129
11845,23.778339739602714,1125
11846,23.780347197579886,1133
11847,23.782354655557057,1136
11848,23.78436211353423,1128
11849,23.7863695715114,1122
11850,23.788377029488572,1129
11851,23.790384487465744,1144
11852,23.792391945442915,1150
11853,23.79439940342009,1144
11854,23.796406861397262,1135
11855,23.798414319374434,1127
11856,23.800421777351605,1115
11857,23.802429235328777,1104
11858,23.80443669330595,1096
11859,23.80644415128312,1096
11860,23.808451609260292,1115
11861,23.810459067237467,1142
11862,23.81246652521464,1144
11863,23.81447398319181,1123
11864,23.816481441168982,1118
11865,23.818488899146153,1146
11866,23.820496357123325,1177
11867,23.822503815100497,1179
11868,23.82451127307767,1158
11869,23.826518731054843,1147
11870,23.828526189032015,1165
11871,23.830533647009187,1194
11872,23.83254110498636,1203
11873,23.83454856296353,1185
11874,23.8365560209407,1164
11875,23.838563478917873,1161
11876,23.840570936895045,1171
11877,23.842578394872216,1178
11878,23.84458585284939,1177
11879,23.846593310826563,1179
11880,23.848600768803735,1191
11881,23.850608226780906,1197
11882,23.852615684758078,1179
11883,23.85462314273525,1136
11884,23.85663060071242,1084
11885,23.858638058689593,1048
11886,23.860645516666768,1036
11887,23.86265297464394,1039
11888,23.86466043262111,1047
11889,23.866667890598283,1060
11890,23.868675348575454,1073
11891,23.870682806552626,1082
11892,23.872690264529798,1082
11893,23.87469772250697,1079
11894,23.87670518048414,1079
11895,23.878712638461316,1089
11896,23.880720096438488,1099
11897,23.88272755441566,1099
11898,23.88473501239283,1091
11899,23.886742470370002,1087
11900,23.888749928347174,1091
11901,23.890757386324346,1097
11902,23.892764844301517,1102
11903,23.894772302278692,1108
11904,23.896779760255864,1120
11905,23.898787218233036,1139
11906,23.900794676210207,1159
11907,23.90280213418738,1163
11908,23.90480959216455,1150
11909,23.906817050141722,1152
11910,23.908824508118894,1180
11911,23.910831966096065,1206
11912,23.91283942407324,1202
11913,23.914846882050412,1191
11914,23.916854340027584,1212
11915,23.918861798004755,1266
11916,23.920869255981927,1308
11917,23.9228767139591,1305
11918,23.92488417193627,1274
11919,23.92689162991344,1246
11920,23.928899087890617,1244
11921,23.93090654586779,1261
11922,23.93291400384496,1271
11923,23.93492146182213,1254
11924,23.936928919799303,1221
11925,23.938936377776475,1195
11926,23.940943835753647,1184
11927,23.942951293730818,1181
11928,23.94495875170799,1182
11929,23.946966209685165,1187
11930,23.948973667662337,1198
11931,23.950981125639508,1213
11932,23.95298858361668,1224
11933,23.95499604159385,1232
11934,23.957003499571023,1241
11935,23.959010957548195,1243
11936,23.961018415525366,1219
11937,23.96302587350254,1175
11938,23.965033331479713,1148
11939,23.967040789456885,1166
11940,23.969048247434056,1205
11941,23.971055705411228,1219
11942,23.9730631633884,1195
11943,23.97507062136557,1159
11944,23.977078079342743,1134
11945,23.979085537319914,1128
11946,23.98109299529709,1137
11947,23.98310045327426,1146
11948,23.985107911251433,1143
11949,23.987115369228604,1124
11950,23.989122827205776,1094
11951,23.991130285182948,1071
11952,23.99313774316012,1071
11953,23.99514520113729,1092
11954,23.997152659114466,1118
11955,23.999160117091638,1130
11956,24.00116757506881,1132
11957,24.00317503304598,1148
11958,24.005182491023152,1176
11959,24.007189949000324,1182
11960,24.009197406977496,1153
11961,24.011204864954667,1128
11962,24.01321232293184,1136
11963,24.015219780909014,1156
11964,24.017227238886186,1155
11965,24.019234696863357,1133
11966,24.02124215484053,1113
11967,24.0232496128177,1112
11968,24.025257070794872,1126
11969,24.027264528772044,1138
11970,24.029271986749215,1145
11971,24.03127944472639,1148
11972,24.033286902703562,1143
11973,24.035294360680734,1130
11974,24.037301818657905,1121
11975,24.039309276635077,1123
11976,24.04131673461225,1130
11977,24.04332419258942,1132
11978,24.04533165056659,1125
11979,24.047339108543767,1118
11980,24.04934656652094,1117
11981,24.05135402449811,1118
11982,24.05336148247528,1106
11983,24.055368940452453,1089
11984,24.057376398429625,1095
11985,24.059383856406797,1140
11986,24.061391314383968,1200
11987,24.06339877236114,1234
11988,24.065406230338315,1225
11989,24.067413688315487,1200
11990,24.069421146292658,1197
11991,24.07142860426983,1227
11992,24.073436062247,1260
11993,24.075443520224173,1268
11994,24.077450978201345,1256
11995,24.079458436178516,1249
11996,24.08146589415569,1252
11997,24.083473352132863,1253
11998,24.085480810110035,1239
11999,24.087488268087206,1217
12000,24.089495726064378,1200
12001,24.09150318404155,1203
12002,24.09351064201872,1216
12003,24.095518099995893,1217
12004,24.097525557973064,1203
12005,24.09953301595024,1191
12006,24.10154047392741,1179
12007,24.103547931904583,1153
12008,24.105555389881754,1121
12009,24.107562847858926,1105
12010,24.109570305836098,1103
12011,24.11157776381327,1097
12012,24.11358522179044,1079
12013,24.115592679767616,1059
12014,24.117600137744788,1055
12015,24.11960759572196,1068
12016,24.12161505369913,1081
12017,24.123622511676302,1078
12018,24.125629969653474,1055
12019,24.127637427630646,1030
12020,24.129644885607817,1029
12021,24.13165234358499,1051
12022,24.133659801562164,1069
12023,24.135667259539336,1073
12024,24.137674717516507,1075
12025,24.13968217549368,1077
12026,24.14168963347085,1074
12027,24.143697091448022,1073
12028,24.145704549425194,1083
12029,24.147712007402365,1106
12030,24.14971946537954,1127
12031,24.151726923356712,1139
12032,24.153734381333884,1142
12033,24.155741839311055,1147
12034,24.157749297288227,1160
12035,24.1597567552654,1184
12036,24.16176421324257,1211
12037,24.16377167121974,1228
12038,24.165779129196913,1232
12039,24.16778658717409,1228
12040,24.16979404515126,1213
12041,24.17180150312843,1191
12042,24.173808961105603,1179
12043,24.175816419082775,1180
12044,24.177823877059947,1173
12045,24.179831335037118,1154
12046,24.18183879301429,1145
12047,24.183846250991465,1158
12048,24.185853708968637,1181
12049,24.187861166945808,1195
12050,24.18986862492298,1191
12051,24.19187608290015,1177
12052,24.193883540877323,1177
12053,24.195890998854495,1197
12054,24.197898456831666,1219
12055,24.199905914808838,1225
12056,24.201913372786013,1213
12057,24.203920830763185,1194
12058,24.205928288740356,1179
12059,24.207935746717528,1180
12060,24.2099432046947,1193
12061,24.21195066267187,1203
12062,24.213958120649043,1206
12063,24.215965578626214,1205
12064,24.21797303660339,1201
12065,24.21998049458056,1199
12066,24.221987952557733,1206
12067,24.223995410534904,1214
12068,24.226002868512076,1210
12069,24.228010326489247,1203
12070,24.23001778446642,1206
12071,24.23202524244359,1219
12072,24.234032700420762,1222
12073,24.236040158397937,1207
12074,24.23804761637511,1192
12075,24.24005507435228,1192
12076,24.242062532329452,1192
12077,24.244069990306624,1170
12078,24.246077448283796,1140
12079,24.248084906260967,1130
12080,24.25009236423814,1136
12081,24.252099822215314,1141
12082,24.254107280192486,1148
12083,24.256114738169657,1166
12084,24.25812219614683,1188
12085,24.260129654124,1202
12086,24.262137112101172,1203
12087,24.264144570078344,1191
12088,24.266152028055515,1176
12089,24.26815948603269,1175
12090,24.270166944009862,1186
12091,24.272174401987034,1192
12092,24.274181859964205,1181
12093,24.276189317941377,1160
12094,24.27819677591855,1141
12095,24.28020423389572,1136
12096,24.28221169187289,1145
12097,24.284219149850063,1158
12098,24.28622660782724,1165
12099,24.28823406580441,1170
12100,24.29024152378158,1179
12101,24.292248981758753,1181
12102,24.294256439735925,1162
12103,24.296263897713096,1127
12104,24.298271355690268,1099
12105,24.30027881366744,1089
12106,24.302286271644615,1089
12107,24.304293729621786,1089
12108,24.306301187598958,1096
12109,24.30830864557613,1113
12110,24.3103161035533,1126
12111,24.312323561530473,1120
12112,24.314331019507645,1104
12113,24.316338477484816,1099
12114,24.318345935461988,1116
12115,24.320353393439163,1139
12116,24.322360851416335,1150
12117,24.324368309393506,1145
12118,24.326375767370678,1137
12119,24.32838322534785,1132
12120,24.33039068332502,1139
12121,24.332398141302193,1155
12122,24.334405599279364,1165
12123,24.33641305725654,1164
12124,24.33842051523371,1165
12125,24.340427973210883,1172
12126,24.342435431188054,1176
12127,24.344442889165226,1173
12128,24.346450347142397,1168
12129,24.34845780511957,1162
12130,24.35046526309674,1146
12131,24.352472721073912,1116
12132,24.354480179051087,1087
12133,24.35648763702826,1083
12134,24.35849509500543,1111
12135,24.360502552982602,1143
12136,24.362510010959774,1147
12137,24.364517468936945,1127
12138,24.366524926914117,1119
12139,24.36853238489129,1143
12140,24.370539842868464,1177
12141,24.372547300845635,1184
12142,24.374554758822807,1163
12143,24.37656221679998,1153
12144,24.37856967477715,1181
12145,24.380577132754322,1228
12146,24.382584590731494,1247
12147,24.384592048708665,1230
12148,24.386599506685837,1209
12149,24.388606964663012,1213
12150,24.390614422640184,1233
12151,24.392621880617355,1246
12152,24.394629338594527,1242
12153,24.3966367965717,1225
12154,24.39864425454887,1213
12155,24.40065171252604,1216
12156,24.402659170503213,1223
12157,24.40466662848039,1214
12158,24.40667408645756,1194
12159,24.40868154443473,1183
12160,24.410689002411903,1189
12161,24.412696460389075,1199
12162,24.414703918366246,1200
12163,24.416711376343418,1186
12164,24.41871883432059,1167
12165,24.42072629229776,1161
12166,24.422733750274936,1171
12167,24.424741208252108,1178
12168,24.42674866622928,1173
12169,24.42875612420645,1172
12170,24.430763582183623,1183
12171,24.432771040160794,1190
12172,24.434778498137966,1183
12173,24.436785956115138,1170
12174,24.438793414092313,1165
12175,24.440800872069484,1161
12176,24.442808330046656,1136
12177,24.444815788023828,1094
12178,24.446823246001,1072
12179,24.44883070397817,1093
12180,24.450838161955343,1117
12181,24.452845619932514,1112
12182,24.454853077909686,1093
12183,24.45686053588686,1090
12184,24.458867993864033,1109
12185,24.460875451841204,1133
12186,24.462882909818376,1148
12187,24.464890367795547,1150
12188,24.46689782577272,1141
12189,24.46890528374989,1135
12190,24.470912741727062,1148
12191,24.472920199704237,1173
12192,24.47492765768141,1189
12193,24.47693511565858,1186
12194,24.478942573635752,1176
12195,24.480950031612924,1169
12196,24.482957489590095,1168
12197,24.484964947567267,1176
12198,24.48697240554444,1189
12199,24.48897986352161,1200
12200,24.490987321498785,1195
12201,24.492994779475957,1168
12202,24.49500223745313,1132
12203,24.4970096954303,1108
12204,24.499017153407472,1092
12205,24.501024611384643,1072
12206,24.503032069361815,1051
12207,24.505039527338987,1040
12208,24.507046985316162,1035
12209,24.509054443293333,1030
12210,24.511061901270505,1024
12211,24.513069359247677,1026
12212,24.51507681722485,1037
12213,24.51708427520202,1051
12214,24.51909173317919,1061
12215,24.521099191156363,1062
12216,24.52310664913354,1056
12217,24.52511410711071,1050
12218,24.52712156508788,1047
12219,24.529129023065053,1044
12220,24.531136481042225,1042
12221,24.533143939019396,1043
12222,24.535151396996568,1045
12223,24.53715885497374,1042
12224,24.53916631295091,1029
12225,24.541173770928086,1015
12226,24.543181228905258,1009
12227,24.54518868688243,1010
12228,24.5471961448596,1013
12229,24.549203602836773,1021
12230,24.551211060813944,1032
12231,24.553218518791116,1036
12232,24.555225976768288,1026
12233,24.557233434745463,1015
12234,24.559240892722634,1020
12235,24.561248350699806,1038
12236,24.563255808676978,1048
12237,24.56526326665415,1038
12238,24.56727072463132,1017
12239,24.569278182608493,1008
12240,24.571285640585664,1012
12241,24.573293098562836,1014
12242,24.57530055654001,1005
12243,24.577308014517182,995
12244,24.579315472494354,998
12245,24.581322930471526,1007
12246,24.583330388448697,1006
12247,24.58533784642587,989
12248,24.58734530440304,968
12249,24.589352762380212,953
12250,24.591360220357387,946
12251,24.59336767833456,942
12252,24.59537513631173,938
12253,24.597382594288902,934
12254,24.599390052266074,932
12255,24.601397510243245,936
12256,24.603404968220417,948
12257,24.60541242619759,955
12258,24.60741988417476,948
12259,24.609427342151935,936
12260,24.611434800129107,934
12261,24.61344225810628,940
12262,24.61544971608345,925
12263,24.617457174060622,883
12264,24.619464632037793,844
12265,24.621472090014965,841
12266,24.623479547992137,867
12267,24.625487005969312,881
12268,24.627494463946483,874
12269,24.629501921923655,872
12270,24.631509379900827,887
12271,24.633516837878,899
12272,24.63552429585517,896
12273,24.63753175383234,890
12274,24.639539211809513,897
12275,24.641546669786685,917
12276,24.64355412776386,925
12277,24.64556158574103,910
12278,24.647569043718203,890
12279,24.649576501695375,892
12280,24.651583959672546,912
12281,24.653591417649718,930
12282,24.65559887562689,935
12283,24.65760633360406,936
12284,24.659613791581236,939
12285,24.661621249558408,943
12286,24.66362870753558,944
12287,24.66563616551275,946
12288,24.667643623489923,943
12289,24.669651081467094,929
12290,24.671658539444266,907
12291,24.673665997421438,893
12292,24.67567345539861,897
12293,24.677680913375784,904
12294,24.679688371352956,904
12295,24.681695829330128,913
12296,24.6837032873073,969
12297,24.68571074528447,1103
12298,24.687718203261642,1280
12299,24.689725661238814,1416
12300,24.691733119215986,1471
12301,24.69374057719316,1492
12302,24.695748035170332,1533
12303,24.697755493147504,1596
12304,24.699762951124676,1636
12305,24.701770409101847,1616
12306,24.70377786707902,1546
12307,24.70578532505619,1441
12308,24.707792783033362,1286
12309,24.709800241010534,1103
12310,24.71180769898771,977
12311,24.71381515696488,948
12312,24.715822614942052,962
12313,24.717830072919224,955
12314,24.719837530896395,923
12315,24.721844988873567,893
12316,24.72385244685074,881
12317,24.72585990482791,878
12318,24.727867362805085,878
12319,24.729874820782257,888
12320,24.73188227875943,902
12321,24.7338897367366,903
12322,24.735897194713772,886
12323,24.737904652690943,863
12324,24.739912110668115,850
12325,24.741919568645287,846
12326,24.743927026622462,844
12327,24.745934484599633,840
12328,24.747941942576805,843
12329,24.749949400553977,856
12330,24.75195685853115,870
12331,24.75396431650832,878
12332,24.75597177448549,877
12333,24.757979232462663,873
12334,24.759986690439835,874
12335,24.76199414841701,884
12336,24.76400160639418,889
12337,24.766009064371353,877
12338,24.768016522348525,863
12339,24.770023980325696,902
12340,24.772031438302868,1050
12341,24.77403889628004,1274
12342,24.77604635425721,1455
12343,24.778053812234386,1499
12344,24.780061270211558,1400
12345,24.78206872818873,1224
12346,24.7840761861659,1085
12347,24.786083644143073,1058
12348,24.788091102120244,1096
12349,24.790098560097416,1093
12350,24.792106018074588,1020
12351,24.79411347605176,931
12352,24.796120934028934,886
12353,24.798128392006106,896
12354,24.800135849983278,939
12355,24.80214330796045,994
12356,24.80415076593762,1047
12357,24.806158223914792,1079
12358,24.808165681891964,1074
12359,24.810173139869136,1046
12360,24.81218059784631,1023
12361,24.814188055823482,1015
12362,24.816195513800654,1004
12363,24.818202971777826,990
12364,24.820210429754997,996
12365,24.82221788773217,1028
12366,24.82422534570934,1064
12367,24.826232803686512,1077
12368,24.828240261663684,1062
12369,24.83024771964086,1032
12370,24.83225517761803,997
12371,24.834262635595202,959
12372,24.836270093572374,922
12373,24.838277551549545,905
12374,24.840285009526717,920
12375,24.84229246750389,954
12376,24.84429992548106,984
12377,24.846307383458235,1003
12378,24.848314841435407,1012
12379,24.85032229941258,1014
12380,24.85232975738975,1007
12381,24.85433721536692,986
12382,24.856344673344093,963
12383,24.858352131321265,955
12384,24.860359589298437,965
12385,24.862367047275608,978
12386,24.864374505252783,986
12387,24.866381963229955,986
12388,24.868389421207127,981
12389,24.870396879184298,978
12390,24.87240433716147,977
12391,24.87441179513864,970
12392,24.876419253115813,955
12393,24.878426711092985,942
12394,24.88043416907016,942
12395,24.88244162704733,952
12396,24.884449085024503,964
12397,24.886456543001675,978
12398,24.888464000978846,993
12399,24.890471458956018,1003
12400,24.89247891693319,1006
12401,24.89448637491036,1008
12402,24.896493832887533,1011
12403,24.898501290864708,1010
12404,24.90050874884188,1010
12405,24.90251620681905,1023
12406,24.904523664796223,1043
12407,24.906531122773394,1059
12408,24.908538580750566,1061
12409,24.910546038727738,1050
12410,24.91255349670491,1026
12411,24.914560954682084,990
12412,24.916568412659256,955
12413,24.918575870636428,934
12414,24.9205833286136,936
12415,24.92259078659077,952
12416,24.924598244567942,962
12417,24.926605702545114,953
12418,24.928613160522286,930
12419,24.930620618499457,916
12420,24.932628076476632,923
12421,24.934635534453804,946
12422,24.936642992430976,970
12423,24.938650450408147,981
12424,24.94065790838532,977
12425,24.94266536636249,962
12426,24.944672824339662,947
12427,24.946680282316834,939
12428,24.94868774029401,934
12429,24.95069519827118,932
12430,24.952702656248352,939
12431,24.954710114225524,966
12432,24.956717572202695,997
12433,24.958725030179867,995
12434,24.96073248815704,966
12435,24.96273994613421,961
12436,24.964747404111385,996
12437,24.966754862088557,1023
12438,24.96876232006573,1002
12439,24.9707697780429,966
12440,24.97277723602007,957
12441,24.974784693997243,974
12442,24.976792151974415,982
12443,24.978799609951587,962
12444,24.980807067928758,934
12445,24.982814525905933,926
12446,24.984821983883105,940
12447,24.986829441860277,957
12448,24.988836899837448,964
12449,24.99084435781462,965
12450,24.99285181579179,977
12451,24.994859273768963,1001
12452,24.996866731746135,1028
12453,24.99887418972331,1046
12454,25.00088164770048,1056
12455,25.002889105677653,1076
12456,25.004896563654825,1113
12457,25.006904021631996,1147
12458,25.008911479609168,1153
12459,25.01091893758634,1137
12460,25.01292639556351,1124
12461,25.014933853540683,1125
12462,25.016941311517858,1129
12463,25.01894876949503,1117
12464,25.0209562274722,1097
12465,25.022963685449373,1089
12466,25.024971143426544,1105
12467,25.026978601403716,1130
12468,25.028986059380887,1138
12469,25.03099351735806,1119
12470,25.033000975335234,1091
12471,25.035008433312406,1069
12472,25.037015891289577,1048
12473,25.03902334926675,1023
12474,25.04103080724392,1000
12475,25.043038265221092,982
12476,25.045045723198264,969
12477,25.047053181175436,961
12478,25.049060639152607,958
12479,25.051068097129782,958
12480,25.053075555106954,963
12481,25.055083013084126,976
12482,25.057090471061297,1001
12483,25.05909792903847,1042
12484,25.06110538701564,1092
12485,25.063112844992812,1114
12486,25.065120302969984,1079
12487,25.06712776094716,1019
12488,25.06913521892433,990
12489,25.071142676901502,1009
12490,25.073150134878674,1039
12491,25.075157592855845,1038
12492,25.077165050833017,1012
12493,25.07917250881019,994
12494,25.08117996678736,996
12495,25.08318742476453,1006
12496,25.085194882741707,1007
12497,25.08720234071888,1004
12498,25.08920979869605,1008
12499,25.09121725667322,1023
12500,25.093224714650393,1036
12501,25.095232172627565,1034
12502,25.097239630604737,1019
12503,25.099247088581908,1002
12504,25.101254546559083,994
12505,25.103262004536255,998
12506,25.105269462513427,1009
12507,25.107276920490598,1016
12508,25.10928437846777,1019
12509,25.11129183644494,1030
12510,25.113299294422113,1055
12511,25.115306752399285,1081
12512,25.117314210376456,1085
12513,25.11932166835363,1071
12514,25.121329126330803,1073
12515,25.123336584307975,1110
12516,25.125344042285146,1152
12517,25.127351500262318,1160
12518,25.12935895823949,1135
12519,25.13136641621666,1105
12520,25.133373874193833,1096
12521,25.135381332171008,1122
12522,25.13738879014818,1153
12523,25.13939624812535,1138
12524,25.141403706102523,1073
12525,25.143411164079694,1029
12526,25.145418622056866,1055
12527,25.147426080034037,1107
12528,25.14943353801121,1121
12529,25.15144099598838,1102
12530,25.153448453965556,1090
12531,25.155455911942727,1093
12532,25.1574633699199,1085
12533,25.15947082789707,1059
12534,25.161478285874242,1040
12535,25.163485743851414,1042
12536,25.165493201828586,1055
12537,25.167500659805757,1052
12538,25.169508117782932,1025
12539,25.171515575760104,1006
12540,25.173523033737276,1038
12541,25.175530491714447,1105
12542,25.17753794969162,1141
12543,25.17954540766879,1109
12544,25.181552865645962,1048
12545,25.183560323623134,1020
12546,25.18556778160031,1030
12547,25.18757523957748,1046
12548,25.189582697554652,1042
12549,25.191590155531824,1030
12550,25.193597613508995,1034
12551,25.195605071486167,1056
12552,25.19761252946334,1068
12553,25.19961998744051,1060
12554,25.20162744541768,1051
12555,25.203634903394857,1064
12556,25.20564236137203,1096
12557,25.2076498193492,1114
12558,25.20965727732637,1093
12559,25.211664735303543,1045
12560,25.213672193280715,1010
12561,25.215679651257886,1006
12562,25.217687109235058,1013
12563,25.219694567212233,1014
12564,25.221702025189405,1016
12565,25.223709483166576,1029
12566,25.225716941143748,1042
12567,25.22772439912092,1041
12568,25.22973185709809,1027
12569,25.231739315075263,1014
12570,25.233746773052435,1007
12571,25.235754231029606,997
12572,25.23776168900678,984
12573,25.239769146983953,979
12574,25.241776604961125,996
12575,25.243784062938296,1036
12576,25.245791520915468,1083
12577,25.24779897889264,1110
12578,25.24980643686981,1112
12579,25.251813894846983,1106
12580,25.253821352824158,1109
12581,25.25582881080133,1121
12582,25.2578362687785,1130
12583,25.259843726755673,1129
12584,25.261851184732844,1122
12585,25.263858642710016,1119
12586,25.265866100687187,1116
12587,25.26787355866436,1102
12588,25.26988101664153,1082
12589,25.271888474618706,1078
12590,25.273895932595877,1098
12591,25.27590339057305,1120
12592,25.27791084855022,1120
12593,25.279918306527392,1105
12594,25.281925764504564,1104
12595,25.283933222481735,1123
12596,25.285940680458907,1138
12597,25.287948138436082,1132
12598,25.289955596413254,1119
12599,25.291963054390425,1119
12600,25.293970512367597,1133
12601,25.29597797034477,1145
12602,25.29798542832194,1150
12603,25.299992886299112,1150
12604,25.302000344276284,1146
12605,25.304007802253455,1138
12606,25.30601526023063,1126
12607,25.308022718207802,1113
12608,25.310030176184974,1105
12609,25.312037634162145,1108
12610,25.314045092139317,1115
12611,25.31605255011649,1118
12612,25.31806000809366,1112
12613,25.32006746607083,1106
12614,25.322074924048007,1107
12615,25.32408238202518,1118
12616,25.32608984000235,1123
12617,25.32809729797952,1107
12618,25.330104755956693,1077
12619,25.332112213933865,1056
12620,25.334119671911036,1055
12621,25.336127129888208,1056
12622,25.33813458786538,1040
12623,25.340142045842555,1011
12624,25.342149503819726,1004
12625,25.344156961796898,1041
12626,25.34616441977407,1097
12627,25.34817187775124,1125
12628,25.350179335728413,1118
12629,25.352186793705584,1108
12630,25.354194251682756,1107
12631,25.35620170965993,1095
12632,25.358209167637103,1060
12633,25.360216625614274,1023
12634,25.362224083591446,1006
12635,25.364231541568618,1013
12636,25.36623899954579,1030
12637,25.36824645752296,1035
12638,25.370253915500133,1025
12639,25.372261373477304,1021
12640,25.37426883145448,1048
12641,25.37627628943165,1090
12642,25.378283747408823,1103
12643,25.380291205385994,1065
12644,25.382298663363166,1010
12645,25.384306121340337,982
12646,25.38631357931751,982
12647,25.38832103729468,982
12648,25.390328495271856,972
12649,25.392335953249027,961
12650,25.3943434112262,964
12651,25.39635086920337,991
12652,25.398358327180542,1029
12653,25.400365785157714,1050
12654,25.402373243134885,1041
12655,25.404380701112057,1023
12656,25.406388159089232,1026
12657,25.408395617066404,1049
12658,25.410403075043575,1068
12659,25.412410533020747,1072
12660,25.41441799099792,1078
12661,25.41642544897509,1099
12662,25.418432906952262,1124
12663,25.420440364929433,1141
12664,25.422447822906605,1150
12665,25.42445528088378,1156
12666,25.426462738860952,1157
12667,25.428470196838123,1154
12668,25.430477654815295,1151
12669,25.432485112792467,1144
12670,25.43449257076964,1120
12671,25.43650002874681,1078
12672,25.43850748672398,1039
12673,25.440514944701157,1021
12674,25.44252240267833,1021
12675,25.4445298606555,1019
12676,25.44653731863267,1008
12677,25.448544776609843,995
12678,25.450552234587015,991
12679,25.452559692564186,991
12680,25.454567150541358,987
12681,25.45657460851853,983
12682,25.458582066495705,984
12683,25.460589524472876,990
12684,25.462596982450048,994
12685,25.46460444042722,989
12686,25.46661189840439,976
12687,25.468619356381563,962
12688,25.470626814358734,953
12689,25.472634272335906,950
12690,25.47464173031308,947
12691,25.476649188290253,947
12692,25.478656646267424,952
12693,25.480664104244596,963
12694,25.482671562221768,973
12695,25.48467902019894,978
12696,25.48668647817611,980
12697,25.488693936153282,980
12698,25.490701394130454,976
12699,25.49270885210763,979
12700,25.4947163100848,1017
12701,25.496723768061972,1100
12702,25.498731226039144,1176
12703,25.500738684016316,1185
12704,25.502746141993487,1136
12705,25.50475359997066,1095
12706,25.50676105794783,1091
12707,25.508768515925006,1103
12708,25.510775973902177,1108
12709,25.51278343187935,1105
12710,25.51479088985652,1106
12711,25.516798347833692,1115
12712,25.518805805810864,1123
12713,25.520813263788035,1122
12714,25.522820721765207,1119
12715,25.52482817974238,1133
12716,25.526835637719554,1162
12717,25.528843095696725,1181
12718,25.530850553673897,1172
12719,25.53285801165107,1149
12720,25.53486546962824,1132
12721,25.536872927605412,1120
12722,25.538880385582583,1104
12723,25.540887843559755,1090
12724,25.54289530153693,1091
12725,25.544902759514102,1115
12726,25.546910217491273,1153
12727,25.548917675468445,1178
12728,25.550925133445617,1174
12729,25.55293259142279,1144
12730,25.55494004939996,1110
12731,25.55694750737713,1092
12732,25.558954965354303,1091
12733,25.56096242333148,1094
12734,25.56296988130865,1091
12735,25.56497733928582,1083
12736,25.566984797262993,1076
12737,25.568992255240165,1070
12738,25.570999713217336,1069
12739,25.573007171194508,1071
12740,25.57501462917168,1070
12741,25.577022087148855,1066
12742,25.579029545126026,1068
12743,25.581037003103198,1072
12744,25.58304446108037,1070
12745,25.58505191905754,1064
12746,25.587059377034713,1062
12747,25.589066835011884,1070
12748,25.591074292989056,1080
12749,25.593081750966228,1083
12750,25.595089208943403,1080
12751,25.597096666920574,1076
12752,25.599104124897746,1071
12753,25.601111582874918,1063
12754,25.60311904085209,1056
12755,25.60512649882926,1061
12756,25.607133956806432,1076
12757,25.609141414783604,1083
12758,25.61114887276078,1073
12759,25.61315633073795,1057
12760,25.615163788715122,1056
12761,25.617171246692294,1070
12762,25.619178704669466,1082
12763,25.621186162646637,1078
12764,25.62319362062381,1057
12765,25.62520107860098,1028
12766,25.627208536578152,1000
12767,25.629215994555327,986
12768,25.6312234525325,988
12769,25.63323091050967,999
12770,25.635238368486842,1009
12771,25.637245826464014,1014
12772,25.639253284441185,1002
12773,25.641260742418357,970
12774,25.64326820039553,943
12775,25.645275658372704,944
12776,25.647283116349875,963
12777,25.649290574327047,971
12778,25.65129803230422,964
12779,25.65330549028139,961
12780,25.655312948258562,971
12781,25.657320406235733,983
12782,25.659327864212905,987
12783,25.66133532219008,985
12784,25.663342780167252,988
12785,25.665350238144423,1007
12786,25.667357696121595,1032
12787,25.669365154098767,1041
12788,25.67137261207594,1029
12789,25.67338007005311,1012
12790,25.67538752803028,1005
12791,25.677394986007453,1009
12792,25.67940244398463,1023
12793,25.6814099019618,1042
12794,25.68341735993897,1069
12795,25.685424817916143,1091
12796,25.687432275893315,1096
12797,25.689439733870486,1081
12798,25.691447191847658,1054
12799,25.69345464982483,1028
12800,25.695462107802005,1012
12801,25.697469565779176,1004
12802,25.699477023756348,1000
12803,25.70148448173352,1007
12804,25.70349193971069,1037
12805,25.705499397687863,1086
12806,25.707506855665034,1116
12807,25.709514313642206,1091
12808,25.711521771619378,1036
12809,25.713529229596553,1007
12810,25.715536687573724,1027
12811,25.717544145550896,1067
12812,25.719551603528068,1086
12813,25.72155906150524,1067
12814,25.72356651948241,1029
12815,25.725573977459582,1005
12816,25.727581435436754,1003
12817,25.72958889341393,1012
12818,25.7315963513911,1018
12819,25.733603809368272,1024
12820,25.735611267345444,1034
12821,25.737618725322616,1040
12822,25.739626183299787,1030
12823,25.74163364127696,1006
12824,25.74364109925413,984
12825,25.745648557231302,975
12826,25.747656015208477,989
12827,25.74966347318565,1024
12828,25.75167093116282,1046
12829,25.753678389139992,1030
12830,25.755685847117164,997
12831,25.757693305094335,988
12832,25.759700763071507,1003
12833,25.76170822104868,1009
12834,25.763715679025854,999
12835,25.765723137003025,996
12836,25.767730594980197,1012
12837,25.76973805295737,1031
12838,25.77174551093454,1037
12839,25.77375296891171,1032
12840,25.775760426888883,1026
12841,25.777767884866055,1026
12842,25.779775342843227,1029
12843,25.7817828008204,1024
12844,25.783790258797573,1009
12845,25.785797716774745,996
12846,25.787805174751917,993
12847,25.789812632729088,993
12848,25.79182009070626,991
12849,25.79382754868343,993
12850,25.795835006660603,1005
12851,25.797842464637778,1028
12852,25.79984992261495,1045
12853,25.80185738059212,1039
12854,25.803864838569293,1016
12855,25.805872296546465,1000
12856,25.807879754523636,1003
12857,25.809887212500808,1015
12858,25.81189467047798,1019
12859,25.81390212845515,1016
12860,25.815909586432326,1014
12861,25.817917044409498,1021
12862,25.81992450238667,1031
12863,25.82193196036384,1033
12864,25.823939418341013,1035
12865,25.825946876318184,1051
12866,25.827954334295356,1074
12867,25.829961792272528,1078
12868,25.831969250249703,1067
12869,25.833976708226874,1064
12870,25.835984166204046,1073
12871,25.837991624181218,1075
12872,25.83999908215839,1068
12873,25.84200654013556,1062
12874,25.844013998112732,1059
12875,25.846021456089904,1062
12876,25.848028914067076,1068
12877,25.85003637204425,1069
12878,25.852043830021422,1067
12879,25.854051287998594,1074
12880,25.856058745975766,1096
12881,25.858066203952937,1124
12882,25.86007366193011,1133
12883,25.86208111990728,1113
12884,25.864088577884452,1080
12885,25.866096035861627,1059
12886,25.8681034938388,1052
12887,25.87011095181597,1047
12888,25.872118409793142,1034
12889,25.874125867770314,1018
12890,25.876133325747485,1012
12891,25.878140783724657,1023
12892,25.88014824170183,1034
12893,25.882155699679004,1037
12894,25.884163157656175,1035
12895,25.886170615633347,1045
12896,25.88817807361052,1062
12897,25.89018553158769,1068
12898,25.89219298956486,1056
12899,25.894200447542033,1038
12900,25.896207905519205,1028
12901,25.898215363496377,1026
12902,25.90022282147355,1027
12903,25.902230279450723,1026
12904,25.904237737427895,1023
12905,25.906245195405067,1018
12906,25.908252653382238,1015
12907,25.91026011135941,1020
12908,25.91226756933658,1023
12909,25.914275027313753,1018
12910,25.916282485290928,1023
12911,25.9182899432681,1047
12912,25.92029740124527,1078
12913,25.922304859222443,1086
12914,25.924312317199615,1067
12915,25.926319775176786,1047
12916,25.928327233153958,1052
12917,25.93033469113113,1073
12918,25.9323421491083,1088
12919,25.934349607085476,1090
12920,25.936357065062648,1088
12921,25.93836452303982,1084
12922,25.94037198101699,1075
12923,25.942379438994163,1067
12924,25.944386896971334,1065
12925,25.946394354948506,1070
12926,25.948401812925677,1073
12927,25.950409270902853,1066
12928,25.952416728880024,1045
12929,25.954424186857196,1023
12930,25.956431644834367,1012
12931,25.95843910281154,1019
12932,25.96044656078871,1033
12933,25.962454018765882,1038
12934,25.964461476743054,1032
12935,25.966468934720226,1026
12936,25.9684763926974,1030
12937,25.970483850674572,1042
12938,25.972491308651744,1050
12939,25.974498766628916,1043
12940,25.976506224606087,1030
12941,25.97851368258326,1028
12942,25.98052114056043,1038
12943,25.982528598537602,1046
12944,25.984536056514777,1044
12945,25.98654351449195,1046
12946,25.98855097246912,1061
12947,25.990558430446292,1079
12948,25.992565888423464,1084
12949,25.994573346400635,1073
12950,25.996580804377807,1064
12951,25.99858826235498,1070
12952,26.00059572033215,1082
12953,26.002603178309325,1081
12954,26.004610636286497,1069
12955,26.00661809426367,1063
12956,26.00862555224084,1071
12957,26.01063301021801,1086
12958,26.012640468195183,1094
12959,26.014647926172355,1091
12960,26.016655384149526,1081
12961,26.0186628421267,1076
12962,26.020670300103873,1076
12963,26.022677758081045,1071
12964,26.024685216058216,1064
12965,26.026692674035388,1062
12966,26.02870013201256,1068
12967,26.03070758998973,1068
12968,26.032715047966903,1059
12969,26.034722505944075,1050
12970,26.03672996392125,1059
12971,26.03873742189842,1086
12972,26.040744879875593,1114
12973,26.042752337852765,1125
12974,26.044759795829936,1123
12975,26.046767253807108,1121
12976,26.04877471178428,1127
12977,26.05078216976145,1137
12978,26.052789627738626,1147
12979,26.054797085715798,1157
12980,26.05680454369297,1169
12981,26.05881200167014,1172
12982,26.060819459647313,1161
12983,26.062826917624484,1143
12984,26.064834375601656,1127
12985,26.066841833578827,1116
12986,26.068849291556,1114
12987,26.070856749533174,1117
12988,26.072864207510346,1115
12989,26.074871665487517,1098
12990,26.07687912346469,1073
12991,26.07888658144186,1058
12992,26.080894039419032,1067
12993,26.082901497396204,1091
12994,26.084908955373376,1107
12995,26.08691641335055,1111
12996,26.088923871327722,1116
12997,26.090931329304894,1126
12998,26.092938787282066,1129
12999,26.094946245259237,1113
13000,26.09695370323641,1094
13001,26.09896116121358,1089
13002,26.100968619190752,1099
13003,26.102976077167927,1104
13004,26.1049835351451,1094
13005,26.10699099312227,1081
13006,26.108998451099442,1082
13007,26.111005909076614,1099
13008,26.113013367053785,1118
13009,26.115020825030957,1131
13010,26.11702828300813,1142
13011,26.1190357409853,1151
13012,26.121043198962475,1160
13013,26.123050656939647,1179
13014,26.12505811491682,1204
13015,26.12706557289399,1209
13016,26.12907303087116,1181
13017,26.131080488848333,1146
13018,26.133087946825505,1130
13019,26.135095404802676,1135
13020,26.13710286277985,1149
13021,26.139110320757023,1161
13022,26.141117778734195,1153
13023,26.143125236711366,1124
13024,26.145132694688538,1094
13025,26.14714015266571,1089
13026,26.14914761064288,1105
13027,26.151155068620053,1118
13028,26.153162526597225,1115
13029,26.1551699845744,1105
13030,26.15717744255157,1096
13031,26.159184900528743,1088
13032,26.161192358505915,1083
13033,26.163199816483086,1088
13034,26.165207274460258,1098
13035,26.16721473243743,1096
13036,26.1692221904146,1079
13037,26.171229648391776,1061
13038,26.173237106368948,1064
13039,26.17524456434612,1096
13040,26.17725202232329,1135
13041,26.179259480300463,1150
13042,26.181266938277634,1136
13043,26.183274396254806,1113
13044,26.185281854231977,1106
13045,26.18728931220915,1125
13046,26.189296770186324,1152
13047,26.191304228163496,1156
13048,26.193311686140667,1133
13049,26.19531914411784,1105
13050,26.19732660209501,1094
13051,26.199334060072182,1098
13052,26.201341518049354,1102
13053,26.203348976026525,1098
13054,26.2053564340037,1093
13055,26.207363891980872,1089
13056,26.209371349958044,1086
13057,26.211378807935215,1093
13058,26.213386265912387,1122
13059,26.21539372388956,1159
13060,26.21740118186673,1183
13061,26.219408639843902,1187
13062,26.221416097821074,1185
13063,26.22342355579825,1182
13064,26.22543101377542,1167
13065,26.227438471752592,1135
13066,26.229445929729764,1105
13067,26.231453387706935,1097
13068,26.233460845684107,1107
13069,26.23546830366128,1111
13070,26.23747576163845,1099
13071,26.239483219615625,1085
13072,26.241490677592797,1085
13073,26.24349813556997,1096
13074,26.24550559354714,1103
13075,26.24751305152431,1107
13076,26.249520509501483,1117
13077,26.251527967478655,1130
13078,26.253535425455826,1131
13079,26.255542883432998,1118
13080,26.257550341410173,1104
13081,26.259557799387345,1099
13082,26.261565257364516,1094
13083,26.263572715341688,1082
13084,26.26558017331886,1070
13085,26.26758763129603,1063
13086,26.269595089273203,1056
13087,26.271602547250374,1053
13088,26.27361000522755,1063
13089,26.27561746320472,1081
13090,26.277624921181893,1094
13091,26.279632379159064,1097
13092,26.281639837136236,1098
13093,26.283647295113408,1104
13094,26.28565475309058,1119
13095,26.28766221106775,1143
13096,26.289669669044923,1164
13097,26.291677127022098,1162
13098,26.29368458499927,1135
13099,26.29569204297644,1106
13100,26.297699500953613,1097
13101,26.299706958930784,1102
13102,26.301714416907956,1104
13103,26.303721874885127,1096
13104,26.3057293328623,1086
13105,26.307736790839474,1087
13106,26.309744248816646,1100
13107,26.311751706793817,1103
13108,26.31375916477099,1086
13109,26.31576662274816,1061
13110,26.317774080725332,1053
13111,26.319781538702504,1069
13112,26.321788996679675,1092
13113,26.32379645465685,1098
13114,26.325803912634022,1083
13115,26.327811370611194,1066
13116,26.329818828588365,1063
13117,26.331826286565537,1070
13118,26.33383374454271,1068
13119,26.33584120251988,1051
13120,26.337848660497052,1031
13121,26.339856118474223,1023
13122,26.3418635764514,1027
13123,26.34387103442857,1039
13124,26.345878492405742,1052
13125,26.347885950382913,1061
13126,26.349893408360085,1063
13127,26.351900866337257,1066
13128,26.35390832431443,1080
13129,26.3559157822916,1098
13130,26.357923240268775,1102
13131,26.359930698245947,1089
13132,26.36193815622312,1074
13133,26.36394561420029,1072
13134,26.36595307217746,1080
13135,26.367960530154633,1089
13136,26.369967988131805,1091
13137,26.371975446108976,1083
13138,26.373982904086148,1075
13139,26.375990362063323,1079
13140,26.377997820040495,1090
13141,26.380005278017666,1098
13142,26.382012735994838,1099
13143,26.38402019397201,1102
13144,26.38602765194918,1108
13145,26.388035109926353,1111
13146,26.390042567903524,1113
13147,26.3920500258807,1118
13148,26.39405748385787,1121
13149,26.396064941835043,1116
13150,26.398072399812214,1109
13151,26.400079857789386,1112
13152,26.402087315766558,1124
13153,26.40409477374373,1129
13154,26.4061022317209,1127
13155,26.408109689698072,1128
13156,26.410117147675248,1136
13157,26.41212460565242,1146
13158,26.41413206362959,1147
13159,26.416139521606762,1141
13160,26.418146979583934,1134
13161,26.420154437561106,1126
13162,26.422161895538277,1118
13163,26.42416935351545,1106
13164,26.426176811492624,1094
13165,26.428184269469796,1090
13166,26.430191727446967,1092
13167,26.43219918542414,1090
13168,26.43420664340131,1085
13169,26.436214101378482,1086
13170,26.438221559355654,1097
13171,26.440229017332825,1113
13172,26.442236475309997,1120
13173,26.444243933287172,1114
13174,26.446251391264344,1104
13175,26.448258849241515,1105
13176,26.450266307218687,1116
13177,26.45227376519586,1128
13178,26.45428122317303,1122
13179,26.456288681150202,1105
13180,26.458296139127373,1095
13181,26.46030359710455,1096
13182,26.46231105508172,1099
13183,26.464318513058892,1099
13184,26.466325971036063,1102
13185,26.468333429013235,1108
13186,26.470340886990407,1111
13187,26.47234834496758,1107
13188,26.47435580294475,1101
13189,26.47636326092192,1102
13190,26.478370718899097,1114
13191,26.48037817687627,1124
13192,26.48238563485344,1123
13193,26.48439309283061,1113
13194,26.486400550807783,1105
13195,26.488408008784955,1098
13196,26.490415466762126,1091
13197,26.492422924739298,1082
13198,26.494430382716473,1074
13199,26.496437840693645,1071
13200,26.498445298670816,1078
13201,26.500452756647988,1089
13202,26.50246021462516,1090
13203,26.50446767260233,1081
13204,26.506475130579503,1076
13205,26.508482588556674,1083
13206,26.510490046533846,1098
13207,26.51249750451102,1112
13208,26.514504962488193,1120
13209,26.516512420465364,1121
13210,26.518519878442536,1114
13211,26.520527336419708,1105
13212,26.52253479439688,1103
13213,26.52454225237405,1114
13214,26.526549710351222,1125
13215,26.528557168328398,1124
13216,26.53056462630557,1113
13217,26.53257208428274,1102
13218,26.534579542259912,1101
13219,26.536587000237084,1110
13220,26.538594458214256,1123
13221,26.540601916191427,1137
13222,26.5426093741686,1148
13223,26.544616832145774,1152
13224,26.546624290122946,1152
13225,26.548631748100117,1164
13226,26.55063920607729,1191
13227,26.55264666405446,1212
13228,26.554654122031632,1208
13229,26.556661580008804,1191
13230,26.558669037985975,1187
13231,26.560676495963147,1206
13232,26.562683953940322,1227
13233,26.564691411917494,1227
13234,26.566698869894665,1207
13235,26.568706327871837,1189
13236,26.57071378584901,1185
13237,26.57272124382618,1189
13238,26.574728701803352,1189
13239,26.576736159780523,1183
13240,26.5787436177577,1172
13241,26.58075107573487,1156
13242,26.582758533712042,1139
13243,26.584765991689213,1128
13244,26.586773449666385,1126
13245,26.588780907643557,1128
13246,26.59078836562073,1131
13247,26.5927958235979,1134
13248,26.59480328157507,1128
13249,26.596810739552247,1110
13250,26.59881819752942,1094
13251,26.60082565550659,1093
13252,26.60283311348376,1098
13253,26.604840571460933,1100
13254,26.606848029438105,1106
13255,26.608855487415276,1121
13256,26.610862945392448,1136
13257,26.612870403369623,1137
13258,26.614877861346795,1123
13259,26.616885319323966,1113
13260,26.618892777301138,1115
13261,26.62090023527831,1123
13262,26.62290769325548,1126
13263,26.624915151232653,1118
13264,26.626922609209824,1107
13265,26.628930067186996,1097
13266,26.63093752516417,1086
13267,26.632944983141343,1074
13268,26.634952441118514,1070
13269,26.636959899095686,1082
13270,26.638967357072858,1102
13271,26.64097481505003,1118
13272,26.6429822730272,1116
13273,26.644989731004372,1099
13274,26.646997188981548,1084
13275,26.64900464695872,1092
13276,26.65101210493589,1115
13277,26.653019562913062,1130
13278,26.655027020890234,1131
13279,26.657034478867406,1140
13280,26.659041936844577,1160
13281,26.66104939482175,1177
13282,26.66305685279892,1181
13283,26.665064310776096,1176
13284,26.667071768753267,1169
13285,26.66907922673044,1161
13286,26.67108668470761,1152
13287,26.673094142684782,1140
13288,26.675101600661954,1122
13289,26.677109058639125,1100
13290,26.679116516616297,1088
13291,26.681123974593472,1093
13292,26.683131432570644,1104
13293,26.685138890547815,1108
13294,26.687146348524987,1116
13295,26.68915380650216,1135
13296,26.69116126447933,1144
13297,26.6931687224565,1126
13298,26.695176180433673,1094
13299,26.697183638410845,1078
13300,26.69919109638802,1084
13301,26.70119855436519,1095
13302,26.703206012342363,1096
13303,26.705213470319535,1084
13304,26.707220928296707,1065
13305,26.709228386273878,1054
13306,26.71123584425105,1053
13307,26.71324330222822,1055
13308,26.715250760205397,1054
13309,26.717258218182568,1056
13310,26.71926567615974,1059
13311,26.72127313413691,1057
13312,26.723280592114083,1047
13313,26.725288050091255,1035
13314,26.727295508068426,1030
13315,26.729302966045598,1045
13316,26.73131042402277,1070
13317,26.733317881999945,1090
13318,26.735325339977116,1104
13319,26.737332797954288,1134
13320,26.73934025593146,1189
13321,26.74134771390863,1241
13322,26.743355171885803,1249
13323,26.745362629862974,1219
13324,26.747370087840146,1192
13325,26.74937754581732,1191
13326,26.751385003794493,1196
13327,26.753392461771664,1189
13328,26.755399919748836,1174
13329,26.757407377726008,1170
13330,26.75941483570318,1175
13331,26.76142229368035,1175
13332,26.763429751657522,1161
13333,26.765437209634694,1142
13334,26.76744466761187,1140
13335,26.76945212558904,1157
13336,26.771459583566212,1172
13337,26.773467041543384,1170
13338,26.775474499520556,1151
13339,26.777481957497727,1129
13340,26.7794894154749,1121
13341,26.78149687345207,1127
13342,26.783504331429246,1139
13343,26.785511789406417,1150
13344,26.78751924738359,1162
13345,26.78952670536076,1175
13346,26.791534163337932,1182
13347,26.793541621315104,1182
13348,26.795549079292275,1176
13349,26.797556537269447,1168
13350,26.799563995246622,1164
13351,26.801571453223794,1165
13352,26.803578911200965,1167
13353,26.805586369178137,1166
13354,26.80759382715531,1161
13355,26.80960128513248,1155
13356,26.81160874310965,1156
13357,26.813616201086823,1164
13358,26.815623659063995,1166
13359,26.81763111704117,1153
13360,26.81963857501834,1134
13361,26.821646032995513,1122
13362,26.823653490972685,1126
13363,26.825660948949857,1142
13364,26.827668406927028,1162
13365,26.8296758649042,1173
13366,26.83168332288137,1177
13367,26.833690780858547,1184
13368,26.835698238835718,1190
13369,26.83770569681289,1188
13370,26.83971315479006,1186
13371,26.841720612767233,1190
13372,26.843728070744405,1198
13373,26.845735528721576,1202
13374,26.847742986698748,1204
13375,26.84975044467592,1211
13376,26.851757902653095,1223
13377,26.853765360630266,1234
13378,26.855772818607438,1239
13379,26.85778027658461,1237
13380,26.85978773456178,1231
13381,26.861795192538953,1220
13382,26.863802650516124,1199
13383,26.865810108493296,1167
13384,26.86781756647047,1138
13385,26.869825024447643,1123
13386,26.871832482424814,1125
13387,26.873839940401986,1129
13388,26.875847398379157,1125
13389,26.87785485635633,1114
13390,26.8798623143335,1106
13391,26.881869772310672,1104
13392,26.883877230287844,1108
13393,26.88588468826502,1122
13394,26.88789214624219,1146
13395,26.889899604219362,1169
13396,26.891907062196534,1178
13397,26.893914520173706,1170
13398,26.895921978150877,1154
13399,26.89792943612805,1135
13400,26.89993689410522,1116
13401,26.901944352082396,1095
13402,26.903951810059567,1081
13403,26.90595926803674,1072
13404,26.90796672601391,1064
13405,26.909974183991082,1060
13406,26.911981641968254,1062
13407,26.913989099945425,1066
13408,26.915996557922597,1069
13409,26.91800401589977,1073
13410,26.920011473876944,1085
13411,26.922018931854115,1105
13412,26.924026389831287,1130
13413,26.92603384780846,1155
13414,26.92804130578563,1169
13415,26.9300487637628,1174
13416,26.932056221739973,1183
13417,26.934063679717145,1204
13418,26.93607113769432,1225
13419,26.93807859567149,1240
13420,26.940086053648663,1255
13421,26.942093511625835,1274
13422,26.944100969603006,1282
13423,26.946108427580178,1264
13424,26.94811588555735,1233
13425,26.95012334353452,1213
13426,26.952130801511693,1216
13427,26.954138259488868,1228
13428,26.95614571746604,1228
13429,26.95815317544321,1198
13430,26.960160633420383,1149
13431,26.962168091397555,1112
13432,26.964175549374726,1105
13433,26.966183007351898,1108
13434,26.96819046532907,1099
13435,26.970197923306245,1077
13436,26.972205381283416,1062
13437,26.974212839260588,1062
13438,26.97622029723776,1069
13439,26.97822775521493,1073
13440,26.980235213192103,1077
13441,26.982242671169274,1082
13442,26.984250129146446,1090
13443,26.986257587123617,1107
13444,26.988265045100793,1127
13445,26.990272503077964,1133
13446,26.992279961055136,1115
13447,26.994287419032307,1087
13448,26.99629487700948,1072
13449,26.99830233498665,1076
13450,27.000309792963822,1087
13451,27.002317250940994,1094
13452,27.00432470891817,1097
13453,27.00633216689534,1101
13454,27.008339624872512,1100
13455,27.010347082849684,1088
13456,27.012354540826855,1070
13457,27.014361998804027,1059
13458,27.0163694567812,1060
13459,27.01837691475837,1071
13460,27.020384372735545,1077
13461,27.022391830712717,1074
13462,27.02439928868989,1063
13463,27.02640674666706,1053
13464,27.028414204644232,1056
13465,27.030421662621404,1074
13466,27.032429120598575,1089
13467,27.034436578575747,1085
13468,27.03644403655292,1070
13469,27.038451494530094,1061
13470,27.040458952507265,1064
13471,27.042466410484437,1069
13472,27.04447386846161,1059
13473,27.04648132643878,1038
13474,27.04848878441595,1029
13475,27.050496242393123,1043
13476,27.052503700370295,1058
13477,27.05451115834747,1059
13478,27.05651861632464,1051
13479,27.058526074301813,1051
13480,27.060533532278985,1068
13481,27.062540990256156,1092
13482,27.064548448233328,1102
13483,27.0665559062105,1080
13484,27.06856336418767,1037
13485,27.070570822164843,1005
13486,27.072578280142018,1007
13487,27.07458573811919,1028
13488,27.07659319609636,1036
13489,27.078600654073533,1023
13490,27.080608112050705,1007
13491,27.082615570027876,1007
13492,27.084623028005048,1013
13493,27.08663048598222,1014
13494,27.088637943959395,1011
13495,27.090645401936566,1013
13496,27.092652859913738,1019
13497,27.09466031789091,1028
13498,27.09666777586808,1033
13499,27.098675233845253,1031
13500,27.100682691822424,1027
13501,27.102690149799596,1025
13502,27.104697607776767,1025
13503,27.106705065753943,1023
13504,27.108712523731114,1020
13505,27.110719981708286,1023
13506,27.112727439685457,1036
13507,27.11473489766263,1047
13508,27.1167423556398,1041
13509,27.118749813616972,1032
13510,27.120757271594144,1043
13511,27.12276472957132,1066
13512,27.12477218754849,1071
13513,27.126779645525662,1054
13514,27.128787103502834,1036
13515,27.130794561480005,1030
13516,27.132802019457177,1028
13517,27.13480947743435,1017
13518,27.13681693541152,995
13519,27.138824393388692,982
13520,27.140831851365867,991
13521,27.14283930934304,1013
13522,27.14484676732021,1023
13523,27.146854225297382,1016
13524,27.148861683274554,1008
13525,27.150869141251725,1020
13526,27.152876599228897,1043
13527,27.15488405720607,1055
13528,27.156891515183244,1048
13529,27.158898973160415,1038
13530,27.160906431137587,1031
13531,27.16291388911476,1023
13532,27.16492134709193,1020
13533,27.1669288050691,1027
13534,27.168936263046273,1044
13535,27.170943721023445,1061
13536,27.172951179000616,1073
13537,27.17495863697779,1076
13538,27.176966094954963,1070
13539,27.178973552932135,1056
13540,27.180981010909306,1040
13541,27.182988468886478,1029
13542,27.18499592686365,1038
13543,27.18700338484082,1075
13544,27.189010842817993,1130
13545,27.191018300795168,1171
13546,27.19302575877234,1177
13547,27.19503321674951,1164
13548,27.197040674726683,1156
13549,27.199048132703854,1164
13550,27.201055590681026,1182
13551,27.203063048658198,1196
13552,27.20507050663537,1185
13553,27.20707796461254,1138
13554,27.209085422589716,1083
13555,27.211092880566888,1053
13556,27.21310033854406,1051
13557,27.21510779652123,1058
13558,27.217115254498403,1058
13559,27.219122712475574,1055
13560,27.221130170452746,1062
13561,27.223137628429917,1079
13562,27.225145086407093,1089
13563,27.227152544384264,1082
13564,27.229160002361436,1067
13565,27.231167460338607,1054
13566,27.23317491831578,1046
13567,27.23518237629295,1045
13568,27.237189834270122,1074
13569,27.239197292247294,1154
13570,27.24120475022447,1236
13571,27.24321220820164,1221
13572,27.245219666178812,1114
13573,27.247227124155984,1040
13574,27.249234582133155,1062
13575,27.251242040110327,1112
13576,27.2532494980875,1105
13577,27.25525695606467,1039
13578,27.257264414041842,976
13579,27.259271872019017,951
13580,27.26127932999619,952
13581,27.26328678797336,960
13582,27.265294245950532,969
13583,27.267301703927703,982
13584,27.269309161904875,991
13585,27.271316619882047,988
13586,27.27332407785922,973
13587,27.275331535836393,958
13588,27.277338993813565,950
13589,27.279346451790737,946
13590,27.28135390976791,944
13591,27.28336136774508,947
13592,27.28536882572225,960
13593,27.287376283699423,972
13594,27.289383741676595,977
13595,27.291391199653766,975
13596,27.29339865763094,979
13597,27.295406115608113,990
13598,27.297413573585285,997
13599,27.299421031562456,990
13600,27.301428489539628,977
13601,27.3034359475168,976
13602,27.30544340549397,987
13603,27.307450863471143,997
13604,27.309458321448318,999
13605,27.31146577942549,997
13606,27.31347323740266,996
13607,27.315480695379833,998
13608,27.317488153357004,1001
13609,27.319495611334176,1000
13610,27.321503069311348,997
13611,27.32351052728852,996
13612,27.32551798526569,995
13613,27.327525443242866,990
13614,27.329532901220038,986
13615,27.33154035919721,993
13616,27.33354781717438,1007
13617,27.335555275151552,1009
13618,27.337562733128724,998
13619,27.339570191105896,996
13620,27.341577649083067,1013
13621,27.343585107060242,1029
13622,27.345592565037414,1028
13623,27.347600023014586,1021
13624,27.349607480991757,1026
13625,27.35161493896893,1037
13626,27.3536223969461,1042
13627,27.355629854923272,1045
13628,27.357637312900444,1048
13629,27.359644770877615,1045
13630,27.36165222885479,1035
13631,27.363659686831962,1027
13632,27.365667144809134,1020
13633,27.367674602786305,1009
13634,27.369682060763477,1007
13635,27.37168951874065,1023
13636,27.37369697671782,1040
13637,27.375704434694992,1034
13638,27.377711892672167,1007
13639,27.37971935064934,995
13640,27.38172680862651,1021
13641,27.383734266603682,1072
13642,27.385741724580853,1110
13643,27.387749182558025,1112
13644,27.389756640535197,1093
13645,27.39176409851237,1080
13646,27.39377155648954,1081
13647,27.395779014466715,1078
13648,27.397786472443887,1063
13649,27.39979393042106,1052
13650,27.40180138839823,1054
13651,27.4038088463754,1059
13652,27.405816304352573,1051
13653,27.407823762329745,1039
13654,27.409831220306916,1036
13655,27.41183867828409,1044
13656,27.413846136261263,1058
13657,27.415853594238435,1072
13658,27.417861052215606,1084
13659,27.419868510192778,1089
13660,27.42187596816995,1084
13661,27.42388342614712,1075
13662,27.425890884124293,1070
13663,27.427898342101464,1069
13664,27.42990580007864,1070
13665,27.43191325805581,1066
13666,27.433920716032983,1055
13667,27.435928174010154,1041
13668,27.437935631987326,1043
13669,27.439943089964498,1066
13670,27.44195054794167,1085
13671,27.44395800591884,1082
13672,27.445965463896016,1064
13673,27.447972921873188,1053
13674,27.44998037985036,1058
13675,27.45198783782753,1061
13676,27.453995295804702,1054
13677,27.456002753781874,1054
13678,27.458010211759046,1061
13679,27.460017669736217,1048
13680,27.462025127713392,1011
13681,27.464032585690564,980
13682,27.466040043667736,972
13683,27.468047501644907,974
13684,27.47005495962208,971
13685,27.47206241759925,961
13686,27.474069875576422,954
13687,27.476077333553594,955
13688,27.478084791530765,958
13689,27.48009224950794,960
13690,27.482099707485112,969
13691,27.484107165462284,985
13692,27.486114623439455,991
13693,27.488122081416627,976
13694,27.4901295393938,951
13695,27.49213699737097,939
13696,27.49414445534814,945
13697,27.496151913325317,950
13698,27.49815937130249,941
13699,27.50016682927966,925
13700,27.50217428725683,916
13701,27.504181745234003,918
13702,27.506189203211175,923
13703,27.508196661188347,926
13704,27.510204119165518,932
13705,27.51221157714269,944
13706,27.514219035119865,959
13707,27.516226493097037,964
13708,27.518233951074208,950
13709,27.52024140905138,928
13710,27.52224886702855,936
13711,27.524256325005723,1018
13712,27.526263782982895,1165
13713,27.528271240960066,1273
13714,27.53027869893724,1255
13715,27.532286156914413,1155
13716,27.534293614891585,1090
13717,27.536301072868756,1106
13718,27.538308530845928,1142
13719,27.5403159888231,1133
13720,27.54232344680027,1086
13721,27.544330904777443,1040
13722,27.546338362754614,1016
13723,27.54834582073179,1012
13724,27.55035327870896,1014
13725,27.552360736686133,1019
13726,27.554368194663304,1034
13727,27.556375652640476,1061
13728,27.558383110617648,1092
13729,27.56039056859482,1108
13730,27.56239802657199,1099
13731,27.564405484549166,1072
13732,27.566412942526338,1046
13733,27.56842040050351,1039
13734,27.57042785848068,1056
13735,27.572435316457852,1084
13736,27.574442774435024,1112
13737,27.576450232412196,1135
13738,27.578457690389367,1138
13739,27.58046514836654,1117
13740,27.582472606343714,1094
13741,27.584480064320886,1089
13742,27.586487522298057,1097
13743,27.58849498027523,1095
13744,27.5905024382524,1079
13745,27.592509896229572,1067
13746,27.594517354206744,1076
13747,27.596524812183915,1108
13748,27.59853227016109,1149
13749,27.600539728138262,1175
13750,27.602547186115434,1168
13751,27.604554644092605,1145
13752,27.606562102069777,1140
13753,27.60856956004695,1162
13754,27.61057701802412,1186
13755,27.61258447600129,1191
13756,27.614591933978463,1183
13757,27.61659939195564,1181
13758,27.61860684993281,1184
13759,27.62061430790998,1185
13760,27.622621765887153,1186
13761,27.624629223864325,1191
13762,27.626636681841497,1203
13763,27.628644139818668,1214
13764,27.63065159779584,1223
13765,27.632659055773015,1229
13766,27.634666513750187,1233
13767,27.636673971727358,1230
13768,27.63868142970453,1217
13769,27.6406888876817,1196
13770,27.642696345658873,1175
13771,27.644703803636045,1162
13772,27.646711261613216,1167
13773,27.648718719590388,1183
13774,27.650726177567563,1189
13775,27.652733635544735,1180
13776,27.654741093521906,1170
13777,27.656748551499078,1169
13778,27.65875600947625,1171
13779,27.66076346745342,1169
13780,27.662770925430593,1159
13781,27.664778383407764,1152
13782,27.66678584138494,1159
13783,27.66879329936211,1178
13784,27.670800757339283,1186
13785,27.672808215316454,1176
13786,27.674815673293626,1169
13787,27.676823131270798,1180
13788,27.67883058924797,1197
13789,27.68083804722514,1208
13790,27.682845505202316,1209
13791,27.684852963179488,1205
13792,27.68686042115666,1190
13793,27.68886787913383,1167
13794,27.690875337111002,1153
13795,27.692882795088174,1166
13796,27.694890253065346,1189
13797,27.696897711042517,1196
13798,27.69890516901969,1181
13799,27.700912626996864,1161
13800,27.702920084974036,1151
13801,27.704927542951207,1152
13802,27.70693500092838,1155
13803,27.70894245890555,1148
13804,27.710949916882722,1137
13805,27.712957374859894,1136
13806,27.714964832837065,1153
13807,27.71697229081424,1174
13808,27.718979748791412,1182
13809,27.720987206768584,1179
13810,27.722994664745755,1178
13811,27.725002122722927,1176
13812,27.7270095807001,1166
13813,27.72901703867727,1156
13814,27.73102449665444,1152
13815,27.733031954631613,1147
13816,27.73503941260879,1134
13817,27.73704687058596,1117
13818,27.73905432856313,1112
13819,27.741061786540303,1128
13820,27.743069244517475,1158
13821,27.745076702494647,1188
13822,27.747084160471818,1206
13823,27.74909161844899,1199
13824,27.751099076426165,1174
13825,27.753106534403337,1157
13826,27.755113992380508,1164
13827,27.75712145035768,1179
13828,27.75912890833485,1174
13829,27.761136366312023,1154
13830,27.763143824289195,1149
13831,27.765151282266366,1160
13832,27.767158740243538,1162
13833,27.769166198220713,1150
13834,27.771173656197885,1145
13835,27.773181114175056,1150
13836,27.775188572152228,1156
13837,27.7771960301294,1161
13838,27.77920348810657,1161
13839,27.781210946083743,1154
13840,27.783218404060914,1148
13841,27.78522586203809,1156
13842,27.78723332001526,1173
13843,27.789240777992433,1187
13844,27.791248235969604,1193
13845,27.793255693946776,1200
13846,27.795263151923947,1211
13847,27.79727060990112,1223
13848,27.79927806787829,1226
13849,27.801285525855462,1218
13850,27.803292983832637,1206
13851,27.80530044180981,1200
13852,27.80730789978698,1202
13853,27.809315357764152,1208
13854,27.811322815741324,1219
13855,27.813330273718496,1227
13856,27.815337731695667,1222
13857,27.81734518967284,1212
13858,27.819352647650014,1211
13859,27.821360105627186,1227
13860,27.823367563604357,1248
13861,27.82537502158153,1260
13862,27.8273824795587,1259
13863,27.829389937535872,1248
13864,27.831397395513044,1235
13865,27.833404853490215,1230
13866,27.835412311467387,1235
13867,27.837419769444562,1241
13868,27.839427227421734,1237
13869,27.841434685398905,1225
13870,27.843442143376077,1213
13871,27.84544960135325,1207
13872,27.84745705933042,1216
13873,27.84946451730759,1232
13874,27.851471975284763,1237
13875,27.85347943326194,1227
13876,27.85548689123911,1216
13877,27.85749434921628,1212
13878,27.859501807193453,1215
13879,27.861509265170625,1224
13880,27.863516723147796,1238
13881,27.865524181124968,1254
13882,27.86753163910214,1261
13883,27.86953909707931,1261
13884,27.871546555056486,1255
13885,27.873554013033658,1246
13886,27.87556147101083,1240
13887,27.877568928988,1234
13888,27.879576386965173,1220
13889,27.881583844942345,1198
13890,27.883591302919516,1182
13891,27.885598760896688,1170
13892,27.887606218873863,1154
13893,27.889613676851035,1136
13894,27.891621134828206,1132
13895,27.893628592805378,1146
13896,27.89563605078255,1162
13897,27.89764350875972,1167
13898,27.899650966736893,1168
13899,27.901658424714064,1179
13900,27.903665882691236,1198
13901,27.90567334066841,1203
13902,27.907680798645583,1181
13903,27.909688256622754,1138
13904,27.911695714599926,1103
13905,27.913703172577097,1107
13906,27.91571063055427,1139
13907,27.91771808853144,1153
13908,27.919725546508612,1122
13909,27.921733004485787,1076
13910,27.92374046246296,1062
13911,27.92574792044013,1085
13912,27.927755378417302,1107
13913,27.929762836394474,1104
13914,27.931770294371645,1092
13915,27.933777752348817,1092
13916,27.93578521032599,1115
13917,27.937792668303164,1151
13918,27.939800126280335,1178
13919,27.941807584257507,1183
13920,27.94381504223468,1176
13921,27.94582250021185,1178
13922,27.947829958189022,1194
13923,27.949837416166194,1216
13924,27.951844874143365,1236
13925,27.953852332120537,1247
13926,27.955859790097712,1245
13927,27.957867248074884,1235
13928,27.959874706052055,1226
13929,27.961882164029227,1226
13930,27.9638896220064,1232
13931,27.96589707998357,1238
13932,27.96790453796074,1237
13933,27.969911995937913,1226
13934,27.97191945391509,1208
13935,27.97392691189226,1180
13936,27.97593436986943,1150
13937,27.977941827846603,1133
13938,27.979949285823775,1135
13939,27.981956743800946,1150
13940,27.983964201778118,1164
13941,27.98597165975529,1173
13942,27.98797911773246,1188
13943,27.989986575709636,1212
13944,27.991994033686808,1234
13945,27.99400149166398,1247
13946,27.99600894964115,1254
13947,27.998016407618323,1255
13948,28.000023865595494,1243
13949,28.002031323572666,1218
13950,28.004038781549838,1195
13951,28.006046239527013,1195
13952,28.008053697504184,1217
13953,28.010061155481356,1232
13954,28.012068613458528,1218
13955,28.0140760714357,1193
13956,28.01608352941287,1185
13957,28.018090987390043,1199
13958,28.020098445367214,1217
13959,28.022105903344386,1211
13960,28.02411336132156,1176
13961,28.026120819298733,1144
13962,28.028128277275904,1136
13963,28.030135735253076,1134
13964,28.032143193230247,1114
13965,28.03415065120742,1084
13966,28.03615810918459,1065
13967,28.038165567161762,1070
13968,28.040173025138937,1092
13969,28.04218048311611,1115
13970,28.04418794109328,1122
13971,28.046195399070452,1114
13972,28.048202857047624,1114
13973,28.050210315024795,1128
13974,28.052217773001967,1143
13975,28.05422523097914,1147
13976,28.05623268895631,1149
13977,28.058240146933485,1161
13978,28.060247604910657,1179
13979,28.06225506288783,1185
13980,28.064262520865,1172
13981,28.066269978842172,1148
13982,28.068277436819344,1123
13983,28.070284894796515,1111
13984,28.072292352773687,1111
13985,28.074299810750862,1117
13986,28.076307268728034,1122
13987,28.078314726705205,1124
13988,28.080322184682377,1125
13989,28.08232964265955,1127
13990,28.08433710063672,1134
13991,28.08634455861389,1144
13992,28.088352016591063,1149
13993,28.090359474568235,1156
13994,28.09236693254541,1169
13995,28.09437439052258,1175
13996,28.096381848499753,1156
13997,28.098389306476925,1111
13998,28.100396764454096,1066
13999,28.102404222431268,1049
14000,28.10441168040844,1061
14001,28.10641913838561,1077
14002,28.108426596362786,1075
14003,28.110434054339958,1058
14004,28.11244151231713,1039
14005,28.1144489702943,1032
14006,28.116456428271473,1041
14007,28.118463886248644,1061
14008,28.120471344225816,1083
14009,28.122478802202988,1103
14010,28.12448626018016,1122
14011,28.126493718157334,1135
14012,28.128501176134506,1129
14013,28.130508634111678,1106
14014,28.13251609208885,1093
14015,28.13452355006602,1108
14016,28.136531008043193,1138
14017,28.138538466020364,1151
14018,28.140545923997536,1131
14019,28.14255338197471,1098
14020,28.144560839951883,1083
14021,28.146568297929054,1092
14022,28.148575755906226,1111
14023,28.150583213883397,1130
14024,28.15259067186057,1149
14025,28.15459812983774,1166
14026,28.156605587814912,1180
14027,28.158613045792087,1185
14028,28.16062050376926,1169
14029,28.16262796174643,1136
14030,28.164635419723602,1111
14031,28.166642877700774,1110
14032,28.168650335677945,1116
14033,28.170657793655117,1111
14034,28.17266525163229,1096
14035,28.17467270960946,1083
14036,28.176680167586635,1073
14037,28.178687625563807,1066
14038,28.18069508354098,1071
14039,28.18270254151815,1092
14040,28.184709999495322,1110
14041,28.186717457472493,1111
14042,28.188724915449665,1101
14043,28.190732373426837,1094
14044,28.192739831404012,1090
14045,28.194747289381183,1085
14046,28.196754747358355,1081
14047,28.198762205335527,1082
14048,28.2007696633127,1089
14049,28.20277712128987,1094
14050,28.20478457926704,1098
14051,28.206792037244213,1105
14052,28.208799495221385,1120
14053,28.21080695319856,1133
14054,28.21281441117573,1133
14055,28.214821869152903,1120
14056,28.216829327130075,1105
14057,28.218836785107246,1099
14058,28.220844243084418,1109
14059,28.22285170106159,1126
14060,28.22485915903876,1139
14061,28.226866617015936,1147
14062,28.228874074993108,1148
14063,28.23088153297028,1142
14064,28.23288899094745,1137
14065,28.234896448924623,1143
14066,28.236903906901794,1159
14067,28.238911364878966,1168
14068,28.240918822856138,1159
14069,28.24292628083331,1137
14070,28.244933738810484,1122
14071,28.246941196787656,1121
14072,28.248948654764828,1122
14073,28.250956112742,1119
14074,28.25296357071917,1121
14075,28.254971028696342,1132
14076,28.256978486673514,1142
14077,28.258985944650686,1142
14078,28.26099340262786,1139
14079,28.263000860605032,1145
14080,28.265008318582204,1161
14081,28.267015776559376,1175
14082,28.269023234536547,1169
14083,28.27103069251372,1133
14084,28.27303815049089,1085
14085,28.275045608468062,1052
14086,28.277053066445234,1047
14087,28.27906052442241,1059
14088,28.28106798239958,1070
14089,28.283075440376752,1075
14090,28.285082898353924,1079
14091,28.287090356331095,1081
14092,28.289097814308267,1084
14093,28.29110527228544,1093
14094,28.29311273026261,1116
14095,28.295120188239785,1152
14096,28.297127646216957,1190
14097,28.29913510419413,1209
14098,28.3011425621713,1201
14099,28.303150020148472,1181
14100,28.305157478125643,1177
14101,28.307164936102815,1195
14102,28.309172394079987,1222
14103,28.31117985205716,1243
14104,28.313187310034333,1247
14105,28.315194768011505,1236
14106,28.317202225988677,1229
14107,28.31920968396585,1232
14108,28.32121714194302,1233
14109,28.32322459992019,1228
14110,28.325232057897363,1227
14111,28.327239515874535,1241
14112,28.32924697385171,1262
14113,28.33125443182888,1265
14114,28.333261889806053,1233
14115,28.335269347783225,1181
14116,28.337276805760396,1142
14117,28.339284263737568,1129
14118,28.34129172171474,1134
14119,28.34329917969191,1148
14120,28.345306637669083,1166
14121,28.347314095646258,1177
14122,28.34932155362343,1175
14123,28.3513290116006,1174
14124,28.353336469577773,1187
14125,28.355343927554944,1205
14126,28.357351385532116,1220
14127,28.359358843509288,1233
14128,28.36136630148646,1235
14129,28.363373759463634,1223
14130,28.365381217440806,1211
14131,28.367388675417978,1208
14132,28.36939613339515,1200
14133,28.37140359137232,1178
14134,28.373411049349492,1157
14135,28.375418507326664,1150
14136,28.377425965303836,1159
14137,28.37943342328101,1172
14138,28.381440881258182,1170
14139,28.383448339235354,1149
14140,28.385455797212526,1126
14141,28.387463255189697,1117
14142,28.38947071316687,1115
14143,28.39147817114404,1111
14144,28.393485629121212,1108
14145,28.395493087098384,1117
14146,28.39750054507556,1133
14147,28.39950800305273,1145
14148,28.401515461029902,1146
14149,28.403522919007074,1136
14150,28.405530376984245,1128
14151,28.407537834961417,1134
14152,28.40954529293859,1148
14153,28.41155275091576,1152
14154,28.413560208892935,1145
14155,28.415567666870107,1139
14156,28.41757512484728,1142
14157,28.41958258282445,1146
14158,28.42159004080162,1143
14159,28.423597498778793,1132
14160,28.425604956755965,1116
14161,28.427612414733137,1107
14162,28.429619872710308,1109
14163,28.431627330687483,1114
14164,28.433634788664655,1116
14165,28.435642246641827,1119
14166,28.437649704618998,1131
14167,28.43965716259617,1147
14168,28.44166462057334,1147
14169,28.443672078550513,1129
14170,28.445679536527685,1107
14171,28.44768699450486,1099
14172,28.44969445248203,1109
14173,28.451701910459203,1126
14174,28.453709368436375,1132
14175,28.455716826413546,1123
14176,28.457724284390718,1113
14177,28.45973174236789,1108
14178,28.46173920034506,1108
14179,28.463746658322233,1113
14180,28.465754116299408,1123
14181,28.46776157427658,1130
14182,28.46976903225375,1134
14183,28.471776490230923,1138
14184,28.473783948208094,1139
14185,28.475791406185266,1131
14186,28.477798864162438,1134
14187,28.47980632213961,1162
14188,28.481813780116784,1182
14189,28.483821238093956,1166
14190,28.485828696071128,1137
14191,28.4878361540483,1121
14192,28.48984361202547,1126
14193,28.491851070002642,1142
14194,28.493858527979814,1153
14195,28.495865985956986,1157
14196,28.497873443934157,1157
14197,28.499880901911332,1152
14198,28.501888359888504,1141
14199,28.503895817865676,1134
14200,28.505903275842847,1138
14201,28.50791073382002,1143
14202,28.50991819179719,1142
14203,28.511925649774362,1144
14204,28.513933107751534,1154
14205,28.51594056572871,1164
14206,28.51794802370588,1166
14207,28.519955481683052,1159
14208,28.521962939660224,1147
14209,28.523970397637395,1138
14210,28.525977855614567,1142
14211,28.52798531359174,1158
14212,28.52999277156891,1171
14213,28.53200022954608,1166
14214,28.534007687523257,1151
14215,28.53601514550043,1143
14216,28.5380226034776,1149
14217,28.54003006145477,1163
14218,28.542037519431943,1174
14219,28.544044977409115,1177
14220,28.546052435386287,1183
14221,28.548059893363458,1198
14222,28.550067351340633,1211
14223,28.552074809317805,1203
14224,28.554082267294977,1180
14225,28.556089725272148,1165
14226,28.55809718324932,1165
14227,28.56010464122649,1169
14228,28.562112099203663,1169
14229,28.564119557180835,1167
14230,28.566127015158006,1163
14231,28.56813447313518,1152
14232,28.570141931112353,1134
14233,28.572149389089525,1119
14234,28.574156847066696,1112
14235,28.576164305043868,1113
14236,28.57817176302104,1117
14237,28.58017922099821,1126
14238,28.582186678975383,1138
14239,28.584194136952558,1150
14240,28.58620159492973,1156
14241,28.5882090529069,1152
14242,28.590216510884073,1142
14243,28.592223968861244,1141
14244,28.594231426838416,1145
14245,28.596238884815588,1143
14246,28.59824634279276,1140
14247,28.600253800769934,1144
14248,28.602261258747106,1151
14249,28.604268716724278,1147
14250,28.60627617470145,1138
14251,28.60828363267862,1139
14252,28.610291090655792,1159
14253,28.612298548632964,1185
14254,28.614306006610136,1198
14255,28.616313464587307,1195
14256,28.618320922564482,1183
14257,28.620328380541654,1167
14258,28.622335838518826,1150
14259,28.624343296495997,1137
14260,28.62635075447317,1133
14261,28.62835821245034,1141
14262,28.630365670427512,1155
14263,28.632373128404684,1170
14264,28.63438058638186,1181
14265,28.63638804435903,1192
14266,28.638395502336202,1199
14267,28.640402960313374,1197
14268,28.642410418290545,1189
14269,28.644417876267717,1180
14270,28.64642533424489,1176
14271,28.64843279222206,1182
14272,28.65044025019923,1188
14273,28.652447708176407,1180
14274,28.65445516615358,1158
14275,28.65646262413075,1137
14276,28.65847008210792,1126
14277,28.660477540085093,1128
14278,28.662484998062265,1144
14279,28.664492456039437,1160
14280,28.666499914016608,1168
14281,28.668507371993783,1165
14282,28.670514829970955,1149
14283,28.672522287948127,1116
14284,28.674529745925298,1083
14285,28.67653720390247,1077
14286,28.67854466187964,1098
14287,28.680552119856813,1123
14288,28.682559577833985,1137
14289,28.684567035811156,1144
14290,28.68657449378833,1149
14291,28.688581951765503,1145
14292,28.690589409742675,1134
14293,28.692596867719846,1134
14294,28.694604325697018,1155
14295,28.69661178367419,1177
14296,28.69861924165136,1180
14297,28.700626699628533,1161
14298,28.702634157605708,1135
14299,28.70464161558288,1117
14300,28.70664907356005,1107
14301,28.708656531537223,1102
14302,28.710663989514394,1109
14303,28.712671447491566,1126
14304,28.714678905468737,1132
14305,28.71668636344591,1116
14306,28.71869382142308,1096
14307,28.720701279400256,1096
14308,28.722708737377427,1114
14309,28.7247161953546,1121
14310,28.72672365333177,1106
14311,28.728731111308942,1089
14312,28.730738569286114,1088
14313,28.732746027263286,1099
14314,28.734753485240457,1110
14315,28.736760943217632,1121
14316,28.738768401194804,1135
14317,28.740775859171976,1140
14318,28.742783317149147,1138
14319,28.74479077512632,1150
14320,28.74679823310349,1184
14321,28.748805691080662,1212
14322,28.750813149057834,1221
14323,28.752820607035005,1221
14324,28.75482806501218,1218
14325,28.756835522989352,1208
14326,28.758842980966524,1186
14327,28.760850438943695,1158
14328,28.762857896920867,1142
14329,28.76486535489804,1152
14330,28.76687281287521,1177
14331,28.76888027085238,1191
14332,28.770887728829557,1175
14333,28.77289518680673,1143
14334,28.7749026447839,1126
14335,28.77691010276107,1141
14336,28.778917560738243,1176
14337,28.780925018715415,1203
14338,28.782932476692586,1195
14339,28.784939934669758,1161
14340,28.78694739264693,1140
14341,28.788954850624105,1159
14342,28.790962308601276,1202
14343,28.792969766578448,1227
14344,28.79497722455562,1216
14345,28.79698468253279,1196
14346,28.798992140509963,1200
14347,28.800999598487135,1226
14348,28.803007056464306,1239
14349,28.80501451444148,1222
14350,28.807021972418653,1198
14351,28.809029430395825,1194
14352,28.811036888372996,1202
14353,28.813044346350168,1202
14354,28.81505180432734,1189
14355,28.81705926230451,1178
14356,28.819066720281683,1182
14357,28.821074178258858,1208
14358,28.82308163623603,1239
14359,28.8250890942132,1250
14360,28.827096552190373,1247
14361,28.829104010167544,1255
14362,28.831111468144716,1285
14363,28.833118926121887,1315
14364,28.83512638409906,1320
14365,28.83713384207623,1296
14366,28.839141300053406,1269
14367,28.841148758030577,1258
14368,28.84315621600775,1250
14369,28.84516367398492,1230
14370,28.847171131962092,1214
14371,28.849178589939264,1222
14372,28.851186047916435,1242
14373,28.853193505893607,1250
14374,28.855200963870782,1245
14375,28.857208421847954,1247
14376,28.859215879825125,1263
14377,28.861223337802297,1279
14378,28.86323079577947,1280
14379,28.86523825375664,1271
14380,28.867245711733812,1261
14381,28.869253169710984,1257
14382,28.871260627688155,1259
14383,28.87326808566533,1263
14384,28.875275543642502,1263
14385,28.877283001619674,1262
14386,28.879290459596845,1265
14387,28.881297917574017,1269
14388,28.88330537555119,1263
14389,28.88531283352836,1246
14390,28.88732029150553,1235
14391,28.889327749482707,1238
14392,28.89133520745988,1246
14393,28.89334266543705,1236
14394,28.89535012341422,1199
14395,28.897357581391393,1152
14396,28.899365039368565,1125
14397,28.901372497345736,1131
14398,28.903379955322908,1161
14399,28.90538741330008,1190
14400,28.907394871277255,1205
14401,28.909402329254426,1199
14402,28.911409787231598,1174
14403,28.91341724520877,1152
14404,28.91542470318594,1149
14405,28.917432161163113,1161
14406,28.919439619140284,1167
14407,28.921447077117456,1161
14408,28.92345453509463,1154
14409,28.925461993071803,1147
14410,28.927469451048974,1134
14411,28.929476909026146,1125
14412,28.931484367003318,1131
14413,28.93349182498049,1141
14414,28.93549928295766,1139
14415,28.937506740934833,1130
14416,28.939514198912004,1127
14417,28.94152165688918,1129
14418,28.94352911486635,1126
14419,28.945536572843523,1110
14420,28.947544030820694,1088
14421,28.949551488797866,1065
14422,28.951558946775037,1046
14423,28.95356640475221,1039
14424,28.95557386272938,1051
14425,28.957581320706556,1076
14426,28.959588778683727,1101
14427,28.9615962366609,1109
14428,28.96360369463807,1096
14429,28.965611152615242,1079
14430,28.967618610592414,1074
14431,28.969626068569585,1082
14432,28.971633526546757,1093
14433,28.97364098452393,1109
14434,28.975648442501104,1126
14435,28.977655900478275,1134
14436,28.979663358455447,1122
14437,28.98167081643262,1097
14438,28.98367827440979,1080
14439,28.985685732386962,1073
14440,28.987693190364133,1062
14441,28.989700648341305,1044
14442,28.99170810631848,1027
14443,28.993715564295652,1014
14444,28.995723022272823,1009
14445,28.997730480249995,1015
14446,28.999737938227167,1028
14447,29.00174539620434,1038
14448,29.00375285418151,1041
14449,29.00576031215868,1043
14450,29.007767770135853,1043
14451,29.00977522811303,1042
14452,29.0117826860902,1046
14453,29.01379014406737,1060
14454,29.015797602044543,1069
14455,29.017805060021715,1062
14456,29.019812517998886,1053
14457,29.021819975976058,1052
14458,29.02382743395323,1054
14459,29.025834891930405,1056
14460,29.027842349907576,1061
14461,29.029849807884748,1066
14462,29.03185726586192,1061
14463,29.03386472383909,1036
14464,29.035872181816263,1000
14465,29.037879639793434,977
14466,29.039887097770606,989
14467,29.041894555747778,1023
14468,29.043902013724953,1044
14469,29.045909471702124,1038
14470,29.047916929679296,1026
14471,29.049924387656468,1029
14472,29.05193184563364,1050
14473,29.05393930361081,1079
14474,29.055946761587983,1098
14475,29.057954219565154,1096
14476,29.05996167754233,1071
14477,29.0619691355195,1035
14478,29.063976593496673,1015
14479,29.065984051473844,1023
14480,29.067991509451016,1034
14481,29.069998967428187,1030
14482,29.07200642540536,1010
14483,29.07401388338253,997
14484,29.076021341359706,1002
14485,29.078028799336877,1015
14486,29.08003625731405,1028
14487,29.08204371529122,1044
14488,29.084051173268392,1059
14489,29.086058631245564,1060
14490,29.088066089222735,1049
14491,29.090073547199907,1038
14492,29.09208100517708,1036
14493,29.094088463154254,1035
14494,29.096095921131425,1025
14495,29.098103379108597,1015
14496,29.10011083708577,1025
14497,29.10211829506294,1051
14498,29.104125753040112,1066
14499,29.106133211017283,1064
14500,29.108140668994455,1064
14501,29.11014812697163,1078
14502,29.112155584948802,1105
14503,29.114163042925973,1138
14504,29.116170500903145,1160
14505,29.118177958880317,1154
14506,29.12018541685749,1125
14507,29.12219287483466,1102
14508,29.12420033281183,1106
14509,29.126207790789003,1129
14510,29.12821524876618,1154
14511,29.13022270674335,1165
14512,29.13223016472052,1167
14513,29.134237622697693,1170
14514,29.136245080674865,1173
14515,29.138252538652036,1172
14516,29.140259996629208,1168
14517,29.14226745460638,1168
14518,29.144274912583555,1170
14519,29.146282370560726,1168
14520,29.148289828537898,1151
14521,29.15029728651507,1125
14522,29.15230474449224,1105
14523,29.154312202469413,1098
14524,29.156319660446584,1098
14525,29.158327118423756,1099
14526,29.160334576400928,1101
14527,29.162342034378103,1110
14528,29.164349492355274,1128
14529,29.166356950332446,1145
14530,29.168364408309618,1155
14531,29.17037186628679,1160
14532,29.17237932426396,1163
14533,29.174386782241132,1168
14534,29.176394240218304,1178
14535,29.17840169819548,1184
14536,29.18040915617265,1174
14537,29.182416614149822,1160
14538,29.184424072126994,1173
14539,29.186431530104166,1206
14540,29.188438988081337,1216
14541,29.19044644605851,1195
14542,29.19245390403568,1180
14543,29.194461362012852,1188
14544,29.196468819990027,1196
14545,29.1984762779672,1191
14546,29.20048373594437,1181
14547,29.202491193921542,1173
14548,29.204498651898714,1164
14549,29.206506109875885,1151
14550,29.208513567853057,1130
14551,29.21052102583023,1111
14552,29.212528483807404,1105
14553,29.214535941784575,1119
14554,29.216543399761747,1145
14555,29.21855085773892,1168
14556,29.22055831571609,1177
14557,29.222565773693262,1172
14558,29.224573231670433,1163
14559,29.226580689647605,1160
14560,29.228588147624777,1167
14561,29.230595605601952,1168
14562,29.232603063579123,1160
14563,29.234610521556295,1157
14564,29.236617979533467,1170
14565,29.23862543751064,1186
14566,29.24063289548781,1195
14567,29.24264035346498,1199
14568,29.244647811442153,1206
14569,29.24665526941933,1205
14570,29.2486627273965,1181
14571,29.25067018537367,1153
14572,29.252677643350843,1156
14573,29.254685101328015,1184
14574,29.256692559305186,1196
14575,29.258700017282358,1173
14576,29.26070747525953,1140
14577,29.2627149332367,1131
14578,29.264722391213876,1150
14579,29.266729849191048,1176
14580,29.26873730716822,1190
14581,29.27074476514539,1192
14582,29.272752223122563,1191
14583,29.274759681099734,1184
14584,29.276767139076906,1165
14585,29.278774597054078,1139
14586,29.280782055031253,1121
14587,29.282789513008424,1119
14588,29.284796970985596,1125
14589,29.286804428962768,1126
14590,29.28881188693994,1123
14591,29.29081934491711,1131
14592,29.292826802894282,1152
14593,29.294834260871454,1167
14594,29.29684171884863,1170
14595,29.2988491768258,1175
14596,29.300856634802972,1191
14597,29.302864092780144,1210
14598,29.304871550757316,1216
14599,29.306879008734487,1201
14600,29.30888646671166,1176
14601,29.31089392468883,1167
14602,29.312901382666002,1176
14603,29.314908840643177,1177
14604,29.31691629862035,1161
14605,29.31892375659752,1150
14606,29.320931214574692,1159
14607,29.322938672551864,1173
14608,29.324946130529035,1172
14609,29.326953588506207,1158
14610,29.32896104648338,1148
14611,29.330968504460554,1151
14612,29.332975962437725,1157
14613,29.334983420414897,1149
14614,29.33699087839207,1134
14615,29.33899833636924,1126
14616,29.34100579434641,1122
14617,29.343013252323583,1113
14618,29.345020710300755,1104
14619,29.347028168277927,1108
14620,29.3490356262551,1125
14621,29.351043084232273,1142
14622,29.353050542209445,1146
14623,29.355058000186617,1141
14624,29.357065458163788,1144
14625,29.35907291614096,1160
14626,29.36108037411813,1170
14627,29.363087832095303,1167
14628,29.365095290072478,1154
14629,29.36710274804965,1147
14630,29.36911020602682,1153
14631,29.371117664003993,1164
14632,29.373125121981165,1166
14633,29.375132579958336,1154
14634,29.377140037935508,1146
14635,29.37914749591268,1156
14636,29.38115495388985,1185
14637,29.383162411867026,1212
14638,29.385169869844198,1208
14639,29.38717732782137,1159
14640,29.38918478579854,1098
14641,29.391192243775713,1067
14642,29.393199701752884,1067
14643,29.395207159730056,1070
14644,29.397214617707228,1062
14645,29.399222075684403,1051
14646,29.401229533661574,1052
14647,29.403236991638746,1072
14648,29.405244449615918,1102
14649,29.40725190759309,1124
14650,29.40925936557026,1139
14651,29.411266823547432,1153
14652,29.413274281524604,1157
14653,29.415281739501776,1149
14654,29.41728919747895,1148
14655,29.419296655456122,1160
14656,29.421304113433294,1163
14657,29.423311571410466,1145
14658,29.425319029387637,1122
14659,29.42732648736481,1115
14660,29.42933394534198,1126
14661,29.431341403319152,1139
14662,29.433348861296327,1138
14663,29.4353563192735,1127
14664,29.43736377725067,1119
14665,29.439371235227842,1121
14666,29.441378693205014,1132
14667,29.443386151182185,1137
14668,29.445393609159357,1127
14669,29.44740106713653,1104
14670,29.4494085251137,1079
14671,29.451415983090875,1065
14672,29.453423441068047,1069
14673,29.45543089904522,1075
14674,29.45743835702239,1066
14675,29.45944581499956,1047
14676,29.461453272976733,1037
14677,29.463460730953905,1034
14678,29.465468188931077,1036
14679,29.46747564690825,1054
14680,29.469483104885423,1090
14681,29.471490562862595,1118
14682,29.473498020839767,1117
14683,29.475505478816938,1088
14684,29.47751293679411,1051
14685,29.47952039477128,1036
14686,29.481527852748453,1051
14687,29.483535310725625,1069
14688,29.4855427687028,1061
14689,29.48755022667997,1038
14690,29.489557684657143,1030
14691,29.491565142634315,1045
14692,29.493572600611486,1063
14693,29.495580058588658,1068
14694,29.49758751656583,1057
14695,29.499594974543,1039
14696,29.501602432520176,1023
14697,29.503609890497348,1014
14698,29.50561734847452,1017
14699,29.50762480645169,1026
14700,29.509632264428863,1031
14701,29.511639722406034,1038
14702,29.513647180383206,1052
14703,29.515654638360378,1065
14704,29.517662096337553,1067
14705,29.519669554314724,1066
14706,29.521677012291896,1070
14707,29.523684470269068,1079
14708,29.52569192824624,1076
14709,29.52769938622341,1051
14710,29.529706844200582,1023
14711,29.531714302177754,1014
14712,29.533721760154926,1017
14713,29.5357292181321,1013
14714,29.537736676109272,1006
14715,29.539744134086444,1007
14716,29.541751592063616,1019
14717,29.543759050040787,1038
14718,29.54576650801796,1063
14719,29.54777396599513,1092
14720,29.549781423972302,1114
14721,29.551788881949477,1125
14722,29.55379633992665,1130
14723,29.55580379790382,1139
14724,29.557811255880992,1149
14725,29.559818713858164,1145
14726,29.561826171835335,1116
14727,29.563833629812507,1070
14728,29.56584108778968,1034
14729,29.56784854576685,1021
14730,29.569856003744025,1026
14731,29.571863461721197,1044
14732,29.57387091969837,1078
14733,29.57587837767554,1116
14734,29.57788583565271,1133
14735,29.579893293629883,1129
14736,29.581900751607055,1132
14737,29.583908209584227,1159
14738,29.5859156675614,1188
14739,29.587923125538573,1190
14740,29.589930583515745,1171
14741,29.591938041492917,1157
14742,29.593945499470088,1156
14743,29.59595295744726,1159
14744,29.59796041542443,1151
14745,29.599967873401603,1127
14746,29.601975331378775,1101
14747,29.60398278935595,1089
14748,29.60599024733312,1085
14749,29.607997705310293,1075
14750,29.610005163287465,1064
14751,29.612012621264636,1063
14752,29.614020079241808,1077
14753,29.61602753721898,1098
14754,29.61803499519615,1116
14755,29.620042453173326,1120
14756,29.622049911150498,1113
14757,29.62405736912767,1103
14758,29.62606482710484,1100
14759,29.628072285082013,1107
14760,29.630079743059184,1116
14761,29.632087201036356,1120
14762,29.634094659013527,1119
14763,29.6361021169907,1110
14764,29.638109574967874,1088
14765,29.640117032945046,1061
14766,29.642124490922217,1051
14767,29.64413194889939,1067
14768,29.64613940687656,1094
14769,29.648146864853732,1105
14770,29.650154322830904,1087
14771,29.652161780808076,1055
14772,29.65416923878525,1035
14773,29.656176696762422,1034
14774,29.658184154739594,1034
14775,29.660191612716766,1027
14776,29.662199070693937,1029
14777,29.66420652867111,1043
14778,29.66621398664828,1053
14779,29.668221444625452,1048
14780,29.670228902602624,1032
14781,29.6722363605798,1020
14782,29.67424381855697,1026
14783,29.676251276534142,1039
14784,29.678258734511314,1042
14785,29.680266192488485,1036
14786,29.682273650465657,1039
14787,29.68428110844283,1048
14788,29.68628856642,1047
14789,29.688296024397175,1033
14790,29.690303482374347,1024
14791,29.69231094035152,1033
14792,29.69431839832869,1046
14793,29.69632585630586,1046
14794,29.698333314283033,1036
14795,29.700340772260205,1033
14796,29.702348230237376,1044
14797,29.704355688214548,1062
14798,29.706363146191723,1076
14799,29.708370604168895,1077
14800,29.710378062146066,1071
14801,29.712385520123238,1065
14802,29.71439297810041,1056
14803,29.71640043607758,1036
14804,29.718407894054753,1011
14805,29.720415352031925,999
14806,29.7224228100091,1007
14807,29.72443026798627,1024
14808,29.726437725963443,1031
14809,29.728445183940615,1023
14810,29.730452641917786,1013
14811,29.732460099894958,1015
14812,29.73446755787213,1026
14813,29.7364750158493,1037
14814,29.738482473826476,1048
14815,29.740489931803648,1072
14816,29.74249738978082,1109
14817,29.74450484775799,1132
14818,29.746512305735163,1124
14819,29.748519763712334,1104
14820,29.750527221689506,1094
14821,29.752534679666677,1104
14822,29.75454213764385,1124
14823,29.756549595621024,1137
14824,29.758557053598196,1140
14825,29.760564511575367,1137
14826,29.76257196955254,1127
14827,29.76457942752971,1112
14828,29.766586885506882,1102
14829,29.768594343484054,1101
14830,29.770601801461225,1097
14831,29.7726092594384,1083
14832,29.774616717415572,1070
14833,29.776624175392744,1070
14834,29.778631633369915,1079
14835,29.780639091347087,1083
14836,29.78264654932426,1077
14837,29.78465400730143,1064
14838,29.786661465278602,1050
14839,29.788668923255774,1052
14840,29.79067638123295,1069
14841,29.79268383921012,1084
14842,29.794691297187292,1080
14843,29.796698755164464,1071
14844,29.798706213141635,1068
14845,29.800713671118807,1068
14846,29.80272112909598,1069
14847,29.80472858707315,1079
14848,29.806736045050325,1092
14849,29.808743503027497,1098
14850,29.81075096100467,1093
14851,29.81275841898184,1087
14852,29.81476587695901,1088
14853,29.816773334936183,1082
14854,29.818780792913355,1060
14855,29.820788250890526,1038
14856,29.822795708867698,1036
14857,29.824803166844873,1053
14858,29.826810624822045,1061
14859,29.828818082799216,1052
14860,29.830825540776388,1044
14861,29.83283299875356,1059
14862,29.83484045673073,1090
14863,29.836847914707903,1117
14864,29.838855372685074,1121
14865,29.84086283066225,1115
14866,29.84287028863942,1126
14867,29.844877746616593,1156
14868,29.846885204593764,1179
14869,29.848892662570936,1181
14870,29.850900120548108,1172
14871,29.85290757852528,1167
14872,29.85491503650245,1165
14873,29.856922494479623,1159
14874,29.858929952456798,1152
14875,29.86093741043397,1155
14876,29.86294486841114,1170
14877,29.864952326388313,1182
14878,29.866959784365484,1181
14879,29.868967242342656,1170
14880,29.870974700319827,1158
14881,29.872982158297,1157
14882,29.874989616274174,1168
14883,29.876997074251346,1179
14884,29.879004532228517,1181
14885,29.88101199020569,1174
14886,29.88301944818286,1164
14887,29.885026906160032,1158
14888,29.887034364137204,1159
14889,29.889041822114375,1165
14890,29.891049280091547,1171
14891,29.893056738068722,1169
14892,29.895064196045894,1151
14893,29.897071654023065,1125
14894,29.899079112000237,1105
14895,29.90108656997741,1097
14896,29.90309402795458,1097
14897,29.905101485931752,1100
14898,29.907108943908923,1105
14899,29.9091164018861,1108
14900,29.91112385986327,1108
14901,29.913131317840442,1102
14902,29.915138775817613,1093
14903,29.917146233794785,1092
14904,29.919153691771957,1100
14905,29.92116114974913,1108
14906,29.9231686077263,1098
14907,29.92517606570347,1073
14908,29.927183523680647,1050
14909,29.92919098165782,1043
14910,29.93119843963499,1054
14911,29.93320589761216,1075
14912,29.935213355589333,1094
14913,29.937220813566505,1102
14914,29.939228271543676,1107
14915,29.941235729520848,1108
14916,29.943243187498023,1106
14917,29.945250645475195,1114
14918,29.947258103452366,1140
14919,29.949265561429538,1167
14920,29.95127301940671,1179
14921,29.95328047738388,1176
14922,29.955287935361053,1176
14923,29.957295393338224,1185
14924,29.959302851315396,1192
14925,29.96131030929257,1183
14926,29.963317767269743,1161
14927,29.965325225246914,1141
14928,29.967332683224086,1130
14929,29.969340141201258,1127
14930,29.97134759917843,1132
14931,29.9733550571556,1140
14932,29.975362515132773,1147
14933,29.977369973109948,1154
14934,29.97937743108712,1163
14935,29.98138488906429,1173
14936,29.983392347041463,1187
14937,29.985399805018634,1197
14938,29.987407262995806,1194
14939,29.989414720972977,1184
14940,29.99142217895015,1183
14941,29.993429636927324,1181
14942,29.995437094904496,1173
14943,29.997444552881667,1171
14944,29.99945201085884,1181
14945,30.00145946883601,1183
14946,30.003466926813182,1168
14947,30.005474384790354,1146
14948,30.007481842767525,1135
14949,30.009489300744697,1131
14950,30.011496758721872,1130
14951,30.013504216699044,1134
14952,30.015511674676215,1138
14953,30.017519132653387,1133
14954,30.01952659063056,1118
14955,30.02153404860773,1108
14956,30.023541506584902,1127
14957,30.025548964562073,1170
14958,30.02755642253925,1206
14959,30.02956388051642,1217
14960,30.031571338493592,1214
14961,30.033578796470763,1214
14962,30.035586254447935,1213
14963,30.037593712425107,1202
14964,30.03960117040228,1186
14965,30.04160862837945,1175
14966,30.04361608635662,1173
14967,30.045623544333797,1176
14968,30.04763100231097,1186
14969,30.04963846028814,1197
14970,30.05164591826531,1203
14971,30.053653376242483,1210
14972,30.055660834219655,1222
14973,30.057668292196826,1231
14974,30.059675750173998,1226
14975,30.061683208151173,1201
14976,30.063690666128345,1171
14977,30.065698124105516,1157
14978,30.067705582082688,1157
14979,30.06971304005986,1148
14980,30.07172049803703,1130
14981,30.073727956014203,1126
14982,30.075735413991374,1144
14983,30.077742871968546,1166
14984,30.07975032994572,1173
14985,30.081757787922893,1163
14986,30.083765245900064,1150
14987,30.085772703877236,1145
14988,30.087780161854408,1136
14989,30.08978761983158,1116
14990,30.09179507780875,1106
14991,30.093802535785922,1117
14992,30.095809993763098,1125
14993,30.09781745174027,1112
14994,30.09982490971744,1096
14995,30.101832367694612,1099
14996,30.103839825671784,1117
14997,30.105847283648956,1131
14998,30.107854741626127,1132
14999,30.1098621996033,1128
15000,30.11186965758047,1125
15001,30.113877115557646,1127
15002,30.115884573534817,1134
15003,30.11789203151199,1144
15004,30.11989948948916,1154
15005,30.121906947466332,1157
15006,30.123914405443504,1144
15007,30.125921863420675,1121
15008,30.127929321397847,1110
15009,30.129936779375022,1117
15010,30.131944237352194,1125
15011,30.133951695329365,1120
15012,30.135959153306537,1103
15013,30.13796661128371,1083
15014,30.13997406926088,1080
15015,30.141981527238052,1103
15016,30.143988985215223,1135
15017,30.145996443192395,1149
15018,30.14800390116957,1147
15019,30.150011359146742,1145
15020,30.152018817123913,1150
15021,30.154026275101085,1160
15022,30.156033733078257,1177
15023,30.15804119105543,1194
15024,30.1600486490326,1199
15025,30.16205610700977,1193
15026,30.164063564986947,1185
15027,30.16607102296412,1178
15028,30.16807848094129,1172
15029,30.17008593891846,1161
15030,30.172093396895633,1143
15031,30.174100854872805,1119
15032,30.176108312849976,1099
15033,30.178115770827148,1096
15034,30.18012322880432,1112
15035,30.182130686781495,1138
15036,30.184138144758666,1162
15037,30.186145602735838,1183
15038,30.18815306071301,1199
15039,30.19016051869018,1209
15040,30.192167976667353,1211
15041,30.194175434644524,1208
15042,30.196182892621696,1205
15043,30.19819035059887,1203
15044,30.200197808576043,1192
15045,30.202205266553214,1173
15046,30.204212724530386,1164
15047,30.206220182507558,1169
15048,30.20822764048473,1168
15049,30.2102350984619,1147
15050,30.212242556439072,1120
15051,30.214250014416248,1110
15052,30.21625747239342,1110
15053,30.21826493037059,1101
15054,30.220272388347762,1091
15055,30.222279846324934,1098
15056,30.224287304302106,1112
15057,30.226294762279277,1116
15058,30.22830222025645,1119
15059,30.23030967823362,1142
15060,30.232317136210796,1177
15061,30.234324594187967,1199
15062,30.23633205216514,1206
15063,30.23833951014231,1205
15064,30.240346968119482,1196
15065,30.242354426096654,1186
15066,30.244361884073825,1184
15067,30.246369342050997,1183
15068,30.248376800028172,1173
15069,30.250384258005344,1156
15070,30.252391715982515,1148
15071,30.254399173959687,1155
15072,30.25640663193686,1167
15073,30.25841408991403,1181
15074,30.2604215478912,1201
15075,30.262429005868373,1223
15076,30.264436463845545,1228
15077,30.26644392182272,1212
15078,30.26845137979989,1188
15079,30.270458837777063,1177
15080,30.272466295754235,1175
15081,30.274473753731407,1171
15082,30.276481211708578,1168
15083,30.27848866968575,1174
15084,30.28049612766292,1184
15085,30.282503585640097,1189
15086,30.284511043617268,1182
15087,30.28651850159444,1161
15088,30.28852595957161,1140
15089,30.290533417548783,1131
15090,30.292540875525955,1125
15091,30.294548333503126,1109
15092,30.296555791480298,1087
15093,30.29856324945747,1071
15094,30.300570707434645,1064
15095,30.302578165411816,1048
15096,30.304585623388988,1021
15097,30.30659308136616,1006
15098,30.30860053934333,1020
15099,30.310607997320503,1048
15100,30.312615455297674,1064
15101,30.314622913274846,1066
15102,30.31663037125202,1061
15103,30.318637829229193,1054
15104,30.320645287206364,1041
15105,30.322652745183536,1029
15106,30.324660203160708,1030
15107,30.32666766113788,1050
15108,30.32867511911505,1073
15109,30.330682577092222,1083
15110,30.332690035069394,1084
15111,30.33469749304657,1089
15112,30.33670495102374,1098
15113,30.338712409000912,1099
15114,30.340719866978084,1090
15115,30.342727324955256,1082
15116,30.344734782932427,1088
15117,30.3467422409096,1109
15118,30.34874969888677,1132
15119,30.350757156863946,1143
15120,30.352764614841117,1150
15121,30.35477207281829,1158
15122,30.35677953079546,1162
15123,30.358786988772632,1158
15124,30.360794446749804,1156
15125,30.362801904726975,1157
15126,30.364809362704147,1154
15127,30.36681682068132,1155
15128,30.368824278658494,1162
15129,30.370831736635665,1159
15130,30.372839194612837,1131
15131,30.37484665259001,1091
15132,30.37685411056718,1072
15133,30.37886156854435,1088
15134,30.380869026521523,1119
15135,30.382876484498695,1130
15136,30.38488394247587,1119
15137,30.38689140045304,1108
15138,30.388898858430213,1111
15139,30.390906316407385,1121
15140,30.392913774384557,1133
15141,30.394921232361728,1146
15142,30.3969286903389,1161
15143,30.39893614831607,1172
15144,30.400943606293243,1176
15145,30.402951064270418,1170
15146,30.40495852224759,1164
15147,30.40696598022476,1165
15148,30.408973438201933,1170
15149,30.410980896179105,1172
15150,30.412988354156276,1173
15151,30.414995812133448,1171
15152,30.41700327011062,1165
15153,30.419010728087795,1159
15154,30.421018186064966,1158
15155,30.423025644042138,1158
15156,30.42503310201931,1152
15157,30.42704055999648,1145
15158,30.429048017973653,1153
15159,30.431055475950824,1172
15160,30.433062933927996,1181
15161,30.43507039190517,1172
15162,30.437077849882343,1164
15163,30.439085307859514,1172
15164,30.441092765836686,1193
15165,30.443100223813857,1209
15166,30.44510768179103,1203
15167,30.4471151397682,1175
15168,30.449122597745372,1136
15169,30.451130055722544,1102
15170,30.45313751369972,1085
15171,30.45514497167689,1080
15172,30.457152429654062,1076
15173,30.459159887631234,1073
15174,30.461167345608406,1072
15175,30.463174803585577,1069
15176,30.46518226156275,1066
15177,30.46718971953992,1073
15178,30.469197177517096,1086
15179,30.471204635494267,1082
15180,30.47321209347144,1059
15181,30.47521955144861,1038
15182,30.477227009425782,1025
15183,30.479234467402954,1013
15184,30.481241925380125,1006
15185,30.483249383357297,1004
15186,30.48525684133447,1005
15187,30.487264299311644,1009
15188,30.489271757288815,1023
15189,30.491279215265987,1042
15190,30.49328667324316,1062
15191,30.49529413122033,1072
15192,30.4973015891975,1068
15193,30.499309047174673,1060
15194,30.501316505151845,1063
15195,30.50332396312902,1073
15196,30.50533142110619,1082
15197,30.507338879083363,1090
15198,30.509346337060535,1092
15199,30.511353795037707,1085
15200,30.513361253014878,1082
15201,30.51536871099205,1099
15202,30.51737616896922,1128
15203,30.519383626946393,1147
15204,30.521391084923568,1151
15205,30.52339854290074,1145
15206,30.52540600087791,1140
15207,30.527413458855083,1133
15208,30.529420916832255,1120
15209,30.531428374809426,1107
15210,30.533435832786598,1095
15211,30.53544329076377,1091
15212,30.537450748740945,1100
15213,30.539458206718116,1115
15214,30.541465664695288,1126
15215,30.54347312267246,1130
15216,30.54548058064963,1137
15217,30.547488038626803,1153
15218,30.549495496603974,1168
15219,30.551502954581146,1165
15220,30.553510412558317,1145
15221,30.555517870535493,1137
15222,30.557525328512664,1150
15223,30.559532786489836,1167
15224,30.561540244467007,1160
15225,30.56354770244418,1136
15226,30.56555516042135,1123
15227,30.567562618398522,1134
15228,30.569570076375694,1151
15229,30.57157753435287,1150
15230,30.57358499233004,1131
15231,30.575592450307212,1114
15232,30.577599908284384,1103
15233,30.579607366261556,1087
15234,30.581614824238727,1061
15235,30.5836222822159,1045
15236,30.58562974019307,1054
15237,30.587637198170242,1078
15238,30.589644656147417,1092
15239,30.59165211412459,1089
15240,30.59365957210176,1081
15241,30.595667030078932,1085
15242,30.597674488056104,1098
15243,30.599681946033275,1103
15244,30.601689404010447,1091
15245,30.60369686198762,1074
15246,30.605704319964794,1075
15247,30.607711777941965,1094
15248,30.609719235919137,1103
15249,30.61172669389631,1089
15250,30.61373415187348,1077
15251,30.61574160985065,1081
15252,30.617749067827823,1099
15253,30.619756525804995,1112
15254,30.621763983782166,1106
15255,30.62377144175934,1086
15256,30.625778899736513,1077
15257,30.627786357713685,1084
15258,30.629793815690856,1087
15259,30.631801273668028,1081
15260,30.6338087316452,1079
15261,30.63581618962237,1086
15262,30.637823647599543,1089
15263,30.639831105576718,1085
15264,30.64183856355389,1086
15265,30.64384602153106,1097
15266,30.645853479508233,1105
15267,30.647860937485405,1098
15268,30.649868395462576,1086
15269,30.651875853439748,1086
15270,30.65388331141692,1102
15271,30.655890769394095,1114
15272,30.657898227371266,1109
15273,30.659905685348438,1094
15274,30.66191314332561,1083
15275,30.66392060130278,1079
15276,30.665928059279953,1079
15277,30.667935517257124,1086
15278,30.669942975234296,1100
15279,30.671950433211467,1107
15280,30.673957891188643,1103
15281,30.675965349165814,1096
15282,30.677972807142986,1096
15283,30.679980265120157,1104
15284,30.68198772309733,1112
15285,30.6839951810745,1109
15286,30.686002639051672,1100
15287,30.688010097028844,1096
15288,30.69001755500602,1099
15289,30.69202501298319,1093
15290,30.694032470960362,1077
15291,30.696039928937534,1069
15292,30.698047386914705,1081
15293,30.700054844891877,1104
15294,30.70206230286905,1122
15295,30.70406976084622,1124
15296,30.706077218823392,1109
15297,30.708084676800567,1089
15298,30.71009213477774,1075
15299,30.71209959275491,1067
15300,30.714107050732082,1063
15301,30.716114508709254,1066
15302,30.718121966686425,1077
15303,30.720129424663597,1095
15304,30.72213688264077,1107
15305,30.724144340617944,1107
15306,30.726151798595115,1104
15307,30.728159256572287,1110
15308,30.73016671454946,1120
15309,30.73217417252663,1112
15310,30.7341816305038,1082
15311,30.736189088480973,1057
15312,30.738196546458145,1069
15313,30.740204004435316,1109
15314,30.74221146241249,1138
15315,30.744218920389663,1131
15316,30.746226378366835,1105
15317,30.748233836344006,1091
15318,30.750241294321178,1101
15319,30.75224875229835,1124
15320,30.75425621027552,1146
15321,30.756263668252693,1169
15322,30.758271126229868,1186
15323,30.76027858420704,1184
15324,30.76228604218421,1159
15325,30.764293500161383,1117
15326,30.766300958138554,1082
15327,30.768308416115726,1083
15328,30.770315874092898,1123
15329,30.77232333207007,1169
15330,30.77433079004724,1189
15331,30.776338248024416,1184
15332,30.778345706001588,1167
15333,30.78035316397876,1152
15334,30.78236062195593,1145
15335,30.784368079933103,1148
15336,30.786375537910274,1156
15337,30.788382995887446,1160
15338,30.790390453864617,1149
15339,30.792397911841793,1121
15340,30.794405369818964,1093
15341,30.796412827796136,1084
15342,30.798420285773307,1087
15343,30.80042774375048,1078
15344,30.80243520172765,1052
15345,30.804442659704822,1036
15346,30.806450117681994,1044
15347,30.808457575659165,1066
15348,30.81046503363634,1081
15349,30.812472491613512,1082
15350,30.814479949590684,1074
15351,30.816487407567855,1069
15352,30.818494865545027,1072
15353,30.8205023235222,1079
15354,30.82250978149937,1083
15355,30.824517239476542,1088
15356,30.826524697453717,1095
15357,30.82853215543089,1097
15358,30.83053961340806,1090
15359,30.832547071385232,1084
15360,30.834554529362403,1085
15361,30.836561987339575,1086
15362,30.838569445316747,1086
15363,30.84057690329392,1090
15364,30.84258436127109,1097
15365,30.844591819248265,1097
15366,30.846599277225437,1083
15367,30.84860673520261,1062
15368,30.85061419317978,1038
15369,30.85262165115695,1016
15370,30.854629109134123,1005
15371,30.856636567111295,1008
15372,30.858644025088466,1017
15373,30.86065148306564,1023
15374,30.862658941042813,1023
15375,30.864666399019985,1018
15376,30.866673856997156,1017
15377,30.868681314974328,1026
15378,30.8706887729515,1042
15379,30.87269623092867,1049
15380,30.874703688905843,1033
15381,30.876711146883018,1005
15382,30.87871860486019,980
15383,30.88072606283736,966
15384,30.882733520814533,964
15385,30.884740978791704,976
15386,30.886748436768876,999
15387,30.888755894746048,1028
15388,30.89076335272322,1053
15389,30.89277081070039,1061
15390,30.894778268677566,1053
15391,30.896785726654738,1043
15392,30.89879318463191,1045
15393,30.90080064260908,1062
15394,30.902808100586252,1082
15395,30.904815558563424,1085
15396,30.906823016540596,1068
15397,30.908830474517767,1050
15398,30.910837932494942,1042
15399,30.912845390472114,1037
15400,30.914852848449286,1026
15401,30.916860306426457,1021
15402,30.91886776440363,1030
15403,30.9208752223808,1044
15404,30.922882680357972,1047
15405,30.924890138335144,1040
15406,30.926897596312315,1036
15407,30.92890505428949,1043
15408,30.930912512266662,1055
15409,30.932919970243834,1063
15410,30.934927428221005,1059
15411,30.936934886198177,1051
15412,30.93894234417535,1050
15413,30.94094980215252,1063
15414,30.942957260129692,1087
15415,30.944964718106867,1114
15416,30.94697217608404,1132
15417,30.94897963406121,1137
15418,30.950987092038382,1138
15419,30.952994550015553,1141
15420,30.955002007992725,1144
15421,30.957009465969897,1142
15422,30.95901692394707,1139
15423,30.96102438192424,1135
15424,30.963031839901415,1125
15425,30.965039297878587,1109
15426,30.96704675585576,1097
15427,30.96905421383293,1095
15428,30.9710616718101,1098
15429,30.973069129787273,1107
15430,30.975076587764445,1123
15431,30.977084045741616,1137
15432,30.97909150371879,1143
15433,30.981098961695963,1143
15434,30.983106419673135,1141
15435,30.985113877650306,1138
15436,30.987121335627478,1135
15437,30.98912879360465,1136
15438,30.99113625158182,1142
15439,30.993143709558993,1147
15440,30.995151167536164,1150
15441,30.99715862551334,1153
15442,30.99916608349051,1159
15443,31.001173541467683,1167
15444,31.003180999444854,1169
15445,31.005188457422026,1160
15446,31.007195915399198,1146
15447,31.00920337337637,1143
15448,31.01121083135354,1152
15449,31.013218289330716,1160
15450,31.015225747307888,1151
15451,31.01723320528506,1118
15452,31.01924066326223,1076
15453,31.021248121239402,1050
15454,31.023255579216574,1046
15455,31.025263037193746,1046
15456,31.027270495170917,1042
15457,31.02927795314809,1040
15458,31.031285411125264,1040
15459,31.033292869102436,1039
15460,31.035300327079607,1038
15461,31.03730778505678,1045
15462,31.03931524303395,1058
15463,31.041322701011122,1069
15464,31.043330158988294,1074
15465,31.045337616965465,1065
15466,31.04734507494264,1044
15467,31.049352532919812,1028
15468,31.051359990896984,1023
15469,31.053367448874155,1017
15470,31.055374906851327,1005
15471,31.0573823648285,1000
15472,31.05938982280567,1009
15473,31.061397280782842,1018
15474,31.063404738760013,1014
15475,31.06541219673719,997
15476,31.06741965471436,981
15477,31.069427112691532,981
15478,31.071434570668703,996
15479,31.073442028645875,1010
15480,31.075449486623047,1008
15481,31.07745694460022,992
15482,31.07946440257739,986
15483,31.081471860554565,1010
15484,31.083479318531737,1056
15485,31.08548677650891,1091
15486,31.08749423448608,1098
15487,31.08950169246325,1091
15488,31.091509150440423,1089
15489,31.093516608417595,1086
15490,31.095524066394766,1077
15491,31.097531524371938,1071
15492,31.099538982349113,1069
15493,31.101546440326285,1060
15494,31.103553898303456,1041
15495,31.105561356280628,1024
15496,31.1075688142578,1017
15497,31.10957627223497,1020
15498,31.111583730212143,1035
15499,31.113591188189314,1054
15500,31.11559864616649,1064
15501,31.11760610414366,1066
15502,31.119613562120833,1065
15503,31.121621020098004,1067
15504,31.123628478075176,1061
15505,31.125635936052348,1036
15506,31.12764339402952,1005
15507,31.12965085200669,997
15508,31.131658309983866,1015
15509,31.133665767961038,1033
15510,31.13567322593821,1031
15511,31.13768068391538,1019
15512,31.139688141892552,1018
15513,31.141695599869724,1034
15514,31.143703057846896,1053
15515,31.145710515824067,1063
15516,31.14771797380124,1067
15517,31.149725431778414,1074
15518,31.151732889755586,1085
15519,31.153740347732757,1088
15520,31.15574780570993,1076
15521,31.1577552636871,1061
15522,31.159762721664272,1055
15523,31.161770179641444,1048
15524,31.163777637618615,1030
15525,31.16578509559579,1004
15526,31.167792553572962,982
15527,31.169800011550134,970
15528,31.171807469527305,973
15529,31.173814927504477,984
15530,31.17582238548165,993
15531,31.17782984345882,996
15532,31.17983730143599,1000
15533,31.181844759413163,1006
15534,31.18385221739034,1013
15535,31.18585967536751,1021
15536,31.18786713334468,1027
15537,31.189874591321853,1026
15538,31.191882049299025,1016
15539,31.193889507276197,1003
15540,31.195896965253368,998
15541,31.19790442323054,1002
15542,31.199911881207715,1005
15543,31.201919339184887,1002
15544,31.203926797162058,993
15545,31.20593425513923,983
15546,31.2079417131164,986
15547,31.209949171093573,1003
15548,31.211956629070745,1016
15549,31.213964087047916,1007
15550,31.215971545025088,988
15551,31.217979003002263,980
15552,31.219986460979435,995
15553,31.221993918956606,1016
15554,31.224001376933778,1023
15555,31.22600883491095,1017
15556,31.22801629288812,1025
15557,31.230023750865293,1052
15558,31.232031208842464,1073
15559,31.23403866681964,1058
15560,31.23604612479681,1018
15561,31.238053582773983,990
15562,31.240061040751154,995
15563,31.242068498728326,1016
15564,31.244075956705498,1024
15565,31.24608341468267,1009
15566,31.24809087265984,987
15567,31.250098330637012,979
15568,31.252105788614188,990
15569,31.25411324659136,1009
15570,31.25612070456853,1018
15571,31.258128162545702,1012
15572,31.260135620522874,994
15573,31.262143078500046,977
15574,31.264150536477217,966
15575,31.26615799445439,959
15576,31.268165452431564,960
15577,31.270172910408736,966
15578,31.272180368385907,965
15579,31.27418782636308,954
15580,31.27619528434025,948
15581,31.278202742317422,958
15582,31.280210200294594,978
15583,31.282217658271765,988
15584,31.284225116248937,980
15585,31.286232574226112,962
15586,31.288240032203284,950
15587,31.290247490180455,955
15588,31.292254948157627,966
15589,31.2942624061348,971
15590,31.29626986411197,965
15591,31.29827732208914,960
15592,31.300284780066313,962
15593,31.30229223804349,970
15594,31.30429969602066,976
15595,31.30630715399783,967
15596,31.308314611975003,948
15597,31.310322069952175,935
15598,31.312329527929347,934
15599,31.314336985906518,935
15600,31.31634444388369,932
15601,31.31835190186086,927
15602,31.320359359838037,931
15603,31.322366817815208,945
15604,31.32437427579238,961
15605,31.32638173376955,963
15606,31.328389191746723,958
15607,31.330396649723895,965
15608,31.332404107701066,988
15609,31.334411565678238,998
15610,31.336419023655413,980
15611,31.338426481632585,959
15612,31.340433939609756,959
15613,31.342441397586928,970
15614,31.3444488555641,981
15615,31.34645631354127,997
15616,31.348463771518443,1017
15617,31.350471229495614,1030
15618,31.35247868747279,1029
15619,31.35448614544996,1023
15620,31.356493603427133,1019
15621,31.358501061404304,1026
15622,31.360508519381476,1044
15623,31.362515977358647,1064
15624,31.36452343533582,1071
15625,31.36653089331299,1061
15626,31.368538351290162,1047
15627,31.370545809267337,1046
15628,31.37255326724451,1059
15629,31.37456072522168,1078
15630,31.376568183198852,1091
15631,31.378575641176024,1089
15632,31.380583099153196,1077
15633,31.382590557130367,1064
15634,31.38459801510754,1057
15635,31.386605473084714,1061
15636,31.388612931061886,1070
15637,31.390620389039057,1073
15638,31.39262784701623,1067
15639,31.3946353049934,1063
15640,31.396642762970572,1062
15641,31.398650220947744,1058
15642,31.400657678924915,1051
15643,31.402665136902087,1049
15644,31.404672594879262,1050
15645,31.406680052856434,1050
15646,31.408687510833605,1052
15647,31.410694968810777,1059
15648,31.41270242678795,1067
15649,31.41470988476512,1072
15650,31.41671734274229,1071
15651,31.418724800719463,1068
15652,31.42073225869664,1071
15653,31.42273971667381,1079
15654,31.42474717465098,1080
15655,31.426754632628153,1064
15656,31.428762090605325,1043
15657,31.430769548582496,1041
15658,31.432777006559668,1063
15659,31.43478446453684,1078
15660,31.43679192251401,1067
15661,31.438799380491186,1054
15662,31.440806838468358,1069
15663,31.44281429644553,1101
15664,31.4448217544227,1112
15665,31.446829212399873,1100
15666,31.448836670377045,1093
15667,31.450844128354216,1103
15668,31.452851586331388,1112
15669,31.454859044308563,1101
15670,31.456866502285735,1077
15671,31.458873960262906,1065
15672,31.460881418240078,1073
15673,31.46288887621725,1091
15674,31.46489633419442,1102
15675,31.466903792171593,1101
15676,31.468911250148764,1096
15677,31.470918708125936,1095
15678,31.47292616610311,1103
15679,31.474933624080283,1115
15680,31.476941082057454,1125
15681,31.478948540034626,1130
15682,31.480955998011797,1138
15683,31.48296345598897,1146
15684,31.48497091396614,1144
15685,31.486978371943312,1133
15686,31.488985829920487,1126
15687,31.49099328789766,1128
15688,31.49300074587483,1131
15689,31.495008203852002,1124
15690,31.497015661829174,1112
15691,31.499023119806346,1112
15692,31.501030577783517,1123
15693,31.50303803576069,1130
15694,31.50504549373786,1123
15695,31.507052951715036,1107
15696,31.509060409692207,1099
15697,31.51106786766938,1101
15698,31.51307532564655,1109
15699,31.515082783623722,1114
15700,31.517090241600894,1106
15701,31.519097699578065,1090
15702,31.521105157555237,1077
15703,31.523112615532412,1080
15704,31.525120073509584,1094
15705,31.527127531486755,1102
15706,31.529134989463927,1100
15707,31.5311424474411,1100
15708,31.53314990541827,1108
15709,31.53515736339544,1123
15710,31.537164821372613,1130
15711,31.539172279349785,1119
15712,31.54117973732696,1097
15713,31.54318719530413,1087
15714,31.545194653281303,1094
15715,31.547202111258475,1093
15716,31.549209569235646,1077
15717,31.551217027212818,1067
15718,31.55322448518999,1080
15719,31.55523194316716,1104
15720,31.557239401144336,1116
15721,31.559246859121508,1111
15722,31.56125431709868,1101
15723,31.56326177507585,1099
15724,31.565269233053023,1109
15725,31.567276691030195,1115
15726,31.569284149007366,1112
15727,31.571291606984538,1105
15728,31.573299064961713,1105
15729,31.575306522938885,1109
15730,31.577313980916056,1109
15731,31.579321438893228,1106
15732,31.5813288968704,1109
15733,31.58333635484757,1128
15734,31.585343812824743,1151
15735,31.587351270801914,1157
15736,31.589358728779086,1145
15737,31.59136618675626,1130
15738,31.593373644733433,1121
15739,31.595381102710604,1111
15740,31.597388560687776,1100
15741,31.599396018664947,1093
15742,31.60140347664212,1091
15743,31.60341093461929,1092
15744,31.605418392596462,1088
15745,31.607425850573637,1076
15746,31.60943330855081,1065
15747,31.61144076652798,1064
15748,31.613448224505152,1075
15749,31.615455682482324,1094
15750,31.617463140459495,1113
15751,31.619470598436667,1124
15752,31.62147805641384,1129
15753,31.62348551439101,1124
15754,31.625492972368185,1103
15755,31.627500430345357,1075
15756,31.62950788832253,1058
15757,31.6315153462997,1058
15758,31.633522804276872,1064
15759,31.635530262254044,1059
15760,31.637537720231215,1044
15761,31.639545178208387,1035
15762,31.641552636185562,1041
15763,31.643560094162734,1049
15764,31.645567552139905,1044
15765,31.647575010117077,1034
15766,31.64958246809425,1033
15767,31.65158992607142,1040
15768,31.65359738404859,1044
15769,31.655604842025763,1039
15770,31.657612300002935,1027
15771,31.65961975798011,1017
15772,31.66162721595728,1017
15773,31.663634673934453,1023
15774,31.665642131911625,1026
15775,31.667649589888796,1033
15776,31.669657047865968,1047
15777,31.67166450584314,1060
15778,31.67367196382031,1060
15779,31.675679421797486,1047
15780,31.677686879774658,1040
15781,31.67969433775183,1047
15782,31.681701795729,1057
15783,31.683709253706173,1061
15784,31.685716711683344,1064
15785,31.687724169660516,1071
15786,31.689731627637688,1080
15787,31.69173908561486,1093
15788,31.693746543592034,1108
15789,31.695754001569206,1108
15790,31.697761459546378,1087
15791,31.69976891752355,1064
15792,31.70177637550072,1059
15793,31.703783833477893,1071
15794,31.705791291455064,1089
15795,31.707798749432236,1106
15796,31.70980620740941,1115
15797,31.711813665386583,1112
15798,31.713821123363754,1106
15799,31.715828581340926,1107
15800,31.717836039318097,1117
15801,31.71984349729527,1129
15802,31.72185095527244,1133
15803,31.723858413249612,1122
15804,31.725865871226784,1107
15805,31.72787332920396,1105
15806,31.72988078718113,1121
15807,31.731888245158302,1139
15808,31.733895703135474,1142
15809,31.735903161112645,1135
15810,31.737910619089817,1132
15811,31.73991807706699,1140
15812,31.74192553504416,1154
15813,31.743932993021335,1163
15814,31.745940450998507,1163
15815,31.74794790897568,1156
15816,31.74995536695285,1146
15817,31.751962824930022,1140
15818,31.753970282907193,1147
15819,31.755977740884365,1161
15820,31.757985198861537,1164
15821,31.75999265683871,1152
15822,31.762000114815883,1140
15823,31.764007572793055,1144
15824,31.766015030770227,1153
15825,31.7680224887474,1149
15826,31.77002994672457,1132
15827,31.77203740470174,1121
15828,31.774044862678913,1124
15829,31.776052320656085,1129
15830,31.77805977863326,1130
15831,31.78006723661043,1129
15832,31.782074694587603,1131
15833,31.784082152564775,1128
15834,31.786089610541946,1112
15835,31.788097068519118,1087
15836,31.79010452649629,1074
15837,31.79211198447346,1082
15838,31.794119442450636,1098
15839,31.796126900427808,1101
15840,31.79813435840498,1082
15841,31.80014181638215,1053
15842,31.802149274359323,1036
15843,31.804156732336494,1048
15844,31.806164190313666,1076
15845,31.808171648290838,1093
15846,31.81017910626801,1080
15847,31.812186564245184,1053
15848,31.814194022222356,1041
15849,31.816201480199528,1046
15850,31.8182089381767,1050
15851,31.82021639615387,1041
15852,31.822223854131042,1025
15853,31.824231312108214,1021
15854,31.826238770085386,1034
15855,31.82824622806256,1051
15856,31.830253686039732,1059
15857,31.832261144016904,1061
15858,31.834268601994076,1064
15859,31.836276059971247,1070
15860,31.83828351794842,1072
15861,31.84029097592559,1075
15862,31.842298433902762,1080
15863,31.844305891879934,1082
15864,31.84631334985711,1076
15865,31.84832080783428,1072
15866,31.850328265811452,1082
15867,31.852335723788624,1105
15868,31.854343181765795,1119
15869,31.856350639742967,1108
15870,31.85835809772014,1087
15871,31.86036555569731,1077
15872,31.862373013674485,1076
15873,31.864380471651657,1069
15874,31.86638792962883,1053
15875,31.868395387606,1038
15876,31.870402845583172,1027
15877,31.872410303560343,1023
15878,31.874417761537515,1032
15879,31.876425219514687,1061
15880,31.87843267749186,1093
15881,31.880440135469033,1105
15882,31.882447593446205,1101
15883,31.884455051423377,1101
15884,31.88646250940055,1105
15885,31.88846996737772,1104
15886,31.89047742535489,1099
15887,31.892484883332063,1096
15888,31.894492341309235,1094
15889,31.89649979928641,1087
15890,31.89850725726358,1076
15891,31.900514715240753,1067
15892,31.902522173217925,1066
15893,31.904529631195096,1079
15894,31.906537089172268,1102
15895,31.90854454714944,1120
15896,31.91055200512661,1117
15897,31.912559463103783,1095
15898,31.914566921080958,1072
15899,31.91657437905813,1064
15900,31.9185818370353,1070
15901,31.920589295012473,1079
15902,31.922596752989644,1091
15903,31.924604210966816,1103
15904,31.926611668943988,1108
15905,31.92861912692116,1099
15906,31.930626584898334,1087
15907,31.932634042875506,1089
15908,31.934641500852678,1102
15909,31.93664895882985,1112
15910,31.93865641680702,1110
15911,31.940663874784192,1103
15912,31.942671332761364,1106
15913,31.944678790738536,1118
15914,31.946686248715707,1126
15915,31.948693706692882,1120
15916,31.950701164670054,1108
15917,31.952708622647226,1104
15918,31.954716080624397,1113
15919,31.95672353860157,1122
15920,31.95873099657874,1117
15921,31.960738454555912,1105
15922,31.962745912533084,1101
15923,31.96475337051026,1113
15924,31.96676082848743,1130
15925,31.968768286464602,1135
15926,31.970775744441774,1127
15927,31.972783202418945,1111
15928,31.974790660396117,1101
15929,31.97679811837329,1102
15930,31.97880557635046,1102
15931,31.980813034327632,1090
15932,31.982820492304807,1074
15933,31.98482795028198,1064
15934,31.98683540825915,1067
15935,31.988842866236322,1075
15936,31.990850324213493,1082
15937,31.992857782190665,1090
15938,31.994865240167837,1104
15939,31.99687269814501,1119
15940,31.998880156122183,1123
15941,32.000887614099355,1119
15942,32.00289507207653,1123
15943,32.0049025300537,1137
15944,32.00690998803087,1144
15945,32.00891744600804,1132
15946,32.01092490398521,1113
15947,32.012932361962385,1104
15948,32.014939819939556,1108
15949,32.01694727791673,1121
15950,32.0189547358939,1143
15951,32.02096219387107,1164
15952,32.02296965184824,1170
15953,32.02497710982542,1158
15954,32.02698456780259,1142
15955,32.028992025779765,1129
15956,32.030999483756936,1126
15957,32.03300694173411,1137
15958,32.03501439971128,1148
15959,32.03702185768845,1141
15960,32.03902931566562,1115
15961,32.041036773642794,1093
15962,32.043044231619966,1094
15963,32.04505168959714,1115
15964,32.04705914757431,1136
15965,32.04906660555148,1140
15966,32.05107406352865,1125
15967,32.053081521505824,1110
15968,32.055088979482996,1111
15969,32.05709643746017,1124
15970,32.059103895437346,1134
15971,32.06111135341452,1135
15972,32.06311881139169,1131
15973,32.06512626936886,1127
15974,32.06713372734603,1126
15975,32.069141185323204,1127
15976,32.071148643300376,1127
15977,32.07315610127755,1129
15978,32.07516355925472,1132
15979,32.07717101723189,1132
15980,32.07917847520906,1124
15981,32.081185933186234,1112
15982,32.083193391163405,1103
15983,32.08520084914058,1101
15984,32.08720830711775,1102
15985,32.08921576509492,1102
15986,32.09122322307209,1096
15987,32.09323068104927,1083
15988,32.09523813902644,1072
15989,32.097245597003614,1077
15990,32.099253054980785,1093
15991,32.10126051295796,1102
15992,32.10326797093513,1095
15993,32.1052754289123,1077
15994,32.10728288688947,1061
15995,32.10929034486664,1059
15996,32.111297802843815,1071
15997,32.11330526082099,1084
15998,32.11531271879816,1086
15999,32.11732017677533,1087
16000,32.1193276347525,1094
16001,32.12133509272967,1102
16002,32.123342550706845,1106
16003,32.12535000868402,1112
16004,32.127357466661195,1119
16005,32.12936492463837,1116
16006,32.13137238261554,1105
16007,32.13337984059271,1102
16008,32.13538729856988,1111
16009,32.13739475654705,1123
16010,32.139402214524225,1132
16011,32.141409672501396,1135
16012,32.14341713047857,1127
16013,32.14542458845574,1117
16014,32.14743204643291,1120
16015,32.14943950441008,1134
16016,32.151446962387254,1138
16017,32.153454420364426,1121
16018,32.1554618783416,1097
16019,32.15746933631877,1082
16020,32.15947679429595,1077
16021,32.16148425227312,1073
16022,32.16349171025029,1074
16023,32.16549916822746,1089
16024,32.167506626204634,1113
16025,32.169514084181806,1128
16026,32.17152154215898,1127
16027,32.17352900013615,1119
16028,32.17553645811332,1116
16029,32.17754391609049,1116
16030,32.179551374067664,1111
16031,32.181558832044836,1103
16032,32.18356629002201,1090
16033,32.18557374799918,1071
16034,32.18758120597635,1054
16035,32.18958866395352,1051
16036,32.191596121930694,1066
16037,32.19360357990787,1086
16038,32.195611037885044,1093
16039,32.197618495862216,1088
16040,32.19962595383939,1087
16041,32.20163341181656,1099
16042,32.20364086979373,1112
16043,32.2056483277709,1118
16044,32.207655785748074,1121
16045,32.209663243725245,1128
16046,32.21167070170242,1133
16047,32.21367815967959,1128
16048,32.21568561765676,1108
16049,32.21769307563393,1077
16050,32.2197005336111,1049
16051,32.221707991588275,1041
16052,32.22371544956545,1048
16053,32.22572290754262,1058
16054,32.2277303655198,1061
16055,32.22973782349697,1057
16056,32.23174528147414,1055
16057,32.23375273945131,1062
16058,32.23576019742848,1069
16059,32.237767655405655,1066
16060,32.23977511338283,1055
16061,32.24178257136,1044
16062,32.24379002933717,1035
16063,32.24579748731434,1028
16064,32.24780494529151,1024
16065,32.249812403268685,1028
16066,32.251819861245856,1034
16067,32.25382731922303,1041
16068,32.2558347772002,1050
16069,32.25784223517737,1061
16070,32.25984969315454,1067
16071,32.26185715113172,1067
16072,32.26386460910889,1069
16073,32.265872067086065,1075
16074,32.267879525063236,1076
16075,32.26988698304041,1060
16076,32.27189444101758,1039
16077,32.27390189899475,1036
16078,32.27590935697192,1049
16079,32.277916814949094,1059
16080,32.279924272926266,1057
16081,32.28193173090344,1052
16082,32.28393918888061,1055
16083,32.28594664685778,1064
16084,32.28795410483495,1070
16085,32.289961562812124,1069
16086,32.291969020789296,1065
16087,32.29397647876647,1057
16088,32.295983936743646,1047
16089,32.29799139472082,1049
16090,32.29999885269799,1070
16091,32.30200631067516,1083
16092,32.30401376865233,1074
16093,32.306021226629504,1051
16094,32.308028684606676,1029
16095,32.31003614258385,1020
16096,32.31204360056102,1023
16097,32.31405105853819,1031
16098,32.31605851651536,1037
16099,32.318065974492534,1039
16100,32.320073432469705,1036
16101,32.32208089044688,1033
16102,32.32408834842405,1039
16103,32.32609580640122,1054
16104,32.32810326437839,1066
16105,32.33011072235557,1063
16106,32.33211818033274,1051
16107,32.334125638309914,1044
16108,32.336133096287085,1045
16109,32.33814055426426,1047
16110,32.34014801224143,1043
16111,32.3421554702186,1039
16112,32.34416292819577,1038
16113,32.34617038617294,1042
16114,32.348177844150115,1050
16115,32.35018530212729,1059
16116,32.35219276010446,1065
16117,32.35420021808163,1065
16118,32.3562076760588,1060
16119,32.35821513403597,1056
16120,32.360222592013145,1057
16121,32.362230049990316,1064
16122,32.364237507967495,1070
16123,32.36624496594467,1072
16124,32.36825242392184,1074
16125,32.37025988189901,1072
16126,32.37226733987618,1066
16127,32.37427479785335,1061
16128,32.376282255830525,1064
16129,32.378289713807696,1070
16130,32.38029717178487,1069
16131,32.38230462976204,1063
16132,32.38431208773921,1067
16133,32.38631954571638,1082
16134,32.388327003693554,1094
16135,32.390334461670726,1094
16136,32.3923419196479,1089
16137,32.39434937762507,1092
16138,32.39635683560224,1110
16139,32.39836429357942,1128
16140,32.40037175155659,1125
16141,32.40237920953376,1103
16142,32.404386667510934,1086
16143,32.406394125488106,1089
16144,32.40840158346528,1103
16145,32.41040904144245,1110
16146,32.41241649941962,1108
16147,32.41442395739679,1105
16148,32.416431415373964,1110
16149,32.418438873351135,1116
16150,32.42044633132831,1109
16151,32.42245378930548,1095
16152,32.42446124728265,1092
16153,32.42646870525982,1101
16154,32.428476163236994,1106
16155,32.430483621214165,1098
16156,32.432491079191344,1088
16157,32.434498537168515,1090
16158,32.43650599514569,1102
16159,32.43851345312286,1114
16160,32.44052091110003,1117
16161,32.4425283690772,1113
16162,32.444535827054374,1114
16163,32.446543285031545,1123
16164,32.44855074300872,1137
16165,32.45055820098589,1158
16166,32.45256565896306,1180
16167,32.45457311694023,1194
16168,32.4565805749174,1192
16169,32.458588032894575,1182
16170,32.46059549087175,1179
16171,32.46260294884892,1192
16172,32.46461040682609,1210
16173,32.46661786480327,1216
16174,32.46862532278044,1199
16175,32.47063278075761,1178
16176,32.47264023873478,1178
16177,32.474647696711955,1192
16178,32.47665515468913,1189
16179,32.4786626126663,1164
16180,32.48067007064347,1144
16181,32.48267752862064,1151
16182,32.48468498659781,1178
16183,32.486692444574985,1199
16184,32.488699902552156,1202
16185,32.49070736052933,1193
16186,32.4927148185065,1192
16187,32.49472227648367,1209
16188,32.49672973446084,1235
16189,32.498737192438014,1250
16190,32.50074465041519,1246
16191,32.502752108392365,1233
16192,32.504759566369536,1226
16193,32.50676702434671,1226
16194,32.50877448232388,1221
16195,32.51078194030105,1209
16196,32.51278939827822,1202
16197,32.514796856255394,1204
16198,32.516804314232566,1213
16199,32.51881177220974,1220
16200,32.52081923018691,1216
16201,32.52282668816408,1209
16202,32.52483414614125,1208
16203,32.526841604118424,1210
16204,32.528849062095595,1207
16205,32.53085652007277,1201
16206,32.53286397804994,1196
16207,32.53487143602712,1196
16208,32.53687889400429,1199
16209,32.53888635198146,1200
16210,32.54089380995863,1193
16211,32.542901267935804,1184
16212,32.544908725912975,1184
16213,32.54691618389015,1189
16214,32.54892364186732,1188
16215,32.55093109984449,1181
16216,32.55293855782166,1174
16217,32.55494601579883,1160
16218,32.556953473776005,1135
16219,32.55896093175318,1115
16220,32.56096838973035,1110
16221,32.56297584770752,1114
16222,32.56498330568469,1116
16223,32.56699076366186,1117
16224,32.56899822163904,1114
16225,32.57100567961621,1110
16226,32.573013137593385,1106
16227,32.57502059557056,1111
16228,32.57702805354773,1137
16229,32.5790355115249,1177
16230,32.58104296950207,1200
16231,32.58305042747924,1193
16232,32.585057885456415,1182
16233,32.587065343433586,1187
16234,32.58907280141076,1196
16235,32.59108025938793,1192
16236,32.5930877173651,1181
16237,32.59509517534227,1177
16238,32.597102633319444,1181
16239,32.599110091296616,1179
16240,32.601117549273795,1167
16241,32.603125007250966,1154
16242,32.60513246522814,1154
16243,32.60713992320531,1161
16244,32.60914738118248,1161
16245,32.61115483915965,1151
16246,32.613162297136824,1148
16247,32.615169755113996,1160
16248,32.61717721309117,1177
16249,32.61918467106834,1181
16250,32.62119212904551,1171
16251,32.62319958702268,1160
16252,32.625207044999854,1160
16253,32.627214502977026,1169
16254,32.6292219609542,1176
16255,32.63122941893137,1175
16256,32.63323687690854,1174
16257,32.63524433488572,1176
16258,32.63725179286289,1179
16259,32.63925925084006,1178
16260,32.641266708817234,1177
16261,32.643274166794406,1188
16262,32.64528162477158,1210
16263,32.64728908274875,1223
16264,32.64929654072592,1214
16265,32.65130399870309,1196
16266,32.653311456680264,1189
16267,32.655318914657435,1200
16268,32.65732637263461,1216
16269,32.65933383061178,1224
16270,32.66134128858895,1222
16271,32.66334874656612,1216
16272,32.66535620454329,1216
16273,32.667363662520465,1218
16274,32.669371120497644,1213
16275,32.671378578474815,1205
16276,32.67338603645199,1206
16277,32.67539349442916,1214
16278,32.67740095240633,1209
16279,32.6794084103835,1184
16280,32.68141586836067,1157
16281,32.683423326337845,1147
16282,32.68543078431502,1157
16283,32.68743824229219,1175
16284,32.68944570026936,1187
16285,32.69145315824653,1189
16286,32.6934606162237,1185
16287,32.695468074200875,1180
16288,32.697475532178046,1173
16289,32.69948299015522,1165
16290,32.70149044813239,1165
16291,32.70349790610957,1176
16292,32.70550536408674,1186
16293,32.70751282206391,1182
16294,32.70952028004108,1167
16295,32.711527738018255,1159
16296,32.713535195995426,1166
16297,32.7155426539726,1177
16298,32.71755011194977,1187
16299,32.71955756992694,1197
16300,32.72156502790411,1204
16301,32.723572485881284,1198
16302,32.725579943858456,1188
16303,32.72758740183563,1187
16304,32.7295948598128,1197
16305,32.73160231778997,1202
16306,32.73360977576714,1199
16307,32.735617233744314,1198
16308,32.73762469172149,1201
16309,32.739632149698664,1202
16310,32.741639607675836,1203
16311,32.74364706565301,1211
16312,32.74565452363018,1216
16313,32.74766198160735,1204
16314,32.74966943958452,1178
16315,32.751676897561694,1162
16316,32.753684355538866,1164
16317,32.75569181351604,1174
16318,32.75769927149321,1183
16319,32.75970672947038,1189
16320,32.76171418744755,1190
16321,32.763721645424724,1189
16322,32.765729103401895,1188
16323,32.76773656137907,1187
16324,32.76974401935624,1189
16325,32.77175147733342,1192
16326,32.77375893531059,1186
16327,32.77576639328776,1170
16328,32.77777385126493,1157
16329,32.779781309242104,1156
16330,32.781788767219275,1158
16331,32.78379622519645,1157
16332,32.78580368317362,1162
16333,32.78781114115079,1181
16334,32.78981859912796,1201
16335,32.79182605710513,1208
16336,32.793833515082305,1203
16337,32.79584097305948,1202
16338,32.79784843103665,1201
16339,32.79985588901382,1183
16340,32.80186334699099,1152
16341,32.80387080496816,1144
16342,32.80587826294534,1175
16343,32.80788572092251,1209
16344,32.809893178899685,1214
16345,32.81190063687686,1203
16346,32.81390809485403,1204
16347,32.8159155528312,1218
16348,32.81792301080837,1226
16349,32.81993046878554,1225
16350,32.821937926762715,1217
16351,32.823945384739886,1202
16352,32.82595284271706,1182
16353,32.82796030069423,1169
16354,32.8299677586714,1170
16355,32.83197521664857,1171
16356,32.833982674625744,1161
16357,32.835990132602916,1152
16358,32.83799759058009,1158
16359,32.840005048557266,1173
16360,32.84201250653444,1190
16361,32.84401996451161,1204
16362,32.84602742248878,1204
16363,32.84803488046595,1185
16364,32.850042338443124,1162
16365,32.852049796420296,1151
16366,32.85405725439747,1158
16367,32.85606471237464,1165
16368,32.85807217035181,1164
16369,32.86007962832898,1162
16370,32.862087086306154,1161
16371,32.864094544283326,1157
16372,32.8661020022605,1153
16373,32.86810946023767,1151
16374,32.87011691821484,1154
16375,32.87212437619201,1160
16376,32.87413183416919,1168
16377,32.87613929214636,1172
16378,32.878146750123534,1165
16379,32.880154208100706,1154
16380,32.88216166607788,1149
16381,32.88416912405505,1151
16382,32.88617658203222,1154
16383,32.88818404000939,1157
16384,32.890191497986564,1154
16385,32.892198955963735,1149
16386,32.89420641394091,1147
16387,32.89621387191808,1151
16388,32.89822132989525,1156
16389,32.90022878787242,1150
16390,32.90223624584959,1131
16391,32.904243703826765,1117
16392,32.90625116180394,1128
16393,32.908258619781115,1150
16394,32.91026607775829,1155
16395,32.91227353573546,1140
16396,32.91428099371263,1128
16397,32.9162884516898,1132
16398,32.91829590966697,1150
16399,32.920303367644145,1165
16400,32.92231082562132,1166
16401,32.92431828359849,1158
16402,32.92632574157566,1151
16403,32.92833319955283,1147
16404,32.93034065753,1146
16405,32.932348115507175,1150
16406,32.934355573484346,1158
16407,32.93636303146152,1168
16408,32.93837048943869,1180
16409,32.94037794741586,1183
16410,32.94238540539304,1171
16411,32.94439286337021,1159
16412,32.94640032134738,1165
16413,32.948407779324555,1184
16414,32.950415237301726,1193
16415,32.9524226952789,1184
16416,32.95443015325607,1172
16417,32.95643761123324,1165
16418,32.95844506921041,1164
16419,32.960452527187584,1163
16420,32.962459985164756,1157
16421,32.96446744314193,1153
16422,32.9664749011191,1156
16423,32.96848235909627,1167
16424,32.97048981707344,1176
16425,32.972497275050614,1178
16426,32.974504733027786,1173
16427,32.976512191004964,1163
16428,32.978519648982136,1155
16429,32.98052710695931,1156
16430,32.98253456493648,1159
16431,32.98454202291365,1161
16432,32.98654948089082,1171
16433,32.988556938867994,1189
16434,32.990564396845166,1196
16435,32.99257185482234,1181
16436,32.99457931279951,1159
16437,32.99658677077668,1155
16438,32.99859422875385,1169
16439,33.000601686731024,1179
16440,33.002609144708195,1169
16441,33.00461660268537,1151
16442,33.00662406066254,1144
16443,33.00863151863971,1140
16444,33.01063897661689,1127
16445,33.01264643459406,1114
16446,33.01465389257123,1118
16447,33.016661350548404,1135
16448,33.018668808525575,1146
16449,33.02067626650275,1141
16450,33.02268372447992,1131
16451,33.02469118245709,1137
16452,33.02669864043426,1161
16453,33.02870609841143,1184
16454,33.030713556388605,1187
16455,33.03272101436578,1169
16456,33.03472847234295,1151
16457,33.03673593032012,1146
16458,33.03874338829729,1145
16459,33.04075084627446,1137
16460,33.04275830425164,1124
16461,33.04476576222881,1113
16462,33.046773220205985,1107
16463,33.04878067818316,1106
16464,33.05078813616033,1110
16465,33.0527955941375,1121
16466,33.05480305211467,1141
16467,33.05681051009184,1159
16468,33.058817968069015,1171
16469,33.060825426046186,1180
16470,33.06283288402336,1190
16471,33.06484034200053,1199
16472,33.0668477999777,1203
16473,33.06885525795487,1194
16474,33.070862715932044,1176
16475,33.072870173909216,1166
16476,33.07487763188639,1168
16477,33.076885089863566,1175
16478,33.07889254784074,1183
16479,33.08090000581791,1193
16480,33.08290746379508,1195
16481,33.08491492177225,1185
16482,33.086922379749424,1179
16483,33.088929837726596,1184
16484,33.09093729570377,1189
16485,33.09294475368094,1181
16486,33.09495221165811,1168
16487,33.09695966963528,1163
16488,33.098967127612454,1169
16489,33.100974585589626,1178
16490,33.1029820435668,1180
16491,33.10498950154397,1175
16492,33.10699695952114,1171
16493,33.10900441749831,1172
16494,33.11101187547549,1179
16495,33.11301933345266,1187
16496,33.115026791429834,1191
16497,33.117034249407006,1189
16498,33.11904170738418,1187
16499,33.12104916536135,1185
16500,33.12305662333852,1183
16501,33.12506408131569,1187
16502,33.127071539292864,1199
16503,33.129078997270035,1209
16504,33.13108645524721,1208
16505,33.13309391322438,1201
16506,33.13510137120155,1197
16507,33.13710882917872,1198
16508,33.13911628715589,1199
16509,33.141123745133065,1196
16510,33.14313120311024,1189
16511,33.145138661087415,1180
16512,33.14714611906459,1178
16513,33.14915357704176,1188
16514,33.15116103501893,1197
16515,33.1531684929961,1191
16516,33.15517595097327,1172
16517,33.157183408950445,1157
16518,33.15919086692762,1161
16519,33.16119832490479,1174
16520,33.16320578288196,1173
16521,33.16521324085913,1151
16522,33.1672206988363,1130
16523,33.169228156813475,1128
16524,33.171235614790646,1139
16525,33.17324307276782,1147
16526,33.17525053074499,1147
16527,33.17725798872216,1145
16528,33.17926544669934,1144
16529,33.18127290467651,1145
16530,33.18328036265368,1137
16531,33.185287820630855,1123
16532,33.187295278608026,1119
16533,33.1893027365852,1133
16534,33.19131019456237,1151
16535,33.19331765253954,1157
16536,33.19532511051671,1151
16537,33.197332568493884,1136
16538,33.199340026471056,1117
16539,33.20134748444823,1103
16540,33.2033549424254,1109
16541,33.20536240040257,1142
16542,33.20736985837974,1179
16543,33.209377316356914,1197
16544,33.211384774334086,1192
16545,33.213392232311264,1175
16546,33.215399690288436,1162
16547,33.21740714826561,1165
16548,33.21941460624278,1179
16549,33.22142206421995,1188
16550,33.22342952219712,1176
16551,33.225436980174294,1146
16552,33.227444438151466,1121
16553,33.22945189612864,1119
16554,33.23145935410581,1127
16555,33.23346681208298,1122
16556,33.23547427006015,1096
16557,33.237481728037324,1058
16558,33.239489186014495,1030
16559,33.24149664399167,1023
16560,33.24350410196884,1025
16561,33.24551155994601,1020
16562,33.24751901792319,1003
16563,33.24952647590036,984
16564,33.25153393387753,973
16565,33.253541391854704,973
16566,33.255548849831875,984
16567,33.25755630780905,1001
16568,33.25956376578622,1017
16569,33.26157122376339,1028
16570,33.26357868174056,1029
16571,33.26558613971773,1019
16572,33.267593597694905,1008
16573,33.26960105567208,1005
16574,33.27160851364925,1008
16575,33.27361597162642,1007
16576,33.27562342960359,999
16577,33.27763088758076,994
16578,33.279638345557935,1000
16579,33.28164580353511,1017
16580,33.283653261512285,1031
16581,33.28566071948946,1033
16582,33.28766817746663,1030
16583,33.2896756354438,1029
16584,33.29168309342097,1027
16585,33.29369055139814,1026
16586,33.295698009375315,1027
16587,33.297705467352486,1033
16588,33.29971292532966,1036
16589,33.30172038330683,1031
16590,33.303727841284,1021
16591,33.30573529926117,1017
16592,33.307742757238344,1020
16593,33.309750215215516,1034
16594,33.31175767319269,1063
16595,33.31376513116986,1095
16596,33.31577258914704,1114
16597,33.31778004712421,1119
16598,33.31978750510138,1128
16599,33.32179496307855,1145
16600,33.323802421055724,1153
16601,33.325809879032896,1144
16602,33.32781733701007,1131
16603,33.32982479498724,1130
16604,33.33183225296441,1136
16605,33.33383971094158,1134
16606,33.335847168918754,1119
16607,33.337854626895925,1107
16608,33.3398620848731,1113
16609,33.34186954285027,1123
16610,33.34387700082744,1119
16611,33.34588445880461,1111
16612,33.34789191678178,1117
16613,33.34989937475896,1134
16614,33.351906832736134,1144
16615,33.353914290713305,1137
16616,33.35592174869048,1121
16617,33.35792920666765,1113
16618,33.35993666464482,1112
16619,33.36194412262199,1112
16620,33.36395158059916,1119
16621,33.365959038576335,1133
16622,33.36796649655351,1143
16623,33.36997395453068,1139
16624,33.37198141250785,1129
16625,33.37398887048502,1134
16626,33.37599632846219,1155
16627,33.378003786439365,1168
16628,33.380011244416536,1160
16629,33.38201870239371,1144
16630,33.38402616037089,1136
16631,33.38603361834806,1137
16632,33.38804107632523,1137
16633,33.3900485343024,1131
16634,33.39205599227957,1126
16635,33.394063450256745,1132
16636,33.396070908233916,1144
16637,33.39807836621109,1148
16638,33.40008582418826,1139
16639,33.40209328216543,1128
16640,33.4041007401426,1120
16641,33.406108198119774,1111
16642,33.408115656096946,1106
16643,33.41012311407412,1110
16644,33.41213057205129,1119
16645,33.41413803002846,1126
16646,33.41614548800563,1134
16647,33.41815294598281,1147
16648,33.42016040395998,1165
16649,33.422167861937154,1187
16650,33.424175319914326,1194
16651,33.4261827778915,1177
16652,33.42819023586867,1154
16653,33.43019769384584,1151
16654,33.43220515182301,1166
16655,33.434212609800184,1172
16656,33.436220067777356,1158
16657,33.43822752575453,1138
16658,33.4402349837317,1132
16659,33.44224244170887,1142
16660,33.44424989968604,1162
16661,33.446257357663214,1179
16662,33.448264815640385,1187
16663,33.45027227361756,1184
16664,33.452279731594736,1171
16665,33.45428718957191,1153
16666,33.45629464754908,1139
16667,33.45830210552625,1135
16668,33.46030956350342,1147
16669,33.462317021480594,1169
16670,33.464324479457765,1183
16671,33.46633193743494,1178
16672,33.46833939541211,1166
16673,33.47034685338928,1159
16674,33.47235431136645,1156
16675,33.47436176934362,1156
16676,33.476369227320795,1162
16677,33.47837668529797,1173
16678,33.48038414327514,1189
16679,33.48239160125231,1203
16680,33.48439905922948,1209
16681,33.48640651720666,1208
16682,33.48841397518383,1208
16683,33.490421433161,1212
16684,33.492428891138175,1214
16685,33.49443634911535,1211
16686,33.49644380709252,1200
16687,33.49845126506969,1183
16688,33.50045872304686,1165
16689,33.50246618102403,1159
16690,33.504473639001205,1164
16691,33.506481096978376,1168
16692,33.50848855495555,1164
16693,33.51049601293272,1168
16694,33.51250347090989,1181
16695,33.51451092888706,1186
16696,33.516518386864234,1174
16697,33.51852584484141,1161
16698,33.520533302818585,1162
16699,33.522540760795756,1173
16700,33.52454821877293,1178
16701,33.5265556767501,1166
16702,33.52856313472727,1147
16703,33.53057059270444,1142
16704,33.532578050681614,1157
16705,33.534585508658786,1172
16706,33.53659296663596,1180
16707,33.53860042461313,1191
16708,33.5406078825903,1203
16709,33.54261534056747,1199
16710,33.544622798544644,1183
16711,33.546630256521816,1176
16712,33.54863771449899,1191
16713,33.55064517247616,1208
16714,33.55265263045334,1210
16715,33.55466008843051,1196
16716,33.55666754640768,1183
16717,33.55867500438485,1188
16718,33.560682462362024,1208
16719,33.562689920339196,1220
16720,33.56469737831637,1204
16721,33.56670483629354,1182
16722,33.56871229427071,1182
16723,33.57071975224788,1192
16724,33.572727210225054,1188
16725,33.574734668202225,1171
16726,33.5767421261794,1165
16727,33.57874958415657,1174
16728,33.58075704213374,1182
16729,33.58276450011091,1177
16730,33.58477195808808,1165
16731,33.58677941606526,1166
16732,33.588786874042434,1183
16733,33.590794332019605,1203
16734,33.59280178999678,1205
16735,33.59480924797395,1183
16736,33.59681670595112,1153
16737,33.59882416392829,1139
16738,33.60083162190546,1146
16739,33.602839079882635,1154
16740,33.60484653785981,1151
16741,33.60685399583698,1146
16742,33.60886145381415,1152
16743,33.61086891179132,1175
16744,33.61287636976849,1201
16745,33.614883827745665,1213
16746,33.616891285722836,1215
16747,33.61889874370001,1221
16748,33.62090620167719,1224
16749,33.62291365965436,1216
16750,33.62492111763153,1214
16751,33.6269285756087,1227
16752,33.62893603358587,1236
16753,33.630943491563045,1230
16754,33.632950949540216,1222
16755,33.63495840751739,1227
16756,33.63696586549456,1236
16757,33.63897332347173,1234
16758,33.6409807814489,1223
16759,33.642988239426074,1217
16760,33.644995697403246,1216
16761,33.64700315538042,1211
16762,33.64901061335759,1203
16763,33.65101807133476,1197
16764,33.65302552931193,1197
16765,33.65503298728911,1202
16766,33.65704044526628,1214
16767,33.659047903243454,1233
16768,33.661055361220626,1249
16769,33.6630628191978,1255
16770,33.66507027717497,1252
16771,33.66707773515214,1243
16772,33.66908519312931,1234
16773,33.671092651106484,1228
16774,33.673100109083656,1223
16775,33.67510756706083,1214
16776,33.677115025038,1203
16777,33.67912248301517,1201
16778,33.68112994099234,1205
16779,33.683137398969514,1210
16780,33.685144856946685,1213
16781,33.68715231492386,1210
16782,33.689159772901036,1203
16783,33.69116723087821,1193
16784,33.69317468885538,1176
16785,33.69518214683255,1156
16786,33.69718960480972,1143
16787,33.699197062786894,1147
16788,33.701204520764065,1166
16789,33.70321197874124,1187
16790,33.70521943671841,1196
16791,33.70722689469558,1198
16792,33.70923435267275,1208
16793,33.71124181064992,1229
16794,33.713249268627095,1248
16795,33.71525672660427,1254
16796,33.71726418458144,1247
16797,33.71927164255861,1237
16798,33.72127910053578,1238
16799,33.72328655851296,1248
16800,33.72529401649013,1254
16801,33.7273014744673,1261
16802,33.729308932444475,1285
16803,33.73131639042165,1316
16804,33.73332384839882,1324
16805,33.73533130637599,1307
16806,33.73733876435316,1289
16807,33.73934622233033,1285
16808,33.741353680307505,1285
16809,33.743361138284676,1279
16810,33.74536859626185,1267
16811,33.74737605423902,1259
16812,33.74938351221619,1260
16813,33.75139097019336,1267
16814,33.753398428170534,1271
16815,33.755405886147706,1269
16816,33.757413344124885,1263
16817,33.759420802102056,1259
16818,33.76142826007923,1261
16819,33.7634357180564,1265
16820,33.76544317603357,1263
16821,33.76745063401074,1251
16822,33.769458091987914,1231
16823,33.771465549965086,1217
16824,33.77347300794226,1220
16825,33.77548046591943,1238
16826,33.7774879238966,1255
16827,33.77949538187377,1260
16828,33.781502839850944,1260
16829,33.783510297828116,1260
16830,33.78551775580529,1252
16831,33.78752521378246,1233
16832,33.78953267175963,1213
16833,33.79154012973681,1205
16834,33.79354758771398,1207
16835,33.79555504569115,1218
16836,33.797562503668324,1233
16837,33.799569961645496,1239
16838,33.80157741962267,1234
16839,33.80358487759984,1224
16840,33.80559233557701,1210
16841,33.80759979355418,1194
16842,33.809607251531354,1184
16843,33.811614709508525,1185
16844,33.8136221674857,1191
16845,33.81562962546287,1188
16846,33.81763708344004,1176
16847,33.81964454141721,1165
16848,33.82165199939438,1159
16849,33.823659457371555,1156
16850,33.825666915348734,1154
16851,33.827674373325905,1151
16852,33.82968183130308,1146
16853,33.83168928928025,1148
16854,33.83369674725742,1155
16855,33.83570420523459,1155
16856,33.83771166321176,1144
16857,33.839719121188935,1137
16858,33.84172657916611,1150
16859,33.84373403714328,1175
16860,33.84574149512045,1196
16861,33.84774895309762,1202
16862,33.84975641107479,1196
16863,33.851763869051965,1191
16864,33.853771327029136,1188
16865,33.85577878500631,1180
16866,33.85778624298348,1169
16867,33.85979370096066,1163
16868,33.86180115893783,1161
16869,33.863808616915,1163
16870,33.86581607489217,1164
16871,33.867823532869345,1158
16872,33.869830990846516,1148
16873,33.87183844882369,1144
16874,33.87384590680086,1157
16875,33.87585336477803,1178
16876,33.8778608227552,1186
16877,33.879868280732374,1170
16878,33.881875738709546,1148
16879,33.88388319668672,1148
16880,33.88589065466389,1164
16881,33.88789811264106,1172
16882,33.88990557061823,1166
16883,33.891913028595404,1159
16884,33.89392048657258,1155
16885,33.895927944549754,1147
16886,33.897935402526926,1132
16887,33.8999428605041,1124
16888,33.90195031848127,1131
16889,33.90395777645844,1145
16890,33.90596523443561,1152
16891,33.907972692412784,1153
16892,33.909980150389956,1157
16893,33.91198760836713,1169
16894,33.9139950663443,1183
16895,33.91600252432147,1187
16896,33.91800998229864,1179
16897,33.920017440275814,1172
16898,33.922024898252985,1175
16899,33.92403235623016,1172
16900,33.92603981420733,1141
16901,33.92804727218451,1089
16902,33.93005473016168,1045
16903,33.93206218813885,1026
16904,33.93406964611602,1031
16905,33.936077104093194,1043
16906,33.938084562070365,1047
16907,33.94009202004754,1040
16908,33.94209947802471,1035
16909,33.94410693600188,1038
16910,33.94611439397905,1045
16911,33.94812185195622,1049
16912,33.950129309933395,1053
16913,33.95213676791057,1061
16914,33.95414422588774,1066
16915,33.95615168386491,1057
16916,33.95815914184208,1036
16917,33.96016659981926,1021
16918,33.96217405779643,1021
16919,33.9641815157736,1025
16920,33.966188973750775,1019
16921,33.96819643172795,1012
16922,33.97020388970512,1015
16923,33.97221134768229,1032
16924,33.97421880565946,1060
16925,33.97622626363663,1081
16926,33.978233721613805,1086
16927,33.980241179590976,1088
16928,33.98224863756815,1099
16929,33.98425609554532,1114
16930,33.98626355352249,1118
16931,33.98827101149966,1114
16932,33.990278469476834,1119
16933,33.992285927454006,1136
16934,33.994293385431185,1143
16935,33.996300843408356,1130
16936,33.99830830138553,1113
16937,34.0003157593627,1117
16938,34.00232321733987,1141
16939,34.00433067531704,1165
16940,34.006338133294214,1172
16941,34.008345591271386,1164
16942,34.01035304924856,1160
16943,34.01236050722573,1173
16944,34.0143679652029,1188
16945,34.01637542318007,1189
16946,34.018382881157244,1179
16947,34.020390339134416,1172
16948,34.02239779711159,1176
16949,34.02440525508876,1185
16950,34.02641271306593,1189
16951,34.02842017104311,1188
16952,34.03042762902028,1192
16953,34.03243508699745,1196
16954,34.034442544974624,1188
16955,34.036450002951796,1171
16956,34.03845746092897,1166
16957,34.04046491890614,1186
16958,34.04247237688331,1213
16959,34.04447983486048,1222
16960,34.046487292837654,1202
16961,34.048494750814825,1167
16962,34.050502208792,1138
16963,34.05250966676917,1138
16964,34.05451712474634,1167
16965,34.05652458272351,1197
16966,34.05853204070068,1204
16967,34.060539498677855,1190
16968,34.062546956655034,1181
16969,34.064554414632205,1190
16970,34.06656187260938,1203
16971,34.06856933058655,1202
16972,34.07057678856372,1196
16973,34.07258424654089,1203
16974,34.07459170451806,1214
16975,34.076599162495235,1206
16976,34.07860662047241,1177
16977,34.08061407844958,1148
16978,34.08262153642675,1137
16979,34.08462899440392,1146
16980,34.08663645238109,1160
16981,34.088643910358265,1163
16982,34.090651368335436,1153
16983,34.09265882631261,1150
16984,34.09466628428978,1172
16985,34.09667374226696,1209
16986,34.09868120024413,1233
16987,34.1006886582213,1237
16988,34.10269611619847,1234
16989,34.104703574175645,1233
16990,34.106711032152816,1230
16991,34.10871849012999,1223
16992,34.11072594810716,1221
16993,34.11273340608433,1225
16994,34.1147408640615,1227
16995,34.116748322038674,1214
16996,34.118755780015846,1190
16997,34.12076323799302,1174
16998,34.12277069597019,1182
16999,34.12477815394736,1199
17000,34.12678561192453,1206
17001,34.128793069901704,1201
17002,34.13080052787888,1197
17003,34.132807985856054,1202
17004,34.134815443833226,1206
17005,34.1368229018104,1200
17006,34.13883035978757,1189
17007,34.14083781776474,1184
17008,34.14284527574191,1190
17009,34.144852733719084,1196
17010,34.146860191696256,1189
17011,34.14886764967343,1171
17012,34.1508751076506,1159
17013,34.15288256562777,1169
17014,34.15489002360494,1191
17015,34.156897481582114,1195
17016,34.158904939559285,1172
17017,34.16091239753646,1153
17018,34.16291985551363,1168
17019,34.16492731349081,1210
17020,34.16693477146798,1242
17021,34.16894222944515,1240
17022,34.17094968742232,1223
17023,34.172957145399494,1223
17024,34.174964603376665,1238
17025,34.17697206135384,1241
17026,34.17897951933101,1224
17027,34.18098697730818,1208
17028,34.18299443528535,1210
17029,34.18500189326252,1219
17030,34.187009351239695,1217
17031,34.18901680921687,1210
17032,34.19102426719404,1217
17033,34.19303172517121,1239
17034,34.19503918314838,1257
17035,34.19704664112555,1253
17036,34.19905409910273,1231
17037,34.2010615570799,1208
17038,34.203069015057075,1200
17039,34.20507647303425,1209
17040,34.20708393101142,1224
17041,34.20909138898859,1225
17042,34.21109884696576,1207
17043,34.21310630494293,1187
17044,34.215113762920105,1180
17045,34.217121220897276,1178
17046,34.21912867887445,1170
17047,34.22113613685162,1163
17048,34.22314359482879,1166
17049,34.22515105280596,1179
17050,34.227158510783134,1182
17051,34.229165968760306,1160
17052,34.23117342673748,1131
17053,34.233180884714656,1120
17054,34.23518834269183,1135
17055,34.237195800669,1165
17056,34.23920325864617,1189
17057,34.24121071662334,1199
17058,34.243218174600514,1191
17059,34.245225632577686,1174
17060,34.24723309055486,1161
17061,34.24924054853203,1157
17062,34.2512480065092,1159
17063,34.25325546448637,1170
17064,34.255262922463544,1182
17065,34.257270380440715,1184
17066,34.25927783841789,1173
17067,34.26128529639506,1166
17068,34.26329275437223,1178
17069,34.2653002123494,1198
17070,34.26730767032658,1201
17071,34.26931512830375,1183
17072,34.271322586280924,1167
17073,34.273330044258095,1167
17074,34.27533750223527,1172
17075,34.27734496021244,1165
17076,34.27935241818961,1154
17077,34.28135987616678,1159
17078,34.28336733414395,1181
17079,34.285374792121125,1203
17080,34.2873822500983,1210
17081,34.28938970807547,1202
17082,34.29139716605264,1189
17083,34.29340462402981,1181
17084,34.29541208200698,1174
17085,34.297419539984155,1164
17086,34.299426997961326,1155
17087,34.301434455938505,1157
17088,34.30344191391568,1163
17089,34.30544937189285,1167
17090,34.30745682987002,1169
17091,34.30946428784719,1167
17092,34.31147174582436,1164
17093,34.313479203801535,1173
17094,34.315486661778706,1188
17095,34.31749411975588,1185
17096,34.31950157773305,1158
17097,34.32150903571022,1134
17098,34.32351649368739,1134
17099,34.325523951664564,1152
17100,34.327531409641736,1171
17101,34.32953886761891,1181
17102,34.33154632559608,1189
17103,34.33355378357325,1203
17104,34.33556124155043,1225
17105,34.3375686995276,1238
17106,34.33957615750477,1232
17107,34.341583615481944,1218
17108,34.343591073459116,1220
17109,34.34559853143629,1235
17110,34.34760598941346,1237
17111,34.34961344739063,1215
17112,34.3516209053678,1195
17113,34.353628363344974,1202
17114,34.355635821322146,1226
17115,34.35764327929932,1242
17116,34.35965073727649,1235
17117,34.36165819525366,1218
17118,34.36366565323083,1212
17119,34.365673111208004,1219
17120,34.367680569185175,1219
17121,34.369688027162354,1200
17122,34.371695485139526,1182
17123,34.3737029431167,1184
17124,34.37571040109387,1205
17125,34.37771785907104,1216
17126,34.37972531704821,1200
17127,34.381732775025384,1173
17128,34.383740233002555,1171
17129,34.38574769097973,1206
17130,34.3877551489569,1252
17131,34.38976260693407,1264
17132,34.39177006491124,1225
17133,34.39377752288841,1171
17134,34.395784980865585,1148
17135,34.39779243884276,1158
17136,34.39979989681993,1174
17137,34.4018073547971,1180
17138,34.40381481277428,1180
17139,34.40582227075145,1178
17140,34.40782972872862,1175
17141,34.40983718670579,1171
17142,34.411844644682965,1170
17143,34.41385210266014,1178
17144,34.41585956063731,1191
17145,34.41786701861448,1197
17146,34.41987447659165,1183
17147,34.42188193456882,1158
17148,34.423889392545995,1139
17149,34.425896850523166,1130
17150,34.42790430850034,1120
17151,34.42991176647751,1106
17152,34.43191922445468,1110
17153,34.43392668243185,1134
17154,34.43593414040903,1153
17155,34.4379415983862,1147
17156,34.439949056363375,1128
17157,34.441956514340546,1118
17158,34.44396397231772,1126
17159,34.44597143029489,1141
17160,34.44797888827206,1148
17161,34.44998634624923,1142
17162,34.451993804226404,1131
17163,34.454001262203576,1126
17164,34.45600872018075,1127
17165,34.45801617815792,1134
17166,34.46002363613509,1145
17167,34.46203109411226,1161
17168,34.464038552089434,1170
17169,34.466046010066606,1166
17170,34.46805346804378,1158
17171,34.470060926020956,1162
17172,34.47206838399813,1183
17173,34.4740758419753,1206
17174,34.47608329995247,1211
17175,34.47809075792964,1193
17176,34.480098215906814,1169
17177,34.482105673883986,1157
17178,34.48411313186116,1163
17179,34.48612058983833,1177
17180,34.4881280478155,1183
17181,34.49013550579267,1163
17182,34.492142963769844,1128
17183,34.494150421747015,1111
17184,34.49615787972419,1124
17185,34.49816533770136,1141
17186,34.50017279567853,1145
17187,34.5021802536557,1143
17188,34.50418771163288,1148
17189,34.50619516961005,1162
17190,34.508202627587224,1168
17191,34.510210085564395,1157
17192,34.51221754354157,1147
17193,34.51422500151874,1153
17194,34.51623245949591,1170
17195,34.51823991747308,1178
17196,34.52024737545025,1164
17197,34.522254833427425,1139
17198,34.5242622914046,1123
17199,34.52626974938177,1125
17200,34.52827720735894,1136
17201,34.53028466533611,1142
17202,34.53229212331328,1141
17203,34.534299581290455,1138
17204,34.536307039267626,1139
17205,34.538314497244805,1142
17206,34.54032195522198,1136
17207,34.54232941319915,1132
17208,34.54433687117632,1137
17209,34.54634432915349,1145
17210,34.54835178713066,1140
17211,34.550359245107835,1128
17212,34.552366703085006,1125
17213,34.55437416106218,1133
17214,34.55638161903935,1142
17215,34.55838907701652,1145
17216,34.56039653499369,1137
17217,34.562403992970864,1127
17218,34.564411450948036,1124
17219,34.56641890892521,1126
17220,34.56842636690238,1124
17221,34.57043382487955,1118
17222,34.57244128285673,1113
17223,34.5744487408339,1113
17224,34.57645619881107,1116
17225,34.578463656788244,1118
17226,34.580471114765416,1119
17227,34.58247857274259,1121
17228,34.58448603071976,1126
17229,34.58649348869693,1137
17230,34.5885009466741,1154
17231,34.590508404651274,1175
17232,34.592515862628446,1188
17233,34.59452332060562,1184
17234,34.59653077858279,1172
17235,34.59853823655996,1165
17236,34.60054569453713,1167
17237,34.602553152514304,1170
17238,34.604560610491475,1168
17239,34.606568068468654,1161
17240,34.608575526445826,1153
17241,34.610582984423,1140
17242,34.61259044240017,1126
17243,34.61459790037734,1124
17244,34.61660535835451,1133
17245,34.618612816331684,1132
17246,34.620620274308855,1115
17247,34.62262773228603,1105
17248,34.6246351902632,1114
17249,34.62664264824037,1136
17250,34.62865010621754,1157
17251,34.63065756419471,1170
17252,34.632665022171885,1171
17253,34.63467248014906,1161
17254,34.63667993812623,1149
17255,34.6386873961034,1149
17256,34.64069485408058,1164
17257,34.64270231205775,1180
17258,34.64470977003492,1180
17259,34.64671722801209,1162
17260,34.648724685989265,1138
17261,34.65073214396644,1128
17262,34.65273960194361,1142
17263,34.65474705992078,1165
17264,34.65675451789795,1174
17265,34.65876197587512,1164
17266,34.660769433852295,1152
17267,34.662776891829466,1153
17268,34.66478434980664,1167
17269,34.66679180778381,1178
17270,34.66879926576098,1178
17271,34.67080672373815,1169
17272,34.672814181715324,1163
17273,34.6748216396925,1167
17274,34.676829097669675,1177
17275,34.678836555646846,1179
17276,34.68084401362402,1172
17277,34.68285147160119,1173
17278,34.68485892957836,1185
17279,34.68686638755553,1193
17280,34.688873845532704,1191
17281,34.690881303509876,1188
17282,34.69288876148705,1192
17283,34.69489621946422,1200
17284,34.69690367744139,1208
17285,34.69891113541856,1219
17286,34.700918593395734,1233
17287,34.702926051372906,1241
17288,34.70493350935008,1236
17289,34.70694096732725,1227
17290,34.70894842530443,1220
17291,34.7109558832816,1211
17292,34.71296334125877,1199
17293,34.71497079923594,1194
17294,34.716978257213114,1199
17295,34.718985715190286,1198
17296,34.72099317316746,1178
17297,34.72300063114463,1159
17298,34.7250080891218,1163
17299,34.72701554709897,1186
17300,34.729023005076144,1208
17301,34.731030463053315,1215
17302,34.73303792103049,1214
17303,34.73504537900766,1210
17304,34.73705283698483,1199
17305,34.739060294962,1185
17306,34.74106775293917,1181
17307,34.74307521091635,1191
17308,34.745082668893524,1204
17309,34.747090126870695,1208
17310,34.74909758484787,1194
17311,34.75110504282504,1179
17312,34.75311250080221,1180
17313,34.75511995877938,1199
17314,34.75712741675655,1224
17315,34.759134874733725,1241
17316,34.7611423327109,1249
17317,34.76314979068807,1249
17318,34.76515724866524,1242
17319,34.76716470664241,1235
17320,34.76917216461958,1238
17321,34.771179622596755,1250
17322,34.773187080573926,1258
17323,34.7751945385511,1255
17324,34.77720199652828,1236
17325,34.77920945450545,1209
17326,34.78121691248262,1189
17327,34.78322437045979,1184
17328,34.78523182843696,1184
17329,34.787239286414135,1176
17330,34.789246744391306,1166
17331,34.79125420236848,1165
17332,34.79326166034565,1182
17333,34.79526911832282,1211
17334,34.79727657629999,1230
17335,34.799284034277164,1233
17336,34.801291492254336,1230
17337,34.80329895023151,1222
17338,34.80530640820868,1209
17339,34.80731386618585,1193
17340,34.80932132416302,1173
17341,34.8113287821402,1149
17342,34.81333624011737,1124
17343,34.815343698094544,1109
17344,34.817351156071716,1111
17345,34.81935861404889,1127
17346,34.82136607202606,1152
17347,34.82337353000323,1178
17348,34.8253809879804,1194
17349,34.827388445957574,1192
17350,34.829395903934746,1182
17351,34.83140336191192,1180
17352,34.83341081988909,1187
17353,34.83541827786626,1190
17354,34.83742573584343,1179
17355,34.839433193820604,1160
17356,34.841440651797775,1142
17357,34.84344810977495,1132
17358,34.845455567752126,1131
17359,34.8474630257293,1138
17360,34.84947048370647,1149
17361,34.85147794168364,1155
17362,34.85348539966081,1154
17363,34.855492857637984,1150
17364,34.857500315615155,1144
17365,34.85950777359233,1132
17366,34.8615152315695,1118
17367,34.86352268954667,1111
17368,34.86553014752384,1115
17369,34.86753760550101,1125
17370,34.869545063478185,1132
17371,34.87155252145536,1136
17372,34.87355997943253,1146
17373,34.8755674374097,1161
17374,34.87757489538688,1175
17375,34.87958235336405,1179
17376,34.88158981134122,1175
17377,34.88359726931839,1177
17378,34.885604727295565,1191
17379,34.88761218527274,1201
17380,34.88961964324991,1186
17381,34.89162710122708,1150
17382,34.89363455920425,1121
17383,34.89564201718142,1125
17384,34.897649475158595,1148
17385,34.899656933135766,1163
17386,34.90166439111294,1158
17387,34.90367184909011,1151
17388,34.90567930706728,1165
17389,34.90768676504445,1193
17390,34.909694223021624,1207
17391,34.9117016809988,1189
17392,34.913709138975975,1149
17393,34.915716596953146,1111
17394,34.91772405493032,1101
17395,34.91973151290749,1121
17396,34.92173897088466,1137
17397,34.92374642886183,1126
17398,34.925753886839004,1104
17399,34.927761344816176,1099
17400,34.92976880279335,1112
17401,34.93177626077052,1129
17402,34.93378371874769,1145
17403,34.93579117672486,1162
17404,34.937798634702034,1166
17405,34.939806092679206,1145
17406,34.94181355065638,1118
17407,34.94382100863355,1116
17408,34.94582846661073,1138
17409,34.9478359245879,1155
17410,34.94984338256507,1154
17411,34.95185084054224,1144
17412,34.953858298519414,1143
17413,34.955865756496586,1154
17414,34.95787321447376,1160
17415,34.95988067245093,1154
17416,34.9618881304281,1142
17417,34.96389558840527,1134
17418,34.965903046382444,1129
17419,34.967910504359615,1124
17420,34.96991796233679,1116
17421,34.97192542031396,1109
17422,34.97393287829113,1110
17423,34.9759403362683,1124
17424,34.97794779424547,1139
17425,34.97995525222265,1136
17426,34.981962710199824,1115
17427,34.983970168176995,1098
17428,34.98597762615417,1102
17429,34.98798508413134,1119
17430,34.98999254210851,1121
17431,34.99200000008568,1098
17432,34.99400745806285,1075
17433,34.996014916040025,1072
17434,34.9980223740172,1079
17435,35.00002983199437,1078
17436,35.00203728997154,1069
17437,35.00404474794871,1063
17438,35.00605220592588,1062
17439,35.008059663903055,1063
17440,35.010067121880226,1057
17441,35.0120745798574,1049
17442,35.01408203783458,1056
17443,35.01608949581175,1082
17444,35.01809695378892,1101
17445,35.02010441176609,1097
17446,35.02211186974326,1082
17447,35.024119327720435,1075
17448,35.026126785697606,1079
17449,35.02813424367478,1091
17450,35.03014170165195,1099
17451,35.03214915962912,1093
17452,35.03415661760629,1078
17453,35.036164075583464,1071
17454,35.038171533560636,1082
17455,35.04017899153781,1097
17456,35.04218644951498,1098
17457,35.04419390749215,1084
17458,35.04620136546932,1071
17459,35.0482088234465,1067
17460,35.05021628142367,1071
17461,35.052223739400844,1080
17462,35.054231197378016,1091
17463,35.05623865535519,1102
17464,35.05824611333236,1107
17465,35.06025357130953,1103
17466,35.0622610292867,1092
17467,35.064268487263874,1083
17468,35.066275945241046,1074
17469,35.06828340321822,1059
17470,35.07029086119539,1040
17471,35.07229831917256,1021
17472,35.07430577714973,1005
17473,35.076313235126904,1001
17474,35.078320693104075,1020
17475,35.08032815108125,1053
17476,35.082335609058426,1076
17477,35.0843430670356,1083
17478,35.08635052501277,1091
17479,35.08835798298994,1109
17480,35.09036544096711,1124
17481,35.092372898944284,1126
17482,35.094380356921455,1121
17483,35.09638781489863,1126
17484,35.0983952728758,1139
17485,35.10040273085297,1142
17486,35.10241018883014,1128
17487,35.10441764680731,1113
17488,35.106425104784485,1111
17489,35.10843256276166,1118
17490,35.11044002073883,1125
17491,35.112447478716,1124
17492,35.11445493669317,1117
17493,35.11646239467035,1111
17494,35.11846985264752,1104
17495,35.12047731062469,1086
17496,35.122484768601865,1064
17497,35.12449222657904,1058
17498,35.12649968455621,1076
17499,35.12850714253338,1099
17500,35.13051460051055,1108
17501,35.13252205848772,1097
17502,35.134529516464895,1077
17503,35.136536974442066,1064
17504,35.13854443241924,1065
17505,35.14055189039641,1074
17506,35.14255934837358,1075
17507,35.14456680635075,1067
17508,35.146574264327924,1065
17509,35.148581722305096,1073
17510,35.150589180282275,1076
17511,35.152596638259446,1066
17512,35.15460409623662,1054
17513,35.15661155421379,1056
17514,35.15861901219096,1076
17515,35.16062647016813,1096
17516,35.162633928145304,1104
17517,35.164641386122476,1100
17518,35.16664884409965,1093
17519,35.16865630207682,1084
17520,35.17066376005399,1074
17521,35.17267121803116,1066
17522,35.174678676008334,1062
17523,35.176686133985505,1063
17524,35.17869359196268,1064
17525,35.18070104993985,1059
17526,35.18270850791702,1045
17527,35.1847159658942,1024
17528,35.18672342387137,1007
17529,35.18873088184854,1007
17530,35.190738339825714,1024
17531,35.192745797802885,1040
17532,35.19475325578006,1039
17533,35.19676071375723,1026
17534,35.1987681717344,1024
17535,35.20077562971157,1039
17536,35.20278308768874,1049
17537,35.204790545665915,1041
17538,35.20679800364309,1037
17539,35.20880546162026,1061
17540,35.21081291959743,1095
17541,35.2128203775746,1099
17542,35.21482783555177,1071
17543,35.216835293528945,1046
17544,35.21884275150612,1051
17545,35.220850209483295,1070
17546,35.22285766746047,1071
17547,35.22486512543764,1052
17548,35.22687258341481,1032
17549,35.22888004139198,1026
17550,35.23088749936915,1036
17551,35.232894957346325,1050
17552,35.234902415323496,1058
17553,35.23690987330067,1062
17554,35.23891733127784,1071
17555,35.24092478925501,1079
17556,35.24293224723218,1075
17557,35.244939705209354,1068
17558,35.246947163186526,1071
17559,35.2489546211637,1081
17560,35.25096207914087,1083
17561,35.25296953711805,1074
17562,35.25497699509522,1067
17563,35.25698445307239,1069
17564,35.25899191104956,1078
17565,35.260999369026734,1085
17566,35.263006827003906,1079
17567,35.26501428498108,1063
17568,35.26702174295825,1050
17569,35.26902920093542,1046
17570,35.27103665891259,1044
17571,35.273044116889764,1034
17572,35.275051574866936,1019
17573,35.27705903284411,1010
17574,35.27906649082128,1013
17575,35.28107394879845,1023
17576,35.28308140677562,1029
17577,35.285088864752794,1023
17578,35.28709632272997,1020
17579,35.289103780707144,1030
17580,35.291111238684316,1039
17581,35.29311869666149,1032
17582,35.29512615463866,1017
17583,35.29713361261583,1013
17584,35.299141070593,1014
17585,35.301148528570174,1006
17586,35.303155986547345,994
17587,35.30516344452452,997
17588,35.30717090250169,1014
17589,35.30917836047886,1029
17590,35.31118581845603,1029
17591,35.3131932764332,1018
17592,35.315200734410375,1016
17593,35.31720819238755,1033
17594,35.319215650364725,1057
17595,35.3212231083419,1063
17596,35.32323056631907,1046
17597,35.32523802429624,1031
17598,35.32724548227341,1032
17599,35.32925294025058,1042
17600,35.331260398227755,1049
17601,35.33326785620493,1049
17602,35.3352753141821,1045
17603,35.33728277215927,1037
17604,35.33929023013644,1028
17605,35.34129768811361,1025
17606,35.343305146090785,1031
17607,35.345312604067956,1043
17608,35.34732006204513,1052
17609,35.3493275200223,1051
17610,35.35133497799947,1041
17611,35.35334243597665,1032
17612,35.35534989395382,1031
17613,35.35735735193099,1036
17614,35.359364809908165,1041
17615,35.361372267885336,1042
17616,35.36337972586251,1044
17617,35.36538718383968,1048
17618,35.36739464181685,1053
17619,35.36940209979402,1051
17620,35.371409557771194,1044
17621,35.373417015748366,1041
17622,35.37542447372554,1050
17623,35.37743193170271,1070
17624,35.37943938967988,1090
17625,35.38144684765705,1101
17626,35.383454305634224,1103
17627,35.385461763611396,1093
17628,35.387469221588574,1075
17629,35.389476679565746,1063
17630,35.39148413754292,1067
17631,35.39349159552009,1079
17632,35.39549905349726,1084
17633,35.39750651147443,1075
17634,35.399513969451604,1061
17635,35.401521427428776,1052
17636,35.40352888540595,1049
17637,35.40553634338312,1049
17638,35.40754380136029,1052
17639,35.40955125933746,1058
17640,35.411558717314634,1063
17641,35.413566175291805,1063
17642,35.41557363326898,1057
17643,35.41758109124615,1054
17644,35.41958854922332,1055
17645,35.4215960072005,1056
17646,35.42360346517767,1055
17647,35.42561092315484,1052
17648,35.427618381132014,1046
17649,35.429625839109185,1036
17650,35.43163329708636,1030
17651,35.43364075506353,1031
17652,35.4356482130407,1026
17653,35.43765567101787,1014
17654,35.43966312899504,1010
17655,35.441670586972215,1024
17656,35.44367804494939,1041
17657,35.44568550292656,1048
17658,35.44769296090373,1042
17659,35.4497004188809,1028
17660,35.45170787685807,1013
17661,35.453715334835245,1014
17662,35.45572279281242,1044
17663,35.457730250789595,1078
17664,35.45973770876677,1082
17665,35.46174516674394,1060
17666,35.46375262472111,1051
17667,35.46576008269828,1070
17668,35.46776754067545,1101
17669,35.469774998652625,1127
17670,35.471782456629796,1147
17671,35.47378991460697,1160
17672,35.47579737258414,1162
17673,35.47780483056131,1151
17674,35.47981228853848,1135
17675,35.481819746515654,1125
17676,35.483827204492826,1122
17677,35.48583466247,1126
17678,35.48784212044717,1128
17679,35.48984957842435,1125
17680,35.49185703640152,1115
17681,35.49386449437869,1104
17682,35.49587195235586,1100
17683,35.497879410333034,1106
17684,35.499886868310206,1118
17685,35.50189432628738,1127
17686,35.50390178426455,1127
17687,35.50590924224172,1121
17688,35.50791670021889,1116
17689,35.509924158196064,1118
17690,35.511931616173236,1125
17691,35.51393907415041,1138
17692,35.51594653212758,1146
17693,35.51795399010475,1139
17694,35.51996144808192,1131
17695,35.521968906059094,1138
17696,35.52397636403627,1154
17697,35.525983822013444,1163
17698,35.527991279990616,1162
17699,35.52999873796779,1163
17700,35.53200619594496,1167
17701,35.53401365392213,1161
17702,35.5360211118993,1140
17703,35.538028569876474,1122
17704,35.540036027853645,1125
17705,35.54204348583082,1135
17706,35.54405094380799,1132
17707,35.54605840178516,1120
17708,35.54806585976233,1112
17709,35.5500733177395,1117
17710,35.552080775716675,1132
17711,35.55408823369385,1147
17712,35.55609569167102,1150
17713,35.5581031496482,1144
17714,35.56011060762537,1144
17715,35.56211806560254,1152
17716,35.56412552357971,1158
17717,35.56613298155688,1153
17718,35.568140439534055,1148
17719,35.57014789751123,1151
17720,35.5721553554884,1158
17721,35.57416281346557,1166
17722,35.57617027144274,1172
17723,35.57817772941991,1170
17724,35.580185187397085,1161
17725,35.582192645374256,1152
17726,35.58420010335143,1149
17727,35.5862075613286,1157
17728,35.58821501930577,1171
17729,35.59022247728294,1176
17730,35.59222993526012,1167
17731,35.59423739323729,1150
17732,35.596244851214465,1136
17733,35.598252309191636,1128
17734,35.60025976716881,1129
17735,35.60226722514598,1140
17736,35.60427468312315,1152
17737,35.60628214110032,1152
17738,35.608289599077494,1138
17739,35.610297057054666,1127
17740,35.61230451503184,1137
17741,35.61431197300901,1163
17742,35.61631943098618,1181
17743,35.61832688896335,1176
17744,35.620334346940524,1161
17745,35.622341804917696,1163
17746,35.62434926289487,1182
17747,35.626356720872046,1200
17748,35.62836417884922,1209
17749,35.63037163682639,1213
17750,35.63237909480356,1213
17751,35.63438655278073,1207
17752,35.636394010757904,1203
17753,35.638401468735076,1211
17754,35.64040892671225,1224
17755,35.64241638468942,1224
17756,35.64442384266659,1207
17757,35.64643130064376,1188
17758,35.648438758620934,1178
17759,35.650446216598105,1175
17760,35.65245367457528,1170
17761,35.65446113255245,1160
17762,35.65646859052962,1151
17763,35.65847604850679,1147
17764,35.66048350648397,1151
17765,35.66249096446114,1164
17766,35.664498422438314,1177
17767,35.666505880415485,1181
17768,35.66851333839266,1174
17769,35.67052079636983,1168
17770,35.672528254347,1165
17771,35.67453571232417,1160
17772,35.67654317030134,1151
17773,35.678550628278515,1144
17774,35.68055808625569,1137
17775,35.68256554423286,1122
17776,35.68457300221003,1100
17777,35.6865804601872,1087
17778,35.68858791816437,1090
17779,35.690595376141545,1100
17780,35.692602834118716,1107
17781,35.694610292095895,1119
17782,35.69661775007307,1132
17783,35.69862520805024,1128
17784,35.70063266602741,1097
17785,35.70264012400458,1065
17786,35.70464758198175,1063
17787,35.706655039958925,1084
17788,35.708662497936096,1102
17789,35.71066995591327,1108
17790,35.71267741389044,1099
17791,35.71468487186761,1065
17792,35.71669232984478,1023
17793,35.718699787821954,1009
17794,35.720707245799126,1033
17795,35.7227147037763,1061
17796,35.72472216175347,1071
17797,35.72672961973064,1070
17798,35.72873707770782,1071
17799,35.73074453568499,1069
17800,35.73275199366216,1059
17801,35.734759451639334,1045
17802,35.736766909616506,1045
17803,35.73877436759368,1066
17804,35.74078182557085,1089
17805,35.74278928354802,1092
17806,35.74479674152519,1078
17807,35.746804199502364,1071
17808,35.748811657479536,1081
17809,35.75081911545671,1088
17810,35.75282657343388,1076
17811,35.75483403141105,1058
17812,35.75684148938822,1051
17813,35.758848947365394,1059
17814,35.760856405342565,1068
17815,35.762863863319744,1068
17816,35.764871321296916,1059
17817,35.76687877927409,1047
17818,35.76888623725126,1035
17819,35.77089369522843,1024
17820,35.7729011532056,1017
17821,35.774908611182774,1018
17822,35.776916069159945,1023
17823,35.77892352713712,1030
17824,35.78093098511429,1040
17825,35.78293844309146,1043
17826,35.78494590106863,1031
17827,35.7869533590458,1012
17828,35.788960817022975,1002
17829,35.79096827500015,1004
17830,35.79297573297732,1009
17831,35.7949831909545,1007
17832,35.79699064893167,998
17833,35.79899810690884,993
17834,35.80100556488601,997
17835,35.80301302286318,1000
17836,35.805020480840355,994
17837,35.80702793881753,982
17838,35.8090353967947,980
17839,35.81104285477187,993
17840,35.81305031274904,1011
17841,35.81505777072621,1020
17842,35.817065228703385,1018
17843,35.819072686680556,1012
17844,35.82108014465773,1007
17845,35.8230876026349,1005
17846,35.82509506061207,1004
17847,35.82710251858924,1002
17848,35.82910997656642,997
17849,35.83111743454359,992
17850,35.833124892520765,992
17851,35.835132350497936,997
17852,35.83713980847511,1002
17853,35.83914726645228,1002
17854,35.84115472442945,994
17855,35.84316218240662,981
17856,35.845169640383794,968
17857,35.847177098360966,965
17858,35.84918455633814,972
17859,35.85119201431531,977
17860,35.85319947229248,974
17861,35.85520693026965,975
17862,35.857214388246824,988
17863,35.859221846223996,1004
17864,35.86122930420117,1012
17865,35.863236762178346,1013
17866,35.86524422015552,1013
17867,35.86725167813269,1011
17868,35.86925913610986,1005
17869,35.87126659408703,1002
17870,35.873274052064204,1003
17871,35.875281510041376,1005
17872,35.87728896801855,1000
17873,35.87929642599572,991
17874,35.88130388397289,991
17875,35.88331134195006,1002
17876,35.885318799927234,1014
17877,35.887326257904405,1023
17878,35.88933371588158,1024
17879,35.89134117385875,1023
17880,35.89334863183592,1019
17881,35.89535608981309,1014
17882,35.89736354779027,1006
17883,35.89937100576744,1001
17884,35.901378463744614,1010
17885,35.903385921721785,1030
17886,35.90539337969896,1038
17887,35.90740083767613,1026
17888,35.9094082956533,1014
17889,35.91141575363047,1024
17890,35.91342321160764,1044
17891,35.915430669584815,1049
17892,35.91743812756199,1041
17893,35.91944558553916,1042
17894,35.92145304351633,1052
17895,35.9234605014935,1054
17896,35.92546795947067,1047
17897,35.927475417447845,1047
17898,35.929482875425016,1068
17899,35.931490333402195,1100
17900,35.93349779137937,1117
17901,35.93550524935654,1103
17902,35.93751270733371,1074
17903,35.93952016531088,1058
17904,35.94152762328805,1060
17905,35.943535081265225,1071
17906,35.945542539242396,1079
17907,35.94754999721957,1079
17908,35.94955745519674,1079
17909,35.95156491317391,1094
17910,35.95357237115108,1126
17911,35.955579829128254,1152
17912,35.957587287105426,1150
17913,35.9595947450826,1128
17914,35.96160220305977,1113
17915,35.96360966103694,1118
17916,35.96561711901412,1126
17917,35.96762457699129,1115
17918,35.96963203496846,1088
17919,35.971639492945634,1061
17920,35.973646950922806,1045
17921,35.97565440889998,1040
17922,35.97766186687715,1047
17923,35.97966932485432,1067
17924,35.98167678283149,1094
17925,35.983684240808664,1118
17926,35.985691698785836,1124
17927,35.98769915676301,1116
17928,35.98970661474018,1113
17929,35.99171407271735,1132
17930,35.99372153069452,1163
17931,35.995728988671694,1176
17932,35.997736446648865,1163
17933,35.999743904626044,1138
17934,36.001751362603216,1115
17935,36.00375882058039,1099
17936,36.00576627855756,1097
17937,36.00777373653473,1112
17938,36.0097811945119,1125
17939,36.011788652489074,1117
17940,36.013796110466245,1097
17941,36.01580356844342,1089
17942,36.01781102642059,1098
17943,36.01981848439776,1113
17944,36.02182594237493,1124
17945,36.0238334003521,1131
17946,36.025840858329275,1131
17947,36.02784831630645,1123
17948,36.02985577428362,1117
17949,36.03186323226079,1119
17950,36.03387069023797,1128
17951,36.03587814821514,1136
17952,36.03788560619231,1137
17953,36.03989306416948,1137
17954,36.041900522146655,1135
17955,36.04390798012383,1133
17956,36.045915438101,1136
17957,36.04792289607817,1146
17958,36.04993035405534,1158
17959,36.05193781203251,1166
17960,36.053945270009685,1165
17961,36.055952727986856,1162
17962,36.05796018596403,1167
17963,36.0599676439412,1171
17964,36.06197510191837,1163
17965,36.06398255989554,1145
17966,36.065990017872714,1128
17967,36.06799747584989,1122
17968,36.070004933827065,1129
17969,36.072012391804236,1140
17970,36.07401984978141,1145
17971,36.07602730775858,1138
17972,36.07803476573575,1132
17973,36.08004222371292,1136
17974,36.082049681690094,1147
17975,36.084057139667266,1159
17976,36.08606459764444,1161
17977,36.08807205562161,1152
17978,36.09007951359878,1143
17979,36.09208697157595,1144
17980,36.094094429553124,1152
17981,36.096101887530295,1158
17982,36.09810934550747,1155
17983,36.10011680348464,1143
17984,36.10212426146182,1132
17985,36.10413171943899,1131
17986,36.10613917741616,1137
17987,36.10814663539333,1133
17988,36.110154093370504,1114
17989,36.112161551347675,1101
17990,36.11416900932485,1104
17991,36.11617646730202,1117
17992,36.11818392527919,1133
17993,36.12019138325636,1150
17994,36.12219884123353,1166
17995,36.124206299210705,1170
17996,36.12621375718788,1157
17997,36.12822121516505,1137
17998,36.13022867314222,1129
17999,36.13223613111939,1138
18000,36.13424358909656,1145
18001,36.13625104707374,1136
18002,36.13825850505091,1117
18003,36.140265963028085,1112
18004,36.14227342100526,1131
18005,36.14428087898243,1169
18006,36.1462883369596,1208
18007,36.14829579493677,1242
18008,36.15030325291394,1267
18009,36.152310710891115,1281
18010,36.154318168868286,1283
18011,36.15632562684546,1281
18012,36.15833308482263,1287
18013,36.1603405427998,1299
18014,36.16234800077697,1308
18015,36.164355458754144,1300
18016,36.166362916731316,1275
18017,36.16837037470849,1252
18018,36.170377832685666,1249
18019,36.17238529066284,1261
18020,36.17439274864001,1271
18021,36.17640020661718,1271
18022,36.17840766459435,1267
18023,36.180415122571524,1269
18024,36.182422580548696,1275
18025,36.18443003852587,1276
18026,36.18643749650304,1268
18027,36.18844495448021,1255
18028,36.19045241245738,1250
18029,36.192459870434554,1253
18030,36.194467328411726,1254
18031,36.1964747863889,1251
18032,36.19848224436607,1257
18033,36.20048970234324,1279
18034,36.20249716032041,1298
18035,36.20450461829759,1301
18036,36.20651207627476,1285
18037,36.208519534251934,1268
18038,36.210526992229106,1270
18039,36.21253445020628,1284
18040,36.21454190818345,1282
18041,36.21654936616062,1252
18042,36.21855682413779,1219
18043,36.220564282114964,1208
18044,36.222571740092135,1211
18045,36.22457919806931,1218
18046,36.22658665604648,1230
18047,36.22859411402365,1234
18048,36.23060157200082,1219
18049,36.23260902997799,1200
18050,36.234616487955165,1199
18051,36.236623945932344,1210
18052,36.238631403909515,1210
18053,36.24063886188669,1190
18054,36.24264631986386,1154
18055,36.24465377784103,1124
18056,36.2466612358182,1120
18057,36.24866869379537,1132
18058,36.250676151772545,1135
18059,36.25268360974972,1134
18060,36.25469106772689,1147
18061,36.25669852570406,1157
18062,36.25870598368123,1143
18063,36.2607134416584,1125
18064,36.262720899635575,1126
18065,36.264728357612746,1143
18066,36.26673581558992,1156
18067,36.26874327356709,1159
18068,36.27075073154427,1153
18069,36.27275818952144,1137
18070,36.27476564749861,1122
18071,36.27677310547578,1119
18072,36.278780563452955,1124
18073,36.280788021430126,1127
18074,36.2827954794073,1125
18075,36.28480293738447,1122
18076,36.28681039536164,1117
18077,36.28881785333881,1117
18078,36.290825311315984,1139
18079,36.292832769293156,1185
18080,36.29484022727033,1231
18081,36.2968476852475,1247
18082,36.29885514322467,1238
18083,36.30086260120184,1232
18084,36.302870059179014,1245
18085,36.30487751715619,1263
18086,36.306884975133364,1268
18087,36.308892433110536,1261
18088,36.31089989108771,1250
18089,36.31290734906488,1246
18090,36.31491480704205,1248
18091,36.31692226501922,1248
18092,36.318929722996394,1247
18093,36.320937180973566,1251
18094,36.32294463895074,1259
18095,36.32495209692791,1270
18096,36.32695955490508,1284
18097,36.32896701288225,1293
18098,36.330974470859424,1291
18099,36.332981928836595,1277
18100,36.33498938681377,1263
18101,36.33699684479094,1262
18102,36.33900430276812,1270
18103,36.34101176074529,1285
18104,36.34301921872246,1302
18105,36.34502667669963,1308
18106,36.347034134676804,1292
18107,36.349041592653975,1272
18108,36.35104905063115,1269
18109,36.35305650860832,1273
18110,36.35506396658549,1261
18111,36.35707142456266,1234
18112,36.35907888253983,1214
18113,36.361086340517005,1212
18114,36.36309379849418,1219
18115,36.36510125647135,1225
18116,36.36710871444852,1228
18117,36.36911617242569,1229
18118,36.37112363040286,1226
18119,36.37313108838004,1219
18120,36.37513854635721,1209
18121,36.377146004334385,1201
18122,36.37915346231156,1198
18123,36.38116092028873,1195
18124,36.3831683782659,1189
18125,36.38517583624307,1193
18126,36.38718329422024,1214
18127,36.389190752197415,1235
18128,36.391198210174586,1240
18129,36.39320566815176,1240
18130,36.39521312612893,1249
18131,36.3972205841061,1257
18132,36.39922804208327,1243
18133,36.401235500060444,1211
18134,36.403242958037616,1188
18135,36.40525041601479,1181
18136,36.407257873991966,1177
18137,36.40926533196914,1160
18138,36.41127278994631,1134
18139,36.41328024792348,1114
18140,36.41528770590065,1115
18141,36.417295163877824,1128
18142,36.419302621854996,1136
18143,36.42131007983217,1137
18144,36.42331753780934,1136
18145,36.42532499578651,1133
18146,36.42733245376368,1127
18147,36.429339911740854,1116
18148,36.431347369718026,1099
18149,36.4333548276952,1084
18150,36.43536228567237,1073
18151,36.43736974364954,1065
18152,36.43937720162671,1062
18153,36.44138465960389,1064
18154,36.44339211758106,1064
18155,36.445399575558234,1055
18156,36.447407033535406,1043
18157,36.44941449151258,1041
18158,36.45142194948975,1054
18159,36.45342940746692,1069
18160,36.45543686544409,1078
18161,36.457444323421264,1084
18162,36.459451781398435,1092
18163,36.46145923937561,1096
18164,36.46346669735278,1095
18165,36.46547415532995,1094
18166,36.46748161330712,1094
18167,36.46948907128429,1095
18168,36.471496529261465,1100
18169,36.47350398723864,1103
18170,36.475511445215815,1097
18171,36.47751890319299,1085
18172,36.47952636117016,1082
18173,36.48153381914733,1092
18174,36.4835412771245,1103
18175,36.48554873510167,1104
18176,36.487556193078845,1097
18177,36.48956365105602,1088
18178,36.49157110903319,1086
18179,36.49357856701036,1093
18180,36.49558602498753,1107
18181,36.4975934829647,1124
18182,36.499600940941875,1140
18183,36.501608398919046,1153
18184,36.50361585689622,1173
18185,36.50562331487339,1198
18186,36.50763077285056,1213
18187,36.50963823082774,1210
18188,36.51164568880491,1201
18189,36.51365314678208,1194
18190,36.515660604759255,1191
18191,36.517668062736426,1187
18192,36.5196755207136,1174
18193,36.52168297869077,1151
18194,36.52369043666794,1135
18195,36.52569789464511,1137
18196,36.527705352622284,1146
18197,36.529712810599456,1151
18198,36.53172026857663,1153
18199,36.5337277265538,1154
18200,36.53573518453097,1161
18201,36.53774264250814,1182
18202,36.539750100485314,1203
18203,36.541757558462486,1204
18204,36.543765016439664,1183
18205,36.545772474416836,1165
18206,36.54777993239401,1176
18207,36.54978739037118,1206
18208,36.55179484834835,1219
18209,36.55380230632552,1195
18210,36.555809764302694,1153
18211,36.557817222279866,1124
18212,36.55982468025704,1116
18213,36.56183213823421,1114
18214,36.56383959621138,1105
18215,36.56584705418855,1093
18216,36.567854512165724,1086
18217,36.569861970142895,1080
18218,36.57186942812007,1072
18219,36.57387688609724,1066
18220,36.57588434407441,1074
18221,36.57789180205159,1092
18222,36.57989926002876,1111
18223,36.58190671800593,1128
18224,36.583914175983104,1134
18225,36.585921633960275,1116
18226,36.58792909193745,1079
18227,36.58993654991462,1049
18228,36.59194400789179,1048
18229,36.59395146586896,1063
18230,36.59595892384613,1071
18231,36.597966381823305,1061
18232,36.59997383980048,1042
18233,36.60198129777765,1034
18234,36.60398875575482,1040
18235,36.60599621373199,1050
18236,36.60800367170916,1057
18237,36.610011129686335,1061
18238,36.61201858766351,1061
18239,36.614026045640685,1059
18240,36.61603350361786,1059
18241,36.61804096159503,1060
18242,36.6200484195722,1059
18243,36.62205587754937,1060
18244,36.62406333552654,1064
18245,36.626070793503715,1064
18246,36.628078251480886,1062
18247,36.63008570945806,1065
18248,36.63209316743523,1070
18249,36.6341006254124,1070
18250,36.63610808338957,1068
18251,36.638115541366744,1066
18252,36.640122999343916,1063
18253,36.64213045732109,1062
18254,36.64413791529826,1071
18255,36.64614537327544,1084
18256,36.64815283125261,1088
18257,36.65016028922978,1073
18258,36.65216774720695,1051
18259,36.654175205184124,1043
18260,36.656182663161296,1051
18261,36.65819012113847,1058
18262,36.66019757911564,1049
18263,36.66220503709281,1033
18264,36.66421249506998,1029
18265,36.666219953047154,1046
18266,36.668227411024326,1079
18267,36.6702348690015,1110
18268,36.67224232697867,1129
18269,36.67424978495584,1137
18270,36.67625724293301,1144
18271,36.678264700910184,1154
18272,36.68027215888736,1163
18273,36.682279616864534,1166
18274,36.684287074841706,1161
18275,36.68629453281888,1148
18276,36.68830199079605,1134
18277,36.69030944877322,1125
18278,36.69231690675039,1117
18279,36.694324364727564,1111
18280,36.696331822704735,1116
18281,36.69833928068191,1139
18282,36.70034673865908,1165
18283,36.70235419663625,1168
18284,36.70436165461342,1143
18285,36.70636911259059,1116
18286,36.708376570567765,1108
18287,36.71038402854494,1111
18288,36.712391486522115,1116
18289,36.71439894449929,1126
18290,36.71640640247646,1141
18291,36.71841386045363,1150
18292,36.7204213184308,1150
18293,36.72242877640797,1152
18294,36.724436234385145,1172
18295,36.72644369236232,1207
18296,36.72845115033949,1232
18297,36.73045860831666,1231
18298,36.73246606629383,1222
18299,36.734473524271,1225
18300,36.736480982248175,1233
18301,36.738488440225346,1227
18302,36.74049589820252,1203
18303,36.74250335617969,1179
18304,36.74451081415686,1166
18305,36.74651827213404,1158
18306,36.74852573011121,1148
18307,36.75053318808838,1145
18308,36.752540646065555,1153
18309,36.754548104042726,1162
18310,36.7565555620199,1163
18311,36.75856301999707,1156
18312,36.76057047797424,1149
18313,36.76257793595141,1148
18314,36.764585393928584,1154
18315,36.766592851905756,1168
18316,36.76860030988293,1185
18317,36.7706077678601,1196
18318,36.77261522583727,1196
18319,36.77462268381444,1187
18320,36.776630141791614,1184
18321,36.778637599768786,1199
18322,36.780645057745964,1216
18323,36.782652515723136,1215
18324,36.78465997370031,1204
18325,36.78666743167748,1210
18326,36.78867488965465,1236
18327,36.79068234763182,1256
18328,36.792689805608994,1254
18329,36.794697263586166,1235
18330,36.79670472156334,1220
18331,36.79871217954051,1222
18332,36.80071963751768,1230
18333,36.80272709549485,1230
18334,36.804734553472024,1220
18335,36.806742011449195,1208
18336,36.80874946942637,1205
18337,36.81075692740354,1214
18338,36.81276438538071,1223
18339,36.81477184335789,1223
18340,36.81677930133506,1224
18341,36.81878675931223,1236
18342,36.820794217289404,1247
18343,36.822801675266575,1243
18344,36.82480913324375,1223
18345,36.82681659122092,1202
18346,36.82882404919809,1189
18347,36.83083150717526,1178
18348,36.83283896515243,1166
18349,36.834846423129605,1152
18350,36.83685388110678,1143
18351,36.83886133908395,1152
18352,36.84086879706112,1177
18353,36.84287625503829,1202
18354,36.84488371301546,1211
18355,36.846891170992635,1202
18356,36.84889862896981,1186
18357,36.850906086946985,1176
18358,36.85291354492416,1172
18359,36.85492100290133,1172
18360,36.8569284608785,1169
18361,36.85893591885567,1155
18362,36.86094337683284,1133
18363,36.862950834810015,1121
18364,36.864958292787186,1127
18365,36.86696575076436,1145
18366,36.86897320874153,1162
18367,36.8709806667187,1169
18368,36.87298812469587,1163
18369,36.874995582673044,1150
18370,36.877003040650216,1140
18371,36.87901049862739,1140
18372,36.88101795660456,1140
18373,36.88302541458174,1140
18374,36.88503287255891,1149
18375,36.88704033053608,1159
18376,36.88904778851325,1151
18377,36.891055246490424,1134
18378,36.893062704467596,1134
18379,36.89507016244477,1156
18380,36.89707762042194,1183
18381,36.89908507839911,1197
18382,36.90109253637628,1194
18383,36.903099994353454,1183
18384,36.905107452330626,1179
18385,36.9071149103078,1181
18386,36.90912236828497,1187
18387,36.91112982626214,1198
18388,36.91313728423931,1212
18389,36.915144742216484,1223
18390,36.91715220019366,1216
18391,36.919159658170834,1182
18392,36.921167116148006,1142
18393,36.92317457412518,1131
18394,36.92518203210235,1155
18395,36.92718949007952,1180
18396,36.92919694805669,1176
18397,36.931204406033864,1144
18398,36.933211864011035,1112
18399,36.93521932198821,1104
18400,36.93722677996538,1121
18401,36.93923423794255,1151
18402,36.94124169591972,1173
18403,36.94324915389689,1168
18404,36.945256611874065,1141
18405,36.94726406985124,1120
18406,36.94927152782841,1125
18407,36.95127898580559,1141
18408,36.95328644378276,1152
18409,36.95529390175993,1159
18410,36.9573013597371,1168
18411,36.95930881771427,1179
18412,36.961316275691445,1187
18413,36.96332373366862,1193
18414,36.96533119164579,1194
18415,36.96733864962296,1190
18416,36.96934610760013,1179
18417,36.9713535655773,1165
18418,36.973361023554475,1160
18419,36.975368481531646,1165
18420,36.97737593950882,1169
18421,36.97938339748599,1151
18422,36.98139085546316,1120
18423,36.98339831344033,1108
18424,36.98540577141751,1123
18425,36.98741322939468,1143
18426,36.989420687371855,1149
18427,36.991428145349026,1141
18428,36.9934356033262,1130
18429,36.99544306130337,1122
18430,36.99745051928054,1118
18431,36.99945797725771,1116
18432,37.001465435234884,1109
18433,37.003472893212056,1097
18434,37.00548035118923,1090
18435,37.0074878091664,1091
18436,37.00949526714357,1088
18437,37.01150272512074,1078
18438,37.013510183097914,1076
18439,37.015517641075085,1087
18440,37.01752509905226,1097
18441,37.019532557029436,1101
18442,37.02154001500661,1105
18443,37.02354747298378,1107
18444,37.02555493096095,1107
18445,37.02756238893812,1111
18446,37.029569846915294,1122
18447,37.031577304892465,1124
18448,37.03358476286964,1106
18449,37.03559222084681,1084
18450,37.03759967882398,1076
18451,37.03960713680115,1080
18452,37.04161459477832,1082
18453,37.043622052755495,1080
18454,37.04562951073267,1079
18455,37.04763696870984,1083
18456,37.04964442668701,1089
18457,37.05165188466418,1094
18458,37.05365934264136,1100
18459,37.05566680061853,1108
18460,37.0576742585957,1113
18461,37.059681716572875,1112
18462,37.06168917455005,1109
18463,37.06369663252722,1109
18464,37.06570409050439,1116
18465,37.06771154848156,1120
18466,37.06971900645873,1117
18467,37.071726464435905,1108
18468,37.073733922413076,1105
18469,37.07574138039025,1116
18470,37.07774883836742,1133
18471,37.07975629634459,1142
18472,37.08176375432176,1140
18473,37.083771212298934,1137
18474,37.085778670276106,1131
18475,37.087786128253285,1113
18476,37.089793586230456,1091
18477,37.09180104420763,1090
18478,37.0938085021848,1119
18479,37.09581596016197,1153
18480,37.09782341813914,1156
18481,37.099830876116314,1125
18482,37.101838334093486,1091
18483,37.10384579207066,1083
18484,37.10585325004783,1099
18485,37.107860708025,1120
18486,37.10986816600217,1128
18487,37.111875623979344,1115
18488,37.113883081956516,1090
18489,37.11589053993369,1073
18490,37.11789799791086,1071
18491,37.11990545588803,1077
18492,37.12191291386521,1081
18493,37.12392037184238,1083
18494,37.12592782981955,1086
18495,37.127935287796724,1091
18496,37.129942745773896,1097
18497,37.13195020375107,1103
18498,37.13395766172824,1105
18499,37.13596511970541,1102
18500,37.13797257768258,1095
18501,37.139980035659754,1091
18502,37.141987493636925,1087
18503,37.1439949516141,1086
18504,37.14600240959127,1095
18505,37.14800986756844,1110
18506,37.15001732554561,1117
18507,37.15202478352278,1104
18508,37.15403224149996,1086
18509,37.156039699477134,1085
18510,37.158047157454305,1103
18511,37.16005461543148,1119
18512,37.16206207340865,1122
18513,37.16406953138582,1115
18514,37.16607698936299,1104
18515,37.16808444734016,1096
18516,37.170091905317335,1096
18517,37.17209936329451,1095
18518,37.17410682127168,1087
18519,37.17611427924885,1074
18520,37.17812173722602,1068
18521,37.18012919520319,1076
18522,37.182136653180365,1090
18523,37.184144111157536,1099
18524,37.18615156913471,1107
18525,37.18815902711189,1116
18526,37.19016648508906,1121
18527,37.19217394306623,1113
18528,37.1941814010434,1096
18529,37.19618885902057,1083
18530,37.198196316997745,1080
18531,37.200203774974916,1081
18532,37.20221123295209,1076
18533,37.20421869092926,1073
18534,37.20622614890643,1075
18535,37.2082336068836,1077
18536,37.210241064860774,1075
18537,37.212248522837946,1071
18538,37.21425598081512,1066
18539,37.21626343879229,1056
18540,37.21827089676946,1047
18541,37.22027835474663,1048
18542,37.22228581272381,1048
18543,37.22429327070098,1037
18544,37.226300728678154,1023
18545,37.228308186655326,1016
18546,37.2303156446325,1020
18547,37.23232310260967,1029
18548,37.23433056058684,1044
18549,37.23633801856401,1067
18550,37.238345476541184,1093
18551,37.240352934518356,1114
18552,37.24236039249553,1123
18553,37.2443678504727,1118
18554,37.24637530844987,1100
18555,37.24838276642704,1076
18556,37.250390224404214,1053
18557,37.252397682381385,1043
18558,37.25440514035856,1053
18559,37.256412598335736,1074
18560,37.25842005631291,1088
18561,37.26042751429008,1085
18562,37.26243497226725,1073
18563,37.26444243024442,1072
18564,37.266449888221594,1084
18565,37.268457346198765,1099
18566,37.27046480417594,1112
18567,37.27247226215311,1130
18568,37.27447972013028,1153
18569,37.27648717810745,1165
18570,37.27849463608462,1152
18571,37.280502094061795,1123
18572,37.28250955203897,1103
18573,37.28451701001614,1109
18574,37.28652446799331,1132
18575,37.28853192597048,1151
18576,37.29053938394766,1156
18577,37.29254684192483,1148
18578,37.294554299902,1136
18579,37.296561757879175,1132
18580,37.29856921585635,1141
18581,37.30057667383352,1154
18582,37.30258413181069,1161
18583,37.30459158978786,1159
18584,37.30659904776503,1155
18585,37.308606505742205,1154
18586,37.310613963719376,1149
18587,37.31262142169655,1126
18588,37.31462887967372,1092
18589,37.31663633765089,1072
18590,37.31864379562806,1081
18591,37.320651253605234,1096
18592,37.322658711582406,1096
18593,37.324666169559585,1091
18594,37.326673627536756,1099
18595,37.32868108551393,1115
18596,37.3306885434911,1122
18597,37.33269600146827,1120
18598,37.33470345944544,1120
18599,37.336710917422614,1130
18600,37.338718375399786,1138
18601,37.34072583337696,1131
18602,37.34273329135413,1117
18603,37.3447407493313,1109
18604,37.34674820730847,1116
18605,37.348755665285644,1133
18606,37.350763123262816,1145
18607,37.35277058123999,1149
18608,37.35477803921716,1155
18609,37.35678549719433,1170
18610,37.35879295517151,1182
18611,37.36080041314868,1181
18612,37.36280787112585,1175
18613,37.364815329103024,1183
18614,37.366822787080196,1196
18615,37.36883024505737,1191
18616,37.37083770303454,1171
18617,37.37284516101171,1162
18618,37.37485261898888,1168
18619,37.376860076966054,1173
18620,37.378867534943225,1165
18621,37.3808749929204,1145
18622,37.38288245089757,1115
18623,37.38488990887474,1079
18624,37.38689736685191,1050
18625,37.38890482482908,1041
18626,37.390912282806255,1049
18627,37.392919740783434,1059
18628,37.394927198760605,1059
18629,37.39693465673778,1052
18630,37.39894211471495,1045
18631,37.40094957269212,1044
18632,37.40295703066929,1051
18633,37.40496448864646,1063
18634,37.406971946623635,1069
18635,37.40897940460081,1076
18636,37.41098686257798,1093
18637,37.41299432055515,1104
18638,37.41500177853232,1095
18639,37.41700923650949,1078
18640,37.419016694486665,1075
18641,37.421024152463836,1100
18642,37.42303161044101,1139
18643,37.42503906841818,1167
18644,37.42704652639536,1173
18645,37.42905398437253,1170
18646,37.4310614423497,1179
18647,37.43306890032687,1211
18648,37.435076358304045,1241
18649,37.437083816281216,1233
18650,37.43909127425839,1188
18651,37.44109873223556,1142
18652,37.44310619021273,1125
18653,37.4451136481899,1129
18654,37.447121106167074,1132
18655,37.449128564144246,1136
18656,37.45113602212142,1145
18657,37.45314348009859,1140
18658,37.45515093807576,1109
18659,37.45715839605293,1082
18660,37.459165854030104,1089
18661,37.46117331200728,1113
18662,37.463180769984454,1121
18663,37.465188227961626,1110
18664,37.4671956859388,1102
18665,37.46920314391597,1105
18666,37.47121060189314,1115
18667,37.47321805987031,1125
18668,37.475225517847484,1129
18669,37.477232975824656,1121
18670,37.47924043380183,1113
18671,37.481247891779,1118
18672,37.48325534975617,1133
18673,37.48526280773334,1147
18674,37.487270265710514,1153
18675,37.489277723687685,1149
18676,37.49128518166486,1135
18677,37.49329263964203,1121
18678,37.49530009761921,1116
18679,37.49730755559638,1120
18680,37.49931501357355,1126
18681,37.50132247155072,1133
18682,37.503329929527894,1131
18683,37.505337387505065,1121
18684,37.50734484548224,1112
18685,37.50935230345941,1111
18686,37.51135976143658,1109
18687,37.51336721941375,1102
18688,37.51537467739092,1097
18689,37.517382135368095,1105
18690,37.51938959334527,1119
18691,37.52139705132244,1126
18692,37.52340450929961,1119
18693,37.52541196727678,1107
18694,37.52741942525395,1101
18695,37.52942688323113,1098
18696,37.5314343412083,1087
18697,37.533441799185475,1071
18698,37.53544925716265,1066
18699,37.53745671513982,1077
18700,37.53946417311699,1089
18701,37.54147163109416,1089
18702,37.54347908907133,1071
18703,37.545486547048505,1041
18704,37.547494005025676,1019
18705,37.54950146300285,1019
18706,37.55150892098002,1033
18707,37.55351637895719,1042
18708,37.55552383693436,1041
18709,37.557531294911534,1040
18710,37.559538752888706,1048
18711,37.56154621086588,1064
18712,37.563553668843056,1079
18713,37.56556112682023,1081
18714,37.5675685847974,1071
18715,37.56957604277457,1071
18716,37.57158350075174,1091
18717,37.573590958728914,1114
18718,37.575598416706086,1124
18719,37.57760587468326,1125
18720,37.57961333266043,1125
18721,37.5816207906376,1121
18722,37.58362824861477,1115
18723,37.585635706591944,1119
18724,37.587643164569116,1135
18725,37.58965062254629,1147
18726,37.59165808052346,1139
18727,37.59366553850063,1120
18728,37.59567299647781,1114
18729,37.59768045445498,1127
18730,37.59968791243215,1139
18731,37.601695370409324,1137
18732,37.603702828386496,1130
18733,37.60571028636367,1131
18734,37.60771774434084,1137
18735,37.60972520231801,1137
18736,37.61173266029518,1128
18737,37.613740118272354,1112
18738,37.615747576249525,1102
18739,37.6177550342267,1101
18740,37.61976249220387,1104
18741,37.62176995018104,1104
18742,37.62377740815821,1105
18743,37.62578486613538,1115
18744,37.627792324112555,1132
18745,37.629799782089734,1134
18746,37.631807240066905,1120
18747,37.63381469804408,1110
18748,37.63582215602125,1124
18749,37.63782961399842,1151
18750,37.63983707197559,1168
18751,37.64184452995276,1165
18752,37.643851987929935,1157
18753,37.64585944590711,1158
18754,37.64786690388428,1157
18755,37.64987436186145,1148
18756,37.65188181983862,1144
18757,37.65388927781579,1149
18758,37.655896735792965,1151
18759,37.657904193770136,1140
18760,37.65991165174731,1126
18761,37.66191910972448,1120
18762,37.66392656770166,1120
18763,37.66593402567883,1123
18764,37.667941483656,1127
18765,37.66994894163317,1127
18766,37.671956399610345,1124
18767,37.673963857587516,1117
18768,37.67597131556469,1114
18769,37.67797877354186,1123
18770,37.67998623151903,1140
18771,37.6819936894962,1147
18772,37.684001147473374,1140
18773,37.686008605450546,1134
18774,37.68801606342772,1145
18775,37.69002352140489,1161
18776,37.69203097938206,1160
18777,37.69403843735923,1144
18778,37.696045895336404,1128
18779,37.69805335331358,1130
18780,37.700060811290754,1148
18781,37.702068269267926,1161
18782,37.7040757272451,1151
18783,37.70608318522227,1127
18784,37.70809064319944,1113
18785,37.71009810117661,1115
18786,37.712105559153784,1117
18787,37.714113017130956,1108
18788,37.71612047510813,1113
18789,37.7181279330853,1150
18790,37.72013539106247,1189
18791,37.72214284903964,1188
18792,37.724150307016814,1154
18793,37.726157764993985,1135
18794,37.72816522297116,1154
18795,37.73017268094833,1178
18796,37.73218013892551,1165
18797,37.73418759690268,1117
18798,37.73619505487985,1070
18799,37.73820251285702,1047
18800,37.740209970834194,1042
18801,37.742217428811365,1043
18802,37.74422488678854,1053
18803,37.74623234476571,1078
18804,37.74823980274288,1109
18805,37.75024726072005,1133
18806,37.75225471869722,1137
18807,37.754262176674395,1122
18808,37.75626963465157,1106
18809,37.75827709262874,1107
18810,37.76028455060591,1121
18811,37.76229200858308,1121
18812,37.76429946656025,1105
18813,37.76630692453743,1099
18814,37.7683143825146,1116
18815,37.770321840491775,1137
18816,37.77232929846895,1137
18817,37.77433675644612,1133
18818,37.77634421442329,1156
18819,37.77835167240046,1206
18820,37.78035913037763,1253
18821,37.782366588354805,1261
18822,37.784374046331976,1220
18823,37.78638150430915,1164
18824,37.78838896228632,1141
18825,37.79039642026349,1160
18826,37.79240387824066,1191
18827,37.794411336217834,1202
18828,37.796418794195006,1188
18829,37.79842625217218,1159
18830,37.800433710149356,1132
18831,37.80244116812653,1121
18832,37.8044486261037,1125
18833,37.80645608408087,1136
18834,37.80846354205804,1150
18835,37.810471000035214,1170
18836,37.812478458012386,1194
18837,37.81448591598956,1220
18838,37.81649337396673,1249
18839,37.8185008319439,1271
18840,37.82050828992107,1274
18841,37.822515747898244,1265
18842,37.824523205875415,1266
18843,37.82653066385259,1286
18844,37.82853812182976,1309
18845,37.83054557980693,1314
18846,37.8325530377841,1292
18847,37.83456049576128,1244
18848,37.83656795373845,1191
18849,37.838575411715624,1163
18850,37.840582869692795,1169
18851,37.84259032766997,1187
18852,37.84459778564714,1193
18853,37.84660524362431,1181
18854,37.84861270160148,1170
18855,37.850620159578654,1170
18856,37.852627617555825,1178
18857,37.854635075533,1187
18858,37.85664253351017,1197
18859,37.85864999148734,1212
18860,37.86065744946451,1222
18861,37.86266490744168,1213
18862,37.864672365418855,1194
18863,37.86667982339603,1182
18864,37.868687281373205,1181
18865,37.87069473935038,1184
18866,37.87270219732755,1191
18867,37.87470965530472,1194
18868,37.87671711328189,1183
18869,37.87872457125906,1165
18870,37.880732029236235,1157
18871,37.88273948721341,1161
18872,37.88474694519058,1159
18873,37.88675440316775,1143
18874,37.88876186114492,1124
18875,37.89076931912209,1120
18876,37.892776777099265,1139
18877,37.894784235076436,1162
18878,37.89679169305361,1168
18879,37.89879915103078,1154
18880,37.90080660900795,1140
18881,37.90281406698513,1139
18882,37.9048215249623,1153
18883,37.90682898293947,1173
18884,37.908836440916645,1186
18885,37.910843898893816,1181
18886,37.91285135687099,1163
18887,37.91485881484816,1147
18888,37.91686627282533,1137
18889,37.9188737308025,1138
18890,37.920881188779674,1152
18891,37.922888646756846,1168
18892,37.92489610473402,1175
18893,37.92690356271119,1179
18894,37.92891102068836,1181
18895,37.93091847866553,1175
18896,37.932925936642704,1165
18897,37.934933394619875,1166
18898,37.936940852597054,1178
18899,37.938948310574226,1189
18900,37.9409557685514,1187
18901,37.94296322652857,1173
18902,37.94497068450574,1160
18903,37.94697814248291,1157
18904,37.948985600460084,1165
18905,37.950993058437255,1186
18906,37.95300051641443,1218
18907,37.9550079743916,1244
18908,37.95701543236877,1249
18909,37.95902289034594,1247
18910,37.96103034832311,1258
18911,37.963037806300285,1276
18912,37.96504526427746,1280
18913,37.96705272225463,1269
18914,37.9690601802318,1264
18915,37.97106763820898,1277
18916,37.97307509618615,1289
18917,37.97508255416332,1279
18918,37.97709001214049,1253
18919,37.979097470117665,1235
18920,37.98110492809484,1235
18921,37.98311238607201,1240
18922,37.98511984404918,1234
18923,37.98712730202635,1226
18924,37.98913476000352,1235
18925,37.991142217980695,1253
18926,37.993149675957866,1258
18927,37.99515713393504,1245
18928,37.99716459191221,1228
18929,37.99917204988938,1219
18930,38.00117950786655,1219
18931,38.003186965843724,1217
18932,38.0051944238209,1210
18933,38.007201881798075,1204
18934,38.009209339775246,1202
18935,38.01121679775242,1199
18936,38.01322425572959,1196
18937,38.01523171370676,1199
18938,38.01723917168393,1208
18939,38.019246629661104,1215
18940,38.021254087638276,1215
18941,38.02326154561545,1213
18942,38.02526900359262,1214
18943,38.02727646156979,1208
18944,38.02928391954696,1188
18945,38.031291377524134,1162
18946,38.033298835501306,1145
18947,38.03530629347848,1142
18948,38.03731375145565,1145
18949,38.03932120943283,1136
18950,38.04132866741,1106
18951,38.04333612538717,1074
18952,38.04534358336434,1062
18953,38.047351041341514,1070
18954,38.049358499318686,1072
18955,38.05136595729586,1055
18956,38.05337341527303,1032
18957,38.0553808732502,1024
18958,38.05738833122737,1035
18959,38.059395789204544,1051
18960,38.061403247181715,1059
18961,38.06341070515889,1057
18962,38.06541816313606,1049
18963,38.06742562111323,1043
18964,38.0694330790904,1045
18965,38.07144053706758,1053
18966,38.07344799504475,1060
18967,38.075455453021924,1061
18968,38.077462910999095,1062
18969,38.07947036897627,1073
18970,38.08147782695344,1104
18971,38.08348528493061,1159
18972,38.08549274290778,1212
18973,38.08750020088495,1228
18974,38.089507658862125,1208
18975,38.0915151168393,1182
18976,38.09352257481647,1170
18977,38.09553003279364,1165
18978,38.09753749077081,1150
18979,38.09954494874798,1129
18980,38.101552406725155,1124
18981,38.103559864702326,1136
18982,38.105567322679505,1136
18983,38.10757478065668,1110
18984,38.10958223863385,1081
18985,38.11158969661102,1082
18986,38.11359715458819,1112
18987,38.11560461256536,1140
18988,38.117612070542535,1137
18989,38.119619528519706,1106
18990,38.12162698649688,1077
18991,38.12363444447405,1062
18992,38.12564190245122,1052
18993,38.12764936042839,1041
18994,38.129656818405564,1037
18995,38.131664276382736,1051
18996,38.13367173435991,1075
18997,38.13567919233708,1098
18998,38.13768665031425,1121
18999,38.13969410829143,1149
19000,38.1417015662686,1178
19001,38.14370902424577,1198
19002,38.145716482222944,1211
19003,38.147723940200116,1221
19004,38.14973139817729,1221
19005,38.15173885615446,1205
19006,38.15374631413163,1182
19007,38.1557537721088,1161
19008,38.157761230085974,1141
19009,38.159768688063146,1121
19010,38.16177614604032,1113
19011,38.16378360401749,1119
19012,38.16579106199466,1124
19013,38.16779851997183,1106
19014,38.169805977949004,1073
19015,38.171813435926175,1053
19016,38.173820893903354,1051
19017,38.175828351880526,1048
19018,38.1778358098577,1032
19019,38.17984326783487,1008
19020,38.18185072581204,988
19021,38.18385818378921,990
19022,38.185865641766384,1020
19023,38.187873099743555,1065
19024,38.18988055772073,1096
19025,38.1918880156979,1104
19026,38.19389547367507,1110
19027,38.19590293165224,1128
19028,38.19791038962941,1148
19029,38.199917847606585,1150
19030,38.20192530558376,1133
19031,38.20393276356093,1108
19032,38.2059402215381,1081
19033,38.20794767951528,1061
19034,38.20995513749245,1049
19035,38.21196259546962,1042
19036,38.21397005344679,1041
19037,38.215977511423965,1047
19038,38.21798496940114,1056
19039,38.21999242737831,1058
19040,38.22199988535548,1057
19041,38.22400734333265,1059
19042,38.22601480130982,1063
19043,38.228022259286995,1071
19044,38.230029717264166,1079
19045,38.23203717524134,1085
19046,38.23404463321851,1087
19047,38.23605209119568,1080
19048,38.23805954917285,1064
19049,38.240067007150024,1056
19050,38.2420744651272,1069
19051,38.244081923104375,1088
19052,38.246089381081546,1103
19053,38.24809683905872,1120
19054,38.25010429703589,1137
19055,38.25211175501306,1144
19056,38.25411921299023,1141
19057,38.256126670967404,1141
19058,38.258134128944576,1148
19059,38.26014158692175,1155
19060,38.26214904489892,1143
19061,38.26415650287609,1111
19062,38.26616396085326,1079
19063,38.268171418830434,1061
19064,38.270178876807606,1053
19065,38.27218633478478,1046
19066,38.27419379276195,1038
19067,38.27620125073913,1038
19068,38.2782087087163,1051
19069,38.28021616669347,1069
19070,38.28222362467064,1086
19071,38.284231082647814,1101
19072,38.286238540624986,1107
19073,38.28824599860216,1102
19074,38.29025345657933,1104
19075,38.2922609145565,1123
19076,38.29426837253367,1139
19077,38.296275830510844,1126
19078,38.298283288488015,1106
19079,38.30029074646519,1123
19080,38.30229820444236,1181
19081,38.30430566241953,1225
19082,38.3063131203967,1223
19083,38.30832057837387,1200
19084,38.31032803635105,1199
19085,38.312335494328224,1231
19086,38.314342952305395,1268
19087,38.31635041028257,1268
19088,38.31835786825974,1223
19089,38.32036532623691,1168
19090,38.32237278421408,1139
19091,38.32438024219125,1142
19092,38.326387700168425,1152
19093,38.3283951581456,1148
19094,38.33040261612277,1135
19095,38.33241007409994,1136
19096,38.33441753207711,1169
19097,38.33642499005428,1215
19098,38.338432448031455,1241
19099,38.340439906008626,1241
19100,38.3424473639858,1236
19101,38.34445482196298,1242
19102,38.34646227994015,1262
19103,38.34846973791732,1294
19104,38.35047719589449,1315
19105,38.35248465387166,1309
19106,38.354492111848835,1290
19107,38.356499569826006,1279
19108,38.35850702780318,1280
19109,38.36051448578035,1296
19110,38.36252194375752,1319
19111,38.36452940173469,1328
19112,38.366536859711864,1307
19113,38.368544317689036,1259
19114,38.37055177566621,1205
19115,38.37255923364338,1173
19116,38.37456669162055,1184
19117,38.37657414959772,1223
19118,38.3785816075749,1250
19119,38.38058906555207,1243
19120,38.382596523529244,1218
19121,38.384603981506416,1211
19122,38.38661143948359,1232
19123,38.38861889746076,1260
19124,38.39062635543793,1269
19125,38.3926338134151,1258
19126,38.394641271392274,1237
19127,38.396648729369446,1213
19128,38.39865618734662,1190
19129,38.40066364532379,1171
19130,38.40267110330096,1168
19131,38.40467856127813,1179
19132,38.406686019255304,1181
19133,38.408693477232475,1160
19134,38.41070093520965,1138
19135,38.412708393186826,1134
19136,38.414715851164,1138
19137,38.41672330914117,1135
19138,38.41873076711834,1132
19139,38.42073822509551,1143
19140,38.422745683072684,1167
19141,38.424753141049855,1190
19142,38.42676059902703,1202
19143,38.4287680570042,1200
19144,38.43077551498137,1189
19145,38.43278297295854,1177
19146,38.43479043093571,1168
19147,38.436797888912885,1164
19148,38.43880534689006,1160
19149,38.44081280486723,1145
19150,38.4428202628444,1120
19151,38.44482772082157,1095
19152,38.44683517879875,1074
19153,38.44884263677592,1062
19154,38.45085009475309,1061
19155,38.452857552730265,1069
19156,38.45486501070744,1074
19157,38.45687246868461,1066
19158,38.45887992666178,1046
19159,38.46088738463895,1026
19160,38.46289484261612,1011
19161,38.464902300593295,995
19162,38.466909758570466,981
19163,38.46891721654764,981
19164,38.47092467452481,997
19165,38.47293213250198,1017
19166,38.47493959047915,1031
19167,38.476947048456324,1043
19168,38.478954506433496,1053
19169,38.480961964410675,1059
19170,38.482969422387846,1067
19171,38.48497688036502,1078
19172,38.48698433834219,1087
19173,38.48899179631936,1094
19174,38.49099925429653,1101
19175,38.493006712273704,1105
19176,38.495014170250876,1097
19177,38.49702162822805,1078
19178,38.49902908620522,1056
19179,38.50103654418239,1045
19180,38.50304400215956,1042
19181,38.505051460136734,1045
19182,38.507058918113906,1057
19183,38.50906637609108,1072
19184,38.51107383406825,1080
19185,38.51308129204543,1082
19186,38.5150887500226,1082
19187,38.51709620799977,1083
19188,38.51910366597694,1081
19189,38.521111123954114,1080
19190,38.523118581931286,1080
19191,38.52512603990846,1074
19192,38.52713349788563,1063
19193,38.5291409558628,1050
19194,38.53114841383997,1037
19195,38.533155871817144,1023
19196,38.535163329794315,1013
19197,38.53717078777149,1015
19198,38.53917824574866,1031
19199,38.54118570372583,1048
19200,38.543193161703,1058
19201,38.54520061968017,1061
19202,38.54720807765735,1060
19203,38.549215535634524,1047
19204,38.551222993611695,1020
19205,38.55323045158887,1000
19206,38.55523790956604,1007
19207,38.55724536754321,1035
19208,38.55925282552038,1052
19209,38.56126028349755,1039
19210,38.563267741474725,1012
19211,38.5652751994519,1002
19212,38.56728265742907,1018
19213,38.56929011540624,1039
19214,38.57129757338341,1049
19215,38.57330503136058,1051
19216,38.575312489337755,1051
19217,38.577319947314926,1047
19218,38.5793274052921,1037
19219,38.58133486326928,1031
19220,38.58334232124645,1035
19221,38.58534977922362,1048
19222,38.58735723720079,1056
19223,38.58936469517796,1055
19224,38.591372153155135,1053
19225,38.593379611132306,1049
19226,38.59538706910948,1037
19227,38.59739452708665,1023
19228,38.59940198506382,1019
19229,38.60140944304099,1036
19230,38.603416901018164,1052
19231,38.605424358995336,1040
19232,38.60743181697251,1005
19233,38.60943927494968,985
19234,38.61144673292685,995
19235,38.61345419090402,1007
19236,38.6154616488812,999
19237,38.61746910685837,983
19238,38.619476564835544,979
19239,38.621484022812716,990
19240,38.62349148078989,1003
19241,38.62549893876706,1009
19242,38.62750639674423,1004
19243,38.6295138547214,992
19244,38.631521312698574,980
19245,38.633528770675746,978
19246,38.63553622865292,986
19247,38.63754368663009,992
19248,38.63955114460726,987
19249,38.64155860258443,971
19250,38.643566060561604,961
19251,38.645573518538775,968
19252,38.64758097651595,980
19253,38.649588434493126,983
19254,38.6515958924703,976
19255,38.65360335044747,966
19256,38.65561080842464,958
19257,38.65761826640181,959
19258,38.659625724378984,973
19259,38.661633182356155,992
19260,38.66364064033333,1011
19261,38.6656480983105,1030
19262,38.66765555628767,1040
19263,38.66966301426484,1033
19264,38.67167047224201,1025
19265,38.673677930219185,1035
19266,38.67568538819636,1047
19267,38.67769284617353,1048
19268,38.6797003041507,1048
19269,38.68170776212787,1053
19270,38.68371522010505,1052
19271,38.68572267808222,1039
19272,38.68773013605939,1027
19273,38.689737594036565,1023
19274,38.69174505201374,1023
19275,38.69375250999091,1023
19276,38.69575996796808,1028
19277,38.69776742594525,1043
19278,38.69977488392242,1051
19279,38.701782341899595,1039
19280,38.703789799876766,1015
19281,38.70579725785394,992
19282,38.70780471583111,974
19283,38.70981217380828,962
19284,38.71181963178545,952
19285,38.713827089762624,944
19286,38.715834547739796,946
19287,38.717842005716975,964
19288,38.719849463694146,992
19289,38.72185692167132,1013
19290,38.72386437964849,1019
19291,38.72587183762566,1021
19292,38.72787929560283,1031
19293,38.729886753580004,1049
19294,38.731894211557176,1071
19295,38.73390166953435,1086
19296,38.73590912751152,1081
19297,38.73791658548869,1059
19298,38.73992404346586,1036
19299,38.741931501443034,1032
19300,38.743938959420205,1048
19301,38.74594641739738,1073
19302,38.74795387537455,1098
19303,38.74996133335172,1117
19304,38.7519687913289,1129
19305,38.75397624930607,1134
19306,38.75598370728324,1136
19307,38.757991165260414,1137
19308,38.759998623237585,1134
19309,38.76200608121476,1130
19310,38.76401353919193,1134
19311,38.7660209971691,1148
19312,38.76802845514627,1165
19313,38.77003591312344,1173
19314,38.772043371100615,1169
19315,38.77405082907779,1158
19316,38.77605828705496,1151
19317,38.77806574503213,1151
19318,38.7800732030093,1153
19319,38.78208066098647,1142
19320,38.784088118963645,1117
19321,38.78609557694082,1094
19322,38.788103034917995,1086
19323,38.79011049289517,1091
19324,38.79211795087234,1111
19325,38.79412540884951,1144
19326,38.79613286682668,1171
19327,38.79814032480385,1174
19328,38.800147782781025,1167
19329,38.802155240758196,1173
19330,38.80416269873537,1186
19331,38.80617015671254,1191
19332,38.80817761468971,1186
19333,38.81018507266688,1181
19334,38.812192530644055,1181
19335,38.814199988621226,1180
19336,38.8162074465984,1168
19337,38.81821490457557,1141
19338,38.82022236255275,1109
19339,38.82222982052992,1087
19340,38.82423727850709,1073
19341,38.82624473648426,1061
19342,38.828252194461434,1050
19343,38.830259652438606,1052
19344,38.83226711041578,1078
19345,38.83427456839295,1113
19346,38.83628202637012,1134
19347,38.83828948434729,1145
19348,38.840296942324464,1161
19349,38.842304400301636,1187
19350,38.84431185827881,1210
19351,38.84631931625598,1222
19352,38.84832677423315,1221
19353,38.85033423221032,1213
19354,38.852341690187494,1205
19355,38.85434914816467,1211
19356,38.856356606141844,1229
19357,38.858364064119016,1241
19358,38.86037152209619,1238
19359,38.86237898007336,1229
19360,38.86438643805053,1225
19361,38.8663938960277,1231
19362,38.868401354004874,1239
19363,38.870408811982045,1235
19364,38.87241626995922,1225
19365,38.87442372793639,1227
19366,38.87643118591356,1247
19367,38.87843864389073,1264
19368,38.8804461018679,1264
19369,38.882453559845075,1266
19370,38.88446101782225,1281
19371,38.88646847579942,1294
19372,38.8884759337766,1295
19373,38.89048339175377,1293
19374,38.89249084973094,1293
19375,38.89449830770811,1282
19376,38.89650576568528,1247
19377,38.898513223662455,1195
19378,38.90052068163963,1154
19379,38.9025281396168,1142
19380,38.90453559759397,1147
19381,38.90654305557114,1139
19382,38.90855051354831,1115
19383,38.910557971525485,1092
19384,38.912565429502656,1082
19385,38.91457288747983,1081
19386,38.916580345457,1079
19387,38.91858780343417,1072
19388,38.92059526141134,1062
19389,38.92260271938852,1057
19390,38.92461017736569,1060
19391,38.926617635342865,1061
19392,38.928625093320036,1052
19393,38.93063255129721,1037
19394,38.93264000927438,1034
19395,38.93464746725155,1052
19396,38.93665492522872,1072
19397,38.938662383205894,1069
19398,38.940669841183066,1046
19399,38.94267729916024,1030
19400,38.94468475713741,1042
19401,38.94669221511458,1075
19402,38.94869967309175,1100
19403,38.950707131068924,1105
19404,38.952714589046096,1098
19405,38.95472204702327,1093
19406,38.956729505000446,1095
19407,38.95873696297762,1106
19408,38.96074442095479,1111
19409,38.96275187893196,1106
19410,38.96475933690913,1105
19411,38.966766794886304,1113
19412,38.968774252863476,1119
19413,38.97078171084065,1119
19414,38.97278916881782,1117
19415,38.97479662679499,1120
19416,38.97680408477216,1126
19417,38.978811542749334,1129
19418,38.980819000726505,1129
19419,38.98282645870368,1135
19420,38.98483391668085,1145
19421,38.98684137465802,1143
19422,38.9888488326352,1128
19423,38.99085629061237,1120
19424,38.99286374858954,1128
19425,38.994871206566714,1136
19426,38.996878664543885,1140
19427,38.99888612252106,1146
19428,39.00089358049823,1145
19429,39.0029010384754,1117
19430,39.00490849645257,1080
19431,39.00691595442974,1079
19432,39.008923412406915,1116
19433,39.01093087038409,1137
19434,39.01293832836126,1110
19435,39.01494578633843,1069
19436,39.0169532443156,1065
19437,39.01896070229277,1099
19438,39.020968160269945,1151
19439,39.02297561824712,1198
19440,39.024983076224295,1232
19441,39.02699053420147,1247
19442,39.02899799217864,1248
19443,39.03100545015581,1229
19444,39.03301290813298,1189
19445,39.03502036611015,1154
19446,39.037027824087325,1146
19447,39.039035282064496,1160
19448,39.04104274004167,1174
19449,39.04305019801884,1174
19450,39.04505765599601,1158
19451,39.04706511397318,1133
19452,39.049072571950354,1117
19453,39.051080029927526,1124
19454,39.0530874879047,1143
19455,39.05509494588187,1150
19456,39.05710240385905,1129
19457,39.05910986183622,1096
19458,39.06111731981339,1090
19459,39.06312477779056,1122
19460,39.065132235767734,1154
19461,39.067139693744906,1150
19462,39.06914715172208,1133
19463,39.07115460969925,1145
19464,39.07316206767642,1190
19465,39.07516952565359,1235
19466,39.077176983630764,1253
19467,39.079184441607936,1243
19468,39.08119189958511,1232
19469,39.08319935756228,1234
19470,39.08520681553945,1237
19471,39.08721427351662,1223
19472,39.089221731493794,1193
19473,39.09122918947097,1161
19474,39.093236647448144,1151
19475,39.095244105425316,1175
19476,39.09725156340249,1208
19477,39.09925902137966,1215
19478,39.10126647935683,1197
19479,39.103273937334,1184
19480,39.105281395311174,1187
19481,39.107288853288345,1196
19482,39.10929631126552,1210
19483,39.11130376924269,1227
19484,39.11331122721986,1243
19485,39.11531868519703,1244
19486,39.1173261431742,1231
19487,39.119333601151375,1213
19488,39.12134105912855,1203
19489,39.12334851710572,1208
19490,39.1253559750829,1222
19491,39.12736343306007,1232
19492,39.12937089103724,1230
19493,39.13137834901441,1220
19494,39.13338580699158,1213
19495,39.135393264968755,1214
19496,39.13740072294593,1214
19497,39.1394081809231,1206
19498,39.14141563890027,1197
19499,39.14342309687744,1202
19500,39.14543055485461,1216
19501,39.147438012831785,1220
19502,39.149445470808956,1206
19503,39.15145292878613,1189
19504,39.1534603867633,1192
19505,39.15546784474047,1213
19506,39.15747530271764,1232
19507,39.15948276069482,1230
19508,39.16149021867199,1213
19509,39.163497676649165,1199
19510,39.165505134626336,1201
19511,39.16751259260351,1220
19512,39.16952005058068,1251
19513,39.17152750855785,1281
19514,39.17353496653502,1296
19515,39.175542424512194,1300
19516,39.177549882489366,1299
19517,39.17955734046654,1290
19518,39.18156479844371,1281
19519,39.18357225642088,1290
19520,39.18557971439805,1312
19521,39.187587172375224,1316
19522,39.189594630352396,1292
19523,39.19160208832957,1262
19524,39.193609546306746,1248
19525,39.19561700428392,1249
19526,39.19762446226109,1254
19527,39.19963192023826,1262
19528,39.20163937821543,1279
19529,39.203646836192604,1299
19530,39.205654294169776,1306
19531,39.20766175214695,1293
19532,39.20966921012412,1274
19533,39.21167666810129,1267
19534,39.21368412607846,1271
19535,39.215691584055634,1274
19536,39.217699042032805,1275
19537,39.21970650000998,1279
19538,39.22171395798715,1280
19539,39.22372141596432,1275
19540,39.22572887394149,1268
19541,39.22773633191867,1267
19542,39.22974378989584,1271
19543,39.231751247873014,1273
19544,39.233758705850185,1283
19545,39.23576616382736,1308
19546,39.23777362180453,1334
19547,39.2397810797817,1342
19548,39.24178853775887,1331
19549,39.24379599573604,1327
19550,39.245803453713215,1350
19551,39.24781091169039,1382
19552,39.24981836966756,1391
19553,39.25182582764473,1376
19554,39.2538332856219,1362
19555,39.25584074359907,1364
19556,39.257848201576245,1374
19557,39.259855659553416,1367
19558,39.261863117530595,1345
19559,39.26387057550777,1331
19560,39.26587803348494,1332
19561,39.26788549146211,1335
19562,39.26989294943928,1335
19563,39.27190040741645,1349
19564,39.273907865393625,1372
19565,39.275915323370796,1377
19566,39.27792278134797,1356
19567,39.27993023932514,1336
19568,39.28193769730231,1337
19569,39.28394515527948,1358
19570,39.285952613256654,1377
19571,39.287960071233826,1382
19572,39.289967529211,1379
19573,39.29197498718817,1380
19574,39.29398244516534,1384
19575,39.29598990314252,1380
19576,39.29799736111969,1381
19577,39.30000481909686,1398
19578,39.302012277074034,1411
19579,39.304019735051206,1389
19580,39.30602719302838,1339
19581,39.30803465100555,1300
19582,39.31004210898272,1299
19583,39.31204956695989,1319
19584,39.314057024937064,1331
19585,39.316064482914236,1334
19586,39.31807194089141,1336
19587,39.32007939886858,1329
19588,39.32208685684575,1319
19589,39.32409431482292,1326
19590,39.326101772800094,1347
19591,39.328109230777265,1355
19592,39.330116688754444,1334
19593,39.332124146731616,1305
19594,39.33413160470879,1301
19595,39.33613906268596,1324
19596,39.33814652066313,1348
19597,39.3401539786403,1350
19598,39.342161436617474,1332
19599,39.344168894594645,1321
19600,39.34617635257182,1332
19601,39.34818381054899,1349
19602,39.35019126852616,1350
19603,39.35219872650333,1338
19604,39.3542061844805,1321
19605,39.356213642457675,1287
19606,39.35822110043485,1240
19607,39.36022855841202,1204
19608,39.36223601638919,1196
19609,39.36424347436637,1218
19610,39.36625093234354,1249
19611,39.36825839032071,1258
19612,39.37026584829788,1238
19613,39.372273306275055,1216
19614,39.37428076425223,1217
19615,39.3762882222294,1227
19616,39.37829568020657,1229
19617,39.38030313818374,1231
19618,39.38231059616091,1244
19619,39.384318054138085,1258
19620,39.386325512115256,1256
19621,39.38833297009243,1242
19622,39.3903404280696,1233
19623,39.39234788604677,1233
19624,39.39435534402394,1233
19625,39.396362802001114,1225
19626,39.39837025997829,1212
19627,39.400377717955465,1207
19628,39.402385175932636,1208
19629,39.40439263390981,1208
19630,39.40640009188698,1199
19631,39.40840754986415,1181
19632,39.41041500784132,1163
19633,39.412422465818494,1156
19634,39.414429923795666,1161
19635,39.41643738177284,1178
19636,39.41844483975001,1204
19637,39.42045229772718,1226
19638,39.42245975570435,1233
19639,39.424467213681524,1232
19640,39.426474671658696,1239
19641,39.42848212963587,1256
19642,39.430489587613046,1265
19643,39.43249704559022,1256
19644,39.43450450356739,1248
19645,39.43651196154456,1254
19646,39.43851941952173,1251
19647,39.440526877498904,1225
19648,39.442534335476076,1199
19649,39.44454179345325,1202
19650,39.44654925143042,1229
19651,39.44855670940759,1248
19652,39.45056416738476,1234
19653,39.452571625361934,1203
19654,39.454579083339105,1193
19655,39.45658654131628,1217
19656,39.45859399929345,1240
19657,39.46060145727062,1233
19658,39.46260891524779,1207
19659,39.46461637322497,1191
19660,39.46662383120214,1191
19661,39.468631289179314,1188
19662,39.470638747156485,1172
19663,39.47264620513366,1155
19664,39.47465366311083,1155
19665,39.476661121088,1162
19666,39.47866857906517,1164
19667,39.48067603704234,1156
19668,39.482683495019515,1148
19669,39.48469095299669,1148
19670,39.48669841097386,1146
19671,39.48870586895103,1137
19672,39.4907133269282,1137
19673,39.49272078490537,1154
19674,39.494728242882545,1167
19675,39.496735700859716,1153
19676,39.498743158836895,1132
19677,39.50075061681407,1133
19678,39.50275807479124,1160
19679,39.50476553276841,1188
19680,39.50677299074558,1198
19681,39.50878044872275,1188
19682,39.510787906699925,1167
19683,39.512795364677096,1150
19684,39.51480282265427,1144
19685,39.51681028063144,1152
19686,39.51881773860861,1169
19687,39.52082519658578,1176
19688,39.522832654562954,1159
19689,39.524840112540126,1135
19690,39.5268475705173,1136
19691,39.52885502849447,1162
19692,39.53086248647164,1180
19693,39.53286994444882,1171
19694,39.53487740242599,1156
19695,39.53688486040316,1156
19696,39.538892318380334,1159
19697,39.540899776357506,1142
19698,39.54290723433468,1112
19699,39.54491469231185,1107
19700,39.54692215028902,1137
19701,39.54892960826619,1163
19702,39.550937066243364,1152
19703,39.552944524220536,1119
19704,39.55495198219771,1104
19705,39.55695944017488,1120
19706,39.55896689815205,1144
19707,39.56097435612922,1151
19708,39.562981814106394,1138
19709,39.564989272083565,1119
19710,39.566996730060744,1111
19711,39.569004188037916,1115
19712,39.57101164601509,1115
19713,39.57301910399226,1108
19714,39.57502656196943,1113
19715,39.5770340199466,1137
19716,39.579041477923774,1157
19717,39.581048935900945,1149
19718,39.58305639387812,1122
19719,39.58506385185529,1096
19720,39.58707130983246,1076
19721,39.58907876780963,1055
19722,39.5910862257868,1051
19723,39.593093683763975,1073
19724,39.59510114174115,1099
19725,39.59710859971832,1100
19726,39.59911605769549,1076
19727,39.60112351567267,1037
19728,39.60313097364984,998
19729,39.60513843162701,970
19730,39.60714588960418,956
19731,39.609153347581355,952
19732,39.61116080555853,958
19733,39.6131682635357,967
19734,39.61517572151287,968
19735,39.61718317949004,954
19736,39.61919063746721,940
19737,39.621198095444385,947
19738,39.623205553421556,975
19739,39.62521301139873,1001
19740,39.6272204693759,1004
19741,39.62922792735307,988
19742,39.63123538533024,969
19743,39.633242843307414,956
19744,39.63525030128459,955
19745,39.637257759261765,965
19746,39.639265217238936,979
19747,39.64127267521611,986
19748,39.64328013319328,991
19749,39.64528759117045,1003
19750,39.64729504914762,1020
19751,39.649302507124794,1029
19752,39.651309965101966,1019
19753,39.65331742307914,998
19754,39.65532488105631,981
19755,39.65733233903348,972
19756,39.65933979701065,966
19757,39.661347254987824,961
19758,39.663354712964995,961
19759,39.66536217094217,954
19760,39.66736962891934,932
19761,39.66937708689652,910
19762,39.67138454487369,910
19763,39.67339200285086,937
19764,39.67539946082803,971
19765,39.677406918805204,995
19766,39.679414376782375,1001
19767,39.68142183475955,996
19768,39.68342929273672,997
19769,39.68543675071389,1010
19770,39.68744420869106,1024
19771,39.68945166666823,1032
19772,39.691459124645405,1042
19773,39.69346658262258,1053
19774,39.69547404059975,1067
19775,39.69748149857692,1088
19776,39.69948895655409,1117
19777,39.70149641453126,1140
19778,39.70350387250844,1148
19779,39.70551133048561,1161
19780,39.707518788462785,1198
19781,39.70952624643996,1240
19782,39.71153370441713,1250
19783,39.7135411623943,1231
19784,39.71554862037147,1219
19785,39.71755607834864,1230
19786,39.719563536325815,1244
19787,39.721570994302986,1232
19788,39.72357845228016,1200
19789,39.72558591025733,1175
19790,39.7275933682345,1173
19791,39.72960082621167,1186
19792,39.731608284188844,1195
19793,39.733615742166016,1188
19794,39.73562320014319,1168
19795,39.737630658120366,1145
19796,39.73963811609754,1128
19797,39.74164557407471,1126
19798,39.74365303205188,1133
19799,39.74566049002905,1141
19800,39.747667948006224,1149
19801,39.749675405983396,1158
19802,39.75168286396057,1157
19803,39.75369032193774,1126
19804,39.75569777991491,1072
19805,39.75770523789208,1027
19806,39.759712695869254,1019
19807,39.761720153846426,1045
19808,39.7637276118236,1087
19809,39.76573506980077,1123
19810,39.76774252777794,1132
19811,39.76974998575511,1111
19812,39.77175744373229,1077
19813,39.77376490170946,1058
19814,39.775772359686634,1078
19815,39.777779817663806,1133
19816,39.77978727564098,1186
19817,39.78179473361815,1196
19818,39.78380219159532,1155
19819,39.78580964957249,1107
19820,39.787817107549664,1091
19821,39.789824565526835,1108
19822,39.79183202350401,1131
19823,39.79383948148118,1134
19824,39.79584693945835,1111
19825,39.79785439743552,1076
19826,39.79986185541269,1034
19827,39.801869313389865,987
19828,39.80387677136704,948
19829,39.805884229344215,923
19830,39.80789168732139,905
19831,39.80989914529856,887
19832,39.81190660327573,874
19833,39.8139140612529,866
19834,39.81592151923007,853
19835,39.817928977207245,833
19836,39.81993643518442,817
19837,39.82194389316159,813
19838,39.82395135113876,808
19839,39.82595880911593,788
19840,39.8279662670931,757
19841,39.829973725070275,724
19842,39.831981183047446,696
19843,39.83398864102462,679
19844,39.83599609900179,678
19845,39.83800355697896,689
19846,39.84001101495614,699
19847,39.84201847293331,696
19848,39.84402593091048,679
19849,39.846033388887655,665
19850,39.848040846864826,665
19851,39.850048304842,663
19852,39.85205576281917,658
19853,39.85406322079634,666
19854,39.85607067877351,688
19855,39.858078136750684,705
19856,39.860085594727856,703
19857,39.86209305270503,679
19858,39.8641005106822,648
19859,39.86610796865937,637
19860,39.86811542663654,660
19861,39.870122884613714,689
19862,39.87213034259089,698
19863,39.874137800568064,688
19864,39.876145258545236,678
19865,39.87815271652241,676
19866,39.88016017449958,674
19867,39.88216763247675,678
19868,39.88417509045392,697
19869,39.886182548431094,722
19870,39.888190006408266,723
19871,39.89019746438544,695
19872,39.89220492236261,662
19873,39.89421238033978,655
19874,39.89621983831695,676
19875,39.898227296294124,688
19876,39.900234754271295,658
19877,39.90224221224847,607
19878,39.90424967022564,572
19879,39.90625712820282,563
19880,39.90826458617999,564
19881,39.91027204415716,566
19882,39.91227950213433,571
19883,39.914286960111504,578
19884,39.916294418088675,577
19885,39.91830187606585,576
19886,39.92030933404302,605
19887,39.92231679202019,672
19888,39.92432424999736,730
19889,39.92633170797453,733
19890,39.928339165951705,705
19891,39.93034662392888,706
19892,39.93235408190605,746
19893,39.93436153988322,774
19894,39.93636899786039,757
19895,39.93837645583756,716
19896,39.94038391381474,698
19897,39.94239137179191,719
19898,39.944398829769085,751
19899,39.94640628774626,762
19900,39.94841374572343,743
19901,39.9504212037006,712
19902,39.95242866167777,687
19903,39.95443611965494,675
19904,39.956443577632115,681
19905,39.958451035609286,705
19906,39.96045849358646,734
19907,39.96246595156363,744
19908,39.9644734095408,729
19909,39.96648086751797,716
19910,39.968488325495144,716
19911,39.970495783472316,710
19912,39.97250324144949,686
19913,39.974510699426666,664
19914,39.97651815740384,671
19915,39.97852561538101,709
19916,39.98053307335818,747
19917,39.98254053133535,753
19918,39.984547989312524,733
19919,39.986555447289696,723
19920,39.98856290526687,742
19921,39.99057036324404,776
19922,39.99257782122121,797
19923,39.99458527919838,791
19924,39.996592737175554,767
19925,39.998600195152726,749
19926,40.0006076531299,751
19927,40.00261511110707,757
19928,40.00462256908424,756
19929,40.00663002706141,754
19930,40.00863748503859,765
19931,40.01064494301576,788
19932,40.012652400992934,803
19933,40.014659858970106,803
19934,40.01666731694728,799
19935,40.01867477492445,803
19936,40.02068223290162,808
19937,40.02268969087879,802
19938,40.024697148855964,787
19939,40.026704606833135,780
19940,40.02871206481031,791
19941,40.03071952278748,804
19942,40.03272698076465,805
19943,40.03473443874182,790
19944,40.03674189671899,761
19945,40.038749354696165,722
19946,40.04075681267334,679
19947,40.042764270650515,644
19948,40.04477172862769,631
19949,40.04677918660486,653
19950,40.04878664458203,704
19951,40.0507941025592,748
19952,40.05280156053637,751
19953,40.054809018513545,724
19954,40.05681647649072,706
19955,40.05882393446789,715
19956,40.06083139244506,744
19957,40.06283885042223,762
19958,40.0648463083994,750
19959,40.066853766376575,727
19960,40.068861224353746,722
19961,40.07086868233092,744
19962,40.07287614030809,774
19963,40.07488359828526,778
19964,40.07689105626244,751
19965,40.07889851423961,726
19966,40.08090597221678,723
19967,40.082913430193955,728
19968,40.084920888171126,718
19969,40.0869283461483,700
19970,40.08893580412547,685
19971,40.09094326210264,679
19972,40.09295072007981,681
19973,40.094958178056984,689
19974,40.096965636034156,700
19975,40.09897309401133,708
19976,40.1009805519885,712
19977,40.10298800996567,718
19978,40.10499546794284,726
19979,40.107002925920014,724
19980,40.109010383897186,706
19981,40.111017841874364,679
19982,40.113025299851536,655
19983,40.11503275782871,646
19984,40.11704021580588,654
19985,40.11904767378305,674
19986,40.12105513176022,693
19987,40.123062589737394,694
19988,40.125070047714566,677
19989,40.12707750569174,668
19990,40.12908496366891,679
19991,40.13109242164608,695
19992,40.13309987962325,693
19993,40.135107337600424,674
19994,40.137114795577595,660
19995,40.13912225355477,662
19996,40.14112971153194,674
19997,40.14313716950911,680
19998,40.14514462748629,675
19999,40.14715208546346,675
20000,40.14915954344063,693
20001,40.151167001417804,712
20002,40.153174459394975,709
20003,40.15518191737215,692
20004,40.15718937534932,680
20005,40.15919683332649,674
20006,40.16120429130366,668
20007,40.16321174928083,662
20008,40.165219207258005,664
20009,40.16722666523518,674
20010,40.16923412321235,680
20011,40.17124158118952,681
20012,40.17324903916669,679
20013,40.17525649714386,675
20014,40.177263955121035,670
20015,40.17927141309821,675
20016,40.181278871075385,690
20017,40.18328632905256,707
20018,40.18529378702973,710
20019,40.1873012450069,698
20020,40.18930870298407,692
20021,40.19131616096124,720
20022,40.193323618938415,782
20023,40.195331076915586,843
20024,40.19733853489276,867
20025,40.19934599286993,863
20026,40.2013534508471,864
20027,40.20336090882427,867
20028,40.205368366801444,854
20029,40.207375824778616,838
20030,40.20938328275579,836
20031,40.21139074073296,843
20032,40.21339819871014,840
20033,40.21540565668731,826
20034,40.21741311466448,809
20035,40.21942057264165,807
20036,40.221428030618824,826
20037,40.223435488595996,855
20038,40.22544294657317,874
20039,40.22745040455034,875
20040,40.22945786252751,860
20041,40.23146532050468,840
20042,40.233472778481854,814
20043,40.235480236459026,779
20044,40.2374876944362,746
20045,40.23949515241337,736
20046,40.24150261039054,752
20047,40.24351006836771,767
20048,40.245517526344884,756
20049,40.24752498432206,734
20050,40.249532442299234,734
20051,40.251539900276406,768
20052,40.25354735825358,813
20053,40.25555481623075,838
20054,40.25756227420792,836
20055,40.25956973218509,822
20056,40.261577190162264,817
20057,40.263584648139435,818
20058,40.26559210611661,807
20059,40.26759956409378,787
20060,40.26960702207095,780
20061,40.27161448004812,786
20062,40.27362193802529,784
20063,40.275629396002465,768
20064,40.27763685397964,758
20065,40.27964431195681,773
20066,40.28165176993399,803
20067,40.28365922791116,814
20068,40.28566668588833,787
20069,40.2876741438655,752
20070,40.28968160184267,744
20071,40.291689059819845,760
20072,40.29369651779702,773
20073,40.29570397577419,763
20074,40.29771143375136,740
20075,40.29971889172853,737
20076,40.3017263497057,763
20077,40.303733807682875,791
20078,40.305741265660046,795
20079,40.30774872363722,783
20080,40.30975618161439,776
20081,40.31176363959156,782
20082,40.31377109756873,781
20083,40.31577855554591,757
20084,40.31778601352308,724
20085,40.319793471500255,716
20086,40.321800929477426,740
20087,40.3238083874546,763
20088,40.32581584543177,758
20089,40.32782330340894,737
20090,40.32983076138611,729
20091,40.331838219363284,743
20092,40.333845677340456,758
20093,40.33585313531763,750
20094,40.3378605932948,733
20095,40.33986805127197,726
20096,40.34187550924914,736
20097,40.343882967226314,755
20098,40.345890425203486,768
20099,40.347897883180664,764
20100,40.349905341157836,750
20101,40.35191279913501,745
20102,40.35392025711218,767
20103,40.35592771508935,803
20104,40.35793517306652,829
20105,40.359942631043694,834
20106,40.361950089020866,829
20107,40.36395754699804,824
20108,40.36596500497521,819
20109,40.36797246295238,821
20110,40.36997992092955,842
20111,40.371987378906724,875
20112,40.373994836883895,892
20113,40.37600229486107,872
20114,40.37800975283824,835
20115,40.38001721081541,824
20116,40.38202466879259,846
20117,40.38403212676976,870
20118,40.38603958474693,862
20119,40.388047042724104,836
20120,40.390054500701275,824
20121,40.39206195867845,839
20122,40.39406941665562,857
20123,40.39607687463279,856
20124,40.39808433260996,844
20125,40.40009179058713,843
20126,40.402099248564305,852
20127,40.40410670654148,849
20128,40.40611416451865,827
20129,40.40812162249582,812
20130,40.41012908047299,835
20131,40.41213653845016,887
20132,40.414143996427335,927
20133,40.41615145440451,928
20134,40.418158912381685,908
20135,40.42016637035886,908
20136,40.42217382833603,939
20137,40.4241812863132,966
20138,40.42618874429037,957
20139,40.42819620226754,930
20140,40.430203660244715,924
20141,40.432211118221886,942
20142,40.43421857619906,956
20143,40.43622603417623,942
20144,40.4382334921534,915
20145,40.44024095013057,905
20146,40.442248408107744,919
20147,40.444255866084916,928
20148,40.44626332406209,917
20149,40.44827078203926,903
20150,40.45027824001644,904
20151,40.45228569799361,916
20152,40.45429315597078,924
20153,40.45630061394795,923
20154,40.458308071925124,929
20155,40.460315529902296,949
20156,40.46232298787947,970
20157,40.46433044585664,976
20158,40.46633790383381,968
20159,40.46834536181098,962
20160,40.470352819788154,972
20161,40.472360277765326,996
20162,40.4743677357425,1023
20163,40.47637519371967,1049
20164,40.47838265169684,1076
20165,40.48039010967401,1094
20166,40.482397567651184,1089
20167,40.48440502562836,1066
20168,40.486412483605534,1050
20169,40.488419941582706,1055
20170,40.49042739955988,1066
20171,40.49243485753705,1057
20172,40.49444231551422,1018
20173,40.49644977349139,971
20174,40.498457231468564,950
20175,40.500464689445735,961
20176,40.50247214742291,982
20177,40.50447960540008,993
20178,40.50648706337725,990
20179,40.50849452135442,983
20180,40.51050197933159,998
20181,40.512509437308765,1038
20182,40.51451689528594,1067
20183,40.51652435326311,1057
20184,40.51853181124029,1034
20185,40.52053926921746,1038
20186,40.52254672719463,1066
20187,40.5245541851718,1079
20188,40.52656164314897,1061
20189,40.528569101126145,1034
20190,40.53057655910332,1030
20191,40.53258401708049,1039
20192,40.53459147505766,1023
20193,40.53659893303483,969
20194,40.538606391012,926
20195,40.540613848989175,927
20196,40.542621306966346,945
20197,40.54462876494352,935
20198,40.54663622292069,896
20199,40.54864368089786,871
20200,40.55065113887503,886
20201,40.55265859685221,917
20202,40.55466605482938,925
20203,40.556673512806555,910
20204,40.558680970783726,907
20205,40.5606884287609,933
20206,40.56269588673807,962
20207,40.56470334471524,960
20208,40.56671080269241,928
20209,40.568718260669584,901
20210,40.570725718646756,901
20211,40.57273317662393,913
20212,40.5747406346011,910
20213,40.57674809257827,889
20214,40.57875555055544,877
20215,40.580763008532614,893
20216,40.582770466509785,920
20217,40.58477792448696,928
20218,40.586785382464136,912
20219,40.58879284044131,894
20220,40.59080029841848,885
20221,40.59280775639565,882
20222,40.59481521437282,884
20223,40.596822672349994,887
20224,40.598830130327165,887
20225,40.60083758830434,884
20226,40.60284504628151,885
20227,40.60485250425868,889
20228,40.60685996223585,886
20229,40.60886742021302,878
20230,40.610874878190195,881
20231,40.61288233616737,920
20232,40.61488979414454,983
20233,40.61689725212171,1024
20234,40.61890471009888,1023
20235,40.62091216807606,1019
20236,40.62291962605323,1043
20237,40.6249270840304,1075
20238,40.626934542007575,1093
20239,40.62894199998475,1108
20240,40.63094945796192,1122
20241,40.63295691593909,1114
20242,40.63496437391626,1084
20243,40.63697183189343,1060
20244,40.638979289870605,1066
20245,40.640986747847776,1089
20246,40.64299420582495,1097
20247,40.64500166380212,1086
20248,40.64700912177929,1087
20249,40.64901657975646,1113
20250,40.651024037733634,1145
20251,40.653031495710806,1162
20252,40.655038953687985,1151
20253,40.657046411665156,1115
20254,40.65905386964233,1089
20255,40.6610613276195,1099
20256,40.66306878559667,1133
20257,40.66507624357384,1158
20258,40.667083701551014,1154
20259,40.669091159528186,1136
20260,40.67109861750536,1134
20261,40.67310607548253,1155
20262,40.6751135334597,1172
20263,40.67712099143687,1163
20264,40.679128449414044,1139
20265,40.681135907391216,1111
20266,40.68314336536839,1088
20267,40.68515082334556,1073
20268,40.68715828132273,1062
20269,40.68916573929991,1059
20270,40.69117319727708,1073
20271,40.69318065525425,1096
20272,40.695188113231424,1108
20273,40.697195571208596,1102
20274,40.69920302918577,1093
20275,40.70121048716294,1111
20276,40.70321794514011,1161
20277,40.70522540311728,1202
20278,40.707232861094454,1194
20279,40.709240319071625,1140
20280,40.7112477770488,1085
20281,40.71325523502597,1067
20282,40.71526269300314,1090
20283,40.71727015098031,1122
20284,40.71927760895748,1145
20285,40.721285066934655,1164
20286,40.723292524911834,1183
20287,40.725299982889005,1188
20288,40.72730744086618,1175
20289,40.72931489884335,1164
20290,40.73132235682052,1180
20291,40.73332981479769,1212
20292,40.73533727277486,1229
20293,40.737344730752035,1212
20294,40.73935218872921,1172
20295,40.74135964670638,1145
20296,40.74336710468355,1151
20297,40.74537456266072,1171
20298,40.74738202063789,1173
20299,40.749389478615065,1159
20300,40.751396936592236,1153
20301,40.75340439456941,1159
20302,40.75541185254658,1157
20303,40.75741931052376,1140
20304,40.75942676850093,1123
20305,40.7614342264781,1122
20306,40.76344168445527,1135
20307,40.765449142432445,1148
20308,40.767456600409616,1148
20309,40.76946405838679,1138
20310,40.77147151636396,1136
20311,40.77347897434113,1150
20312,40.7754864323183,1161
20313,40.777493890295474,1148
20314,40.779501348272646,1127
20315,40.78150880624982,1113
20316,40.78351626422699,1107
20317,40.78552372220416,1106
20318,40.78753118018133,1109
20319,40.78953863815851,1112
20320,40.79154609613568,1111
20321,40.793553554112854,1113
20322,40.795561012090026,1117
20323,40.7975684700672,1119
20324,40.79957592804437,1120
20325,40.80158338602154,1123
20326,40.80359084399871,1122
20327,40.805598301975884,1106
20328,40.807605759953056,1081
20329,40.80961321793023,1077
20330,40.8116206759074,1104
20331,40.81362813388457,1140
20332,40.81563559186174,1153
20333,40.817643049838914,1136
20334,40.819650507816085,1108
20335,40.82165796579326,1094
20336,40.823665423770436,1098
20337,40.82567288174761,1110
20338,40.82768033972478,1112
20339,40.82968779770195,1110
20340,40.83169525567912,1111
20341,40.833702713656294,1111
20342,40.835710171633465,1105
20343,40.83771762961064,1098
20344,40.83972508758781,1098
20345,40.84173254556498,1108
20346,40.84374000354215,1121
20347,40.84574746151932,1124
20348,40.847754919496495,1113
20349,40.84976237747367,1102
20350,40.85176983545084,1099
20351,40.85377729342801,1099
20352,40.85578475140518,1089
20353,40.85779220938236,1070
20354,40.85979966735953,1063
20355,40.8618071253367,1071
20356,40.863814583313875,1083
20357,40.86582204129105,1090
20358,40.86782949926822,1090
20359,40.86983695724539,1083
20360,40.87184441522256,1072
20361,40.87385187319973,1072
20362,40.875859331176905,1083
20363,40.877866789154076,1093
20364,40.87987424713125,1098
20365,40.88188170510842,1103
20366,40.88388916308559,1113
20367,40.88589662106276,1120
20368,40.887904079039934,1109
20369,40.889911537017106,1088
20370,40.891918994994285,1080
20371,40.893926452971456,1091
20372,40.89593391094863,1106
20373,40.8979413689258,1111
20374,40.89994882690297,1109
20375,40.90195628488014,1113
20376,40.903963742857314,1123
20377,40.905971200834486,1124
20378,40.90797865881166,1111
20379,40.90998611678883,1099
20380,40.911993574766,1100
20381,40.91400103274317,1108
20382,40.916008490720344,1114
20383,40.918015948697516,1112
20384,40.92002340667469,1103
20385,40.92203086465186,1100
20386,40.92403832262903,1110
20387,40.92604578060621,1127
20388,40.92805323858338,1130
20389,40.93006069656055,1118
20390,40.932068154537724,1110
20391,40.934075612514896,1121
20392,40.93608307049207,1140
20393,40.93809052846924,1140
20394,40.94009798644641,1116
20395,40.94210544442358,1100
20396,40.944112902400754,1115
20397,40.946120360377925,1139
20398,40.9481278183551,1148
20399,40.95013527633227,1152
20400,40.95214273430944,1173
20401,40.95415019228661,1208
20402,40.95615765026378,1222
20403,40.958165108240955,1195
20404,40.960172566218134,1153
20405,40.962180024195305,1134
20406,40.96418748217248,1142
20407,40.96619494014965,1160
20408,40.96820239812682,1166
20409,40.97020985610399,1156
20410,40.97221731408116,1140
20411,40.974224772058335,1139
20412,40.97623223003551,1149
20413,40.97823968801268,1150
20414,40.98024714598985,1132
20415,40.98225460396702,1114
20416,40.98426206194419,1129
20417,40.986269519921365,1203
20418,40.988276977898536,1320
20419,40.99028443587571,1414
20420,40.99229189385288,1422
20421,40.99429935183006,1338
20422,40.99630680980723,1235
20423,40.9983142677844,1203
20424,41.00032172576157,1248
20425,41.002329183738745,1303
20426,41.004336641715916,1308
20427,41.00634409969309,1259
20428,41.00835155767026,1191
20429,41.01035901564743,1146
20430,41.0123664736246,1147
20431,41.014373931601774,1192
20432,41.016381389578946,1252
20433,41.01838884755612,1291
20434,41.02039630553329,1292
20435,41.02240376351046,1272
20436,41.02441122148763,1256
20437,41.026418679464804,1250
20438,41.02842613744198,1244
20439,41.030433595419154,1239
20440,41.032441053396326,1251
20441,41.0344485113735,1283
20442,41.03645596935067,1311
20443,41.03846342732784,1310
20444,41.04047088530501,1291
20445,41.042478343282184,1280
20446,41.044485801259356,1290
20447,41.04649325923653,1297
20448,41.0485007172137,1281
20449,41.05050817519087,1251
20450,41.05251563316804,1237
20451,41.054523091145214,1246
20452,41.056530549122385,1263
20453,41.05853800709956,1266
20454,41.06054546507673,1256
20455,41.06255292305391,1245
20456,41.06456038103108,1241
20457,41.06656783900825,1234
20458,41.06857529698542,1217
20459,41.070582754962594,1201
20460,41.072590212939765,1209
20461,41.07459767091694,1242
20462,41.07660512889411,1264
20463,41.07861258687128,1255
20464,41.08062004484845,1239
20465,41.08262750282562,1246
20466,41.084634960802795,1271
20467,41.08664241877997,1289
20468,41.08864987675714,1282
20469,41.09065733473431,1261
20470,41.09266479271148,1248
20471,41.09467225068865,1247
20472,41.09667970866583,1246
20473,41.098687166643,1242
20474,41.100694624620175,1239
20475,41.10270208259735,1243
20476,41.10470954057452,1253
20477,41.10671699855169,1259
20478,41.10872445652886,1249
20479,41.11073191450603,1233
20480,41.112739372483205,1233
20481,41.114746830460376,1249
20482,41.11675428843755,1260
20483,41.11876174641472,1252
20484,41.12076920439189,1234
20485,41.12277666236906,1220
20486,41.124784120346234,1213
20487,41.126791578323406,1212
20488,41.12879903630058,1218
20489,41.130806494277756,1225
20490,41.13281395225493,1234
20491,41.1348214102321,1251
20492,41.13682886820927,1270
20493,41.13883632618644,1269
20494,41.140843784163614,1254
20495,41.142851242140786,1252
20496,41.14485870011796,1279
20497,41.14686615809513,1307
20498,41.1488736160723,1305
20499,41.15088107404947,1280
20500,41.152888532026644,1268
20501,41.154895990003816,1289
20502,41.15690344798099,1319
20503,41.15891090595816,1323
20504,41.16091836393533,1302
20505,41.1629258219125,1289
20506,41.16493327988968,1295
20507,41.16694073786685,1299
20508,41.168948195844024,1284
20509,41.170955653821196,1263
20510,41.17296311179837,1256
20511,41.17497056977554,1262
20512,41.17697802775271,1264
20513,41.17898548572988,1249
20514,41.180992943707054,1227
20515,41.183000401684225,1221
20516,41.1850078596614,1232
20517,41.18701531763857,1236
20518,41.18902277561574,1217
20519,41.19103023359291,1192
20520,41.19303769157008,1183
20521,41.195045149547255,1181
20522,41.19705260752443,1176
20523,41.199060065501605,1175
20524,41.20106752347878,1185
20525,41.20307498145595,1195
20526,41.20508243943312,1199
20527,41.20708989741029,1200
20528,41.20909735538746,1194
20529,41.211104813364635,1181
20530,41.21311227134181,1174
20531,41.21511972931898,1184
20532,41.21712718729615,1196
20533,41.21913464527332,1191
20534,41.22114210325049,1176
20535,41.223149561227665,1166
20536,41.225157019204836,1159
20537,41.22716447718201,1147
20538,41.22917193515918,1134
20539,41.23117939313635,1131
20540,41.23318685111353,1140
20541,41.2351943090907,1148
20542,41.23720176706787,1138
20543,41.239209225045045,1118
20544,41.241216683022216,1109
20545,41.24322414099939,1119
20546,41.24523159897656,1146
20547,41.24723905695373,1172
20548,41.2492465149309,1174
20549,41.251253972908074,1145
20550,41.253261430885246,1113
20551,41.25526888886242,1115
20552,41.25727634683959,1145
20553,41.25928380481676,1160
20554,41.26129126279393,1137
20555,41.263298720771104,1107
20556,41.26530617874828,1106
20557,41.267313636725454,1131
20558,41.269321094702626,1151
20559,41.2713285526798,1149
20560,41.27333601065697,1135
20561,41.27534346863414,1127
20562,41.27735092661131,1132
20563,41.279358384588484,1140
20564,41.281365842565656,1147
20565,41.28337330054283,1154
20566,41.28538075852,1165
20567,41.28738821649717,1174
20568,41.28939567447434,1163
20569,41.291403132451514,1134
20570,41.293410590428685,1108
20571,41.29541804840586,1080
20572,41.29742550638303,1035
20573,41.29943296436021,984
20574,41.30144042233738,949
20575,41.30344788031455,939
20576,41.30545533829172,945
20577,41.307462796268894,945
20578,41.309470254246065,920
20579,41.31147771222324,887
20580,41.31348517020041,877
20581,41.31549262817758,895
20582,41.31750008615475,910
20583,41.31950754413192,904
20584,41.321515002109095,887
20585,41.32352246008627,874
20586,41.32552991806344,862
20587,41.32753737604061,842
20588,41.32954483401778,817
20589,41.33155229199495,804
20590,41.33355974997213,815
20591,41.3355672079493,839
20592,41.337574665926475,855
20593,41.33958212390365,853
20594,41.34158958188082,837
20595,41.34359703985799,826
20596,41.34560449783516,846
20597,41.34761195581233,896
20598,41.349619413789505,943
20599,41.351626871766676,962
20600,41.35363432974385,970
20601,41.35564178772102,991
20602,41.35764924569819,1025
20603,41.35965670367536,1046
20604,41.361664161652534,1051
20605,41.363671619629706,1056
20606,41.36567907760688,1064
20607,41.367686535584056,1062
20608,41.36969399356123,1047
20609,41.3717014515384,1033
20610,41.37370890951557,1037
20611,41.37571636749274,1052
20612,41.377723825469914,1061
20613,41.379731283447086,1065
20614,41.38173874142426,1074
20615,41.38374619940143,1090
20616,41.3857536573786,1094
20617,41.38776111535577,1073
20618,41.389768573332944,1046
20619,41.391776031310116,1047
20620,41.39378348928729,1084
20621,41.39579094726446,1132
20622,41.39779840524163,1164
20623,41.3998058632188,1168
20624,41.40181332119598,1164
20625,41.40382077917315,1184
20626,41.405828237150324,1236
20627,41.407835695127496,1286
20628,41.40984315310467,1299
20629,41.41185061108184,1281
20630,41.41385806905901,1261
20631,41.41586552703618,1261
20632,41.417872985013354,1273
20633,41.419880442990525,1274
20634,41.4218879009677,1260
20635,41.42389535894487,1251
20636,41.42590281692204,1248
20637,41.42791027489921,1238
20638,41.42991773287638,1215
20639,41.431925190853555,1189
20640,41.43393264883073,1176
20641,41.435940106807905,1186
20642,41.43794756478508,1207
20643,41.43995502276225,1221
20644,41.44196248073942,1216
20645,41.44396993871659,1200
20646,41.44597739669376,1190
20647,41.447984854670935,1188
20648,41.44999231264811,1185
20649,41.45199977062528,1176
20650,41.45400722860245,1173
20651,41.45601468657962,1183
20652,41.45802214455679,1200
20653,41.460029602533965,1206
20654,41.462037060511136,1196
20655,41.46404451848831,1187
20656,41.46605197646548,1195
20657,41.46805943444265,1213
20658,41.47006689241983,1223
20659,41.472074350397,1229
20660,41.47408180837417,1238
20661,41.476089266351345,1250
20662,41.478096724328516,1256
20663,41.48010418230569,1254
20664,41.48211164028286,1256
20665,41.48411909826003,1276
20666,41.4861265562372,1309
20667,41.488134014214374,1331
20668,41.490141472191546,1332
20669,41.49214893016872,1331
20670,41.49415638814589,1359
20671,41.49616384612306,1414
20672,41.49817130410023,1462
20673,41.500178762077404,1482
20674,41.502186220054575,1492
20675,41.504193678031754,1530
20676,41.506201136008926,1609
20677,41.5082085939861,1710
20678,41.51021605196327,1809
20679,41.51222350994044,1909
20680,41.51423096791761,2018
20681,41.516238425894784,2119
20682,41.518245883871955,2182
20683,41.52025334184913,2201
20684,41.5222607998263,2203
20685,41.52426825780347,2215
20686,41.52627571578064,2234
20687,41.52828317375781,2240
20688,41.530290631734985,2230
20689,41.53229808971216,2212
20690,41.53430554768933,2195
20691,41.5363130056665,2182
20692,41.53832046364368,2179
20693,41.54032792162085,2188
20694,41.54233537959802,2206
20695,41.54434283757519,2221
20696,41.546350295552365,2228
20697,41.54835775352954,2228
20698,41.55036521150671,2222
20699,41.55237266948388,2213
20700,41.55438012746105,2203
20701,41.55638758543822,2197
20702,41.558395043415395,2196
20703,41.560402501392566,2200
20704,41.56240995936974,2207
20705,41.56441741734691,2215
20706,41.56642487532408,2220
20707,41.56843233330125,2220
20708,41.570439791278424,2216
20709,41.5724472492556,2212
20710,41.574454707232775,2208
20711,41.576462165209946,2203
20712,41.57846962318712,2200
20713,41.58047708116429,2202
20714,41.58248453914146,2210
20715,41.58449199711863,2218
20716,41.586499455095804,2219
20717,41.588506913072976,2214
20718,41.59051437105015,2209
20719,41.59252182902732,2208
20720,41.59452928700449,2208
20721,41.59653674498166,2206
20722,41.598544202958834,2205
20723,41.600551660936006,2206
20724,41.60255911891318,2207
20725,41.60456657689035,2208
20726,41.60657403486753,2210
20727,41.6085814928447,2213
20728,41.61058895082187,2214
20729,41.61259640879904,2211
20730,41.614603866776214,2207
20731,41.616611324753386,2207
20732,41.61861878273056,2208
20733,41.62062624070773,2209
20734,41.6226336986849,2209
20735,41.62464115666207,2208
20736,41.626648614639244,2207
20737,41.628656072616415,2208
20738,41.63066353059359,2211
20739,41.63267098857076,2213
20740,41.63467844654793,2211
20741,41.6366859045251,2208
20742,41.63869336250227,2207
20743,41.64070082047945,2209
20744,41.642708278456624,2210
20745,41.644715736433795,2210
20746,41.64672319441097,2210
20747,41.64873065238814,2211
20748,41.65073811036531,2213
20749,41.65274556834248,2212
20750,41.65475302631965,2209
20751,41.656760484296825,2207
20752,41.658767942274,2207
20753,41.66077540025117,2209
20754,41.66278285822834,2211
20755,41.66479031620551,2212
20756,41.66679777418268,2212
20757,41.668805232159855,2211
20758,41.670812690137026,2209
20759,41.6728201481142,2208
20760,41.67482760609138,2209
20761,41.67683506406855,2210
20762,41.67884252204572,2210
20763,41.68084998002289,2211
20764,41.68285743800006,2211
20765,41.684864895977235,2211
20766,41.686872353954406,2211
20767,41.68887981193158,2211
20768,41.69088726990875,2211
20769,41.69289472788592,2212
20770,41.69490218586309,2212
20771,41.696909643840264,2211
20772,41.698917101817436,2210
20773,41.70092455979461,2209
20774,41.70293201777178,2210
20775,41.70493947574895,2211
20776,41.70694693372613,2212
20777,41.7089543917033,2213
20778,41.71096184968047,2211
20779,41.712969307657644,2209
20780,41.714976765634816,2209
20781,41.71698422361199,2210
20782,41.71899168158916,2210
20783,41.72099913956633,2209
20784,41.7230065975435,2210
20785,41.725014055520674,2211
20786,41.727021513497846,2210
20787,41.72902897147502,2208
20788,41.73103642945219,2209
20789,41.73304388742936,2210
20790,41.73505134540653,2210
20791,41.737058803383704,2209
20792,41.739066261360875,2208
20793,41.741073719338054,2206
20794,41.743081177315226,2206
20795,41.7450886352924,2208
20796,41.74709609326957,2211
20797,41.74910355124674,2212
20798,41.75111100922391,2211
20799,41.753118467201084,2208
20800,41.755125925178255,2208
20801,41.75713338315543,2209
20802,41.7591408411326,2211
20803,41.76114829910977,2210
20804,41.76315575708694,2209
20805,41.76516321506411,2208
20806,41.767170673041285,2207
20807,41.76917813101846,2207
20808,41.77118558899563,2208
20809,41.7731930469728,2209
20810,41.77520050494998,2209
20811,41.77720796292715,2206
20812,41.77921542090432,2198
20813,41.78122287888149,2183
20814,41.783230336858665,2165
20815,41.78523779483584,2151
20816,41.78724525281301,2149
20817,41.78925271079018,2155
20818,41.79126016876735,2153
20819,41.79326762674452,2141
20820,41.795275084721695,2135
20821,41.797282542698866,2140
20822,41.79929000067604,2151
20823,41.80129745865321,2164
20824,41.80330491663038,2172
20825,41.80531237460755,2162
20826,41.807319832584724,2137
20827,41.8093272905619,2123
20828,41.811334748539075,2126
20829,41.813342206516246,2130
20830,41.81534966449342,2120
20831,41.81735712247059,2103
20832,41.81936458044776,2088
20833,41.82137203842493,2072
20834,41.823379496402104,2051
20835,41.825386954379276,2031
20836,41.82739441235645,2024
20837,41.82940187033362,2032
20838,41.83140932831079,2043
20839,41.83341678628796,2045
20840,41.835424244265134,2047
20841,41.837431702242306,2057
20842,41.83943916021948,2065
20843,41.84144661819665,2052
20844,41.84345407617383,2024
20845,41.845461534151,2007
20846,41.84746899212817,2017
20847,41.84947645010534,2035
20848,41.851483908082514,2033
20849,41.853491366059686,2003
20850,41.85549882403686,1966
20851,41.85750628201403,1943
20852,41.8595137399912,1936
20853,41.86152119796837,1934
20854,41.863528655945544,1935
20855,41.865536113922715,1948
20856,41.86754357189989,1969
20857,41.86955102987706,1972
20858,41.87155848785423,1946
20859,41.8735659458314,1915
20860,41.87557340380857,1908
20861,41.87758086178575,1921
20862,41.879588319762924,1932
20863,41.881595777740095,1924
20864,41.88360323571727,1898
20865,41.88561069369444,1877
20866,41.88761815167161,1882
20867,41.88962560964878,1891
20868,41.89163306762595,1868
20869,41.893640525603125,1826
20870,41.8956479835803,1811
20871,41.89765544155747,1841
20872,41.89966289953464,1880
20873,41.90167035751181,1884
20874,41.90367781548898,1857
20875,41.905685273466155,1836
20876,41.907692731443326,1839
20877,41.9097001894205,1852
20878,41.91170764739768,1852
20879,41.91371510537485,1833
20880,41.91572256335202,1802
20881,41.91773002132919,1778
20882,41.91973747930636,1768
20883,41.921744937283535,1761
20884,41.923752395260706,1745
20885,41.92575985323788,1723
20886,41.92776731121505,1705
20887,41.92977476919222,1701
20888,41.93178222716939,1707
20889,41.933789685146564,1709
20890,41.935797143123736,1700
20891,41.93780460110091,1687
20892,41.93981205907808,1676
20893,41.94181951705525,1663
20894,41.94382697503242,1648
20895,41.9458344330096,1641
20896,41.94784189098677,1643
20897,41.949849348963944,1648
20898,41.951856806941116,1652
20899,41.95386426491829,1653
20900,41.95587172289546,1650
20901,41.95787918087263,1646
20902,41.9598866388498,1646
20903,41.961894096826974,1651
20904,41.963901554804146,1661
20905,41.96590901278132,1682
20906,41.96791647075849,1714
20907,41.96992392873566,1742
20908,41.97193138671283,1745
20909,41.973938844690004,1729
20910,41.975946302667175,1722
20911,41.97795376064435,1736
20912,41.979961218621526,1755
20913,41.9819686765987,1763
20914,41.98397613457587,1758
20915,41.98598359255304,1754
20916,41.98799105053021,1762
20917,41.989998508507384,1775
20918,41.992005966484555,1781
20919,41.99401342446173,1786
20920,41.9960208824389,1805
20921,41.99802834041607,1828
20922,42.00003579839324,1827
20923,42.00204325637041,1796
20924,42.004050714347585,1766
20925,42.00605817232476,1765
20926,42.00806563030193,1786
20927,42.0100730882791,1799
20928,42.01208054625627,1782
20929,42.01408800423345,1748
20930,42.01609546221062,1728
20931,42.01810292018779,1739
20932,42.020110378164965,1764
20933,42.02211783614214,1779
20934,42.02412529411931,1775
20935,42.02613275209648,1763
20936,42.02814021007365,1753
20937,42.03014766805082,1753
20938,42.032155126027995,1760
20939,42.034162584005166,1758
20940,42.03617004198234,1745
20941,42.03817749995951,1742
20942,42.04018495793668,1755
20943,42.04219241591385,1761
20944,42.044199873891024,1745
20945,42.046207331868196,1720
20946,42.048214789845375,1716
20947,42.050222247822546,1742
20948,42.05222970579972,1774
20949,42.05423716377689,1786
20950,42.05624462175406,1788
20951,42.05825207973123,1804
20952,42.060259537708404,1833
20953,42.062266995685576,1852
20954,42.06427445366275,1848
20955,42.06628191163992,1836
20956,42.06828936961709,1833
20957,42.07029682759426,1840
20958,42.072304285571434,1847
20959,42.074311743548606,1851
20960,42.07631920152578,1855
20961,42.07832665950295,1863
20962,42.08033411748012,1870
20963,42.0823415754573,1874
20964,42.08434903343447,1885
20965,42.08635649141164,1916
20966,42.088363949388814,1965
20967,42.090371407365986,2011
20968,42.09237886534316,2033
20969,42.09438632332033,2037
20970,42.0963937812975,2050
20971,42.09840123927467,2087
20972,42.100408697251844,2130
20973,42.102416155229015,2160
20974,42.10442361320619,2179
20975,42.10643107118336,2198
20976,42.10843852916053,2213
20977,42.1104459871377,2212
20978,42.11245344511487,2202
20979,42.114460903092045,2197
20980,42.116468361069224,2200
20981,42.118475819046395,2208
20982,42.12048327702357,2214
20983,42.12249073500074,2217
20984,42.12449819297791,2217
20985,42.12650565095508,2215
20986,42.12851310893225,2212
20987,42.130520566909425,2208
20988,42.1325280248866,2204
20989,42.13453548286377,2202
20990,42.13654294084094,2204
20991,42.13855039881811,2208
20992,42.14055785679528,2212
20993,42.142565314772455,2214
20994,42.144572772749626,2215
20995,42.1465802307268,2213
20996,42.14858768870397,2208
20997,42.15059514668115,2203
20998,42.15260260465832,2203
20999,42.15461006263549,2206
21000,42.15661752061266,2208
21001,42.158624978589835,2208
21002,42.160632436567006,2209
21003,42.16263989454418,2211
21004,42.16464735252135,2211
21005,42.16665481049852,2212
21006,42.16866226847569,2211
21007,42.170669726452864,2209
21008,42.172677184430036,2205
21009,42.17468464240721,2204
21010,42.17669210038438,2206
21011,42.17869955836155,2208
21012,42.18070701633872,2209
21013,42.1827144743159,2211
21014,42.18472193229307,2212
21015,42.186729390270244,2213
21016,42.188736848247416,2211
21017,42.19074430622459,2209
21018,42.19275176420176,2206
21019,42.19475922217893,2205
21020,42.1967666801561,2207
21021,42.198774138133274,2209
21022,42.200781596110446,2212
21023,42.20278905408762,2213
21024,42.20479651206479,2212
21025,42.20680397004196,2210
21026,42.20881142801913,2207
21027,42.210818885996304,2206
21028,42.212826343973475,2207
21029,42.21483380195065,2211
21030,42.216841259927826,2211
21031,42.218848717905,2209
21032,42.22085617588217,2207
21033,42.22286363385934,2208
21034,42.22487109183651,2209
21035,42.226878549813684,2210
21036,42.228886007790855,2210
21037,42.23089346576803,2210
21038,42.2329009237452,2209
21039,42.23490838172237,2209
21040,42.23691583969954,2210
21041,42.23892329767671,2210
21042,42.240930755653885,2210
21043,42.24293821363106,2211
21044,42.24494567160823,2213
21045,42.2469531295854,2213
21046,42.24896058756257,2210
21047,42.25096804553975,2208
21048,42.25297550351692,2211
21049,42.25498296149409,2213
21050,42.256990419471265,2212
21051,42.25899787744844,2209
21052,42.26100533542561,2207
21053,42.26301279340278,2205
21054,42.26502025137995,2204
21055,42.26702770935712,2208
21056,42.269035167334295,2212
21057,42.271042625311466,2213
21058,42.27305008328864,2210
21059,42.27505754126581,2209
21060,42.27706499924298,2209
21061,42.27907245722015,2210
21062,42.281079915197324,2210
21063,42.283087373174496,2210
21064,42.285094831151675,2211
21065,42.287102289128846,2211
21066,42.28910974710602,2210
21067,42.29111720508319,2209
21068,42.29312466306036,2209
21069,42.29513212103753,2209
21070,42.297139579014704,2207
21071,42.299147036991876,2204
21072,42.30115449496905,2204
21073,42.30316195294622,2208
21074,42.30516941092339,2211
21075,42.30717686890056,2211
21076,42.309184326877734,2210
21077,42.311191784854906,2209
21078,42.31319924283208,2207
21079,42.31520670080925,2204
21080,42.31721415878642,2206
21081,42.3192216167636,2210
21082,42.32122907474077,2212
21083,42.32323653271794,2208
21084,42.325243990695114,2204
21085,42.327251448672286,2204
21086,42.32925890664946,2207
21087,42.33126636462663,2207
21088,42.3332738226038,2206
21089,42.33528128058097,2207
21090,42.337288738558144,2209
21091,42.339296196535315,2207
21092,42.34130365451249,2205
21093,42.34331111248966,2205
21094,42.34531857046683,2208
21095,42.347326028444,2210
21096,42.34933348642117,2210
21097,42.351340944398345,2209
21098,42.353348402375524,2208
21099,42.355355860352695,2208
21100,42.35736331832987,2210
21101,42.35937077630704,2211
21102,42.36137823428421,2203
21103,42.36338569226138,2178
21104,42.36539315023855,2140
21105,42.367400608215725,2103
21106,42.3694080661929,2080
21107,42.37141552417007,2064
21108,42.37342298214724,2034
21109,42.37543044012441,1979
21110,42.37743789810158,1926
21111,42.379445356078755,1901
21112,42.381452814055926,1893
21113,42.3834602720331,1871
21114,42.38546773001027,1829
21115,42.38747518798745,1786
21116,42.38948264596462,1762
21117,42.39149010394179,1752
21118,42.39349756191896,1735
21119,42.395505019896135,1702
21120,42.397512477873306,1667
21121,42.39951993585048,1647
21122,42.40152739382765,1638
21123,42.40353485180482,1620
21124,42.40554230978199,1588
21125,42.407549767759164,1558
21126,42.409557225736336,1548
21127,42.41156468371351,1555
21128,42.41357214169068,1558
21129,42.41557959966785,1550
21130,42.41758705764502,1535
21131,42.419594515622194,1520
21132,42.42160197359937,1503
21133,42.423609431576544,1481
21134,42.425616889553716,1462
21135,42.42762434753089,1465
21136,42.42963180550806,1504
21137,42.43163926348523,1553
21138,42.4336467214624,1570
21139,42.435654179439574,1550
21140,42.437661637416745,1520
21141,42.43966909539392,1499
21142,42.44167655337109,1495
21143,42.44368401134826,1503
21144,42.44569146932543,1506
21145,42.4476989273026,1494
21146,42.449706385279775,1474
21147,42.45171384325695,1450
21148,42.45372130123412,1423
21149,42.4557287592113,1403
21150,42.45773621718847,1406
21151,42.45974367516564,1428
21152,42.46175113314281,1441
21153,42.46375859111998,1418
21154,42.465766049097155,1374
21155,42.46777350707433,1345
21156,42.4697809650515,1345
21157,42.47178842302867,1346
21158,42.47379588100584,1322
21159,42.47580333898301,1287
21160,42.477810796960185,1269
21161,42.479818254937356,1272
21162,42.48182571291453,1269
21163,42.4838331708917,1249
21164,42.48584062886887,1232
21165,42.48784808684604,1236
21166,42.48985554482322,1249
21167,42.49186300280039,1250
21168,42.493870460777565,1231
21169,42.495877918754736,1207
21170,42.49788537673191,1197
21171,42.49989283470908,1202
21172,42.50190029268625,1206
21173,42.50390775066342,1194
21174,42.505915208640594,1170
21175,42.507922666617766,1151
21176,42.50993012459494,1139
21177,42.51193758257211,1133
21178,42.51394504054928,1132
21179,42.51595249852645,1133
21180,42.517959956503624,1138
21181,42.519967414480796,1163
21182,42.52197487245797,1213
21183,42.523982330435146,1251
21184,42.52598978841232,1246
21185,42.52799724638949,1217
21186,42.53000470436666,1197
21187,42.53201216234383,1191
21188,42.534019620321004,1185
21189,42.536027078298176,1173
21190,42.53803453627535,1159
21191,42.54004199425252,1132
21192,42.54204945222969,1081
21193,42.54405691020686,1021
21194,42.546064368184034,986
21195,42.548071826161205,987
21196,42.55007928413838,998
21197,42.55208674211555,990
21198,42.55409420009272,957
21199,42.55610165806989,923
21200,42.55810911604707,913
21201,42.56011657402424,923
21202,42.562124032001414,933
21203,42.564131489978585,936
21204,42.56613894795576,936
21205,42.56814640593293,930
21206,42.5701538639101,912
21207,42.57216132188727,892
21208,42.57416877986444,880
21209,42.576176237841615,875
21210,42.57818369581879,869
21211,42.58019115379596,863
21212,42.58219861177313,857
21213,42.5842060697503,850
21214,42.58621352772747,842
21215,42.588220985704645,835
21216,42.590228443681816,836
21217,42.592235901658995,848
21218,42.59424335963617,855
21219,42.59625081761334,843
21220,42.59825827559051,824
21221,42.60026573356768,821
21222,42.60227319154485,831
21223,42.604280649522025,830
21224,42.606288107499196,813
21225,42.60829556547637,798
21226,42.61030302345354,801
21227,42.61231048143071,813
21228,42.61431793940788,811
21229,42.616325397385054,786
21230,42.618332855362226,763
21231,42.6203403133394,765
21232,42.62234777131657,781
21233,42.62435522929375,783
21234,42.62636268727092,761
21235,42.62837014524809,739
21236,42.63037760322526,738
21237,42.632385061202434,748
21238,42.634392519179606,745
21239,42.63639997715678,725
21240,42.63840743513395,708
21241,42.64041489311112,709
21242,42.64242235108829,723
21243,42.644429809065464,736
21244,42.646437267042636,732
21245,42.64844472501981,716
21246,42.65045218299698,702
21247,42.65245964097415,693
21248,42.65446709895132,686
21249,42.656474556928494,687
21250,42.65848201490567,705
21251,42.660489472882844,734
21252,42.662496930860016,756
21253,42.66450438883719,760
21254,42.66651184681436,757
21255,42.66851930479153,758
21256,42.6705267627687,760
21257,42.672534220745874,746
21258,42.674541678723045,712
21259,42.67654913670022,672
21260,42.67855659467739,647
21261,42.68056405265456,637
21262,42.68257151063173,618
21263,42.6845789686089,581
21264,42.686586426586075,544
21265,42.68859388456325,531
21266,42.69060134254042,546
21267,42.6926088005176,562
21268,42.69461625849477,555
21269,42.69662371647194,540
21270,42.69863117444911,536
21271,42.70063863242628,528
21272,42.702646090403455,501
21273,42.70465354838063,475
21274,42.7066610063578,473
21275,42.70866846433497,485
21276,42.71067592231214,489
21277,42.71268338028931,477
21278,42.714690838266485,461
21279,42.716698296243656,453
21280,42.71870575422083,467
21281,42.720713212198,507
21282,42.72272067017517,545
21283,42.72472812815234,551
21284,42.72673558612952,540
21285,42.72874304410669,541
21286,42.730750502083865,557
21287,42.732757960061036,575
21288,42.73476541803821,583
21289,42.73677287601538,579
21290,42.73878033399255,574
21291,42.74078779196972,569
21292,42.742795249946894,565
21293,42.744802707924066,563
21294,42.74681016590124,562
21295,42.74881762387841,563
21296,42.75082508185558,560
21297,42.75283253983275,557
21298,42.754839997809924,559
21299,42.756847455787096,562
21300,42.75885491376427,555
21301,42.760862371741446,531
21302,42.76286982971862,494
21303,42.76487728769579,463
21304,42.76688474567296,453
21305,42.76889220365013,457
21306,42.770899661627304,456
21307,42.772907119604476,441
21308,42.77491457758165,415
21309,42.77692203555882,387
21310,42.77892949353599,361
21311,42.78093695151316,341
21312,42.782944409490334,326
21313,42.784951867467505,313
21314,42.78695932544468,299
21315,42.78896678342185,280
21316,42.79097424139902,259
21317,42.79298169937619,239
21318,42.79498915735337,214
21319,42.79699661533054,180
21320,42.799004073307714,144
21321,42.801011531284885,116
21322,42.80301898926206,95
21323,42.80502644723923,71
21324,42.8070339052164,38
21325,42.80904136319357,10
21326,42.81104882117074,0
21327,42.813056279147915,2
21328,42.81506373712509,6
21329,42.81707119510226,7
21330,42.81907865307943,7
21331,42.8210861110566,9
21332,42.82309356903377,13
21333,42.825101027010945,14
21334,42.827108484988116,14
21335,42.829115942965295,11
21336,42.83112340094247,8
21337,42.83313085891964,6
21338,42.83513831689681,6
21339,42.83714577487398,7
21340,42.83915323285115,9
21341,42.841160690828325,11
21342,42.843168148805496,13
21343,42.84517560678267,14
21344,42.84718306475984,13
21345,42.84919052273701,12
21346,42.85119798071418,10
21347,42.853205438691354,9
21348,42.855212896668526,7
21349,42.8572203546457,7
21350,42.85922781262287,8
21351,42.86123527060004,10
21352,42.86324272857722,11
21353,42.86525018655439,10
21354,42.86725764453156,9
21355,42.869265102508734,9
21356,42.871272560485906,9
21357,42.87328001846308,10
21358,42.87528747644025,9
21359,42.87729493441742,9
21360,42.87930239239459,10
21361,42.881309850371764,12
21362,42.883317308348936,12
21363,42.88532476632611,11
21364,42.88733222430328,10
21365,42.88933968228045,10
21366,42.89134714025762,11
21367,42.893354598234794,10
21368,42.895362056211965,10
21369,42.897369514189144,9
21370,42.899376972166316,9
21371,42.90138443014349,9
21372,42.90339188812066,10
21373,42.90539934609783,11
21374,42.907406804075,10
21375,42.909414262052174,10
21376,42.911421720029345,10
21377,42.91342917800652,10
21378,42.91543663598369,9
21379,42.91744409396086,11
21380,42.91945155193803,13
21381,42.9214590099152,13
21382,42.923466467892375,11
21383,42.92547392586955,10
21384,42.92748138384672,11
21385,42.92948884182389,12
21386,42.93149629980107,12
21387,42.93350375777824,11
21388,42.93551121575541,10
21389,42.93751867373258,9
21390,42.939526131709755,9
21391,42.94153358968693,9
21392,42.9435410476641,10
21393,42.94554850564127,10
21394,42.94755596361844,10
21395,42.94956342159561,9
21396,42.951570879572785,9
21397,42.953578337549956,10
21398,42.95558579552713,10
21399,42.9575932535043,10
21400,42.95960071148147,10
21401,42.96160816945864,10
21402,42.963615627435814,10
21403,42.96562308541299,10
21404,42.967630543390165,10
21405,42.969638001367336,10
21406,42.97164545934451,9
21407,42.97365291732168,9
21408,42.97566037529885,9
21409,42.97766783327602,9
21410,42.979675291253194,9
21411,42.981682749230366,9
21412,42.98369020720754,10
21413,42.98569766518471,10
21414,42.98770512316188,10
21415,42.98971258113905,10
21416,42.991720039116224,10
21417,42.993727497093396,10
21418,42.99573495507057,10
21419,42.99774241304774,10
21420,42.99974987102492,10
21421,43.00175732900209,9
21422,43.00376478697926,8
21423,43.00577224495643,9
21424,43.007779702933604,9
21425,43.009787160910776,8
21426,43.01179461888795,8
21427,43.01380207686512,9
21428,43.01580953484229,10
21429,43.01781699281946,10
21430,43.019824450796634,9
21431,43.021831908773805,9
21432,43.02383936675098,10
21433,43.02584682472815,11
21434,43.02785428270532,11
21435,43.02986174068249,10
21436,43.03186919865966,10
21437,43.03387665663684,9
21438,43.035884114614014,9
21439,43.037891572591185,9
21440,43.03989903056836,9
21441,43.04190648854553,9
21442,43.0439139465227,9
21443,43.04592140449987,10
21444,43.04792886247704,10
21445,43.049936320454215,10
21446,43.05194377843139,10
21447,43.05395123640856,10
21448,43.05595869438573,10
21449,43.0579661523629,10
21450,43.05997361034007,10
21451,43.061981068317245,9
21452,43.063988526294416,9
21453,43.065995984271595,9
21454,43.06800344224877,9
21455,43.07001090022594,10
21456,43.07201835820311,10
21457,43.07402581618028,10
21458,43.07603327415745,9
21459,43.078040732134625,9
21460,43.080048190111796,8
21461,43.08205564808897,9
21462,43.08406310606614,11
21463,43.08607056404331,13
21464,43.08807802202048,14
21465,43.090085479997654,13
21466,43.092092937974826,9
21467,43.094100395952,9
21468,43.09610785392917,10
21469,43.09811531190634,11
21470,43.10012276988352,11
21471,43.10213022786069,11
21472,43.10413768583786,10
21473,43.106145143815034,10
21474,43.108152601792206,9
21475,43.11016005976938,8
21476,43.11216751774655,9
21477,43.11417497572372,10
21478,43.11618243370089,11
21479,43.118189891678064,11
21480,43.120197349655236,10
21481,43.12220480763241,9
21482,43.12421226560958,9
21483,43.12621972358675,9
21484,43.12822718156392,10
21485,43.130234639541094,10
21486,43.132242097518265,10
21487,43.134249555495444,10
21488,43.136257013472616,11
21489,43.13826447144979,11
21490,43.14027192942696,10
21491,43.14227938740413,9
21492,43.1442868453813,9
21493,43.146294303358474,8
21494,43.148301761335645,9
21495,43.15030921931282,9
21496,43.15231667728999,9
21497,43.15432413526716,9
21498,43.15633159324433,9
21499,43.1583390512215,9
21500,43.160346509198675,9
21501,43.16235396717585,10
21502,43.16436142515302,10
21503,43.16636888313019,10
21504,43.16837634110737,10
21505,43.17038379908454,10
21506,43.17239125706171,9
21507,43.17439871503888,10
21508,43.176406173016055,10
21509,43.17841363099323,10
21510,43.1804210889704,10
21511,43.18242854694757,10
21512,43.18443600492474,10
21513,43.18644346290191,10
21514,43.188450920879085,9
21515,43.190458378856256,9
21516,43.19246583683343,11
21517,43.1944732948106,12
21518,43.19648075278777,12
21519,43.19848821076494,10
21520,43.200495668742114,9
21521,43.20250312671929,9
21522,43.204510584696465,10
21523,43.206518042673636,10
21524,43.20852550065081,9
21525,43.21053295862798,8
21526,43.21254041660515,8
21527,43.21454787458232,9
21528,43.216555332559494,10
21529,43.218562790536666,10
21530,43.22057024851384,9
21531,43.22257770649101,10
21532,43.22458516446818,11
21533,43.22659262244535,13
21534,43.228600080422524,14
21535,43.230607538399695,12
21536,43.23261499637687,10
21537,43.23462245435404,8
21538,43.23662991233122,9
21539,43.23863737030839,10
21540,43.24064482828556,11
21541,43.24265228626273,10
21542,43.244659744239904,10
21543,43.246667202217075,9
21544,43.24867466019425,9
21545,43.25068211817142,10
21546,43.25268957614859,10
21547,43.25469703412576,11
21548,43.256704492102934,11
21549,43.258711950080105,10
21550,43.26071940805728,11
21551,43.26272686603445,10
21552,43.26473432401162,10
21553,43.26674178198879,9
21554,43.26874923996596,9
21555,43.27075669794314,9
21556,43.272764155920314,9
21557,43.274771613897485,10
21558,43.27677907187466,10
21559,43.27878652985183,10
21560,43.280793987829,10
21561,43.28280144580617,10
21562,43.28480890378334,10
21563,43.286816361760515,10
21564,43.28882381973769,10
21565,43.29083127771486,10
21566,43.29283873569203,10
21567,43.2948461936692,10
21568,43.29685365164637,10
21569,43.298861109623545,10
21570,43.300868567600716,9
21571,43.30287602557789,9
21572,43.30488348355507,10
21573,43.30689094153224,10
21574,43.30889839950941,11
21575,43.31090585748658,11
21576,43.31291331546375,10
21577,43.314920773440925,10
21578,43.316928231418096,10
21579,43.31893568939527,10
21580,43.32094314737244,10
21581,43.32295060534961,10
21582,43.32495806332678,9
21583,43.326965521303954,9
21584,43.328972979281126,10
21585,43.3309804372583,10
21586,43.33298789523547,10
21587,43.33499535321264,12
21588,43.33700281118981,14
21589,43.33901026916699,13
21590,43.34101772714416,12
21591,43.343025185121334,12
21592,43.345032643098506,12
21593,43.34704010107568,11
21594,43.34904755905285,10
21595,43.35105501703002,9
21596,43.35306247500719,9
21597,43.355069932984364,9
21598,43.357077390961535,10
21599,43.35908484893871,10
21600,43.36109230691588,10
21601,43.36309976489305,9
21602,43.36510722287022,9
21603,43.36711468084739,10
21604,43.369122138824565,11
21605,43.37112959680174,11
21606,43.373137054778915,10
21607,43.37514451275609,10
21608,43.37715197073326,9
21609,43.37915942871043,10
21610,43.3811668866876,9
21611,43.38317434466477,9
21612,43.385181802641945,9
21613,43.38718926061912,9
21614,43.38919671859629,10
21615,43.39120417657346,11
21616,43.39321163455063,10
21617,43.3952190925278,9
21618,43.397226550504975,9
21619,43.399234008482146,9
21620,43.40124146645932,10
21621,43.40324892443649,11
21622,43.40525638241366,11
21623,43.40726384039084,10
21624,43.40927129836801,10
21625,43.41127875634518,10
21626,43.413286214322355,10
21627,43.415293672299526,10
21628,43.4173011302767,10
21629,43.41930858825387,10
21630,43.42131604623104,10
21631,43.42332350420821,10
21632,43.425330962185384,10
21633,43.427338420162556,10
21634,43.42934587813973,10
21635,43.4313533361169,10
21636,43.43336079409407,10
21637,43.43536825207124,9
21638,43.437375710048414,9
21639,43.439383168025586,10
21640,43.441390626002764,11
21641,43.443398083979936,10
21642,43.44540554195711,9
21643,43.44741299993428,9
21644,43.44942045791145,9
21645,43.45142791588862,9
21646,43.453435373865794,9
21647,43.455442831842966,10
21648,43.45745028982014,11
21649,43.45945774779731,12
21650,43.46146520577448,11
21651,43.46347266375165,11
21652,43.465480121728824,12
21653,43.467487579705995,13
21654,43.46949503768317,12
21655,43.47150249566034,10
21656,43.47350995363751,10
21657,43.47551741161469,10
21658,43.47752486959186,10
21659,43.47953232756903,9
21660,43.481539785546204,8
21661,43.483547243523375,8
21662,43.48555470150055,9
21663,43.48756215947772,10
21664,43.48956961745489,11
21665,43.49157707543206,10
21666,43.49358453340923,10
21667,43.495591991386405,9
21668,43.49759944936358,9
21669,43.49960690734075,9
21670,43.50161436531792,9
21671,43.50362182329509,9
21672,43.50562928127226,10
21673,43.507636739249435,9
21674,43.50964419722661,10
21675,43.511651655203785,10
21676,43.51365911318096,11
21677,43.51566657115813,11
21678,43.5176740291353,11
21679,43.51968148711247,10
21680,43.52168894508964,10
21681,43.523696403066815,10
21682,43.525703861043986,9
21683,43.52771131902116,9
21684,43.52971877699833,30
21685,43.5317262349755,131
21686,43.53373369295267,385
21687,43.535741150929844,773
21688,43.537748608907016,1134
21689,43.53975606688419,1315
21690,43.541763524861366,1345
21691,43.54377098283854,1368
21692,43.54577844081571,1445
21693,43.54778589879288,1539
21694,43.54979335677005,1646
21695,43.551800814747224,1776
21696,43.553808272724396,1885
21697,43.55581573070157,1921
21698,43.55782318867874,1902
21699,43.55983064665591,1913
21700,43.56183810463308,2012
21701,43.563845562610254,2158
21702,43.565853020587426,2271
21703,43.5678604785646,2315
21704,43.56986793654177,2311
21705,43.57187539451894,2284
21706,43.57388285249611,2238
21707,43.57589031047329,2180
21708,43.57789776845046,2129
21709,43.579905226427634,2113
21710,43.581912684404806,2137
21711,43.58392014238198,2183
21712,43.58592760035915,2229
21713,43.58793505833632,2260
21714,43.58994251631349,2271
21715,43.591949974290664,2261
21716,43.593957432267835,2235
21717,43.59596489024501,2202
21718,43.59797234822218,2176
21719,43.59997980619935,2166
21720,43.60198726417652,2173
21721,43.60399472215369,2194
21722,43.606002180130865,2217
21723,43.60800963810804,2235
21724,43.610017096085215,2238
21725,43.61202455406239,2212
21726,43.61403201203956,2137
21727,43.61603947001673,2030
21728,43.6180469279939,1943
21729,43.62005438597107,1909
21730,43.622061843948245,1899
21731,43.62406930192542,1872
21732,43.62607675990259,1841
21733,43.62808421787976,1835
21734,43.63009167585693,1841
21735,43.6320991338341,1829
21736,43.634106591811275,1784
21737,43.636114049788446,1712
21738,43.63812150776562,1625
21739,43.64012896574279,1544
21740,43.64213642371996,1489
21741,43.64414388169714,1456
21742,43.64615133967431,1443
21743,43.64815879765148,1476
21744,43.650166255628655,1567
21745,43.652173713605826,1660
21746,43.654181171583,1689
21747,43.65618862956017,1662
21748,43.65819608753734,1631
21749,43.66020354551451,1632
21750,43.662211003491684,1669
21751,43.664218461468856,1723
21752,43.66622591944603,1770
21753,43.6682333774232,1791
21754,43.67024083540037,1773
21755,43.67224829337754,1731
21756,43.674255751354714,1706
21757,43.676263209331886,1728
21758,43.678270667309064,1778
21759,43.680278125286236,1808
21760,43.68228558326341,1794
21761,43.68429304124058,1748
21762,43.68630049921775,1695
21763,43.68830795719492,1637
21764,43.690315415172094,1572
21765,43.692322873149266,1513
21766,43.69433033112644,1478
21767,43.69633778910361,1467
21768,43.69834524708078,1467
21769,43.70035270505795,1462
21770,43.702360163035124,1442
21771,43.704367621012295,1408
21772,43.70637507898947,1366
21773,43.70838253696664,1309
21774,43.71038999494381,1232
21775,43.71239745292099,1150
21776,43.71440491089816,1097
21777,43.71641236887533,1085
21778,43.718419826852504,1084
21779,43.720427284829675,1059
21780,43.72243474280685,1009
21781,43.72444220078402,966
21782,43.72644965876119,950
21783,43.72845711673836,932
21784,43.73046457471553,871
21785,43.732472032692705,782
21786,43.73447949066988,722
21787,43.73648694864705,707
21788,43.73849440662422,695
21789,43.74050186460139,650
21790,43.74250932257856,591
21791,43.744516780555735,544
21792,43.74652423853291,496
21793,43.748531696510085,439
21794,43.75053915448726,396
21795,43.75254661246443,387
21796,43.7545540704416,394
21797,43.75656152841877,392
21798,43.75856898639594,401
21799,43.760576444373115,445
21800,43.762583902350286,508
21801,43.76459136032746,561
21802,43.76659881830463,610
21803,43.7686062762818,678
21804,43.77061373425897,759
21805,43.772621192236144,828
21806,43.774628650213316,854
21807,43.77663610819049,818
21808,43.77864356616766,757
21809,43.78065102414484,758
21810,43.78265848212201,871
21811,43.78466594009918,1049
21812,43.78667339807635,1203
21813,43.788680856053524,1298
21814,43.790688314030696,1360
21815,43.79269577200787,1438
21816,43.79470322998504,1545
21817,43.79671068796221,1648
21818,43.79871814593938,1717
21819,43.800725603916554,1762
21820,43.802733061893726,1820
21821,43.8047405198709,1909
21822,43.80674797784807,2010
21823,43.80875543582524,2089
21824,43.81076289380241,2129
21825,43.812770351779584,2148
21826,43.81477780975676,2181
21827,43.816785267733934,2234
21828,43.818792725711106,2281
21829,43.82080018368828,2295
21830,43.82280764166545,2273
21831,43.82481509964262,2229
21832,43.82682255761979,2185
21833,43.828830015596964,2156
21834,43.830837473574135,2151
21835,43.83284493155131,2169
21836,43.83485238952848,2199
21837,43.83685984750565,2230
21838,43.83886730548282,2253
21839,43.84087476345999,2261
21840,43.842882221437165,2249
21841,43.84488967941434,2223
21842,43.84689713739151,2195
21843,43.84890459536869,2177
21844,43.85091205334586,2175
21845,43.85291951132303,2184
21846,43.8549269693002,2200
21847,43.85693442727737,2218
21848,43.858941885254545,2232
21849,43.86094934323172,2237
21850,43.86295680120889,2232
21851,43.86496425918606,2219
21852,43.86697171716323,2203
21853,43.8689791751404,2192
21854,43.870986633117575,2188
21855,43.872994091094746,2191
21856,43.87500154907192,2202
21857,43.87700900704909,2215
21858,43.87901646502626,2224
21859,43.88102392300343,2225
21860,43.88303138098061,2221
21861,43.88503883895778,2215
21862,43.887046296934955,2209
21863,43.889053754912126,2204
21864,43.8910612128893,2202
21865,43.89306867086647,2203
21866,43.89507612884364,2207
21867,43.89708358682081,2213
21868,43.899091044797984,2219
21869,43.901098502775156,2221
21870,43.90310596075233,2219
21871,43.9051134187295,2212
21872,43.90712087670667,2206
21873,43.90912833468384,2202
21874,43.911135792661014,2203
21875,43.913143250638186,2205
21876,43.91515070861536,2208
21877,43.917158166592536,2212
21878,43.91916562456971,2215
21879,43.92117308254688,2216
21880,43.92318054052405,2215
21881,43.92518799850122,2212
21882,43.927195456478394,2209
21883,43.929202914455566,2206
21884,43.93121037243274,2205
21885,43.93321783040991,2205
21886,43.93522528838708,2204
21887,43.93723274636425,2204
21888,43.939240204341424,2205
21889,43.941247662318595,2208
21890,43.94325512029577,2210
21891,43.94526257827294,2210
21892,43.94727003625011,2207
21893,43.94927749422728,2202
21894,43.95128495220446,2200
21895,43.95329241018163,2204
21896,43.955299868158804,2211
21897,43.957307326135975,2214
21898,43.95931478411315,2212
21899,43.96132224209032,2208
21900,43.96332970006749,2207
21901,43.96533715804466,2210
21902,43.96734461602183,2211
21903,43.969352073999005,2208
21904,43.97135953197618,2203
21905,43.97336698995335,2203
21906,43.97537444793052,2208
21907,43.97738190590769,2213
21908,43.97938936388486,2212
21909,43.981396821862035,2208
21910,43.98340427983921,2204
21911,43.985411737816385,2203
21912,43.98741919579356,2205
21913,43.98942665377073,2207
21914,43.9914341117479,2209
21915,43.99344156972507,2209
21916,43.99544902770224,2208
21917,43.997456485679415,2207
21918,43.999463943656586,2208
21919,44.00147140163376,2209
21920,44.00347885961093,2208
21921,44.0054863175881,2207
21922,44.00749377556527,2209
21923,44.009501233542444,2210
21924,44.011508691519616,2209
21925,44.01351614949679,2208
21926,44.01552360747396,2210
21927,44.01753106545114,2212
21928,44.01953852342831,2213
21929,44.02154598140548,2212
21930,44.02355343938265,2211
21931,44.025560897359824,2211
21932,44.027568355336996,2212
21933,44.02957581331417,2212
21934,44.03158327129134,2211
21935,44.03359072926851,2209
21936,44.03559818724568,2208
21937,44.037605645222854,2208
21938,44.039613103200026,2209
21939,44.0416205611772,2210
21940,44.04362801915437,2211
21941,44.04563547713154,2212
21942,44.04764293510871,2211
21943,44.049650393085884,2211
21944,44.05165785106306,2210
21945,44.053665309040234,2209
21946,44.055672767017406,2209
21947,44.05768022499458,2211
21948,44.05968768297175,2212
21949,44.06169514094892,2210
21950,44.06370259892609,2209
21951,44.065710056903264,2211
21952,44.067717514880435,2212
21953,44.06972497285761,2212
21954,44.07173243083478,2211
21955,44.07373988881195,2210
21956,44.07574734678912,2210
21957,44.07775480476629,2210
21958,44.079762262743465,2210
21959,44.08176972072064,2210
21960,44.08377717869781,2210
21961,44.08578463667499,2209
21962,44.08779209465216,2209
21963,44.08979955262933,2209
21964,44.0918070106065,2210
21965,44.09381446858367,2209
21966,44.095821926560845,2210
21967,44.09782938453802,2211
21968,44.09983684251519,2210
21969,44.10184430049236,2206
21970,44.10385175846953,2205
21971,44.1058592164467,2207
21972,44.107866674423875,2208
21973,44.109874132401046,2207
21974,44.11188159037822,2208
21975,44.11388904835539,2210
21976,44.11589650633256,2211
21977,44.11790396430973,2210
21978,44.11991142228691,2210
21979,44.12191888026408,2211
21980,44.123926338241255,2212
21981,44.125933796218426,2212
21982,44.1279412541956,2210
21983,44.12994871217277,2209
21984,44.13195617014994,2207
21985,44.13396362812711,2208
21986,44.135971086104284,2208
21987,44.137978544081456,2209
21988,44.13998600205863,2209
21989,44.1419934600358,2209
21990,44.14400091801297,2209
21991,44.14600837599014,2210
21992,44.148015833967314,2211
21993,44.150023291944485,2211
21994,44.15203074992166,2208
21995,44.154038207898836,2206
21996,44.15604566587601,2208
21997,44.15805312385318,2211
21998,44.16006058183035,2211
21999,44.16206803980752,2209
22000,44.164075497784694,2207
22001,44.166082955761865,2209
22002,44.16809041373904,2211
22003,44.17009787171621,2212
22004,44.17210532969338,2211
22005,44.17411278767055,2210
22006,44.17612024564772,2207
22007,44.178127703624895,2204
22008,44.18013516160207,2206
22009,44.18214261957924,2210
22010,44.18415007755641,2211
22011,44.18615753553358,2209
22012,44.18816499351076,2208
22013,44.19017245148793,2209
22014,44.1921799094651,2211
22015,44.194187367442275,2212
22016,44.19619482541945,2211
22017,44.19820228339662,2210
22018,44.20020974137379,2208
22019,44.20221719935096,2207
22020,44.20422465732813,2209
22021,44.206232115305305,2211
22022,44.208239573282476,2210
22023,44.21024703125965,2209
22024,44.21225448923682,2208
22025,44.21426194721399,2208
22026,44.21626940519116,2210
22027,44.218276863168335,2211
22028,44.220284321145506,2210
22029,44.222291779122685,2208
22030,44.224299237099856,2207
22031,44.22630669507703,2202
22032,44.2283141530542,2196
22033,44.23032161103137,2190
22034,44.23232906900854,2189
22035,44.234336526985714,2195
22036,44.236343984962886,2201
22037,44.23835144294006,2201
22038,44.24035890091723,2196
22039,44.2423663588944,2191
22040,44.24437381687157,2191
22041,44.246381274848744,2195
22042,44.248388732825916,2201
22043,44.25039619080309,2193
22044,44.25240364878026,2162
22045,44.25441110675743,2129
22046,44.25641856473461,2111
22047,44.25842602271178,2098
22048,44.26043348068895,2067
22049,44.262440938666124,2025
22050,44.264448396643296,1999
22051,44.26645585462047,1999
22052,44.26846331259764,1999
22053,44.27047077057481,1975
22054,44.27247822855198,1938
22055,44.274485686529154,1912
22056,44.276493144506325,1906
22057,44.2785006024835,1906
22058,44.28050806046067,1904
22059,44.28251551843784,1898
22060,44.28452297641501,1888
22061,44.28653043439218,1873
22062,44.288537892369355,1851
22063,44.290545350346534,1827
22064,44.292552808323705,1808
22065,44.29456026630088,1797
22066,44.29656772427805,1794
22067,44.29857518225522,1788
22068,44.30058264023239,1775
22069,44.30259009820956,1759
22070,44.304597556186735,1753
22071,44.30660501416391,1761
22072,44.30861247214108,1761
22073,44.31061993011825,1736
22074,44.31262738809542,1704
22075,44.31463484607259,1695
22076,44.316642304049765,1706
22077,44.318649762026936,1715
22078,44.32065722000411,1710
22079,44.32266467798128,1690
22080,44.32467213595846,1668
22081,44.32667959393563,1656
22082,44.3286870519128,1655
22083,44.33069450988997,1655
22084,44.332701967867145,1645
22085,44.334709425844316,1631
22086,44.33671688382149,1624
22087,44.33872434179866,1621
22088,44.34073179977583,1606
22089,44.342739257753,1579
22090,44.344746715730174,1564
22091,44.346754173707346,1588
22092,44.34876163168452,1637
22093,44.35076908966169,1659
22094,44.35277654763886,1620
22095,44.35478400561603,1551
22096,44.356791463593204,1512
22097,44.35879892157038,1517
22098,44.360806379547554,1535
22099,44.362813837524726,1535
22100,44.3648212955019,1513
22101,44.36682875347907,1488
22102,44.36883621145624,1474
22103,44.37084366943341,1469
22104,44.372851127410584,1467
22105,44.374858585387756,1469
22106,44.37686604336493,1478
22107,44.3788735013421,1485
22108,44.38088095931927,1480
22109,44.38288841729644,1462
22110,44.384895875273614,1444
22111,44.386903333250785,1437
22112,44.38891079122796,1444
22113,44.39091824920513,1451
22114,44.39292570718231,1444
22115,44.39493316515948,1430
22116,44.39694062313665,1421
22117,44.39894808111382,1417
22118,44.400955539090994,1409
22119,44.402962997068165,1393
22120,44.40497045504534,1380
22121,44.40697791302251,1384
22122,44.40898537099968,1401
22123,44.41099282897685,1412
22124,44.41300028695402,1414
22125,44.415007744931195,1418
22126,44.41701520290837,1432
22127,44.41902266088554,1455
22128,44.42103011886271,1478
22129,44.42303757683988,1496
22130,44.42504503481705,1504
22131,44.42705249279423,1510
22132,44.4290599507714,1522
22133,44.431067408748575,1538
22134,44.43307486672575,1551
22135,44.43508232470292,1573
22136,44.43708978268009,1617
22137,44.43909724065726,1682
22138,44.44110469863443,1748
22139,44.443112156611605,1800
22140,44.445119614588776,1846
22141,44.44712707256595,1903
22142,44.44913453054312,1968
22143,44.45114198852029,2024
22144,44.45314944649746,2073
22145,44.455156904474634,2133
22146,44.457164362451806,2194
22147,44.459171820428985,2228
22148,44.461179278406156,2225
22149,44.46318673638333,2209
22150,44.4651941943605,2202
22151,44.46720165233767,2205
22152,44.46920911031484,2212
22153,44.471216568292014,2215
22154,44.473224026269186,2215
22155,44.47523148424636,2215
22156,44.47723894222353,2214
22157,44.4792464002007,2212
22158,44.48125385817787,2210
22159,44.483261316155044,2209
22160,44.485268774132216,2209
22161,44.48727623210939,2209
22162,44.48928369008656,2210
22163,44.49129114806373,2211
22164,44.49329860604091,2211
22165,44.49530606401808,2209
22166,44.49731352199525,2206
22167,44.499320979972424,2206
22168,44.501328437949596,2207
22169,44.50333589592677,2208
22170,44.50534335390394,2208
22171,44.50735081188111,2208
22172,44.50935826985828,2209
22173,44.511365727835454,2211
22174,44.513373185812625,2212
22175,44.5153806437898,2212
22176,44.51738810176697,2211
22177,44.51939555974414,2210
22178,44.52140301772131,2209
22179,44.52341047569848,2210
22180,44.525417933675655,2210
22181,44.527425391652834,2211
22182,44.529432849630005,2211
22183,44.53144030760718,2211
22184,44.53344776558435,2211
22185,44.53545522356152,2211
22186,44.53746268153869,2211
22187,44.53947013951586,2212
22188,44.541477597493035,2212
22189,44.54348505547021,2210
22190,44.54549251344738,2209
22191,44.54749997142455,2207
22192,44.54950742940172,2204
22193,44.55151488737889,2203
22194,44.553522345356065,2206
22195,44.555529803333236,2209
22196,44.55753726131041,2209
22197,44.55954471928758,2208
22198,44.56155217726476,2207
22199,44.56355963524193,2208
22200,44.5655670932191,2208
22201,44.56757455119627,2208
22202,44.569582009173445,2210
22203,44.571589467150616,2213
22204,44.57359692512779,2214
22205,44.57560438310496,2211
22206,44.57761184108213,2208
22207,44.5796192990593,2207
22208,44.581626757036474,2210
22209,44.583634215013646,2211
22210,44.58564167299082,2210
22211,44.58764913096799,2209
22212,44.58965658894516,2209
22213,44.59166404692233,2211
22214,44.593671504899504,2211
22215,44.59567896287668,2211
22216,44.597686420853854,2210
22217,44.599693878831026,2208
22218,44.6017013368082,2207
22219,44.60370879478537,2208
22220,44.60571625276254,2209
22221,44.60772371073971,2208
22222,44.609731168716884,2205
22223,44.611738626694056,2206
22224,44.61374608467123,2210
22225,44.6157535426484,2212
22226,44.61776100062557,2211
22227,44.61976845860274,2209
22228,44.621775916579914,2210
22229,44.623783374557085,2212
22230,44.62579083253426,2212
22231,44.62779829051143,2212
22232,44.62980574848861,2212
22233,44.63181320646578,2210
22234,44.63382066444295,2208
22235,44.63582812242012,2207
22236,44.637835580397294,2208
22237,44.639843038374465,2207
22238,44.64185049635164,2206
22239,44.64385795432881,2206
22240,44.64586541230598,2208
22241,44.64787287028315,2210
22242,44.64988032826032,2210
22243,44.651887786237495,2208
22244,44.65389524421467,2208
22245,44.65590270219184,2209
22246,44.65791016016901,2207
22247,44.65991761814618,2205
22248,44.66192507612335,2207
22249,44.66393253410053,2211
22250,44.6659399920777,2212
22251,44.667947450054875,2211
22252,44.66995490803205,2211
22253,44.67196236600922,2211
22254,44.67396982398639,2212
22255,44.67597728196356,2211
22256,44.67798473994073,2211
22257,44.679992197917905,2210
22258,44.681999655895076,2210
22259,44.68400711387225,2209
22260,44.68601457184942,2208
22261,44.68802202982659,2209
22262,44.69002948780376,2209
22263,44.692036945780934,2209
22264,44.694044403758106,2209
22265,44.69605186173528,2210
22266,44.698059319712456,2211
22267,44.70006677768963,2210
22268,44.7020742356668,2210
22269,44.70408169364397,2211
22270,44.70608915162114,2209
22271,44.708096609598314,2205
22272,44.710104067575486,2205
22273,44.71211152555266,2209
22274,44.71411898352983,2210
22275,44.716126441507,2208
22276,44.71813389948417,2206
22277,44.720141357461344,2207
22278,44.722148815438516,2208
22279,44.72415627341569,2207
22280,44.72616373139286,2208
22281,44.72817118937003,2211
22282,44.7301786473472,2212
22283,44.73218610532438,2211
22284,44.73419356330155,2210
22285,44.736201021278724,2208
22286,44.738208479255896,2206
22287,44.74021593723307,2207
22288,44.74222339521024,2210
22289,44.74423085318741,2211
22290,44.74623831116458,2210
22291,44.748245769141754,2208
22292,44.750253227118925,2207
22293,44.7522606850961,2207
22294,44.75426814307327,2209
22295,44.75627560105044,2211
22296,44.75828305902761,2212
22297,44.76029051700478,2211
22298,44.762297974981955,2210
22299,44.76430543295913,2210
22300,44.766312890936305,2210
22301,44.76832034891348,2210
22302,44.77032780689065,2210
22303,44.77233526486782,2211
22304,44.77434272284499,2210
22305,44.77635018082216,2210
22306,44.778357638799335,2210
22307,44.78036509677651,2209
22308,44.78237255475368,2207
22309,44.78438001273085,2205
22310,44.78638747070802,2206
22311,44.78839492868519,2209
22312,44.790402386662365,2210
22313,44.792409844639536,2208
22314,44.79441730261671,2208
22315,44.79642476059388,2209
22316,44.79843221857105,2209
22317,44.80043967654823,2209
22318,44.8024471345254,2211
22319,44.80445459250257,2212
22320,44.806462050479745,2211
22321,44.808469508456916,2209
22322,44.81047696643409,2208
22323,44.81248442441126,2209
22324,44.81449188238843,2209
22325,44.8164993403656,2209
22326,44.818506798342774,2209
22327,44.820514256319946,2209
22328,44.82252171429712,2208
22329,44.82452917227429,2207
22330,44.82653663025146,2208
22331,44.82854408822863,2209
22332,44.830551546205804,2210
22333,44.832559004182976,2209
22334,44.834566462160154,2210
22335,44.836573920137326,2210
22336,44.8385813781145,2210
22337,44.84058883609167,2209
22338,44.84259629406884,2210
22339,44.84460375204601,2211
22340,44.846611210023184,2211
22341,44.848618668000356,2209
22342,44.85062612597753,2209
22343,44.8526335839547,2209
22344,44.85464104193187,2210
22345,44.85664849990904,2209
22346,44.858655957886214,2209
22347,44.860663415863385,2210
22348,44.86267087384056,2211
22349,44.86467833181773,2211
22350,44.8666857897949,2210
22351,44.86869324777208,2211
22352,44.87070070574925,2211
22353,44.87270816372642,2210
22354,44.874715621703594,2208
22355,44.876723079680765,2208
22356,44.87873053765794,2209
22357,44.88073799563511,2211
22358,44.88274545361228,2212
22359,44.88475291158945,2212
22360,44.88676036956662,2211
22361,44.888767827543795,2211
22362,44.89077528552097,2212
22363,44.89278274349814,2213
22364,44.89479020147531,2213
22365,44.89679765945248,2211
22366,44.89880511742965,2209
22367,44.90081257540683,2209
22368,44.902820033384,2209
22369,44.904827491361175,2208
22370,44.90683494933835,2206
22371,44.90884240731552,2206
22372,44.91084986529269,2207
22373,44.91285732326986,2211
22374,44.91486478124703,2212
22375,44.916872239224205,2211
22376,44.918879697201376,2210
22377,44.92088715517855,2211
22378,44.92289461315572,2211
22379,44.92490207113289,2211
22380,44.92690952911006,2210
22381,44.928916987087234,2210
22382,44.930924445064406,2210
22383,44.93293190304158,2210
22384,44.934939361018756,2210
22385,44.93694681899593,2209
22386,44.9389542769731,2206
22387,44.94096173495027,2205
22388,44.94296919292744,2205
22389,44.944976650904614,2206
22390,44.946984108881786,2205
22391,44.94899156685896,2204
22392,44.95099902483613,2204
22393,44.9530064828133,2207
22394,44.95501394079047,2209
22395,44.957021398767644,2210
22396,44.959028856744816,2210
22397,44.96103631472199,2210
22398,44.96304377269916,2210
22399,44.96505123067633,2211
22400,44.9670586886535,2211
22401,44.96906614663068,2211
22402,44.97107360460785,2211
22403,44.973081062585024,2210
22404,44.975088520562196,2210
22405,44.97709597853937,2210
22406,44.97910343651654,2210
22407,44.98111089449371,2211
22408,44.98311835247088,2212
22409,44.985125810448054,2212
22410,44.987133268425225,2210
22411,44.9891407264024,2209
22412,44.99114818437957,2208
22413,44.99315564235674,2207
22414,44.99516310033391,2205
22415,44.99717055831108,2205
22416,44.999178016288255,2209
22417,45.00118547426543,2213
22418,45.003192932242605,2213
22419,45.00520039021978,2212
22420,45.00720784819695,2211
22421,45.00921530617412,2212
22422,45.01122276415129,2212
22423,45.01323022212846,2209
22424,45.015237680105635,2206
22425,45.01724513808281,2206
22426,45.01925259605998,2210
22427,45.02126005403715,2211
22428,45.02326751201432,2209
22429,45.02527496999149,2207
22430,45.027282427968665,2208
22431,45.029289885945836,2210
22432,45.03129734392301,2212
22433,45.03330480190018,2211
22434,45.03531225987735,2210
22435,45.03731971785453,2209
22436,45.0393271758317,2207
22437,45.04133463380887,2204
22438,45.043342091786045,2204
22439,45.045349549763216,2207
22440,45.04735700774039,2207
22441,45.04936446571756,2206
22442,45.05137192369473,2207
22443,45.0533793816719,2209
22444,45.055386839649074,2208
22445,45.057394297626246,2205
22446,45.05940175560342,2206
22447,45.06140921358059,2203
22448,45.06341667155776,2168
22449,45.06542412953493,2051
22450,45.067431587512104,1846
22451,45.069439045489275,1645
22452,45.071446503466454,1573
22453,45.073453961443626,1671
22454,45.0754614194208,1880
22455,45.07746887739797,2067
22456,45.07947633537514,2124
22457,45.08148379335231,2049
22458,45.083491251329484,1901
22459,45.085498709306655,1715
22460,45.08750616728383,1536
22461,45.089513625261,1453
22462,45.09152108323817,1512
22463,45.09352854121534,1671
22464,45.09553599919251,1846
22465,45.097543457169685,1956
22466,45.09955091514686,1955
22467,45.10155837312403,1871
22468,45.1035658311012,1758
22469,45.10557328907838,1641
22470,45.10758074705555,1539
22471,45.10958820503272,1496
22472,45.11159566300989,1537
22473,45.113603120987065,1649
22474,45.11561057896424,1788
22475,45.11761803694141,1879
22476,45.11962549491858,1887
22477,45.12163295289575,1893
22478,45.12364041087292,2007
22479,45.125647868850095,2227
22480,45.127655326827266,2440
22481,45.12966278480444,2536
22482,45.13167024278161,2490
22483,45.13367770075878,2346
22484,45.13568515873595,2172
22485,45.137692616713124,2030
22486,45.1397000746903,1966
22487,45.141707532667475,1995
22488,45.143714990644646,2099
22489,45.14572244862182,2232
22490,45.14772990659899,2343
22491,45.14973736457616,2395
22492,45.15174482255333,2375
22493,45.153752280530504,2295
22494,45.155759738507676,2193
22495,45.15776719648485,2108
22496,45.15977465446202,2069
22497,45.16178211243919,2085
22498,45.16378957041636,2144
22499,45.165797028393534,2221
22500,45.167804486370706,2287
22501,45.16981194434788,2317
22502,45.17181940232505,2305
22503,45.17382686030223,2260
22504,45.1758343182794,2203
22505,45.17784177625657,2152
22506,45.17984923423374,2126
22507,45.181856692210914,2133
22508,45.183864150188086,2167
22509,45.18587160816526,2214
22510,45.18787906614243,2254
22511,45.1898865241196,2274
22512,45.19189398209677,2268
22513,45.193901440073944,2241
22514,45.195908898051115,2205
22515,45.19791635602829,2175
22516,45.19992381400546,2162
22517,45.20193127198263,2167
22518,45.2039387299598,2186
22519,45.20594618793697,2212
22520,45.20795364591415,2236
22521,45.209961103891324,2248
22522,45.211968561868495,2242
22523,45.21397601984567,2221
22524,45.21598347782284,2199
22525,45.21799093580001,2185
22526,45.21999839377718,2181
22527,45.22200585175435,2184
22528,45.224013309731525,2194
22529,45.2260207677087,2208
22530,45.22802822568587,2222
22531,45.23003568366304,2230
22532,45.23204314164021,2230
22533,45.23405059961738,2223
22534,45.236058057594555,2211
22535,45.238065515571726,2200
22536,45.2400729735489,2194
22537,45.24208043152608,2195
22538,45.24408788950325,2201
22539,45.24609534748042,2210
22540,45.24810280545759,2218
22541,45.25011026343476,2225
22542,45.252117721411935,2225
22543,45.254125179389106,2219
22544,45.25613263736628,2211
22545,45.25814009534345,2205
22546,45.26014755332062,2201
22547,45.26215501129779,2200
22548,45.264162469274964,2203
22549,45.266169927252136,2209
22550,45.26817738522931,2216
22551,45.27018484320648,2218
22552,45.27219230118365,2216
22553,45.27419975916082,2212
22554,45.276207217138,2208
22555,45.27821467511517,2206
22556,45.280222133092344,2204
22557,45.282229591069516,2205
22558,45.28423704904669,2208
22559,45.28624450702386,2210
22560,45.28825196500103,2211
22561,45.2902594229782,2212
22562,45.292266880955374,2213
22563,45.294274338932546,2212
22564,45.29628179690972,2208
22565,45.29828925488689,2204
22566,45.30029671286406,2203
22567,45.30230417084123,2206
22568,45.304311628818404,2208
22569,45.306319086795575,2208
22570,45.30832654477275,2208
22571,45.310334002749926,2210
22572,45.3123414607271,2211
22573,45.31434891870427,2211
22574,45.31635637668144,2210
22575,45.31836383465861,2209
22576,45.320371292635784,2208
22577,45.322378750612955,2208
22578,45.32438620859013,2210
22579,45.3263936665673,2211
22580,45.32840112454447,2208
22581,45.33040858252164,2203
22582,45.33241604049881,2203
22583,45.334423498475985,2208
22584,45.33643095645316,2212
22585,45.33843841443033,2211
22586,45.3404458724075,2208
22587,45.34245333038468,2208
22588,45.34446078836185,2210
22589,45.34646824633902,2212
22590,45.34847570431619,2213
22591,45.350483162293365,2214
22592,45.35249062027054,2214
22593,45.35449807824771,2214
22594,45.35650553622488,2213
22595,45.35851299420205,2211
22596,45.36052045217922,2210
22597,45.362527910156395,2209
22598,45.364535368133566,2210
22599,45.36654282611074,2211
22600,45.36855028408791,2209
22601,45.37055774206508,2208
22602,45.37256520004225,2208
22603,45.374572658019424,2211
22604,45.3765801159966,2211
22605,45.378587573973775,2206
22606,45.380595031950946,2202
22607,45.38260248992812,2204
22608,45.38460994790529,2209
22609,45.38661740588246,2210
22610,45.38862486385963,2209
22611,45.390632321836804,2208
22612,45.392639779813976,2209
22613,45.39464723779115,2210
22614,45.39665469576832,2210
22615,45.39866215374549,2211
22616,45.40066961172266,2211
22617,45.402677069699834,2209
22618,45.404684527677006,2208
22619,45.40669198565418,2209
22620,45.40869944363135,2211
22621,45.41070690160853,2210
22622,45.4127143595857,2207
22623,45.41472181756287,2207
22624,45.41672927554004,2210
22625,45.418736733517214,2211
22626,45.420744191494386,2210
22627,45.42275164947156,2209
22628,45.42475910744873,2209
22629,45.4267665654259,2210
22630,45.42877402340307,2211
22631,45.430781481380244,2212
22632,45.432788939357415,2212
22633,45.43479639733459,2212
22634,45.43680385531176,2211
22635,45.43881131328893,2209
22636,45.4408187712661,2208
22637,45.44282622924327,2207
22638,45.44483368722045,2207
22639,45.446841145197624,2206
22640,45.448848603174795,2207
22641,45.45085606115197,2209
22642,45.45286351912914,2211
22643,45.45487097710631,2210
22644,45.45687843508348,2209
22645,45.45888589306065,2210
22646,45.460893351037825,2211
22647,45.462900809015,2212
22648,45.46490826699217,2212
22649,45.46691572496934,2211
22650,45.46892318294651,2209
22651,45.47093064092368,2209
22652,45.472938098900855,2209
22653,45.474945556878026,2208
22654,45.4769530148552,2206
22655,45.47896047283238,2203
22656,45.48096793080955,2205
22657,45.48297538878672,2210
22658,45.48498284676389,2211
22659,45.48699030474106,2209
22660,45.488997762718235,2208
22661,45.491005220695406,2209
22662,45.49301267867258,2211
22663,45.49502013664975,2211
22664,45.49702759462692,2211
22665,45.49903505260409,2212
22666,45.501042510581264,2211
22667,45.503049968558436,2210
22668,45.50505742653561,2210
22669,45.50706488451278,2210
22670,45.50907234248995,2210
22671,45.51107980046712,2209
22672,45.5130872584443,2210
22673,45.51509471642147,2211
22674,45.517102174398644,2210
22675,45.519109632375816,2208
22676,45.52111709035299,2207
22677,45.52312454833016,2208
22678,45.52513200630733,2209
22679,45.5271394642845,2210
22680,45.529146922261674,2210
22681,45.531154380238846,2210
22682,45.53316183821602,2210
22683,45.53516929619319,2209
22684,45.53717675417036,2208
22685,45.53918421214753,2210
22686,45.541191670124704,2211
22687,45.543199128101875,2211
22688,45.54520658607905,2209
22689,45.547214044056226,2208
22690,45.5492215020334,2208
22691,45.55122896001057,2208
22692,45.55323641798774,2209
22693,45.55524387596491,2210
22694,45.557251333942084,2210
22695,45.559258791919255,2210
22696,45.56126624989643,2208
22697,45.5632737078736,2209
22698,45.56528116585077,2210
22699,45.56728862382794,2211
22700,45.56929608180511,2210
22701,45.571303539782285,2210
22702,45.57331099775946,2210
22703,45.57531845573663,2211
22704,45.5773259137138,2210
22705,45.57933337169097,2210
22706,45.58134082966815,2210
22707,45.58334828764532,2211
22708,45.58535574562249,2210
22709,45.587363203599665,2210
22710,45.58937066157684,2210
22711,45.59137811955401,2210
22712,45.59338557753118,2209
22713,45.59539303550835,2208
22714,45.59740049348552,2209
22715,45.599407951462695,2211
22716,45.601415409439866,2212
22717,45.60342286741704,2211
22718,45.60543032539421,2208
22719,45.60743778337138,2206
22720,45.60944524134855,2208
22721,45.611452699325724,2212
22722,45.613460157302896,2214
22723,45.615467615280075,2212
22724,45.617475073257246,2209
22725,45.61948253123442,2207
22726,45.62148998921159,2208
22727,45.62349744718876,2211
22728,45.62550490516593,2211
22729,45.627512363143104,2210
22730,45.629519821120276,2208
22731,45.63152727909745,2208
22732,45.63353473707462,2209
22733,45.63554219505179,2210
22734,45.63754965302896,2210
22735,45.639557111006134,2209
22736,45.641564568983306,2208
22737,45.64357202696048,2207
22738,45.64557948493765,2207
22739,45.64758694291482,2210
22740,45.649594400892,2212
22741,45.65160185886917,2211
22742,45.65360931684634,2209
22743,45.655616774823514,2207
22744,45.657624232800686,2208
22745,45.65963169077786,2209
22746,45.66163914875503,2210
22747,45.6636466067322,2211
22748,45.66565406470937,2211
22749,45.667661522686544,2211
22750,45.669668980663715,2211
22751,45.67167643864089,2210
22752,45.67368389661806,2207
22753,45.67569135459523,2204
22754,45.6776988125724,2205
22755,45.67970627054957,2208
22756,45.681713728526745,2210
22757,45.683721186503924,2210
22758,45.685728644481095,2209
22759,45.68773610245827,2209
22760,45.68974356043544,2207
22761,45.69175101841261,2203
22762,45.69375847638978,2203
22763,45.69576593436695,2206
22764,45.697773392344125,2211
22765,45.6997808503213,2211
22766,45.70178830829847,2209
22767,45.70379576627564,2206
22768,45.70580322425281,2207
22769,45.70781068222998,2209
22770,45.709818140207155,2210
22771,45.711825598184326,2211
22772,45.7138330561615,2212
22773,45.71584051413867,2212
22774,45.71784797211585,2212
22775,45.71985543009302,2211
22776,45.72186288807019,2210
22777,45.72387034604736,2210
22778,45.725877804024535,2210
22779,45.727885262001706,2209
22780,45.72989271997888,2210
22781,45.73190017795605,2210
22782,45.73390763593322,2210
22783,45.73591509391039,2210
22784,45.737922551887564,2210
22785,45.739930009864736,2208
22786,45.74193746784191,2205
22787,45.74394492581908,2206
22788,45.74595238379625,2210
22789,45.74795984177342,2212
22790,45.749967299750594,2211
22791,45.75197475772777,2209
22792,45.753982215704944,2209
22793,45.755989673682116,2210
22794,45.75799713165929,2209
22795,45.76000458963646,2209
22796,45.76201204761363,2209
22797,45.7640195055908,2210
22798,45.766026963567974,2207
22799,45.768034421545146,2204
22800,45.77004187952232,2205
22801,45.77204933749949,2210
22802,45.77405679547666,2212
22803,45.77606425345383,2210
22804,45.778071711431004,2208
22805,45.780079169408175,2208
22806,45.78208662738535,2210
22807,45.78409408536252,2212
22808,45.7861015433397,2212
22809,45.78810900131687,2211
22810,45.79011645929404,2209
22811,45.79212391727121,2208
22812,45.794131375248384,2208
22813,45.796138833225555,2209
22814,45.79814629120273,2211
22815,45.8001537491799,2211
22816,45.80216120715707,2210
22817,45.80416866513424,2209
22818,45.80617612311141,2209
22819,45.808183581088585,2210
22820,45.81019103906576,2212
22821,45.81219849704293,2212
22822,45.8142059550201,2211
22823,45.81621341299727,2208
22824,45.81822087097445,2205
22825,45.82022832895162,2206
22826,45.82223578692879,2210
22827,45.824243244905965,2212
22828,45.82625070288314,2212
22829,45.82825816086031,2211
22830,45.83026561883748,2210
22831,45.83227307681465,2209
22832,45.83428053479182,2209
22833,45.836287992768995,2210
22834,45.838295450746166,2211
22835,45.84030290872334,2211
22836,45.84231036670051,2210
22837,45.84431782467768,2209
22838,45.84632528265485,2208
22839,45.848332740632024,2206
22840,45.850340198609196,2204
22841,45.852347656586375,2205
22842,45.854355114563546,2210
22843,45.85636257254072,2213
22844,45.85837003051789,2211
22845,45.86037748849506,2208
22846,45.86238494647223,2207
22847,45.864392404449404,2208
22848,45.866399862426576,2209
22849,45.86840732040375,2210
22850,45.87041477838092,2210
22851,45.87242223635809,2211
22852,45.87442969433526,2211
22853,45.876437152312434,2211
22854,45.878444610289606,2210
22855,45.88045206826678,2209
22856,45.88245952624395,2209
22857,45.88446698422112,2211
22858,45.8864744421983,2212
22859,45.88848190017547,2211
22860,45.89048935815264,2209
22861,45.892496816129814,2209
22862,45.894504274106986,2209
22863,45.89651173208416,2210
22864,45.89851919006133,2210
22865,45.9005266480385,2211
22866,45.90253410601567,2212
22867,45.904541563992844,2212
22868,45.906549021970015,2210
22869,45.90855647994719,2209
22870,45.91056393792436,2210
22871,45.91257139590153,2211
22872,45.9145788538787,2211
22873,45.91658631185587,2210
22874,45.918593769833045,2209
22875,45.920601227810224,2209
22876,45.922608685787395,2210
22877,45.92461614376457,2210
22878,45.92662360174174,2210
22879,45.92863105971891,2211
22880,45.93063851769608,2211
22881,45.93264597567325,2210
22882,45.934653433650425,2210
22883,45.9366608916276,2210
22884,45.93866834960477,2210
22885,45.94067580758194,2209
22886,45.94268326555911,2209
22887,45.94469072353628,2209
22888,45.946698181513455,2208
22889,45.948705639490626,2205
22890,45.9507130974678,2204
22891,45.95272055544497,2206
22892,45.95472801342215,2210
22893,45.95673547139932,2212
22894,45.95874292937649,2211
22895,45.96075038735366,2209
22896,45.962757845330835,2208
22897,45.964765303308006,2208
22898,45.96677276128518,2210
22899,45.96878021926235,2211
22900,45.97078767723952,2210
22901,45.97279513521669,2209
22902,45.974802593193864,2209
22903,45.976810051171036,2210
22904,45.97881750914821,2210
22905,45.98082496712538,2209
22906,45.98283242510255,2209
22907,45.98483988307972,2210
22908,45.986847341056894,2211
22909,45.98885479903407,2211
22910,45.990862257011244,2210
22911,45.992869714988416,2209
22912,45.99487717296559,2209
22913,45.99688463094276,2207
22914,45.99889208891993,2205
22915,46.0008995468971,2206
22916,46.002907004874274,2209
22917,46.004914462851445,2210
22918,46.00692192082862,2207
22919,46.00892937880579,2204
22920,46.01093683678296,2206
22921,46.01294429476013,2209
22922,46.0149517527373,2211
22923,46.016959210714475,2210
22924,46.01896666869165,2210
22925,46.02097412666882,2210
22926,46.022981584646,2209
22927,46.02498904262317,2209
22928,46.02699650060034,2209
22929,46.02900395857751,2208
22930,46.03101141655468,2203
22931,46.033018874531855,2199
22932,46.03502633250903,2202
22933,46.0370337904862,2209
22934,46.03904124846337,2210
22935,46.04104870644054,2206
22936,46.04305616441771,2205
22937,46.045063622394885,2210
22938,46.047071080372056,2213
22939,46.04907853834923,2210
22940,46.0510859963264,2193
22941,46.05309345430357,2172
22942,46.05510091228074,2170
22943,46.05710837025792,2193
22944,46.05911582823509,2213
22945,46.061123286212265,2211
22946,46.063130744189436,2199
22947,46.06513820216661,2193
22948,46.06714566014378,2199
22949,46.06915311812095,2202
22950,46.07116057609812,2178
22951,46.073168034075294,2134
22952,46.075175492052466,2120
22953,46.07718295002964,2157
22954,46.07919040800681,2202
22955,46.08119786598398,2212
22956,46.08320532396115,2193
22957,46.085212781938324,2180
22958,46.087220239915496,2188
22959,46.08922769789267,2192
22960,46.091235155869846,2153
22961,46.09324261384702,2085
22962,46.09525007182419,2059
22963,46.09725752980136,2108
22964,46.09926498777853,2178
22965,46.101272445755704,2203
22966,46.103279903732876,2177
22967,46.10528736171005,2150
22968,46.10729481968722,2158
22969,46.10930227766439,2178
22970,46.11130973564156,2156
22971,46.113317193618734,2089
22972,46.115324651595905,2051
22973,46.11733210957308,2094
22974,46.11933956755025,2169
22975,46.12134702552742,2195
22976,46.12335448350459,2163
22977,46.12536194148177,2132
22978,46.12736939945894,2146
22979,46.129376857436114,2174
22980,46.131384315413285,2149
22981,46.13339177339046,2068
22982,46.13539923136763,2020
22983,46.1374066893448,2066
22984,46.13941414732197,2152
22985,46.14142160529914,2183
22986,46.143429063276315,2144
22987,46.14543652125349,2107
22988,46.14744397923066,2123
22989,46.14945143720783,2152
22990,46.151458895185,2115
22991,46.15346635316217,2014
22992,46.155473811139345,1951
22993,46.157481269116516,2002
22994,46.159488727093695,2114
22995,46.16149618507087,2170
22996,46.16350364304804,2131
22997,46.16551110102521,2078
22998,46.16751855900238,2087
22999,46.16952601697955,2117
23000,46.171533474956725,2066
23001,46.173540932933896,1938
23002,46.17554839091107,1865
23003,46.17755584888824,1938
23004,46.17956330686541,2082
23005,46.18157076484258,2147
23006,46.183578222819754,2093
23007,46.185585680796926,2028
23008,46.1875931387741,2048
23009,46.18960059675127,2099
23010,46.19160805472844,2063
23011,46.19361551270562,1937
23012,46.19562297068279,1857
23013,46.19763042865996,1920
23014,46.199637886637134,2061
23015,46.201645344614306,2126
23016,46.20365280259148,2067
23017,46.20566026056865,1993
23018,46.20766771854582,2014
23019,46.20967517652299,2076
23020,46.211682634500164,2047
23021,46.213690092477336,1920
23022,46.21569755045451,1836
23023,46.21770500843168,1900
23024,46.21971246640885,2040
23025,46.22171992438602,2101
23026,46.223727382363194,2034
23027,46.225734840340365,1959
23028,46.227742298317544,1986
23029,46.229749756294716,2057
23030,46.23175721427189,2030
23031,46.23376467224906,1899
23032,46.23577213022623,1813
23033,46.2377795882034,1878
23034,46.239787046180574,2024
23035,46.241794504157745,2086
23036,46.24380196213492,2011
23037,46.24580942011209,1925
23038,46.24781687808926,1948
23039,46.24982433606643,2021
23040,46.2518317940436,1999
23041,46.253839252020775,1873
23042,46.25584670999795,1788
23043,46.25785416797512,1852
23044,46.2598616259523,1998
23045,46.26186908392947,2060
23046,46.26387654190664,1983
23047,46.26588399988381,1895
23048,46.26789145786098,1919
23049,46.269898915838155,1994
23050,46.27190637381533,1971
23051,46.2739138317925,1846
23052,46.27592128976967,1766
23053,46.27792874774684,1831
23054,46.27993620572401,1975
23055,46.281943663701185,2035
23056,46.283951121678356,1956
23057,46.28595857965553,1866
23058,46.2879660376327,1889
23059,46.28997349560987,1961
23060,46.29198095358704,1937
23061,46.29398841156422,1813
23062,46.29599586954139,1730
23063,46.298003327518565,1792
23064,46.300010785495736,1936
23065,46.30201824347291,2002
23066,46.30402570145008,1927
23067,46.30603315942725,1837
23068,46.30804061740442,1858
23069,46.310048075381594,1932
23070,46.312055533358766,1912
23071,46.31406299133594,1793
23072,46.31607044931311,1712
23073,46.31807790729028,1766
23074,46.32008536526745,1901
23075,46.322092823244624,1966
23076,46.324100281221796,1897
23077,46.32610773919897,1811
23078,46.328115197176146,1832
23079,46.33012265515332,1904
23080,46.33213011313049,1886
23081,46.33413757110766,1773
23082,46.33614502908483,1694
23083,46.338152487062004,1741
23084,46.340159945039176,1868
23085,46.34216740301635,1931
23086,46.34417486099352,1866
23087,46.34618231897069,1781
23088,46.34818977694786,1800
23089,46.350197234925034,1873
23090,46.352204692902205,1864
23091,46.35421215087938,1761
23092,46.35621960885655,1685
23093,46.35822706683372,1727
23094,46.36023452481089,1847
23095,46.36224198278807,1909
23096,46.36424944076524,1848
23097,46.366256898742414,1766
23098,46.368264356719585,1787
23099,46.37027181469676,1859
23100,46.37227927267393,1850
23101,46.3742867306511,1750
23102,46.37629418862827,1679
23103,46.37830164660544,1721
23104,46.380309104582615,1836
23105,46.38231656255979,1892
23106,46.38432402053696,1826
23107,46.38633147851413,1743
23108,46.3883389364913,1762
23109,46.39034639446847,1831
23110,46.392353852445645,1820
23111,46.394361310422816,1721
23112,46.396368768399995,1646
23113,46.39837622637717,1679
23114,46.40038368435434,1789
23115,46.40239114233151,1854
23116,46.40439860030868,1804
23117,46.40640605828585,1727
23118,46.408413516263025,1739
23119,46.410420974240196,1801
23120,46.41242843221737,1793
23121,46.41443589019454,1707
23122,46.41644334817171,1643
23123,46.41845080614888,1674
23124,46.420458264126054,1773
23125,46.422465722103226,1828
23126,46.4244731800804,1776
23127,46.42648063805757,1704
23128,46.42848809603474,1721
23129,46.43049555401192,1785
23130,46.43250301198909,1779
23131,46.43451046996626,1697
23132,46.436517927943434,1631
23133,46.438525385920606,1653
23134,46.44053284389778,1742
23135,46.44254030187495,1800
23136,46.44454775985212,1754
23137,46.44655521782929,1682
23138,46.448562675806464,1693
23139,46.450570133783636,1750
23140,46.45257759176081,1740
23141,46.45458504973798,1658
23142,46.45659250771515,1594
23143,46.45859996569232,1616
23144,46.460607423669494,1706
23145,46.462614881646665,1769
23146,46.464622339623844,1734
23147,46.466629797601016,1669
23148,46.46863725557819,1675
23149,46.47064471355536,1721
23150,46.47265217153253,1708
23151,46.4746596295097,1637
23152,46.476667087486874,1583
23153,46.478674545464045,1601
23154,46.48068200344122,1681
23155,46.48268946141839,1740
23156,46.48469691939556,1710
23157,46.48670437737273,1650
23158,46.4887118353499,1661
23159,46.490719293327075,1714
23160,46.49272675130425,1711
23161,46.49473420928142,1645
23162,46.49674166725859,1589
23163,46.49874912523577,1600
23164,46.50075658321294,1672
23165,46.50276404119011,1727
23166,46.50477149916728,1693
23167,46.506778957144455,1632
23168,46.50878641512163,1642
23169,46.5107938730988,1694
23170,46.51280133107597,1691
23171,46.51480878905314,1627
23172,46.51681624703031,1574
23173,46.518823705007485,1585
23174,46.520831162984656,1654
23175,46.52283862096183,1706
23176,46.524846078939,1676
23177,46.52685353691617,1620
23178,46.52886099489334,1633
23179,46.530868452870514,1686
23180,46.53287591084769,1691
23181,46.534883368824865,1640
23182,46.536890826802036,1596
23183,46.53889828477921,1604
23184,46.54090574275638,1662
23185,46.54291320073355,1704
23186,46.54492065871072,1667
23187,46.546928116687894,1609
23188,46.548935574665066,1625
23189,46.55094303264224,1687
23190,46.55295049061941,1696
23191,46.55495794859658,1642
23192,46.55696540657375,1591
23193,46.558972864550924,1596
23194,46.560980322528096,1653
23195,46.56298778050527,1694
23196,46.56499523848244,1660
23197,46.56700269645962,1604
23198,46.56901015443679,1620
23199,46.57101761241396,1682
23200,46.57302507039113,1693
23201,46.575032528368304,1642
23202,46.577039986345476,1593
23203,46.57904744432265,1598
23204,46.58105490229982,1655
23205,46.58306236027699,1696
23206,46.58506981825416,1657
23207,46.587077276231334,1596
23208,46.589084734208505,1612
23209,46.59109219218568,1675
23210,46.59309965016285,1693
23211,46.59510710814002,1650
23212,46.59711456611719,1609
23213,46.59912202409436,1616
23214,46.60112948207154,1669
23215,46.603136940048714,1701
23216,46.605144398025885,1655
23217,46.60715185600306,1593
23218,46.60915931398023,1614
23219,46.6111667719574,1684
23220,46.61317422993457,1701
23221,46.61518168791174,1651
23222,46.617189145888915,1599
23223,46.61919660386609,1599
23224,46.62120406184326,1653
23225,46.62321151982043,1696
23226,46.6252189777976,1660
23227,46.62722643577477,1600
23228,46.629233893751945,1611
23229,46.631241351729116,1672
23230,46.63324880970629,1687
23231,46.63525626768347,1636
23232,46.63726372566064,1584
23233,46.63927118363781,1585
23234,46.64127864161498,1640
23235,46.64328609959215,1683
23236,46.645293557569325,1651
23237,46.647301015546496,1593
23238,46.64930847352367,1604
23239,46.65131593150084,1662
23240,46.65332338947801,1676
23241,46.65533084745518,1630
23242,46.657338305432354,1580
23243,46.659345763409526,1580
23244,46.6613532213867,1633
23245,46.66336067936387,1679
23246,46.66536813734104,1650
23247,46.66737559531821,1592
23248,46.66938305329539,1599
23249,46.67139051127256,1654
23250,46.673397969249734,1670
23251,46.675405427226906,1625
23252,46.67741288520408,1577
23253,46.67942034318125,1573
23254,46.68142780115842,1622
23255,46.68343525913559,1664
23256,46.685442717112764,1634
23257,46.687450175089936,1575
23258,46.68945763306711,1574
23259,46.69146509104428,1615
23260,46.69347254902145,1618
23261,46.69548000699862,1571
23262,46.697487464975794,1523
23263,46.699494922952965,1519
23264,46.70150238093014,1569
23265,46.703509838907316,1623
23266,46.70551729688449,1613
23267,46.70752475486166,1561
23268,46.70953221283883,1546
23269,46.711539670816,1566
23270,46.713547128793174,1563
23271,46.715554586770345,1523
23272,46.71756204474752,1483
23273,46.71956950272469,1477
23274,46.72157696070186,1520
23275,46.72358441867903,1576
23276,46.7255918766562,1578
23277,46.727599334633375,1535
23278,46.72960679261055,1514
23279,46.73161425058772,1527
23280,46.73362170856489,1529
23281,46.73562916654207,1501
23282,46.73763662451924,1464
23283,46.73964408249641,1452
23284,46.74165154047358,1488
23285,46.743658998450755,1544
23286,46.74566645642793,1551
23287,46.7476739144051,1505
23288,46.74968137238227,1475
23289,46.75168883035944,1487
23290,46.75369628833661,1501
23291,46.755703746313785,1487
23292,46.757711204290956,1456
23293,46.75971866226813,1437
23294,46.7617261202453,1462
23295,46.76373357822247,1512
23296,46.76574103619964,1521
23297,46.767748494176814,1480
23298,46.76975595215399,1448
23299,46.771763410131165,1452
23300,46.773770868108336,1463
23301,46.77577832608551,1454
23302,46.77778578406268,1425
23303,46.77979324203985,1402
23304,46.78180070001702,1420
23305,46.783808157994194,1469
23306,46.785815615971366,1486
23307,46.78782307394854,1453
23308,46.78983053192571,1424
23309,46.79183798990288,1436
23310,46.79384544788005,1464
23311,46.795852905857224,1474
23312,46.797860363834396,1460
23313,46.79986782181157,1444
23314,46.80187527978874,1462
23315,46.80388273776592,1506
23316,46.80589019574309,1515
23317,46.80789765372026,1484
23318,46.80990511169743,1471
23319,46.811912569674604,1499
23320,46.813920027651776,1529
23321,46.81592748562895,1525
23322,46.81793494360612,1491
23323,46.81994240158329,1459
23324,46.82194985956046,1467
23325,46.823957317537634,1506
23326,46.825964775514805,1510
23327,46.82797223349198,1471
23328,46.82997969146915,1449
23329,46.83198714944632,1471
23330,46.83399460742349,1494
23331,46.83600206540066,1485
23332,46.83800952337784,1451
23333,46.840016981355014,1423
23334,46.842024439332185,1435
23335,46.84403189730936,1478
23336,46.84603935528653,1491
23337,46.8480468132637,1459
23338,46.85005427124087,1435
23339,46.85206172921804,1450
23340,46.854069187195215,1474
23341,46.85607664517239,1474
23342,46.85808410314956,1448
23343,46.86009156112673,1422
23344,46.8620990191039,1433
23345,46.86410647708107,1477
23346,46.866113935058245,1496
23347,46.868121393035416,1475
23348,46.87012885101259,1465
23349,46.87213630898977,1493
23350,46.87414376696694,1522
23351,46.87615122494411,1521
23352,46.87815868292128,1492
23353,46.88016614089845,1464
23354,46.882173598875625,1473
23355,46.884181056852796,1508
23356,46.88618851482997,1512
23357,46.88819597280714,1474
23358,46.89020343078431,1452
23359,46.89221088876148,1472
23360,46.894218346738654,1494
23361,46.896225804715826,1484
23362,46.898233262693,1444
23363,46.90024072067017,1403
23364,46.90224817864734,1403
23365,46.90425563662451,1444
23366,46.90626309460169,1461
23367,46.90827055257886,1418
23368,46.910278010556034,1367
23369,46.912285468533206,1367
23370,46.91429292651038,1397
23371,46.91630038448755,1408
23372,46.91830784246472,1382
23373,46.92031530044189,1349
23374,46.922322758419064,1355
23375,46.924330216396235,1404
23376,46.92633767437341,1433
23377,46.92834513235058,1406
23378,46.93035259032775,1371
23379,46.93236004830492,1375
23380,46.93436750628209,1402
23381,46.936374964259265,1408
23382,46.93838242223644,1380
23383,46.940389880213615,1343
23384,46.94239733819079,1344
23385,46.94440479616796,1392
23386,46.94641225414513,1421
23387,46.9484197121223,1392
23388,46.95042717009947,1350
23389,46.952434628076645,1354
23390,46.95444208605382,1387
23391,46.95644954403099,1400
23392,46.95845700200816,1374
23393,46.96046445998533,1334
23394,46.9624719179625,1331
23395,46.964479375939675,1375
23396,46.966486833916846,1402
23397,46.96849429189402,1370
23398,46.97050174987119,1326
23399,46.97250920784836,1329
23400,46.97451666582554,1364
23401,46.97652412380271,1376
23402,46.97853158177988,1348
23403,46.980539039757055,1310
23404,46.982546497734226,1312
23405,46.9845539557114,1363
23406,46.98656141368857,1397
23407,46.98856887166574,1368
23408,46.99057632964291,1323
23409,46.992583787620084,1326
23410,46.994591245597256,1364
23411,46.99659870357443,1383
23412,46.9986061615516,1359
23413,47.00061361952877,1320
23414,47.00262107750594,1317
23415,47.004628535483114,1364
23416,47.006635993460286,1398
23417,47.008643451437464,1372
23418,47.010650909414636,1331
23419,47.01265836739181,1336
23420,47.01466582536898,1375
23421,47.01667328334615,1392
23422,47.01868074132332,1365
23423,47.020688199300494,1323
23424,47.022695657277666,1317
23425,47.02470311525484,1359
23426,47.02671057323201,1388
23427,47.02871803120918,1356
23428,47.03072548918635,1309
23429,47.032732947163524,1312
23430,47.034740405140695,1352
23431,47.03674786311787,1370
23432,47.03875532109504,1342
23433,47.04076277907221,1299
23434,47.04277023704939,1290
23435,47.04477769502656,1331
23436,47.04678515300373,1357
23437,47.048792610980904,1316
23438,47.050800068958075,1250
23439,47.05280752693525,1232
23440,47.05481498491242,1256
23441,47.05682244288959,1268
23442,47.05882990086676,1242
23443,47.06083735884393,1206
23444,47.062844816821105,1207
23445,47.06485227479828,1257
23446,47.06685973277545,1295
23447,47.06886719075262,1269
23448,47.07087464872979,1224
23449,47.07288210670696,1231
23450,47.074889564684135,1275
23451,47.07689702266131,1293
23452,47.078904480638485,1255
23453,47.08091193861566,1190
23454,47.08291939659283,1157
23455,47.08492685457,1182
23456,47.08693431254717,1213
23457,47.08894177052434,1200
23458,47.090949228501515,1179
23459,47.092956686478686,1206
23460,47.09496414445586,1259
23461,47.09697160243303,1279
23462,47.0989790604102,1246
23463,47.10098651838737,1201
23464,47.102993976364544,1198
23465,47.105001434341716,1248
23466,47.10700889231889,1290
23467,47.10901635029606,1264
23468,47.11102380827324,1213
23469,47.11303126625041,1209
23470,47.11503872422758,1249
23471,47.11704618220475,1272
23472,47.119053640181924,1248
23473,47.121061098159096,1202
23474,47.12306855613627,1189
23475,47.12507601411344,1227
23476,47.12708347209061,1257
23477,47.12909093006778,1223
23478,47.131098388044954,1166
23479,47.133105846022126,1161
23480,47.1351133039993,1201
23481,47.13712076197647,1224
23482,47.13912821995364,1198
23483,47.14113567793081,1151
23484,47.143143135907984,1140
23485,47.14515059388516,1184
23486,47.147158051862334,1222
23487,47.149165509839506,1193
23488,47.15117296781668,1136
23489,47.15318042579385,1129
23490,47.15518788377102,1167
23491,47.15719534174819,1186
23492,47.159202799725364,1159
23493,47.161210257702535,1112
23494,47.16321771567971,1100
23495,47.16522517365688,1139
23496,47.16723263163405,1174
23497,47.16924008961122,1144
23498,47.17124754758839,1089
23499,47.173255005565565,1080
23500,47.17526246354274,1110
23501,47.177269921519915,1117
23502,47.17927737949709,1075
23503,47.18128483747426,1015
23504,47.18329229545143,993
23505,47.1852997534286,1023
23506,47.18730721140577,1049
23507,47.189314669382945,1017
23508,47.19132212736012,965
23509,47.19332958533729,968
23510,47.19533704331446,1016
23511,47.19734450129163,1043
23512,47.1993519592688,1017
23513,47.201359417245975,971
23514,47.203366875223146,960
23515,47.20537433320032,1006
23516,47.20738179117749,1049
23517,47.20938924915466,1028
23518,47.21139670713184,980
23519,47.21340416510901,980
23520,47.21541162308618,1024
23521,47.217419081063355,1047
23522,47.219426539040526,1023
23523,47.2214339970177,977
23524,47.22344145499487,968
23525,47.22544891297204,1013
23526,47.22745637094921,1056
23527,47.229463828926384,1035
23528,47.231471286903556,984
23529,47.23347874488073,980
23530,47.2354862028579,1020
23531,47.23749366083507,1042
23532,47.23950111881224,1011
23533,47.241508576789414,957
23534,47.243516034766586,935
23535,47.245523492743764,968
23536,47.247530950720936,1001
23537,47.24953840869811,972
23538,47.25154586667528,916
23539,47.25355332465245,908
23540,47.25556078262962,946
23541,47.257568240606794,963
23542,47.259575698583966,929
23543,47.26158315656114,875
23544,47.26359061453831,856
23545,47.26559807251548,893
23546,47.26760553049265,927
23547,47.269612988469824,898
23548,47.271620446446995,840
23549,47.27362790442417,832
23550,47.27563536240134,870
23551,47.27764282037851,891
23552,47.27965027835569,865
23553,47.28165773633286,819
23554,47.28366519431003,807
23555,47.285672652287204,852
23556,47.287680110264375,896
23557,47.28968756824155,876
23558,47.29169502621872,827
23559,47.29370248419589,828
23560,47.29570994217306,878
23561,47.29771740015023,908
23562,47.299724858127405,881
23563,47.30173231610458,826
23564,47.30373977408175,803
23565,47.30574723205892,832
23566,47.30775469003609,845
23567,47.30976214801326,773
23568,47.311769605990435,654
23569,47.31377706396761,595
23570,47.315784521944785,641
23571,47.31779197992196,735
23572,47.31979943789913,772
23573,47.3218068958763,702
23574,47.32381435385347,613
23575,47.32582181183064,625
23576,47.327829269807815,714
23577,47.329836727784986,762
23578,47.33184418576216,747
23579,47.33385164373933,742
23580,47.3358591017165,777
23581,47.33786655969367,809
23582,47.339874017670844,788
23583,47.341881475648016,723
23584,47.34388893362519,680
23585,47.34589639160236,708
23586,47.34790384957954,761
23587,47.34991130755671,759
23588,47.35191876553388,718
23589,47.35392622351105,713
23590,47.355933681488224,759
23591,47.357941139465396,797
23592,47.35994859744257,783
23593,47.36195605541974,728
23594,47.36396351339691,696
23595,47.36597097137408,734
23596,47.367978429351254,792
23597,47.369985887328426,790
23598,47.3719933453056,742
23599,47.37400080328277,728
23600,47.37600826125994,765
23601,47.37801571923711,796
23602,47.380023177214284,777
23603,47.38203063519146,711
23604,47.384038093168634,662
23605,47.386045551145806,682
23606,47.38805300912298,728
23607,47.39006046710015,714
23608,47.39206792507732,653
23609,47.39407538305449,633
23610,47.396082841031664,682
23611,47.398090299008835,746
23612,47.40009775698601,753
23613,47.40210521496318,687
23614,47.40411267294035,615
23615,47.40612013091752,616
23616,47.40812758889469,658
23617,47.410135046871865,647
23618,47.41214250484904,580
23619,47.41414996282621,546
23620,47.41615742080339,595
23621,47.41816487878056,685
23622,47.42017233675773,721
23623,47.4221797947349,642
23624,47.42418725271207,509
23625,47.426194710689245,452
23626,47.42820216866642,484
23627,47.43020962664359,492
23628,47.43221708462076,429
23629,47.43422454259793,375
23630,47.4362320005751,424
23631,47.438239458552275,566
23632,47.440246916529446,661
23633,47.44225437450662,575
23634,47.44426183248379,358
23635,47.44626929046096,205
23636,47.44827674843813,199
23637,47.45028420641531,228
23638,47.45229166439248,201
23639,47.454299122369655,181
23640,47.456306580346826,277
23641,47.458314038324,465
23642,47.46032149630117,583
23643,47.46232895427834,513
23644,47.46433641225551,347
23645,47.466343870232684,293
23646,47.468351328209856,395
23647,47.47035878618703,490
23648,47.4723662441642,461
23649,47.47437370214137,374
23650,47.47638116011854,362
23651,47.478388618095714,456
23652,47.480396076072886,548
23653,47.48240353405006,537
23654,47.484410992027236,496
23655,47.48641845000441,577
23656,47.48842590798158,757
23657,47.49043336595875,867
23658,47.49244082393592,833
23659,47.494448281913094,743
23660,47.496455739890266,683
23661,47.49846319786744,657
23662,47.50047065584461,638
23663,47.50247811382178,628
23664,47.50448557179895,673
23665,47.506493029776124,800
23666,47.508500487753295,935
23667,47.51050794573047,968
23668,47.51251540370764,908
23669,47.51452286168481,855
23670,47.51653031966198,847
23671,47.51853777763916,840
23672,47.52054523561633,811
23673,47.522552693593504,791
23674,47.524560151570675,832
23675,47.52656760954785,943
23676,47.52857506752502,1049
23677,47.53058252550219,1058
23678,47.53258998347936,999
23679,47.53459744145653,968
23680,47.536604899433705,987
23681,47.53861235741088,999
23682,47.54061981538805,977
23683,47.54262727336522,954
23684,47.54463473134239,974
23685,47.54664218931956,1050
23686,47.548649647296735,1126
23687,47.550657105273906,1125
23688,47.552664563251085,1073
23689,47.55467202122826,1054
23690,47.55667947920543,1078
23691,47.5586869371826,1087
23692,47.56069439515977,1057
23693,47.56270185313694,1020
23694,47.564709311114115,1023
23695,47.566716769091286,1082
23696,47.56872422706846,1141
23697,47.57073168504563,1128
23698,47.5727391430228,1069
23699,47.57474660099997,1050
23700,47.576754058977144,1079
23701,47.578761516954316,1092
23702,47.58076897493149,1061
23703,47.58277643290866,1015
23704,47.58478389088583,1003
23705,47.58679134886301,1049
23706,47.58879880684018,1105
23707,47.59080626481735,1098
23708,47.592813722794524,1050
23709,47.594821180771696,1045
23710,47.59682863874887,1087
23711,47.59883609672604,1112
23712,47.60084355470321,1092
23713,47.60285101268038,1055
23714,47.604858470657554,1048
23715,47.606865928634726,1096
23716,47.6088733866119,1151
23717,47.61088084458907,1140
23718,47.61288830256624,1085
23719,47.61489576054341,1070
23720,47.616903218520584,1104
23721,47.61891067649776,1124
23722,47.620918134474934,1103
23723,47.622925592452106,1063
23724,47.62493305042928,1051
23725,47.62694050840645,1092
23726,47.62894796638362,1143
23727,47.63095542436079,1131
23728,47.632962882337964,1079
23729,47.634970340315135,1074
23730,47.63697779829231,1118
23731,47.63898525626948,1142
23732,47.64099271424665,1118
23733,47.64300017222382,1075
23734,47.64500763020099,1061
23735,47.647015088178165,1102
23736,47.64902254615534,1152
23737,47.65103000413251,1138
23738,47.65303746210969,1082
23739,47.65504492008686,1071
23740,47.65705237806403,1111
23741,47.6590598360412,1137
23742,47.66106729401837,1117
23743,47.663074751995545,1075
23744,47.66508220997272,1057
23745,47.66708966794989,1089
23746,47.66909712592706,1131
23747,47.67110458390423,1110
23748,47.6731120418814,1050
23749,47.675119499858575,1037
23750,47.677126957835746,1071
23751,47.67913441581292,1085
23752,47.68114187379009,1049
23753,47.68314933176726,991
23754,47.68515678974443,956
23755,47.68716424772161,955
23756,47.68917170569878,904
23757,47.691179163675955,718
23758,47.693186621653126,477
23759,47.6951940796303,354
23760,47.69720153760747,431
23761,47.69920899558464,626
23762,47.70121645356181,740
23763,47.703223911538984,598
23764,47.705231369516156,210
23765,47.70723882749333,0
23766,47.7092462854705,0
23767,47.71125374344767,0
23768,47.71326120142484,0
23769,47.715268659402014,0
23770,47.717276117379186,204
23771,47.71928357535636,422
23772,47.721291033333536,471
23773,47.72329849131071,349
23774,47.72530594928788,115
23775,47.72731340726505,0
23776,47.72932086524222,0
23777,47.731328323219394,0
23778,47.733335781196566,0
23779,47.73534323917374,0
23780,47.73735069715091,116
23781,47.73935815512808,248
23782,47.74136561310525,280
23783,47.743373071082424,211
23784,47.745380529059595,76
23785,47.74738798703677,0
23786,47.74939544501394,0
23787,47.75140290299111,0
23788,47.75341036096828,0
23789,47.75541781894546,0
23790,47.75742527692263,69
23791,47.759432734899804,148
23792,47.761440192876975,169
23793,47.76344765085415,129
23794,47.76545510883132,51
23795,47.76746256680849,0
23796,47.76947002478566,0
23797,47.77147748276283,0
23798,47.773484940740005,0
23799,47.77549239871718,0
23800,47.77749985669435,42
23801,47.77950731467152,89
23802,47.78151477264869,103
23803,47.78352223062586,81
23804,47.785529688603035,36
23805,47.787537146580206,0
23806,47.789544604557385,0
23807,47.79155206253456,0
23808,47.79355952051173,0
23809,47.7955669784889,0
23810,47.79757443646607,28
23811,47.79958189444324,55
23812,47.801589352420415,64
23813,47.803596810397586,52
23814,47.80560426837476,26
23815,47.80761172635193,0
23816,47.8096191843291,0
23817,47.81162664230627,0
23818,47.813634100283444,0
23819,47.815641558260616,0
23820,47.81764901623779,19
23821,47.81965647421496,36
23822,47.82166393219213,44
23823,47.82367139016931,39
23824,47.82567884814648,23
23825,47.82768630612365,3
23826,47.829693764100824,0
23827,47.831701222077996,0
23828,47.83370868005517,0
23829,47.83571613803234,3
23830,47.83772359600951,15
23831,47.83973105398668,24
23832,47.841738511963854,28
23833,47.843745969941025,24
23834,47.8457534279182,16
23835,47.84776088589537,5
23836,47.84976834387254,0
23837,47.85177580184971,0
23838,47.85378325982688,0
23839,47.855790717804055,5
23840,47.857798175781234,13
23841,47.859805633758405,19
23842,47.86181309173558,21
23843,47.86382054971275,18
23844,47.86582800768992,13
23845,47.86783546566709,7
23846,47.86984292364426,3
23847,47.871850381621435,1
23848,47.87385783959861,3
23849,47.87586529757578,7
23850,47.87787275555295,11
23851,47.87988021353012,15
23852,47.88188767150729,16
23853,47.883895129484465,14
23854,47.885902587461636,12
23855,47.88791004543881,9
23856,47.88991750341598,6
23857,47.89192496139316,6
23858,47.89393241937033,8
23859,47.8959398773475,12
23860,47.89794733532467,14
23861,47.899954793301845,13
23862,47.901962251279016,12
23863,47.90396970925619,11
23864,47.90597716723336,11
23865,47.90798462521053,10
23866,47.9099920831877,8
23867,47.911999541164874,7
23868,47.914006999142046,7
23869,47.91601445711922,8
23870,47.91802191509639,10
23871,47.92002937307356,11
23872,47.92203683105073,12
23873,47.924044289027904,12
23874,47.92605174700508,11
23875,47.928059204982254,10
23876,47.930066662959426,9
23877,47.9320741209366,9
23878,47.93408157891377,9
23879,47.93608903689094,9
23880,47.93809649486811,11
23881,47.940103952845284,13
23882,47.942111410822456,13
23883,47.94411886879963,12
23884,47.9461263267768,11
23885,47.94813378475397,10
23886,47.95014124273114,9
23887,47.952148700708314,8
23888,47.954156158685485,8
23889,47.95616361666266,9
23890,47.95817107463983,10
23891,47.96017853261701,11
23892,47.96218599059418,10
23893,47.96419344857135,10
23894,47.96620090654852,8
23895,47.968208364525694,6
23896,47.970215822502865,7
23897,47.97222328048004,10
23898,47.97423073845721,13
23899,47.97623819643438,12
23900,47.97824565441155,10
23901,47.98025311238872,9
23902,47.982260570365895,10
23903,47.98426802834307,11
23904,47.98627548632024,9
23905,47.98828294429741,7
23906,47.99029040227458,7
23907,47.99229786025175,9
23908,47.99430531822893,9
23909,47.9963127762061,8
23910,47.998320234183275,8
23911,48.00032769216045,8
23912,48.00233515013762,9
23913,48.00434260811479,9
23914,48.00635006609196,9
23915,48.00835752406913,10
23916,48.010364982046305,10
23917,48.012372440023476,9
23918,48.01437989800065,8
23919,48.01638735597782,8
23920,48.01839481395499,9
23921,48.02040227193216,10
23922,48.022409729909334,11
23923,48.024417187886506,11
23924,48.02642464586368,11
23925,48.028432103840856,11
23926,48.03043956181803,10
23927,48.0324470197952,10
23928,48.03445447777237,9
23929,48.03646193574954,9
23930,48.038469393726714,10
23931,48.040476851703886,10
23932,48.04248430968106,10
23933,48.04449176765823,10
23934,48.0464992256354,11
23935,48.04850668361257,11
23936,48.050514141589744,11
23937,48.052521599566916,10
23938,48.05452905754409,9
23939,48.05653651552126,9
23940,48.05854397349843,10
23941,48.0605514314756,12
23942,48.06255888945278,13
23943,48.06456634742995,12
23944,48.066573805407124,10
23945,48.068581263384296,9
23946,48.07058872136147,10
23947,48.07259617933864,11
23948,48.07460363731581,11
23949,48.07661109529298,10
23950,48.078618553270154,9
23951,48.080626011247325,9
23952,48.0826334692245,9
23953,48.08464092720167,11
23954,48.08664838517884,33
23955,48.08865584315601,166
23956,48.09066330113318,497
23957,48.092670759110355,929
23958,48.094678217087534,1205
23959,48.096685675064705,1176
23960,48.09869313304188,946
23961,48.10070059101905,767
23962,48.10270804899622,836
23963,48.10471550697339,1160
23964,48.10672296495056,1589
23965,48.108730422927735,1935
23966,48.11073788090491,2066
23967,48.11274533888208,2012
23968,48.11475279685925,1952
23969,48.11676025483642,2014
23970,48.11876771281359,2133
23971,48.120775170790765,2186
23972,48.122782628767936,2187
23973,48.12479008674511,2220
23974,48.12679754472228,2259
23975,48.12880500269946,2209
23976,48.13081246067663,2076
23977,48.1328199186538,1972
23978,48.13482737663097,1984
23979,48.136834834608145,2102
23980,48.138842292585316,2251
23981,48.14084975056249,2359
23982,48.14285720853966,2395
23983,48.14486466651683,2361
23984,48.146872124494,2280
23985,48.148879582471174,2184
23986,48.150887040448346,2106
23987,48.15289449842552,2072
23988,48.15490195640269,2093
23989,48.15690941437986,2155
23990,48.15891687235703,2231
23991,48.160924330334204,2291
23992,48.16293178831138,2315
23993,48.164939246288554,2300
23994,48.166946704265726,2254
23995,48.1689541622429,2196
23996,48.17096162022007,2149
23997,48.17296907819724,2129
23998,48.17497653617441,2141
23999,48.176983994151584,2178
24000,48.178991452128756,2221
24001,48.18099891010593,2256
24002,48.1830063680831,2270
24003,48.18501382606027,2262
24004,48.18702128403744,2236
24005,48.189028742014614,2204
24006,48.191036199991785,2177
24007,48.19304365796896,2165
24008,48.19505111594613,2169
24009,48.19705857392331,2188
24010,48.19906603190048,2213
24011,48.20107348987765,2235
24012,48.20308094785482,2244
24013,48.205088405831994,2240
24014,48.207095863809165,2225
24015,48.20910332178634,2203
24016,48.21111077976351,2185
24017,48.21311823774068,2179
24018,48.21512569571785,2188
24019,48.21713315369502,2202
24020,48.219140611672195,2214
24021,48.22114806964937,2221
24022,48.22315552762654,2223
24023,48.22516298560371,2223
24024,48.22717044358088,2220
24025,48.22917790155805,2212
24026,48.23118535953523,2200
24027,48.2331928175124,2189
24028,48.235200275489575,2189
24029,48.23720773346675,2199
24030,48.23921519144392,2210
24031,48.24122264942109,2216
24032,48.24323010739826,2218
24033,48.24523756537543,2217
24034,48.247245023352605,2215
24035,48.249252481329776,2210
24036,48.25125993930695,2203
24037,48.25326739728412,2199
24038,48.25527485526129,2200
24039,48.25728231323846,2205
24040,48.259289771215634,2212
24041,48.261297229192806,2217
24042,48.26330468716998,2219
24043,48.265312145147156,2218
24044,48.26731960312433,2214
24045,48.2693270611015,2208
24046,48.27133451907867,2205
24047,48.27334197705584,2204
24048,48.275349435033014,2205
24049,48.277356893010186,2208
24050,48.27936435098736,2210
24051,48.28137180896453,2213
24052,48.2833792669417,2214
24053,48.28538672491887,2213
24054,48.287394182896044,2212
24055,48.289401640873216,2211
24056,48.29140909885039,2209
24057,48.29341655682756,2206
24058,48.29542401480473,2205
24059,48.2974314727819,2206
24060,48.29943893075908,2209
24061,48.30144638873625,2210
24062,48.303453846713424,2211
24063,48.305461304690596,2212
24064,48.30746876266777,2211
24065,48.30947622064494,2210
24066,48.31148367862211,2209
24067,48.31349113659928,2209
24068,48.315498594576454,2207
24069,48.317506052553625,2207
24070,48.3195135105308,2208
24071,48.32152096850797,2210
24072,48.32352842648514,2211
24073,48.32553588446231,2210
24074,48.32754334243948,2210
24075,48.329550800416655,2210
24076,48.33155825839383,2209
24077,48.333565716371005,2209
24078,48.33557317434818,2210
24079,48.33758063232535,2211
24080,48.33958809030252,2210
24081,48.34159554827969,2210
24082,48.34360300625686,2210
24083,48.345610464234035,2211
24084,48.34761792221121,2211
24085,48.34962538018838,2210
24086,48.35163283816555,2210
24087,48.35364029614272,2210
24088,48.35564775411989,2211
24089,48.357655212097065,2212
24090,48.359662670074236,2212
24091,48.36167012805141,2212
24092,48.36367758602858,2211
24093,48.36568504400575,2212
24094,48.36769250198293,2212
24095,48.3696999599601,2212
24096,48.37170741793727,2210
24097,48.373714875914445,2208
24098,48.375722333891616,2208
24099,48.37772979186879,2210
24100,48.37973724984596,2211
24101,48.38174470782313,2212
24102,48.3837521658003,2211
24103,48.385759623777474,2210
24104,48.387767081754646,2210
24105,48.38977453973182,2209
24106,48.39178199770899,2208
24107,48.39378945568616,2208
24108,48.39579691366333,2209
24109,48.397804371640504,2210
24110,48.399811829617676,2208
24111,48.401819287594854,2206
24112,48.403826745572026,2206
24113,48.4058342035492,2209
24114,48.40784166152637,2211
24115,48.40984911950354,2210
24116,48.41185657748071,2209
24117,48.413864035457884,2209
24118,48.415871493435056,2207
24119,48.41787895141223,2205
24120,48.4198864093894,2206
24121,48.42189386736657,2210
24122,48.42390132534374,2212
24123,48.425908783320914,2210
24124,48.427916241298085,2208
24125,48.42992369927526,2206
24126,48.43193115725243,2205
24127,48.4339386152296,2207
24128,48.43594607320678,2211
24129,48.43795353118395,2212
24130,48.43996098916112,2211
24131,48.441968447138294,2209
24132,48.443975905115465,2208
24133,48.44598336309264,2208
24134,48.44799082106981,2210
24135,48.44999827904698,2211
24136,48.45200573702415,2211
24137,48.45401319500132,2211
24138,48.456020652978495,2210
24139,48.45802811095567,2209
24140,48.46003556893284,2208
24141,48.46204302691001,2208
24142,48.46405048488718,2209
24143,48.46605794286435,2210
24144,48.468065400841525,2211
24145,48.4700728588187,2211
24146,48.472080316795875,2210
24147,48.47408777477305,2209
24148,48.47609523275022,2209
24149,48.47810269072739,2211
24150,48.48011014870456,2211
24151,48.48211760668173,2207
24152,48.484125064658905,2204
24153,48.486132522636076,2206
24154,48.48813998061325,2210
24155,48.49014743859042,2211
24156,48.49215489656759,2210
24157,48.49416235454476,2208
24158,48.496169812521934,2209
24159,48.498177270499106,2198
24160,48.50018472847628,2110
24161,48.50219218645345,1856
24162,48.50419964443063,1458
24163,48.5062071024078,1093
24164,48.50821456038497,940
24165,48.51022201836214,1003
24166,48.512229476339314,1052
24167,48.514236934316486,809
24168,48.51624439229366,321
24169,48.51825185027083,0
24170,48.520259308248,0
24171,48.52226676622517,49
24172,48.524274224202344,152
24173,48.526281682179516,120
24174,48.52828914015669,28
24175,48.53029659813386,0
24176,48.53230405611103,0
24177,48.5343115140882,0
24178,48.53631897206538,0
24179,48.53832643004255,0
24180,48.540333888019724,27
24181,48.542341345996896,55
24182,48.54434880397407,64
24183,48.54635626195124,51
24184,48.54836371992841,24
24185,48.55037117790558,0
24186,48.552378635882754,0
24187,48.554386093859925,0
24188,48.5563935518371,0
24189,48.55840100981427,0
24190,48.56040846779144,21
24191,48.56241592576861,37
24192,48.56442338374578,42
24193,48.566430841722955,34
24194,48.56843829970013,19
24195,48.570445757677305,1
24196,48.57245321565448,0
24197,48.57446067363165,0
24198,48.57646813160882,0
24199,48.57847558958599,3
24200,48.58048304756316,15
24201,48.582490505540335,24
24202,48.58449796351751,28
24203,48.58650542149468,24
24204,48.58851287947185,15
24205,48.59052033744902,5
24206,48.59252779542619,0
24207,48.594535253403365,0
24208,48.596542711380536,0
24209,48.59855016935771,6
24210,48.60055762733488,13
24211,48.60256508531205,19
24212,48.60457254328923,21
24213,48.6065800012664,18
24214,48.60858745924357,13
24215,48.610594917220745,7
24216,48.612602375197916,3
24217,48.61460983317509,1
24218,48.61661729115226,2
24219,48.61862474912943,5
24220,48.6206322071066,10
24221,48.622639665083774,14
24222,48.624647123060946,16
24223,48.62665458103812,15
24224,48.62866203901529,11
24225,48.63066949699246,8
24226,48.63267695496963,6
24227,48.634684412946804,5
24228,48.636691870923976,6
24229,48.638699328901154,8
24230,48.640706786878326,11
24231,48.6427142448555,13
24232,48.64472170283267,13
24233,48.64672916080984,10
24234,48.64873661878701,7
24235,48.650744076764184,6
24236,48.652751534741355,7
24237,48.65475899271853,8
24238,48.6567664506957,8
24239,48.65877390867287,8
24240,48.66078136665004,9
24241,48.662788824627214,10
24242,48.664796282604385,11
24243,48.66680374058156,11
24244,48.66881119855873,11
24245,48.6708186565359,10
24246,48.67282611451308,8
24247,48.67483357249025,7
24248,48.67684103046742,7
24249,48.678848488444594,8
24250,48.680855946421765,10
24251,48.68286340439894,11
24252,48.68487086237611,10
24253,48.68687832035328,8
24254,48.68888577833045,8
24255,48.69089323630762,10
24256,48.692900694284795,10
24257,48.69490815226197,9
24258,48.69691561023914,7
24259,48.69892306821631,7
24260,48.70093052619348,8
24261,48.70293798417065,9
24262,48.704945442147825,9
24263,48.706952900125,10
24264,48.708960358102175,10
24265,48.71096781607935,10
24266,48.71297527405652,8
24267,48.71498273203369,8
24268,48.71699019001086,8
24269,48.71899764798803,9
24270,48.721005105965205,10
24271,48.723012563942376,11
24272,48.72502002191955,12
24273,48.72702747989672,11
24274,48.72903493787389,11
24275,48.73104239585106,12
24276,48.733049853828234,11
24277,48.735057311805406,10
24278,48.73706476978258,10
24279,48.73907222775975,10
24280,48.74107968573693,11
24281,48.7430871437141,11
24282,48.74509460169127,11
24283,48.74710205966844,11
24284,48.749109517645614,11
24285,48.751116975622786,10
24286,48.75312443359996,10
24287,48.75513189157713,10
24288,48.7571393495543,13
24289,48.75914680753147,14
24290,48.761154265508644,13
24291,48.763161723485815,10
24292,48.76516918146299,9
24293,48.76717663944016,10
24294,48.76918409741733,11
24295,48.7711915553945,10
24296,48.77319901337167,9
24297,48.77520647134885,9
24298,48.777213929326024,9
24299,48.779221387303195,10
24300,48.78122884528037,10
24301,48.78323630325754,10
24302,48.78524376123471,10
24303,48.78725121921188,10
24304,48.78925867718905,10
24305,48.791266135166225,10
24306,48.7932735931434,9
24307,48.79528105112057,9
24308,48.79728850909774,9
24309,48.79929596707491,9
24310,48.80130342505208,9
24311,48.803310883029255,11
24312,48.805318341006426,13
24313,48.8073257989836,13
24314,48.80933325696078,11
24315,48.81134071493795,11
24316,48.81334817291512,13
24317,48.81535563089229,13
24318,48.81736308886946,11
24319,48.819370546846635,9
24320,48.821378004823806,9
24321,48.82338546280098,10
24322,48.82539292077815,10
24323,48.82740037875532,10
24324,48.82940783673249,9
24325,48.831415294709664,9
24326,48.833422752686836,9
24327,48.83543021066401,9
24328,48.83743766864118,9
24329,48.83944512661835,9
24330,48.84145258459552,9
24331,48.8434600425727,9
24332,48.84546750054987,9
24333,48.847474958527044,10
24334,48.849482416504216,10
24335,48.85148987448139,9
24336,48.85349733245856,9
24337,48.85550479043573,8
24338,48.8575122484129,9
24339,48.859519706390074,10
24340,48.861527164367246,10
24341,48.86353462234442,10
24342,48.86554208032159,10
24343,48.86754953829876,10
24344,48.86955699627593,10
24345,48.871564454253104,11
24346,48.873571912230275,12
24347,48.87557937020745,11
24348,48.877586828184626,8
24349,48.8795942861618,6
24350,48.88160174413897,6
24351,48.88360920211614,9
24352,48.88561666009331,11
24353,48.887624118070484,10
24354,48.889631576047655,9
24355,48.89163903402483,8
24356,48.893646492002,9
24357,48.89565394997917,10
24358,48.89766140795634,11
24359,48.89966886593351,11
24360,48.901676323910685,10
24361,48.90368378188786,10
24362,48.90569123986503,10
24363,48.9076986978422,9
24364,48.90970615581937,9
24365,48.91171361379655,9
24366,48.91372107177372,9
24367,48.91572852975089,10
24368,48.917735987728065,10
24369,48.91974344570524,10
24370,48.92175090368241,10
24371,48.92375836165958,10
24372,48.92576581963675,9
24373,48.92777327761392,9
24374,48.929780735591095,9
24375,48.931788193568266,9
24376,48.93379565154544,9
24377,48.93580310952261,10
24378,48.93781056749978,10
24379,48.93981802547695,10
24380,48.941825483454124,10
24381,48.943832941431296,10
24382,48.945840399408475,10
24383,48.947847857385646,10
24384,48.94985531536282,9
24385,48.95186277333999,9
24386,48.95387023131716,10
24387,48.95587768929433,10
24388,48.957885147271504,10
24389,48.959892605248676,9
24390,48.96190006322585,9
24391,48.96390752120302,9
24392,48.96591497918019,9
24393,48.96792243715736,17
24394,48.969929895134534,79
24395,48.971937353111706,270
24396,48.97394481108888,585
24397,48.97595226906605,862
24398,48.97795972704322,928
24399,48.9799671850204,759
24400,48.98197464299757,474
24401,48.98398210097474,240
24402,48.985989558951914,161
24403,48.987997016929086,221
24404,48.99000447490626,377
24405,48.99201193288343,635
24406,48.9940193908606,936
24407,48.99602684883777,1120
24408,48.998034306814944,1098
24409,49.000041764792115,943
24410,49.00204922276929,759
24411,49.00405668074646,604
24412,49.00606413872363,522
24413,49.0080715967008,536
24414,49.01007905467797,647
24415,49.01208651265515,851
24416,49.014093970632324,1090
24417,49.016101428609495,1232
24418,49.01810888658667,1214
24419,49.02011634456384,1110
24420,49.02212380254101,1017
24421,49.02413126051818,987
24422,49.02613871849535,1039
24423,49.028146176472525,1160
24424,49.0301536344497,1326
24425,49.03216109242687,1516
24426,49.03416855040404,1658
24427,49.03617600838121,1693
24428,49.03818346635838,1702
24429,49.040190924335555,1820
24430,49.042198382312726,2021
24431,49.0442058402899,2157
24432,49.04621329826708,2176
24433,49.04822075624425,2146
24434,49.05022821422142,2114
24435,49.05223567219859,2049
24436,49.05424313017576,1916
24437,49.056250588152935,1770
24438,49.058258046130106,1718
24439,49.06026550410728,1715
24440,49.06227296208445,1548
24441,49.06428042006162,1139
24442,49.06628787803879,709
24443,49.068295336015964,470
24444,49.070302793993136,351
24445,49.07231025197031,186
24446,49.07431770994748,21
24447,49.07632516792465,32
24448,49.07833262590182,250
24449,49.080340083879,531
24450,49.08234754185617,734
24451,49.084354999833344,870
24452,49.086362457810516,1055
24453,49.08836991578769,1329
24454,49.09037737376486,1624
24455,49.09238483174203,1840
24456,49.0943922897192,1894
24457,49.096399747696374,1801
24458,49.098407205673546,1730
24459,49.10041466365072,1829
24460,49.10242212162789,2023
24461,49.10442957960506,2136
24462,49.10643703758223,2165
24463,49.108444495559404,2223
24464,49.110451953536575,2271
24465,49.11245941151375,2077
24466,49.114466869490926,1418
24467,49.1164743274681,454
24468,49.11848178544527,0
24469,49.12048924342244,0
24470,49.12249670139961,165
24471,49.124504159376784,405
24472,49.126511617353955,325
24473,49.12851907533113,90
24474,49.1305265333083,0
24475,49.13253399128547,0
24476,49.13454144926264,0
24477,49.13654890723981,0
24478,49.138556365216985,0
24479,49.14056382319416,52
24480,49.14257128117133,146
24481,49.1445787391485,181
24482,49.14658619712567,147
24483,49.14859365510285,65
24484,49.15060111308002,0
24485,49.15260857105719,0
24486,49.154616029034365,0
24487,49.15662348701154,0
24488,49.15863094498871,0
24489,49.16063840296588,37
24490,49.16264586094305,91
24491,49.16465331892022,109
24492,49.166660776897395,89
24493,49.168668234874566,43
24494,49.17067569285174,0
24495,49.17268315082891,0
24496,49.17469060880608,0
24497,49.17669806678325,0
24498,49.178705524760424,0
24499,49.180712982737596,19
24500,49.182720440714775,53
24501,49.184727898691946,67
24502,49.18673535666912,57
24503,49.18874281464629,29
24504,49.19075027262346,0
24505,49.19275773060063,0
24506,49.194765188577804,0
24507,49.196772646554976,0
24508,49.19878010453215,0
24509,49.20078756250932,18
24510,49.20279502048649,37
24511,49.20480247846366,43
24512,49.206809936440834,37
24513,49.208817394418006,21
24514,49.21082485239518,3
24515,49.21283231037235,0
24516,49.21483976834952,0
24517,49.2168472263267,0
24518,49.21885468430387,0
24519,49.22086214228104,14
24520,49.222869600258214,25
24521,49.224877058235386,29
24522,49.22688451621256,26
24523,49.22889197418973,17
24524,49.2308994321669,6
24525,49.23290689014407,0
24526,49.234914348121244,0
24527,49.236921806098415,0
24528,49.23892926407559,3
24529,49.24093672205276,12
24530,49.24294418002993,18
24531,49.2449516380071,22
24532,49.24695909598427,20
24533,49.248966553961445,15
24534,49.250974011938624,8
24535,49.252981469915795,3
24536,49.25498892789297,2
24537,49.25699638587014,3
24538,49.25900384384731,7
24539,49.26101130182448,11
24540,49.26301875980165,15
24541,49.265026217778825,17
24542,49.267033675756,15
24543,49.26904113373317,13
24544,49.27104859171034,9
24545,49.27305604968751,6
24546,49.27506350766468,5
24547,49.277070965641855,5
24548,49.279078423619026,7
24549,49.2810858815962,11
24550,49.28309333957337,13
24551,49.28510079755055,15
24552,49.28710825552772,15
24553,49.28911571350489,13
24554,49.29112317148206,9
24555,49.293130629459235,6
24556,49.295138087436406,6
24557,49.29714554541358,9
24558,49.29915300339075,12
24559,49.30116046136792,13
24560,49.30316791934509,12
24561,49.305175377322264,11
24562,49.307182835299436,12
24563,49.30919029327661,13
24564,49.31119775125378,12
24565,49.31320520923095,11
24566,49.31521266720812,8
24567,49.317220125185294,8
24568,49.31922758316247,9
24569,49.321235041139644,10
24570,49.323242499116816,10
24571,49.32524995709399,10
24572,49.32725741507116,10
24573,49.32926487304833,10
24574,49.3312723310255,10
24575,49.333279789002674,9
24576,49.335287246979846,9
24577,49.33729470495702,9
24578,49.33930216293419,9
24579,49.34130962091136,8
24580,49.34331707888853,7
24581,49.345324536865704,8
24582,49.347331994842875,10
24583,49.34933945282005,10
24584,49.35134691079722,9
24585,49.3533543687744,7
24586,49.35536182675157,6
24587,49.35736928472874,7
24588,49.35937674270591,10
24589,49.361384200683084,11
24590,49.363391658660255,11
24591,49.36539911663743,10
24592,49.3674065746146,9
24593,49.36941403259177,9
24594,49.37142149056894,9
24595,49.37342894854611,10
24596,49.375436406523285,9
24597,49.37744386450046,9
24598,49.37945132247763,9
24599,49.3814587804548,9
24600,49.38346623843197,10
24601,49.38547369640914,10
24602,49.38748115438632,10
24603,49.38948861236349,10
24604,49.391496070340665,10
24605,49.39350352831784,10
24606,49.39551098629501,9
24607,49.39751844427218,9
24608,49.39952590224935,9
24609,49.40153336022652,9
24610,49.403540818203695,9
24611,49.405548276180866,10
24612,49.40755573415804,10
24613,49.40956319213521,9
24614,49.41157065011238,9
24615,49.41357810808955,9
24616,49.415585566066724,9
24617,49.417593024043896,10
24618,49.41960048202107,11
24619,49.421607939998246,11
24620,49.42361539797542,10
24621,49.42562285595259,10
24622,49.42763031392976,9
24623,49.42963777190693,10
24624,49.431645229884104,10
24625,49.433652687861276,9
24626,49.43566014583845,9
24627,49.43766760381562,9
24628,49.43967506179279,10
24629,49.44168251976996,10
24630,49.443689977747134,10
24631,49.445697435724306,9
24632,49.44770489370148,9
24633,49.44971235167865,9
24634,49.45171980965582,9
24635,49.453727267633,9
24636,49.45573472561017,10
24637,49.45774218358734,10
24638,49.459749641564514,10
24639,49.461757099541686,10
24640,49.46376455751886,9
24641,49.46577201549603,10
24642,49.4677794734732,11
24643,49.46978693145037,11
24644,49.471794389427544,11
24645,49.473801847404715,10
24646,49.47580930538189,10
24647,49.47781676335906,10
24648,49.47982422133623,9
24649,49.4818316793134,9
24650,49.48383913729057,9
24651,49.485846595267745,9
24652,49.487854053244924,9
24653,49.489861511222095,9
24654,49.49186896919927,9
24655,49.49387642717644,9
24656,49.49588388515361,9
24657,49.49789134313078,9
24658,49.49989880110795,9
24659,49.501906259085125,10
24660,49.5039137170623,10
24661,49.50592117503947,11
24662,49.50792863301664,11
24663,49.50993609099381,11
24664,49.51194354897098,9
24665,49.513951006948155,9
24666,49.515958464925326,9
24667,49.5179659229025,10
24668,49.51997338087967,10
24669,49.52198083885685,10
24670,49.52398829683402,9
24671,49.52599575481119,10
24672,49.52800321278836,10
24673,49.530010670765535,10
24674,49.532018128742706,10
24675,49.53402558671988,10
24676,49.53603304469705,10
24677,49.53804050267422,10
24678,49.54004796065139,10
24679,49.542055418628564,9
24680,49.544062876605736,8
24681,49.54607033458291,8
24682,49.54807779256008,9
24683,49.55008525053725,10
24684,49.55209270851442,10
24685,49.554100166491594,9
24686,49.55610762446877,9
24687,49.558115082445944,10
24688,49.560122540423116,10
24689,49.56212999840029,10
24690,49.56413745637746,11
24691,49.56614491435463,11
24692,49.5681523723318,10
24693,49.570159830308974,9
24694,49.572167288286145,9
24695,49.57417474626332,9
24696,49.57618220424049,9
24697,49.57818966221766,9
24698,49.58019712019483,10
24699,49.582204578172,12
24700,49.584212036149175,13
24701,49.58621949412635,13
24702,49.58822695210352,10
24703,49.5902344100807,9
24704,49.59224186805787,9
24705,49.59424932603504,10
24706,49.59625678401221,10
24707,49.59826424198938,10
24708,49.600271699966555,10
24709,49.60227915794373,9
24710,49.6042866159209,9
24711,49.60629407389807,9
24712,49.60830153187524,10
24713,49.61030898985241,10
24714,49.612316447829585,11
24715,49.614323905806756,12
24716,49.61633136378393,12
24717,49.6183388217611,11
24718,49.62034627973827,10
24719,49.62235373771544,10
24720,49.62436119569262,9
24721,49.62636865366979,9
24722,49.628376111646965,10
24723,49.630383569624136,10
24724,49.63239102760131,10
24725,49.63439848557848,10
24726,49.63640594355565,10
24727,49.63841340153282,9
24728,49.640420859509995,10
24729,49.642428317487166,10
24730,49.64443577546434,10
24731,49.64644323344151,9
24732,49.64845069141868,9
24733,49.65045814939585,9
24734,49.652465607373024,9
24735,49.654473065350196,9
24736,49.65648052332737,10
24737,49.658487981304546,11
24738,49.66049543928172,12
24739,49.66250289725889,11
24740,49.66451035523606,10
24741,49.66651781321323,9
24742,49.668525271190404,9
24743,49.670532729167576,10
24744,49.67254018714475,10
24745,49.67454764512192,10
24746,49.67655510309909,10
24747,49.67856256107626,10
24748,49.680570019053434,9
24749,49.682577477030605,9
24750,49.68458493500778,9
24751,49.68659239298495,9
24752,49.68859985096212,10
24753,49.69060730893929,10
24754,49.69261476691647,10
24755,49.69462222489364,10
24756,49.696629682870814,9
24757,49.698637140847985,9
24758,49.70064459882516,9
24759,49.70265205680233,9
24760,49.7046595147795,10
24761,49.70666697275667,10
24762,49.70867443073384,10
24763,49.710681888711015,10
24764,49.71268934668819,9
24765,49.71469680466536,9
24766,49.71670426264253,9
24767,49.7187117206197,10
24768,49.72071917859687,10
24769,49.722726636574045,9
24770,49.724734094551216,9
24771,49.726741552528395,9
24772,49.72874901050557,9
24773,49.73075646848274,9
24774,49.73276392645991,8
24775,49.73477138443708,8
24776,49.73677884241425,9
24777,49.738786300391425,10
24778,49.740793758368596,10
24779,49.74280121634577,10
24780,49.74480867432294,10
24781,49.74681613230011,10
24782,49.74882359027728,10
24783,49.750831048254454,10
24784,49.752838506231626,10
24785,49.7548459642088,10
24786,49.75685342218597,10
24787,49.75886088016314,10
24788,49.76086833814032,10
24789,49.76287579611749,10
24790,49.76488325409466,10
24791,49.766890712071834,10
24792,49.768898170049006,10
24793,49.77090562802618,10
24794,49.77291308600335,10
24795,49.77492054398052,10
24796,49.77692800195769,10
24797,49.778935459934864,10
24798,49.780942917912036,8
24799,49.78295037588921,8
24800,49.78495783386638,8
24801,49.78696529184355,9
24802,49.78897274982072,10
24803,49.790980207797894,10
24804,49.792987665775065,9
24805,49.794995123752244,8
24806,49.797002581729416,8
24807,49.79901003970659,9
24808,49.80101749768376,10
24809,49.80302495566093,10
24810,49.8050324136381,9
24811,49.807039871615274,9
24812,49.809047329592445,9
24813,49.81105478756962,10
24814,49.81306224554679,10
24815,49.81506970352396,9
24816,49.81707716150113,8
24817,49.8190846194783,6
24818,49.821092077455475,8
24819,49.82309953543265,11
24820,49.82510699340982,13
24821,49.82711445138699,12
24822,49.82912190936417,9
24823,49.83112936734134,8
24824,49.83313682531851,9
24825,49.83514428329568,10
24826,49.837151741272855,11
24827,49.83915919925003,11
24828,49.8411666572272,11
24829,49.84317411520437,10
24830,49.84518157318154,9
24831,49.84718903115871,9
24832,49.849196489135885,9
24833,49.851203947113056,10
24834,49.85321140509023,11
24835,49.8552188630674,12
24836,49.85722632104457,13
24837,49.85923377902174,12
24838,49.861241236998914,10
24839,49.86324869497609,10
24840,49.865256152953265,13
24841,49.867263610930436,14
24842,49.86927106890761,12
24843,49.87127852688478,10
24844,49.87328598486195,9
24845,49.87529344283912,10
24846,49.877300900816294,10
24847,49.879308358793466,10
24848,49.88131581677064,10
24849,49.88332327474781,10
24850,49.88533073272498,11
24851,49.88733819070215,11
24852,49.889345648679324,10
24853,49.891353106656496,10
24854,49.89336056463367,10
24855,49.89536802261084,10
24856,49.89737548058802,10
24857,49.89938293856519,10
24858,49.90139039654236,10
24859,49.90339785451953,9
24860,49.905405312496704,9
24861,49.907412770473876,9
24862,49.90942022845105,9
24863,49.91142768642822,10
24864,49.91343514440539,10
24865,49.91544260238256,10
24866,49.917450060359734,10
24867,49.919457518336905,10
24868,49.92146497631408,10
24869,49.92347243429125,10
24870,49.92547989226842,10
24871,49.92748735024559,10
24872,49.92949480822277,10
24873,49.93150226619994,10
24874,49.933509724177114,9
24875,49.935517182154285,9
24876,49.93752464013146,10
24877,49.93953209810863,10
24878,49.9415395560858,9
24879,49.94354701406297,8
24880,49.94555447204014,8
24881,49.947561930017315,9
24882,49.94956938799449,9
24883,49.95157684597166,10
24884,49.95358430394883,10
24885,49.955591761926,10
24886,49.95759921990317,9
24887,49.959606677880345,9
24888,49.961614135857516,9
24889,49.963621593834695,9
24890,49.96562905181187,9
24891,49.96763650978904,9
24892,49.96964396776621,9
24893,49.97165142574338,9
24894,49.97365888372055,10
24895,49.975666341697725,10
24896,49.977673799674896,10
24897,49.97968125765207,9
24898,49.98168871562924,9
24899,49.98369617360641,9
24900,49.98570363158358,10
24901,49.987711089560754,10
24902,49.989718547537926,10
24903,49.9917260055151,10
24904,49.99373346349227,10
24905,49.99574092146944,10
24906,49.99774837944662,10
24907,49.99975583742379,10
24908,50.00176329540096,9
24909,50.003770753378134,9
24910,50.005778211355306,10
24911,50.00778566933248,10
24912,50.00979312730965,10
24913,50.01180058528682,9
24914,50.01380804326399,9
24915,50.015815501241164,9
24916,50.017822959218336,9
24917,50.01983041719551,8
24918,50.02183787517268,7
24919,50.02384533314985,8
24920,50.02585279112702,10
24921,50.027860249104194,11
24922,50.029867707081365,11
24923,50.031875165058544,11
24924,50.033882623035716,11
24925,50.03589008101289,10
24926,50.03789753899006,10
24927,50.03990499696723,10
24928,50.0419124549444,10
24929,50.043919912921574,10
24930,50.045927370898745,10
24931,50.04793482887592,10
24932,50.04994228685309,10
24933,50.05194974483026,9
24934,50.05395720280743,9
24935,50.0559646607846,9
24936,50.057972118761775,11
24937,50.05997957673895,11
24938,50.06198703471612,10
24939,50.06399449269329,9
24940,50.06600195067047,9
24941,50.06800940864764,9
24942,50.07001686662481,10
24943,50.07202432460198,9
24944,50.074031782579155,9
24945,50.07603924055633,9
24946,50.0780466985335,10
24947,50.08005415651067,10
24948,50.08206161448784,10
24949,50.08406907246501,10
24950,50.086076530442185,10
24951,50.088083988419356,9
24952,50.09009144639653,9
24953,50.0920989043737,8
24954,50.09410636235087,8
24955,50.09611382032804,9
24956,50.098121278305214,10
24957,50.10012873628239,10
24958,50.102136194259565,10
24959,50.104143652236736,10
24960,50.10615111021391,10
24961,50.10815856819108,9
24962,50.11016602616825,8
24963,50.11217348414542,7
24964,50.114180942122594,8
24965,50.116188400099766,10
24966,50.11819585807694,10
24967,50.12020331605411,10
24968,50.12221077403128,9
24969,50.12421823200845,9
24970,50.126225689985624,10
24971,50.128233147962796,10
24972,50.13024060593997,10
24973,50.13224806391714,10
24974,50.13425552189432,34
24975,50.13626297987149,180
24976,50.13827043784866,546
24977,50.14027789582583,1013
24978,50.142285353803004,1267
24979,50.144292811780176,1140
24980,50.14630026975735,772
24981,50.14830772773452,439
24982,50.15031518571169,343
24983,50.15232264368886,525
24984,50.154330101666034,904
24985,50.156337559643205,1362
24986,50.15834501762038,1738
24987,50.16035247559755,1890
24988,50.16235993357472,1865
24989,50.16436739155189,1843
24990,50.16637484952906,1898
24991,50.16838230750624,1963
24992,50.170389765483414,1994
24993,50.172397223460585,2034
24994,50.17440468143776,2103
24995,50.17641213941493,2125
24996,50.1784195973921,2025
24997,50.18042705536927,1867
24998,50.18243451334644,1811
24999,50.184441971323615,1941
25000,50.18644942930079,2187
25001,50.18845688727796,2412
25002,50.19046434525513,2526
25003,50.1924718032323,2508
25004,50.19447926120947,2387
25005,50.196486719186645,2218
25006,50.198494177163816,2063
25007,50.20050163514099,1976
25008,50.20250909311817,1982
25009,50.20451655109534,2071
25010,50.20652400907251,2202
25011,50.20853146704968,2324
25012,50.21053892502685,2391
25013,50.212546383004025,2386
25014,50.214553840981196,2319
25015,50.21656129895837,2219
25016,50.21856875693554,2126
25017,50.22057621491271,2072
25018,50.22258367288988,2073
25019,50.224591130867054,2124
25020,50.226598588844226,2201
25021,50.2286060468214,2273
25022,50.23061350479857,2314
25023,50.23262096277574,2313
25024,50.23462842075291,2276
25025,50.23663587873009,2219
25026,50.23864333670726,2165
25027,50.240650794684434,2132
25028,50.242658252661606,2131
25029,50.24466571063878,2159
25030,50.24667316861595,2205
25031,50.24868062659312,2248
25032,50.25068808457029,2273
25033,50.252695542547464,2272
25034,50.254703000524636,2250
25035,50.25671045850181,2216
25036,50.25871791647898,2184
25037,50.26072537445615,2165
25038,50.26273283243332,2163
25039,50.264740290410494,2179
25040,50.266747748387665,2205
25041,50.26875520636484,2229
25042,50.270762664342016,2241
25043,50.27277012231919,2241
25044,50.27477758029636,2232
25045,50.27678503827353,2215
25046,50.2787924962507,2197
25047,50.280799954227874,2184
25048,50.282807412205045,2182
25049,50.28481487018222,2192
25050,50.28682232815939,2207
25051,50.28882978613656,2221
25052,50.29083724411373,2229
25053,50.2928447020909,2231
25054,50.294852160068075,2225
25055,50.29685961804525,2212
25056,50.29886707602242,2198
25057,50.30087453399959,2191
25058,50.30288199197676,2192
25059,50.30488944995394,2200
25060,50.30689690793111,2209
25061,50.30890436590828,2217
25062,50.310911823885455,2221
25063,50.31291928186263,2221
25064,50.3149267398398,2217
25065,50.31693419781697,2212
25066,50.31894165579414,2205
25067,50.32094911377131,2200
25068,50.322956571748485,2199
25069,50.324964029725656,2203
25070,50.32697148770283,2209
25071,50.32897894568,2214
25072,50.33098640365717,2217
25073,50.33299386163434,2217
25074,50.335001319611514,2213
25075,50.337008777588686,2206
25076,50.339016235565865,2202
25077,50.341023693543036,2203
25078,50.34303115152021,2206
25079,50.34503860949738,2208
25080,50.34704606747455,2210
25081,50.34905352545172,2213
25082,50.351060983428894,2216
25083,50.353068441406066,2215
25084,50.35507589938324,2212
25085,50.35708335736041,2210
25086,50.35909081533758,2210
25087,50.36109827331475,2210
25088,50.363105731291924,2208
25089,50.365113189269096,2206
25090,50.36712064724627,2205
25091,50.36912810522344,2206
25092,50.37113556320062,2209
25093,50.37314302117779,2214
25094,50.37515047915496,2214
25095,50.37715793713213,2210
25096,50.379165395109304,2206
25097,50.381172853086476,2206
25098,50.38318031106365,2210
25099,50.38518776904082,2212
25100,50.38719522701799,2212
25101,50.38920268499516,2212
25102,50.391210142972334,2212
25103,50.393217600949505,2211
25104,50.39522505892668,2210
25105,50.39723251690385,2210
25106,50.39923997488102,2210
25107,50.40124743285819,2209
25108,50.40325489083536,2207
25109,50.40526234881254,2206
25110,50.407269806789714,2207
25111,50.409277264766885,2209
25112,50.41128472274406,2210
25113,50.41329218072123,2211
25114,50.4152996386984,2213
25115,50.41730709667557,2214
25116,50.41931455465274,2213
25117,50.421322012629915,2211
25118,50.42332947060709,2209
25119,50.42533692858426,2209
25120,50.42734438656143,2210
25121,50.4293518445386,2212
25122,50.43135930251577,2215
25123,50.433366760492945,2215
25124,50.435374218470116,2211
25125,50.43738167644729,2208
25126,50.43938913442447,2208
25127,50.44139659240164,2210
25128,50.44340405037881,2211
25129,50.44541150835598,2212
25130,50.44741896633315,2211
25131,50.449426424310325,2210
25132,50.451433882287496,2209
25133,50.45344134026467,2207
25134,50.45544879824184,2207
25135,50.45745625621901,2211
25136,50.45946371419618,2214
25137,50.461471172173354,2213
25138,50.463478630150526,2210
25139,50.4654860881277,2209
25140,50.46749354610487,2209
25141,50.46950100408204,2210
25142,50.47150846205921,2210
25143,50.47351592003639,2210
25144,50.47552337801356,2209
25145,50.477530835990734,2208
25146,50.479538293967906,2207
25147,50.48154575194508,2207
25148,50.48355320992225,2208
25149,50.48556066789942,2209
25150,50.48756812587659,2208
25151,50.489575583853764,2209
25152,50.491583041830935,2210
25153,50.49359049980811,2211
25154,50.49559795778528,2211
25155,50.49760541576245,2211
25156,50.49961287373962,2211
25157,50.50162033171679,2211
25158,50.503627789693965,2211
25159,50.50563524767114,2211
25160,50.507642705648315,2211
25161,50.50965016362549,2211
25162,50.51165762160266,2212
25163,50.51366507957983,2212
25164,50.515672537557,2210
25165,50.51767999553417,2208
25166,50.519687453511345,2207
25167,50.52169491148852,2208
25168,50.52370236946569,2210
25169,50.52570982744286,2211
25170,50.52771728542003,2210
25171,50.5297247433972,2210
25172,50.531732201374375,2210
25173,50.533739659351546,2211
25174,50.53574711732872,2211
25175,50.53775457530589,2209
25176,50.53976203328306,2209
25177,50.54176949126024,2210
25178,50.54377694923741,2211
25179,50.54578440721458,2211
25180,50.547791865191755,2210
25181,50.549799323168926,2210
25182,50.5518067811461,2210
25183,50.55381423912327,2210
25184,50.55582169710044,2210
25185,50.55782915507761,2209
25186,50.559836613054784,2209
25187,50.561844071031956,2208
25188,50.56385152900913,2207
25189,50.5658589869863,2207
25190,50.56786644496347,2208
25191,50.56987390294064,2208
25192,50.571881360917814,2208
25193,50.573888818894986,2209
25194,50.575896276872164,2210
25195,50.577903734849336,2211
25196,50.57991119282651,2211
25197,50.58191865080368,2210
25198,50.58392610878085,2210
25199,50.58593356675802,2209
25200,50.587941024735194,2208
25201,50.589948482712366,2209
25202,50.59195594068954,2209
25203,50.59396339866671,2208
25204,50.59597085664388,2206
25205,50.59797831462105,2207
25206,50.599985772598224,2209
25207,50.601993230575395,2210
25208,50.60400068855257,2210
25209,50.60600814652974,2210
25210,50.60801560450691,2209
25211,50.61002306248409,2208
25212,50.61203052046126,2209
25213,50.61403797843843,2211
25214,50.616045436415604,2212
25215,50.618052894392775,2212
25216,50.62006035236995,2209
25217,50.62206781034712,2208
25218,50.62407526832429,2210
25219,50.62608272630146,2211
25220,50.62809018427863,2211
25221,50.630097642255805,2210
25222,50.63210510023298,2209
25223,50.63411255821015,2208
25224,50.63612001618732,2209
25225,50.63812747416449,2212
25226,50.64013493214166,2212
25227,50.642142390118835,2211
25228,50.64414984809601,2210
25229,50.646157306073185,2211
25230,50.64816476405036,2211
25231,50.65017222202753,2211
25232,50.6521796800047,2209
25233,50.65418713798187,2209
25234,50.65619459595904,2211
25235,50.658202053936215,2211
25236,50.660209511913386,2210
25237,50.66221696989056,2208
25238,50.66422442786773,2207
25239,50.6662318858449,2207
25240,50.66823934382207,2209
25241,50.670246801799244,2210
25242,50.672254259776416,2210
25243,50.67426171775359,2209
25244,50.67626917573076,2209
25245,50.67827663370794,2208
25246,50.68028409168511,2208
25247,50.68229154966228,2209
25248,50.68429900763945,2209
25249,50.686306465616624,2209
25250,50.688313923593796,2210
25251,50.69032138157097,2211
25252,50.69232883954814,2209
25253,50.69433629752531,2206
25254,50.69634375550248,2205
25255,50.698351213479654,2207
25256,50.700358671456826,2209
25257,50.702366129434,2210
25258,50.70437358741117,2211
25259,50.70638104538834,2210
25260,50.70838850336551,2209
25261,50.710395961342684,2207
25262,50.71240341931986,2207
25263,50.714410877297034,2208
25264,50.716418335274206,2210
25265,50.71842579325138,2211
25266,50.72043325122855,2211
25267,50.72244070920572,2210
25268,50.72444816718289,2208
25269,50.726455625160064,2206
25270,50.728463083137235,2206
25271,50.73047054111441,2208
25272,50.73247799909158,2210
25273,50.73448545706875,2211
25274,50.73649291504592,2210
25275,50.73850037302309,2209
25276,50.740507831000265,2210
25277,50.74251528897744,2210
25278,50.74452274695461,2210
25279,50.74653020493179,2210
25280,50.74853766290896,2209
25281,50.75054512088613,2209
25282,50.7525525788633,2209
25283,50.75456003684047,2210
25284,50.756567494817645,2210
25285,50.75857495279482,2210
25286,50.76058241077199,2210
25287,50.76258986874916,2211
25288,50.76459732672633,2210
25289,50.7666047847035,2207
25290,50.768612242680675,2206
25291,50.770619700657846,2208
25292,50.77262715863502,2210
25293,50.77463461661219,2209
25294,50.77664207458936,2206
25295,50.77864953256653,2207
25296,50.78065699054371,2211
25297,50.78266444852088,2212
25298,50.784671906498055,2210
25299,50.786679364475226,2209
25300,50.7886868224524,2211
25301,50.79069428042957,2213
25302,50.79270173840674,2213
25303,50.79470919638391,2212
25304,50.796716654361084,2211
25305,50.798724112338256,2210
25306,50.80073157031543,2210
25307,50.8027390282926,2211
25308,50.80474648626977,2211
25309,50.80675394424694,2210
25310,50.808761402224114,2209
25311,50.810768860201286,2210
25312,50.812776318178464,2211
25313,50.814783776155636,2209
25314,50.81679123413281,2205
25315,50.81879869210998,2204
25316,50.82080615008715,2205
25317,50.82281360806432,2210
25318,50.824821066041494,2213
25319,50.826828524018666,2212
25320,50.82883598199584,2210
25321,50.83084343997301,2209
25322,50.83285089795018,2210
25323,50.83485835592735,2212
25324,50.836865813904524,2212
25325,50.838873271881695,2211
25326,50.84088072985887,2208
25327,50.84288818783604,2205
25328,50.84489564581321,2203
25329,50.84690310379039,2206
25330,50.84891056176756,2211
25331,50.85091801974473,2212
25332,50.852925477721904,2209
25333,50.854932935699075,2207
25334,50.85694039367625,2208
25335,50.85894785165342,2210
25336,50.86095530963059,2212
25337,50.86296276760776,2213
25338,50.86497022558493,2211
25339,50.866977683562105,2209
25340,50.86898514153928,2208
25341,50.87099259951645,2209
25342,50.87300005749362,2210
25343,50.87500751547079,2210
25344,50.87701497344796,2209
25345,50.879022431425135,2209
25346,50.88102988940231,2210
25347,50.883037347379485,2210
25348,50.88504480535666,2211
25349,50.88705226333383,2210
25350,50.889059721311,2209
25351,50.89106717928817,2208
25352,50.89307463726534,2209
25353,50.895082095242515,2211
25354,50.897089553219686,2210
25355,50.89909701119686,2209
25356,50.90110446917403,2210
25357,50.9031119271512,2211
25358,50.90511938512837,2210
25359,50.907126843105544,2207
25360,50.909134301082716,2207
25361,50.91114175905989,2210
25362,50.91314921703706,2212
25363,50.91515667501424,2211
25364,50.91716413299141,2208
25365,50.91917159096858,2205
25366,50.92117904894575,2203
25367,50.923186506922924,2205
25368,50.925193964900096,2206
25369,50.92720142287727,2205
25370,50.92920888085444,2206
25371,50.93121633883161,2208
25372,50.93322379680878,2209
25373,50.935231254785954,2209
25374,50.937238712763126,2209
25375,50.9392461707403,2210
25376,50.94125362871747,2210
25377,50.94326108669464,2210
25378,50.94526854467181,2211
25379,50.947276002648984,2212
25380,50.94928346062616,2210
25381,50.951290918603334,2208
25382,50.953298376580506,2207
25383,50.95530583455768,2209
25384,50.95731329253485,2210
25385,50.95932075051202,2210
25386,50.96132820848919,2210
25387,50.963335666466364,2210
25388,50.965343124443535,2211
25389,50.96735058242071,2211
25390,50.96935804039788,2211
25391,50.97136549837505,2196
25392,50.97337295635222,2133
25393,50.97538041432939,2034
25394,50.977387872306565,2002
25395,50.97939533028374,2093
25396,50.98140278826091,2207
25397,50.98341024623809,2234
25398,50.98541770421526,2187
25399,50.98742516219243,2100
25400,50.9894326201696,1838
25401,50.99144007814677,1246
25402,50.993447536123945,536
25403,50.99545499410112,158
25404,50.99746245207829,325
25405,50.99946991005546,907
25406,51.00147736803263,1570
25407,51.0034848260098,1922
25408,51.005492283986975,1881
25409,51.007499741964146,1714
25410,51.00950719994132,1545
25411,51.01151465791849,1227
25412,51.01352211589566,808
25413,51.01552957387283,552
25414,51.01753703185001,556
25415,51.01954448982718,788
25416,51.021551947804355,1186
25417,51.023559405781526,1515
25418,51.0255668637587,1541
25419,51.02757432173587,1293
25420,51.02958177971304,934
25421,51.03158923769021,657
25422,51.033596695667384,639
25423,51.035604153644556,797
25424,51.03761161162173,793
25425,51.0396190695989,520
25426,51.04162652757607,358
25427,51.04363398555324,583
25428,51.045641443530414,774
25429,51.047648901507586,465
25430,51.04965635948476,9
25431,51.051663817461936,56
25432,51.05367127543911,576
25433,51.05567873341628,963
25434,51.05768619139345,817
25435,51.05969364937062,269
25436,51.061701107347794,0
25437,51.063708565324966,0
25438,51.06571602330214,0
25439,51.06772348127931,0
25440,51.06973093925648,0
25441,51.07173839723365,210
25442,51.073745855210824,474
25443,51.075753313187995,548
25444,51.07776077116517,417
25445,51.07976822914234,149
25446,51.08177568711951,0
25447,51.08378314509668,0
25448,51.08579060307386,0
25449,51.08779806105103,0
25450,51.089805519028204,0
25451,51.091812977005375,122
25452,51.09382043498255,280
25453,51.09582789295972,325
25454,51.09783535093689,251
25455,51.09984280891406,96
25456,51.10185026689123,0
25457,51.103857724868405,0
25458,51.10586518284558,0
25459,51.10787264082275,0
25460,51.10988009879992,0
25461,51.11188755677709,72
25462,51.11389501475426,167
25463,51.115902472731435,195
25464,51.117909930708606,152
25465,51.119917388685785,62
25466,51.12192484666296,0
25467,51.12393230464013,0
25468,51.1259397626173,0
25469,51.12794722059447,0
25470,51.12995467857164,0
25471,51.131962136548815,42
25472,51.133969594525986,99
25473,51.13597705250316,118
25474,51.13798451048033,95
25475,51.1399919684575,43
25476,51.14199942643467,0
25477,51.144006884411844,0
25478,51.146014342389016,0
25479,51.14802180036619,0
25480,51.15002925834336,0
25481,51.15203671632053,27
25482,51.15404417429771,60
25483,51.15605163227488,72
25484,51.15805909025205,60
25485,51.160066548229224,31
25486,51.162074006206396,0
25487,51.16408146418357,0
25488,51.16608892216074,0
25489,51.16809638013791,0
25490,51.17010383811508,0
25491,51.172111296092254,20
25492,51.174118754069426,40
25493,51.1761262120466,47
25494,51.17813367002377,39
25495,51.18014112800094,22
25496,51.18214858597811,2
25497,51.184156043955284,0
25498,51.186163501932455,0
25499,51.188170959909634,0
25500,51.190178417886806,1
25501,51.19218587586398,15
25502,51.19419333384115,27
25503,51.19620079181832,31
25504,51.19820824979549,28
25505,51.200215707772664,20
25506,51.202223165749835,8
25507,51.20423062372701,0
25508,51.20623808170418,0
25509,51.20824553968135,0
25510,51.21025299765852,1
25511,51.21226045563569,10
25512,51.214267913612865,19
25513,51.21627537159004,23
25514,51.21828282956721,21
25515,51.22029028754438,15
25516,51.22229774552156,7
25517,51.22430520349873,2
25518,51.2263126614759,0
25519,51.22832011945307,2
25520,51.230327577430245,6
25521,51.23233503540742,11
25522,51.23434249338459,13
25523,51.23634995136176,14
25524,51.23835740933893,14
25525,51.2403648673161,12
25526,51.242372325293275,8
25527,51.244379783270446,4
25528,51.24638724124762,3
25529,51.24839469922479,5
25530,51.25040215720196,8
25531,51.25240961517913,11
25532,51.254417073156304,14
25533,51.25642453113348,14
25534,51.258431989110655,13
25535,51.260439447087826,11
25536,51.262446905065,8
25537,51.26445436304217,6
25538,51.26646182101934,5
25539,51.26846927899651,6
25540,51.270476736973684,9
25541,51.272484194950856,12
25542,51.27449165292803,13
25543,51.2764991109052,12
25544,51.27850656888237,11
25545,51.28051402685954,10
25546,51.282521484836714,9
25547,51.284528942813886,9
25548,51.28653640079106,45
25549,51.288543858768236,214
25550,51.29055131674541,516
25551,51.29255877472258,691
25552,51.29456623269975,624
25553,51.29657369067692,742
25554,51.298581148654094,1374
25555,51.300588606631266,2095
25556,51.30259606460844,2346
25557,51.30460352258561,2191
25558,51.30661098056278,2060
25559,51.30861843853995,2146
25560,51.310625896517124,2280
25561,51.312633354494295,2170
25562,51.31464081247147,1708
25563,51.31664827044864,1183
25564,51.31865572842581,1074
25565,51.32066318640298,1489
25566,51.32267064438016,1992
25567,51.32467810235733,2152
25568,51.326685560334504,2017
25569,51.328693018311675,1877
25570,51.33070047628885,1771
25571,51.33270793426602,1570
25572,51.33471539224319,1363
25573,51.33672285022036,1373
25574,51.33873030819753,1626
25575,51.340737766174705,1907
25576,51.34274522415188,1992
25577,51.34475268212905,1880
25578,51.34676014010622,1782
25579,51.34876759808339,1873
25580,51.35077505606056,2081
25581,51.352782514037735,2147
25582,51.354789972014906,1946
25583,51.356797429992085,1662
25584,51.35880488796926,1551
25585,51.36081234594643,1659
25586,51.3628198039236,1828
25587,51.36482726190077,1876
25588,51.36683471987794,1782
25589,51.368842177855115,1585
25590,51.370849635832286,1238
25591,51.37285709380946,794
25592,51.37486455178663,506
25593,51.3768720097638,480
25594,51.37887946774097,527
25595,51.380886925718144,521
25596,51.382894383695316,579
25597,51.38490184167249,700
25598,51.38690929964966,594
25599,51.38891675762683,197
25600,51.39092421560401,0
25601,51.39293167358118,148
25602,51.39493913155835,565
25603,51.396946589535524,722
25604,51.398954047512696,522
25605,51.40096150548987,334
25606,51.40296896346704,547
25607,51.40497642144421,1053
25608,51.40698387942138,1355
25609,51.408991337398554,1199
25610,51.410998795375725,828
25611,51.4130062533529,605
25612,51.41501371133007,637
25613,51.41702116930724,722
25614,51.41902862728441,593
25615,51.42103608526158,190
25616,51.423043543238755,0
25617,51.425051001215934,0
25618,51.427058459193105,0
25619,51.42906591717028,0
25620,51.43107337514745,0
25621,51.43308083312462,249
25622,51.43508829110179,458
25623,51.43709574907896,488
25624,51.439103207056135,343
25625,51.44111066503331,90
25626,51.44311812301048,0
25627,51.44512558098765,0
25628,51.44713303896482,0
25629,51.44914049694199,0
25630,51.451147954919165,0
25631,51.453155412896336,142
25632,51.45516287087351,271
25633,51.45717032885068,340
25634,51.45917778682786,511
25635,51.46118524480503,964
25636,51.4631927027822,1557
25637,51.46520016075937,1907
25638,51.467207618736545,1915
25639,51.469215076713716,1880
25640,51.47122253469089,2058
25641,51.47322999266806,2381
25642,51.47523745064523,2616
25643,51.4772449086224,2633
25644,51.479252366599574,2470
25645,51.481259824576746,2240
25646,51.48326728255392,2039
25647,51.48527474053109,1923
25648,51.48728219850826,1913
25649,51.48928965648543,2005
25650,51.491297114462604,2165
25651,51.49330457243978,2330
25652,51.495312030416954,2433
25653,51.497319488394126,2439
25654,51.4993269463713,2360
25655,51.50133440434847,2238
25656,51.50334186232564,2120
25657,51.50534932030281,2045
25658,51.507356778279984,2036
25659,51.509364236257156,2088
25660,51.51137169423433,2181
25661,51.5133791522115,2277
25662,51.51538661018867,2340
25663,51.51739406816584,2348
25664,51.519401526143014,2303
25665,51.521408984120185,2228
25666,51.52341644209736,2156
25667,51.52542390007453,2111
25668,51.52743135805171,2104
25669,51.52943881602888,2135
25670,51.53144627400605,2189
25671,51.53345373198322,2245
25672,51.535461189960394,2281
25673,51.537468647937565,2284
25674,51.53947610591474,2258
25675,51.54148356389191,2219
25676,51.54349102186908,2181
25677,51.54549847984625,2154
25678,51.54750593782342,2149
25679,51.549513395800595,2167
25680,51.55152085377777,2200
25681,51.55352831175494,2233
25682,51.55553576973211,2253
25683,51.55754322770928,2256
25684,51.55955068568645,2243
25685,51.56155814366363,2219
25686,51.5635656016408,2195
25687,51.565573059617975,2179
25688,51.56758051759515,2176
25689,51.56958797557232,2186
25690,51.57159543354949,2204
25691,51.57360289152666,2223
25692,51.57561034950383,2236
25693,51.577617807481005,2237
25694,51.579625265458176,2229
25695,51.58163272343535,2216
25696,51.58364018141252,2201
25697,51.58564763938969,2190
25698,51.58765509736686,2187
25699,51.589662555344034,2195
25700,51.591670013321206,2207
25701,51.59367747129838,2219
25702,51.595684929275556,2226
25703,51.59769238725273,2227
25704,51.5996998452299,2222
25705,51.60170730320707,2214
25706,51.60371476118424,2205
25707,51.605722219161414,2199
25708,51.607729677138586,2197
25709,51.60973713511576,2200
25710,51.61174459309293,2207
25711,51.6137520510701,2214
25712,51.61575950904727,2218
25713,51.617766967024444,2219
25714,51.619774425001616,2216
25715,51.62178188297879,2212
25716,51.62378934095596,2208
25717,51.62579679893313,2202
25718,51.6278042569103,2198
25719,51.62981171488748,2198
25720,51.63181917286465,2204
25721,51.633826630841824,2211
25722,51.635834088818996,2213
25723,51.63784154679617,2209
25724,51.63984900477334,2205
25725,51.64185646275051,2205
25726,51.64386392072768,2206
25727,51.645871378704854,2206
25728,51.647878836682025,2207
25729,51.6498862946592,2207
25730,51.65189375263637,2208
25731,51.65390121061354,2210
25732,51.65590866859071,2213
25733,51.65791612656788,2215
25734,51.659923584545055,2214
25735,51.66193104252223,2211
25736,51.663938500499405,2209
25737,51.66594595847658,2207
25738,51.66795341645375,2207
25739,51.66996087443092,2208
25740,51.67196833240809,2209
25741,51.67397579038526,2210
25742,51.675983248362435,2211
25743,51.67799070633961,2210
25744,51.67999816431678,2210
25745,51.68200562229395,2210
25746,51.68401308027112,2211
25747,51.68602053824829,2211
25748,51.688027996225465,2210
25749,51.690035454202636,2209
25750,51.69204291217981,2209
25751,51.69405037015698,2211
25752,51.69605782813415,2212
25753,51.69806528611133,2211
25754,51.7000727440885,2208
25755,51.70208020206567,2206
25756,51.704087660042845,2205
25757,51.706095118020016,2206
25758,51.70810257599719,2210
25759,51.71011003397436,2211
25760,51.71211749195153,2211
25761,51.7141249499287,2210
25762,51.716132407905874,2209
25763,51.718139865883046,2208
25764,51.72014732386022,2207
25765,51.72215478183739,2207
25766,51.72416223981456,2208
25767,51.72616969779173,2208
25768,51.728177155768904,2204
25769,51.73018461374608,2202
25770,51.732192071723254,2204
25771,51.734199529700426,2208
25772,51.7362069876776,2210
25773,51.73821444565477,2209
25774,51.74022190363194,2209
25775,51.74222936160911,2210
25776,51.744236819586284,2210
25777,51.746244277563456,2209
25778,51.74825173554063,2209
25779,51.7502591935178,2207
25780,51.75226665149497,2204
25781,51.75427410947214,2203
25782,51.756281567449314,2206
25783,51.758289025426485,2209
25784,51.76029648340366,2210
25785,51.76230394138083,2210
25786,51.76431139935801,2210
25787,51.76631885733518,2211
25788,51.76832631531235,2210
25789,51.77033377328952,2209
25790,51.772341231266694,2209
25791,51.774348689243865,2210
25792,51.77635614722104,2210
25793,51.77836360519821,2209
25794,51.78037106317538,2207
25795,51.78237852115255,2206
25796,51.78438597912972,2206
25797,51.786393437106895,2207
25798,51.78840089508407,2208
25799,51.79040835306124,2208
25800,51.79241581103841,2208
25801,51.79442326901558,2209
25802,51.79643072699275,2210
25803,51.79843818496993,2211
25804,51.8004456429471,2211
25805,51.802453100924275,2211
25806,51.80446055890145,2210
25807,51.80646801687862,2210
25808,51.80847547485579,2209
25809,51.81048293283296,2207
25810,51.81249039081013,2205
25811,51.814497848787305,2207
25812,51.816505306764476,2211
25813,51.81851276474165,2212
25814,51.82052022271882,2210
25815,51.82252768069599,2209
25816,51.82453513867316,2209
25817,51.826542596650334,2209
25818,51.828550054627506,2209
25819,51.83055751260468,2210
25820,51.832564970581856,2209
25821,51.83457242855903,2205
25822,51.8365798865362,2204
25823,51.83858734451337,2207
25824,51.84059480249054,2209
25825,51.842602260467714,2208
25826,51.844609718444886,2207
25827,51.84661717642206,2209
25828,51.84862463439923,2211
25829,51.8506320923764,2212
25830,51.85263955035357,2213
25831,51.854647008330744,2213
25832,51.856654466307916,2212
25833,51.85866192428509,2211
25834,51.86066938226226,2210
25835,51.86267684023943,2210
25836,51.8646842982166,2210
25837,51.86669175619378,2209
25838,51.86869921417095,2209
25839,51.870706672148124,2210
25840,51.872714130125296,2211
25841,51.87472158810247,2211
25842,51.87672904607964,2210
25843,51.87873650405681,2209
25844,51.88074396203398,2208
25845,51.882751420011154,2208
25846,51.884758877988325,2209
25847,51.8867663359655,2210
25848,51.88877379394267,2212
25849,51.89078125191984,2212
25850,51.89278870989701,2210
25851,51.89479616787418,2208
25852,51.896803625851355,2208
25853,51.89881108382853,2210
25854,51.900818541805705,2211
25855,51.90282599978288,2210
25856,51.90483345776005,2209
25857,51.90684091573722,2209
25858,51.90884837371439,2209
25859,51.91085583169156,2209
25860,51.912863289668735,2211
25861,51.91487074764591,2212
25862,51.91687820562308,2211
25863,51.91888566360025,2208
25864,51.92089312157742,2208
25865,51.92290057955459,2209
25866,51.924908037531765,2210
25867,51.926915495508936,2210
25868,51.92892295348611,2210
25869,51.93093041146328,2210
25870,51.93293786944045,2210
25871,51.93494532741763,2209
25872,51.9369527853948,2208
25873,51.93896024337197,2209
25874,51.940967701349145,2209
25875,51.942975159326316,2209
25876,51.94498261730349,2208
25877,51.94699007528066,2208
25878,51.94899753325783,2210
25879,51.951004991235,2211
25880,51.953012449212174,2211
25881,51.955019907189346,2212
25882,51.95702736516652,2211
25883,51.95903482314369,2206
25884,51.96104228112086,2166
25885,51.96304973909803,2002
25886,51.965057197075204,1614
25887,51.967064655052376,1036
25888,51.969072113029554,478
25889,51.971079571006726,169
25890,51.9730870289839,115
25891,51.97509448696107,119
25892,51.97710194493824,28
25893,51.97910940291541,0
25894,51.981116860892584,0
25895,51.983124318869756,0
25896,51.98513177684693,0
25897,51.9871392348241,45
25898,51.98914669280127,133
25899,51.99115415077844,166
25900,51.993161608755614,143
25901,51.995169066732785,76
25902,51.99717652470996,0
25903,51.99918398268713,0
25904,52.0011914406643,0
25905,52.00319889864148,0
25906,52.00520635661865,0
25907,52.00721381459582,23
25908,52.009221272572994,78
25909,52.011228730550165,103
25910,52.01323618852734,91
25911,52.01524364650451,51
25912,52.01725110448168,0
25913,52.01925856245885,0
25914,52.02126602043602,0
25915,52.023273478413195,0
25916,52.02528093639037,0
25917,52.02728839436754,16
25918,52.02929585234471,49
25919,52.03130331032188,64
25920,52.03331076829905,57
25921,52.035318226276225,34
25922,52.0373256842534,4
25923,52.039333142230575,0
25924,52.04134060020775,0
25925,52.04334805818492,0
25926,52.04535551616209,0
25927,52.04736297413926,13
25928,52.04937043211643,32
25929,52.051377890093605,41
25930,52.053385348070776,38
25931,52.05539280604795,24
25932,52.05740026402512,5
25933,52.05940772200229,0
25934,52.06141517997946,0
25935,52.063422637956634,0
25936,52.065430095933806,0
25937,52.06743755391098,10
25938,52.06944501188815,20
25939,52.07145246986533,25
25940,52.0734599278425,25
25941,52.07546738581967,18
25942,52.07747484379684,8
25943,52.079482301774014,0
25944,52.081489759751186,0
25945,52.08349721772836,0
25946,52.08550467570553,2
25947,52.0875121336827,10
25948,52.08951959165987,17
25949,52.091527049637044,21
25950,52.093534507614216,20
25951,52.09554196559139,16
25952,52.09754942356856,10
25953,52.09955688154573,4
25954,52.1015643395229,0
25955,52.103571797500074,1
25956,52.10557925547725,5
25957,52.107586713454424,10
25958,52.109594171431596,13
25959,52.11160162940877,13
25960,52.11360908738594,11
25961,52.11561654536311,10
25962,52.11762400334028,9
25963,52.119631461317454,7
25964,52.121638919294625,5
25965,52.1236463772718,4
25966,52.12565383524897,6
25967,52.12766129322614,10
25968,52.12966875120331,13
25969,52.13167620918048,15
25970,52.133683667157655,14
25971,52.13569112513483,12
25972,52.137698583112,10
25973,52.13970604108918,7
25974,52.14171349906635,5
25975,52.14372095704352,6
25976,52.14572841502069,8
25977,52.14773587299786,9
25978,52.149743330975035,9
25979,52.15175078895221,10
25980,52.15375824692938,11
25981,52.15576570490655,11
25982,52.15777316288372,10
25983,52.15978062086089,9
25984,52.161788078838065,8
25985,52.163795536815236,8
25986,52.16580299479241,8
25987,52.16781045276958,9
25988,52.16981791074675,10
25989,52.17182536872392,11
25990,52.1738328267011,12
25991,52.17584028467827,11
25992,52.177847742655445,10
25993,52.179855200632616,9
25994,52.18186265860979,8
25995,52.18387011658696,8
25996,52.18587757456413,9
25997,52.1878850325413,10
25998,52.189892490518474,10
25999,52.191899948495646,10
26000,52.19390740647282,10
26001,52.19591486444999,10
26002,52.19792232242716,10
26003,52.19992978040433,10
26004,52.201937238381504,9
26005,52.203944696358676,9
26006,52.205952154335854,10
26007,52.207959612313026,10
26008,52.2099670702902,10
26009,52.21197452826737,10
26010,52.21398198624454,10
26011,52.21598944422171,10
26012,52.217996902198884,10
26013,52.220004360176056,9
26014,52.22201181815323,9
26015,52.2240192761304,10
26016,52.22602673410757,10
26017,52.22803419208474,10
26018,52.230041650061914,10
26019,52.232049108039085,10
26020,52.23405656601626,10
26021,52.23606402399343,10
26022,52.2380714819706,10
26023,52.24007893994778,9
26024,52.24208639792495,9
26025,52.24409385590212,9
26026,52.246101313879294,10
26027,52.248108771856465,10
26028,52.25011622983364,10
26029,52.25212368781081,10
26030,52.25413114578798,10
26031,52.25613860376515,10
26032,52.25814606174232,10
26033,52.260153519719495,34
26034,52.26216097769667,127
26035,52.26416843567384,256
26036,52.26617589365101,321
26037,52.26818335162818,345
26038,52.27019080960535,492
26039,52.272198267582525,894
26040,52.2742057255597,1431
26041,52.276213183536875,1682
26042,52.27822064151405,1397
26043,52.28022809949122,975
26044,52.28223555746839,1046
26045,52.28424301544556,1655
26046,52.28625047342273,2244
26047,52.288257931399905,2372
26048,52.290265389377076,2154
26049,52.29227284735425,1969
26050,52.29428030533142,2002
26051,52.29628776330859,2161
26052,52.29829522128576,2294
26053,52.300302679262934,2347
26054,52.302310137240106,2341
26055,52.30431759521728,2304
26056,52.30632505319445,2245
26057,52.30833251117163,2177
26058,52.3103399691488,2121
26059,52.31234742712597,2094
26060,52.31435488510314,2090
26061,52.316362343080314,2112
26062,52.318369801057486,2179
26063,52.32037725903466,2264
26064,52.32238471701183,2301
26065,52.324392174989,2272
26066,52.32639963296617,2214
26067,52.328407090943344,2169
26068,52.330414548920515,2093
26069,52.33242200689769,1789
26070,52.33442946487486,1139
26071,52.33643692285203,434
26072,52.3384443808292,103
26073,52.34045183880637,157
26074,52.34245929678355,240
26075,52.344466754760724,117
26076,52.346474212737895,0
26077,52.34848167071507,0
26078,52.35048912869224,0
26079,52.35249658666941,0
26080,52.35450404464658,12
26081,52.35651150262375,135
26082,52.358518960600925,201
26083,52.3605264185781,198
26084,52.36253387655527,130
26085,52.36454133453244,24
26086,52.36654879250961,0
26087,52.36855625048678,0
26088,52.370563708463955,0
26089,52.372571166441126,0
26090,52.3745786244183,0
26091,52.37658608239548,78
26092,52.37859354037265,123
26093,52.38060099834982,123
26094,52.38260845632699,81
26095,52.38461591430416,18
26096,52.386623372281335,0
26097,52.388630830258506,0
26098,52.39063828823568,0
26099,52.39264574621285,0
26100,52.39465320419002,57
26101,52.39666066216719,210
26102,52.398668120144364,345
26103,52.400675578121536,361
26104,52.40268303609871,249
26105,52.40469049407588,104
26106,52.40669795205305,26
26107,52.40870541003022,43
26108,52.4107128680074,98
26109,52.41272032598457,101
26110,52.414727783961744,40
26111,52.416735241938916,0
26112,52.41874269991609,0
26113,52.42075015789326,12
26114,52.42275761587043,27
26115,52.4247650738476,22
26116,52.426772531824774,11
26117,52.428779989801946,5
26118,52.43078744777912,5
26119,52.43279490575629,6
26120,52.43480236373346,8
26121,52.43680982171063,11
26122,52.438817279687804,12
26123,52.440824737664975,13
26124,52.44283219564215,13
26125,52.444839653619326,13
26126,52.4468471115965,12
26127,52.44885456957367,10
26128,52.45086202755084,8
26129,52.45286948552801,6
26130,52.454876943505184,7
26131,52.456884401482355,9
26132,52.45889185945953,11
26133,52.4608993174367,12
26134,52.46290677541387,13
26135,52.46491423339104,13
26136,52.46692169136821,12
26137,52.468929149345385,11
26138,52.47093660732256,9
26139,52.47294406529973,8
26140,52.4749515232769,8
26141,52.47695898125407,9
26142,52.47896643923125,11
26143,52.48097389720842,13
26144,52.48298135518559,13
26145,52.484988813162765,11
26146,52.48699627113994,10
26147,52.48900372911711,10
26148,52.49101118709428,10
26149,52.49301864507145,10
26150,52.49502610304862,9
26151,52.497033561025795,8
26152,52.499041019002966,9
26153,52.50104847698014,10
26154,52.50305593495731,11
26155,52.50506339293448,11
26156,52.50707085091165,11
26157,52.509078308888824,10
26158,52.511085766865996,9
26159,52.513093224843175,9
26160,52.515100682820346,9
26161,52.51710814079752,9
26162,52.51911559877469,10
26163,52.52112305675186,10
26164,52.52313051472903,11
26165,52.525137972706204,11
26166,52.527145430683376,10
26167,52.52915288866055,9
26168,52.53116034663772,8
26169,52.53316780461489,8
26170,52.53517526259206,9
26171,52.537182720569234,9
26172,52.539190178546406,10
26173,52.54119763652358,11
26174,52.54320509450075,12
26175,52.54521255247792,14
26176,52.5472200104551,13
26177,52.54922746843227,11
26178,52.55123492640944,9
26179,52.553242384386614,9
26180,52.555249842363786,10
26181,52.55725730034096,10
26182,52.55926475831813,9
26183,52.5612722162953,21
26184,52.56327967427247,70
26185,52.565287132249644,130
26186,52.567294590226815,124
26187,52.56930204820399,49
26188,52.57130950618116,0
26189,52.57331696415833,1
26190,52.5753244221355,37
26191,52.57733188011267,47
26192,52.579339338089845,26
26193,52.581346796067024,0
26194,52.583354254044195,0
26195,52.58536171202137,0
26196,52.58736916999854,0
26197,52.58937662797571,30
26198,52.59138408595288,189
26199,52.59339154393005,590
26200,52.595399001907225,1200
26201,52.5974064598844,1769
26202,52.59941391786157,2059
26203,52.60142137583874,2089
26204,52.60342883381591,2079
26205,52.60543629179308,2156
26206,52.607443749770255,2149
26207,52.609451207747426,1744
26208,52.6114586657246,958
26209,52.61346612370177,269
26210,52.61547358167895,28
26211,52.61748103965612,54
26212,52.61948849763329,8
26213,52.62149595561046,0
26214,52.623503413587635,0
26215,52.625510871564806,0
26216,52.62751832954198,0
26217,52.62952578751915,98
26218,52.63153324549632,213
26219,52.63354070347349,236
26220,52.635548161450664,180
26221,52.637555619427836,74
26222,52.63956307740501,0
26223,52.64157053538218,0
26224,52.64357799335935,0
26225,52.64558545133652,0
26226,52.6475929093137,0
26227,52.64960036729087,50
26228,52.651607825268044,119
26229,52.653615283245216,142
26230,52.65562274122239,115
26231,52.65763019919956,53
26232,52.65963765717673,0
26233,52.6616451151539,0
26234,52.663652573131074,0
26235,52.665660031108246,0
26236,52.66766748908542,0
26237,52.66967494706259,31
26238,52.67168240503976,72
26239,52.67368986301693,86
26240,52.675697320994104,72
26241,52.677704778971275,36
26242,52.67971223694845,0
26243,52.681719694925626,0
26244,52.6837271529028,0
26245,52.68573461087997,0
26246,52.68774206885714,0
26247,52.68974952683431,21
26248,52.691756984811484,45
26249,52.693764442788655,53
26250,52.69577190076583,45
26251,52.697779358743,25
26252,52.69978681672017,1
26253,52.70179427469734,0
26254,52.70380173267451,0
26255,52.705809190651685,0
26256,52.70781664862886,0
26257,52.70982410660603,16
26258,52.7118315645832,31
26259,52.71383902256037,37
26260,52.71584648053755,32
26261,52.71785393851472,19
26262,52.71986139649189,5
26263,52.721868854469065,0
26264,52.72387631244624,0
26265,52.72588377042341,0
26266,52.72789122840058,2
26267,52.72989868637775,13
26268,52.73190614435492,21
26269,52.733913602332095,25
26270,52.735921060309266,23
26271,52.73792851828644,16
26272,52.73993597626361,6
26273,52.74194343424078,0
26274,52.74395089221795,0
26275,52.745958350195124,0
26276,52.747965808172296,5
26277,52.749973266149475,11
26278,52.751980724126646,15
26279,52.75398818210382,17
26280,52.75599564008099,16
26281,52.75800309805816,13
26282,52.76001055603533,9
26283,52.762018014012504,5
26284,52.764025471989676,2
26285,52.76603292996685,3
26286,52.76804038794402,6
26287,52.77004784592119,10
26288,52.77205530389836,13
26289,52.774062761875534,13
26290,52.776070219852706,13
26291,52.77807767782988,12
26292,52.78008513580705,10
26293,52.78209259378422,7
26294,52.7841000517614,6
26295,52.78610750973857,6
26296,52.78811496771574,6
26297,52.790122425692914,7
26298,52.792129883670086,9
26299,52.79413734164726,12
26300,52.79614479962443,13
26301,52.7981522576016,12
26302,52.80015971557877,10
26303,52.802167173555944,8
26304,52.804174631533115,8
26305,52.80618208951029,8
26306,52.80818954748746,10
26307,52.81019700546463,11
26308,52.8122044634418,11
26309,52.81421192141897,11
26310,52.816219379396145,11
26311,52.818226837373324,10
26312,52.820234295350495,9
26313,52.82224175332767,8
26314,52.82424921130484,8
26315,52.82625666928201,9
26316,52.82826412725918,10
26317,52.83027158523635,11
26318,52.832279043213525,11
26319,52.8342865011907,10
26320,52.83629395916787,10
26321,52.83830141714504,10
26322,52.84030887512221,10
26323,52.84231633309938,9
26324,52.844323791076555,8
26325,52.846331249053726,8
26326,52.8483387070309,9
26327,52.85034616500807,9
26328,52.85235362298525,10
26329,52.85436108096242,10
26330,52.85636853893959,10
26331,52.85837599691676,10
26332,52.860383454893935,10
26333,52.862390912871106,10
26334,52.86439837084828,10
26335,52.86640582882545,10
26336,52.86841328680262,9
26337,52.87042074477979,8
26338,52.872428202756964,6
26339,52.874435660734136,7
26340,52.87644311871131,9
26341,52.87845057668848,10
26342,52.88045803466565,9
26343,52.88246549264282,8
26344,52.884472950619994,8
26345,52.88648040859717,8
26346,52.888487866574344,9
26347,52.890495324551516,10
26348,52.89250278252869,11
26349,52.89451024050586,10
26350,52.89651769848303,10
26351,52.8985251564602,10
26352,52.900532614437374,10
26353,52.902540072414546,10
26354,52.90454753039172,9
26355,52.90655498836889,8
26356,52.90856244634606,9
26357,52.91056990432323,10
26358,52.912577362300404,10
26359,52.914584820277575,10
26360,52.91659227825475,9
26361,52.91859973623192,9
26362,52.9206071942091,9
26363,52.92261465218627,9
26364,52.92462211016344,9
26365,52.92662956814061,10
26366,52.928637026117784,11
26367,52.930644484094955,11
26368,52.93265194207213,10
26369,52.9346594000493,9
26370,52.93666685802647,9
26371,52.93867431600364,10
26372,52.94068177398081,11
26373,52.942689231957985,12
26374,52.94469668993516,11
26375,52.94670414791233,10
26376,52.9487116058895,10
26377,52.95071906386667,10
26378,52.95272652184384,10
26379,52.95473397982102,10
26380,52.95674143779819,10
26381,52.958748895775365,10
26382,52.96075635375254,10
26383,52.96276381172971,10
26384,52.96477126970688,9
26385,52.96677872768405,10
26386,52.96878618566122,10
26387,52.970793643638395,10
26388,52.972801101615566,10
26389,52.97480855959274,10
26390,52.97681601756991,10
26391,52.97882347554708,10
26392,52.98083093352425,9
26393,52.982838391501424,9
26394,52.984845849478596,10
26395,52.98685330745577,10
26396,52.988860765432946,10
26397,52.99086822341012,10
26398,52.99287568138729,9
26399,52.99488313936446,10
26400,52.99689059734163,10
26401,52.998898055318804,10
26402,53.000905513295976,9
26403,53.00291297127315,9
26404,53.00492042925032,9
26405,53.00692788722749,9
26406,53.00893534520466,9
26407,53.010942803181834,9
26408,53.012950261159006,9
26409,53.01495771913618,9
26410,53.01696517711335,9
26411,53.01897263509052,10
26412,53.02098009306769,10
26413,53.02298755104487,10
26414,53.02499500902204,9
26415,53.027002466999214,9
26416,53.029009924976386,9
26417,53.03101738295356,10
26418,53.03302484093073,10
26419,53.0350322989079,10
26420,53.03703975688507,9
26421,53.039047214862244,9
26422,53.041054672839415,10
26423,53.04306213081659,10
26424,53.04506958879376,9
26425,53.04707704677093,8
26426,53.0490845047481,8
26427,53.05109196272527,8
26428,53.053099420702445,10
26429,53.05510687867962,11
26430,53.057114336656795,10
26431,53.05912179463397,9
26432,53.06112925261114,9
26433,53.06313671058831,9
26434,53.06514416856548,9
26435,53.06715162654265,9
26436,53.069159084519825,9
26437,53.071166542497,9
26438,53.07317400047417,9
26439,53.07518145845134,10
26440,53.07718891642851,11
26441,53.07919637440568,11
26442,53.081203832382855,10
26443,53.083211290360026,10
26444,53.0852187483372,11
26445,53.08722620631437,11
26446,53.08923366429155,11
26447,53.09124112226872,11
26448,53.09324858024589,10
26449,53.09525603822306,9
26450,53.097263496200235,8
26451,53.099270954177406,8
26452,53.10127841215458,9
26453,53.10328587013175,10
26454,53.10529332810892,10
26455,53.10730078608609,10
26456,53.109308244063264,11
26457,53.111315702040436,10
26458,53.11332316001761,9
26459,53.11533061799478,9
26460,53.11733807597195,9
26461,53.11934553394912,9
26462,53.121352991926294,10
26463,53.12336044990347,10
26464,53.125367907880644,10
26465,53.127375365857816,9
26466,53.12938282383499,10
26467,53.13139028181216,11
26468,53.13339773978933,11
26469,53.1354051977665,11
26470,53.137412655743674,10
26471,53.139420113720846,10
26472,53.14142757169802,10
26473,53.14343502967519,10
26474,53.14544248765236,10
26475,53.14744994562953,9
26476,53.149457403606704,9
26477,53.151464861583875,9
26478,53.15347231956105,10
26479,53.15547977753822,10
26480,53.1574872355154,10
26481,53.15949469349257,10
26482,53.16150215146974,10
26483,53.16350960944691,10
26484,53.165517067424084,9
26485,53.167524525401255,10
26486,53.16953198337843,10
26487,53.1715394413556,10
26488,53.17354689933277,10
26489,53.17555435730994,9
26490,53.17756181528711,10
26491,53.179569273264285,12
26492,53.18157673124146,12
26493,53.18358418921863,10
26494,53.1855916471958,9
26495,53.18759910517297,10
26496,53.18960656315014,11
26497,53.19161402112732,11
26498,53.19362147910449,10
26499,53.195628937081665,10
26500,53.19763639505884,9
26501,53.19964385303601,10
26502,53.20165131101318,10
26503,53.20365876899035,10
26504,53.20566622696752,10
26505,53.207673684944695,9
26506,53.209681142921866,8
26507,53.21168860089904,7
26508,53.21369605887621,7
26509,53.21570351685338,9
26510,53.21771097483055,10
26511,53.219718432807724,9
26512,53.221725890784896,8
26513,53.22373334876207,9
26514,53.225740806739246,11
26515,53.22774826471642,11
26516,53.22975572269359,11
26517,53.23176318067076,10
26518,53.23377063864793,10
26519,53.235778096625104,10
26520,53.237785554602276,10
26521,53.23979301257945,9
26522,53.24180047055662,9
26523,53.24380792853379,9
26524,53.24581538651096,9
26525,53.247822844488134,10
26526,53.249830302465305,10
26527,53.25183776044248,10
26528,53.25384521841965,10
26529,53.25585267639682,10
26530,53.25786013437399,10
26531,53.25986759235117,10
26532,53.26187505032834,10
26533,53.263882508305514,9
26534,53.265889966282685,10
26535,53.26789742425986,10
26536,53.26990488223703,9
26537,53.2719123402142,8
26538,53.27391979819137,8
26539,53.27592725616854,9
26540,53.277934714145715,10
26541,53.27994217212289,10
26542,53.28194963010006,9
26543,53.28395708807723,8
26544,53.2859645460544,7
26545,53.28797200403157,7
26546,53.289979462008745,8
26547,53.291986919985916,11
26548,53.293994377963095,11
26549,53.29600183594027,9
26550,53.29800929391744,8
26551,53.30001675189461,9
26552,53.30202420987178,9
26553,53.30403166784895,10
26554,53.306039125826125,10
26555,53.308046583803296,11
26556,53.31005404178047,11
26557,53.31206149975764,10
26558,53.31406895773481,9
26559,53.31607641571198,9
26560,53.318083873689154,8
26561,53.320091331666326,9
26562,53.3220987896435,9
26563,53.32410624762067,65
26564,53.32611370559784,322
26565,53.32812116357502,782
26566,53.33012862155219,1133
26567,53.33213607952936,1138
26568,53.334143537506534,953
26569,53.336150995483706,844
26570,53.33815845346088,886
26571,53.34016591143805,1073
26572,53.34217336941522,1373
26573,53.34418082739239,1595
26574,53.346188285369564,1560
26575,53.348195743346736,1366
26576,53.35020320132391,1271
26577,53.35221065930108,1393
26578,53.35421811727825,1616
26579,53.35622557525542,1744
26580,53.358233033232594,1748
26581,53.360240491209765,1768
26582,53.362247949186944,1871
26583,53.364255407164116,1933
26584,53.36626286514129,1824
26585,53.36827032311846,1630
26586,53.37027778109563,1560
26587,53.3722852390728,1654
26588,53.374292697049974,1736
26589,53.376300155027145,1690
26590,53.37830761300432,1579
26591,53.38031507098149,1484
26592,53.38232252895866,1413
26593,53.38432998693583,1367
26594,53.386337444913,1378
26595,53.388344902890175,1472
26596,53.39035236086735,1631
26597,53.39235981884452,1795
26598,53.39436727682169,1881
26599,53.39637473479887,1816
26600,53.39838219277604,1589
26601,53.40038965075321,1276
26602,53.40239710873038,985
26603,53.404404566707555,765
26604,53.40641202468473,592
26605,53.4084194826619,460
26606,53.41042694063907,384
26607,53.41243439861624,359
26608,53.41444185659341,397
26609,53.416449314570585,601
26610,53.418456772547756,1029
26611,53.42046423052493,1439
26612,53.4224716885021,1470
26613,53.42447914647927,1153
26614,53.42648660445644,881
26615,53.428494062433614,863
26616,53.43050152041079,962
26617,53.432508978387965,976
26618,53.434516436365136,861
26619,53.43652389434231,713
26620,53.43853135231948,625
26621,53.44053881029665,605
26622,53.44254626827382,619
26623,53.444553726250994,648
26624,53.446561184228166,686
26625,53.44856864220534,719
26626,53.45057610018251,731
26627,53.45258355815968,700
26628,53.45459101613685,614
26629,53.456598474114024,499
26630,53.458605932091196,407
26631,53.46061339006837,361
26632,53.46262084804554,348
26633,53.46462830602272,354
26634,53.46663576399989,371
26635,53.46864322197706,394
26636,53.47065067995423,408
26637,53.472658137931404,393
26638,53.474665595908576,346
26639,53.47667305388575,295
26640,53.47868051186292,270
26641,53.48068796984009,263
26642,53.48269542781726,253
26643,53.484702885794434,242
26644,53.486710343771605,249
26645,53.48871780174878,269
26646,53.49072525972595,278
26647,53.49273271770312,259
26648,53.49474017568029,221
26649,53.49674763365746,193
26650,53.49875509163464,189
26651,53.500762549611814,206
26652,53.502770007588985,235
26653,53.50477746556616,274
26654,53.50678492354333,320
26655,53.5087923815205,378
26656,53.51079983949767,457
26657,53.51280729747484,548
26658,53.514814755452015,630
26659,53.51682221342919,705
26660,53.51882967140636,806
26661,53.52083712938353,960
26662,53.5228445873607,1153
26663,53.52485204533787,1334
26664,53.526859503315045,1462
26665,53.528866961292216,1539
26666,53.53087441926939,1577
26667,53.53288187724657,1543
26668,53.53488933522374,1391
26669,53.53689679320091,1163
26670,53.53890425117808,966
26671,53.54091170915525,852
26672,53.542919167132425,758
26673,53.544926625109596,609
26674,53.54693408308677,420
26675,53.54894154106394,284
26676,53.55094899904111,250
26677,53.55295645701828,255
26678,53.554963914995454,197
26679,53.556971372972626,76
26680,53.5589788309498,6
26681,53.56098628892697,45
26682,53.56299374690414,124
26683,53.56500120488132,143
26684,53.56700866285849,82
26685,53.56901612083566,0
26686,53.571023578812834,0
26687,53.573031036790006,0
26688,53.57503849476718,0
26689,53.57704595274435,0
26690,53.57905341072152,20
26691,53.58106086869869,64
26692,53.583068326675864,85
26693,53.585075784653036,76
26694,53.58708324263021,44
26695,53.58909070060738,3
26696,53.59109815858455,0
26697,53.59310561656172,0
26698,53.595113074538894,0
26699,53.597120532516065,0
26700,53.599127990493244,37
26701,53.601135448470416,87
26702,53.60314290644759,100
26703,53.60515036442476,81
26704,53.60715782240193,81
26705,53.6091652803791,139
26706,53.611172738356274,237
26707,53.613180196333445,319
26708,53.61518765431062,348
26709,53.61719511228779,341
26710,53.61920257026496,341
26711,53.62121002824213,370
26712,53.6232174862193,434
26713,53.625224944196475,525
26714,53.62723240217365,617
26715,53.62923986015082,705
26716,53.63124731812799,802
26717,53.63325477610517,894
26718,53.63526223408234,961
26719,53.63726969205951,1007
26720,53.63927715003668,1052
26721,53.641284608013855,1088
26722,53.64329206599103,1096
26723,53.6452995239682,1071
26724,53.64730698194537,1037
26725,53.64931443992254,1032
26726,53.65132189789971,1068
26727,53.653329355876885,1107
26728,53.655336813854056,1107
26729,53.65734427183123,1087
26730,53.6593517298084,1093
26731,53.66135918778557,1112
26732,53.66336664576274,1099
26733,53.665374103739914,1046
26734,53.66738156171709,991
26735,53.669389019694265,972
26736,53.671396477671436,989
26737,53.67340393564861,1014
26738,53.67541139362578,1026
26739,53.67741885160295,1028
26740,53.67942630958012,1034
26741,53.681433767557294,1035
26742,53.683441225534466,1017
26743,53.68544868351164,990
26744,53.68745614148881,977
26745,53.68946359946598,986
26746,53.69147105744315,1009
26747,53.693478515420324,1035
26748,53.695485973397496,1048
26749,53.69749343137467,1043
26750,53.69950088935184,1038
26751,53.70150834732902,1048
26752,53.70351580530619,1042
26753,53.70552326328336,967
26754,53.70753072126053,805
26755,53.709538179237704,587
26756,53.711545637214876,362
26757,53.71355309519205,168
26758,53.71556055316922,34
26759,53.71756801114639,0
26760,53.71957546912356,50
26761,53.721582927100734,228
26762,53.723590385077905,492
26763,53.72559784305508,774
26764,53.72760530103225,1021
26765,53.72961275900942,1239
26766,53.73162021698659,1462
26767,53.73362767496376,1673
26768,53.73563513294094,1809
26769,53.737642590918114,1869
26770,53.739650048895285,1944
26771,53.74165750687246,2086
26772,53.74366496484963,2217
26773,53.7456724228268,2243
26774,53.74767988080397,2191
26775,53.74968733878114,2152
26776,53.751694796758315,2167
26777,53.75370225473549,2209
26778,53.75570971271266,2238
26779,53.75771717068983,2245
26780,53.759724628667,2239
26781,53.76173208664417,2206
26782,53.763739544621345,2096
26783,53.765747002598516,1918
26784,53.76775446057569,1810
26785,53.76976191855287,1868
26786,53.77176937653004,2004
26787,53.77377683450721,2049
26788,53.77578429248438,1902
26789,53.77779175046155,1619
26790,53.779799208438725,1413
26791,53.781806666415896,1442
26792,53.78381412439307,1656
26793,53.78582158237024,1906
26794,53.78782904034741,2076
26795,53.78983649832458,2120
26796,53.791843956301754,2090
26797,53.793851414278926,2083
26798,53.7958588722561,2148
26799,53.79786633023327,2248
26800,53.79987378821044,2321
26801,53.80188124618761,2337
26802,53.80388870416479,2300
26803,53.80589616214196,2236
26804,53.807903620119134,2172
26805,53.809911078096306,2118
26806,53.81191853607348,1979
26807,53.81392599405065,1541
26808,53.81593345202782,809
26809,53.81794091000499,216
26810,53.819948367982164,97
26811,53.821955825959336,239
26812,53.82396328393651,244
26813,53.82597074191368,22
26814,53.82797819989085,0
26815,53.82998565786802,0
26816,53.831993115845194,0
26817,53.834000573822365,0
26818,53.83600803179954,72
26819,53.838015489776716,184
26820,53.84002294775389,227
26821,53.84203040573106,192
26822,53.84403786370823,95
26823,53.8460453216854,0
26824,53.848052779662574,0
26825,53.850060237639745,0
26826,53.85206769561692,0
26827,53.85407515359409,0
26828,53.85608261157126,38
26829,53.85809006954843,112
26830,53.8600975275256,141
26831,53.862104985502775,119
26832,53.86411244347995,61
26833,53.86611990145712,0
26834,53.86812735943429,0
26835,53.87013481741146,0
26836,53.87214227538864,0
26837,53.87414973336581,0
26838,53.87615719134298,25
26839,53.878164649320155,68
26840,53.88017210729733,86
26841,53.8821795652745,75
26842,53.88418702325167,42
26843,53.88619448122884,0
26844,53.88820193920601,0
26845,53.890209397183185,0
26846,53.892216855160356,0
26847,53.89422431313753,0
26848,53.8962317711147,17
26849,53.89823922909187,43
26850,53.90024668706904,54
26851,53.902254145046214,48
26852,53.904261603023386,30
26853,53.906269061000565,6
26854,53.908276518977736,0
26855,53.91028397695491,0
26856,53.91229143493208,0
26857,53.91429889290925,0
26858,53.91630635088642,11
26859,53.918313808863594,27
26860,53.920321266840766,35
26861,53.92232872481794,33
26862,53.92433618279511,22
26863,53.92634364077228,7
26864,53.92835109874945,0
26865,53.930358556726624,0
26866,53.932366014703796,0
26867,53.93437347268097,1
26868,53.93638093065814,12
26869,53.93838838863531,22
26870,53.94039584661249,26
26871,53.94240330458966,23
26872,53.94441076256683,17
26873,53.946418220544004,9
26874,53.948425678521176,2
26875,53.95043313649835,0
26876,53.95244059447552,0
26877,53.95444805245269,4
26878,53.95645551042986,11
26879,53.958462968407034,17
26880,53.960470426384205,19
26881,53.96247788436138,17
26882,53.96448534233855,13
26883,53.96649280031572,8
26884,53.96850025829289,4
26885,53.97050771627006,3
26886,53.972515174247235,4
26887,53.974522632224414,7
26888,53.976530090201585,11
26889,53.97853754817876,13
26890,53.98054500615593,15
26891,53.9825524641331,15
26892,53.98455992211027,13
26893,53.98656738008744,10
26894,53.988574838064615,7
26895,53.99058229604179,5
26896,53.99258975401896,4
26897,53.99459721199613,4
26898,53.9966046699733,7
26899,53.99861212795047,11
26900,54.000619585927645,13
26901,54.002627043904816,13
26902,54.00463450188199,10
26903,54.00664195985917,9
26904,54.00864941783634,8
26905,54.01065687581351,8
26906,54.01266433379068,9
26907,54.01467179176785,10
26908,54.016679249745025,11
26909,54.018686707722196,11
26910,54.02069416569937,11
26911,54.02270162367654,10
26912,54.02470908165371,10
26913,54.02671653963088,10
26914,54.028723997608054,9
26915,54.030731455585226,9
26916,54.0327389135624,9
26917,54.03474637153957,9
26918,54.03675382951674,9
26919,54.03876128749391,9
26920,54.04076874547109,10
26921,54.04277620344826,11
26922,54.044783661425434,11
26923,54.046791119402606,10
26924,54.04879857737978,9
26925,54.05080603535695,8
26926,54.05281349333412,9
26927,54.05482095131129,9
26928,54.056828409288464,10
26929,54.058835867265635,10
26930,54.06084332524281,10
26931,54.06285078321998,10
26932,54.06485824119715,10
26933,54.06686569917432,10
26934,54.068873157151494,9
26935,54.070880615128665,9
26936,54.07288807310584,9
26937,54.074895531083015,9
26938,54.07690298906019,10
26939,54.07891044703736,10
26940,54.08091790501453,10
26941,54.0829253629917,11
26942,54.084932820968874,50
26943,54.086940278946045,221
26944,54.08894773692322,564
26945,54.09095519490039,947
26946,54.09296265287756,1167
26947,54.09497011085473,1149
26948,54.0969775688319,1037
26949,54.098985026809075,1111
26950,54.10099248478625,1488
26951,54.10299994276342,1956
26952,54.10500740074059,2217
26953,54.10701485871776,2208
26954,54.10902231669494,2096
26955,54.11102977467211,2054
26956,54.11303723264928,2117
26957,54.115044690626455,2220
26958,54.11705214860363,2293
26959,54.1190596065808,2316
26960,54.12106706455797,2299
26961,54.12307452253514,2258
26962,54.12508198051231,2207
26963,54.127089438489485,2159
26964,54.129096896466656,2132
26965,54.13110435444383,2136
26966,54.133111812421,2167
26967,54.13511927039817,2210
26968,54.13712672837534,2249
26969,54.139134186352514,2270
26970,54.141141644329686,2266
26971,54.143149102306865,2240
26972,54.145156560284036,2207
26973,54.14716401826121,2179
26974,54.14917147623838,2166
26975,54.15117893421555,2169
26976,54.15318639219272,2187
26977,54.155193850169894,2211
26978,54.157201308147066,2232
26979,54.15920876612424,2243
26980,54.16121622410141,2241
26981,54.16322368207858,2228
26982,54.16523114005575,2210
26983,54.167238598032924,2193
26984,54.169246056010095,2184
26985,54.17125351398727,2184
26986,54.17326097196444,2193
26987,54.17526842994161,2208
26988,54.17727588791879,2219
26989,54.17928334589596,2225
26990,54.18129080387313,2226
26991,54.183298261850304,2221
26992,54.185305719827475,2211
26993,54.18731317780465,2200
26994,54.18932063578182,2193
26995,54.19132809375899,2193
26996,54.19333555173616,2199
26997,54.19534300971333,2206
26998,54.197350467690505,2215
26999,54.19935792566768,2223
27000,54.20136538364485,2223
27001,54.20337284162202,2216
27002,54.20538029959919,2207
27003,54.20738775757636,2201
27004,54.209395215553535,2200
27005,54.21140267353071,2200
27006,54.213410131507885,2202
27007,54.21541758948506,2209
27008,54.21742504746223,2215
27009,54.2194325054394,2219
27010,54.22143996341657,2217
27011,54.22344742139374,2214
27012,54.225454879370915,2210
27013,54.227462337348086,2206
27014,54.22946979532526,2204
27015,54.23147725330243,2204
27016,54.2334847112796,2205
27017,54.23549216925677,2207
27018,54.237499627233944,2209
27019,54.239507085211116,2212
27020,54.24151454318829,2214
27021,54.24352200116546,2214
27022,54.24552945914264,2211
27023,54.24753691711981,2208
27024,54.24954437509698,2207
27025,54.25155183307415,2207
27026,54.253559291051324,2209
27027,54.255566749028496,2211
27028,54.25757420700567,2213
27029,54.25958166498284,2213
27030,54.26158912296001,2212
27031,54.26359658093718,2211
27032,54.265604038914354,2210
27033,54.267611496891526,2209
27034,54.2696189548687,2209
27035,54.27162641284587,2209
27036,54.27363387082304,2210
27037,54.27564132880021,2211
27038,54.277648786777384,2211
27039,54.27965624475456,2211
27040,54.281663702731734,2211
27041,54.283671160708906,2210
27042,54.28567861868608,2206
27043,54.28768607666325,2203
27044,54.28969353464042,2205
27045,54.29170099261759,2210
27046,54.293708450594764,2212
27047,54.295715908571935,2210
27048,54.29772336654911,2208
27049,54.29973082452628,2208
27050,54.30173828250345,2208
27051,54.30374574048062,2206
27052,54.30575319845779,2206
27053,54.307760656434965,2210
27054,54.30976811441214,2211
27055,54.31177557238931,2210
27056,54.31378303036649,2209
27057,54.31579048834366,2211
27058,54.31779794632083,2213
27059,54.319805404298,2214
27060,54.32181286227517,2213
27061,54.323820320252345,2213
27062,54.32582777822952,2212
27063,54.32783523620669,2209
27064,54.32984269418386,2208
27065,54.33185015216103,2209
27066,54.3338576101382,2210
27067,54.335865068115375,2210
27068,54.337872526092546,2209
27069,54.33987998406972,2209
27070,54.34188744204689,2211
27071,54.34389490002406,2211
27072,54.34590235800123,2210
27073,54.34790981597841,2209
27074,54.34991727395558,2208
27075,54.351924731932755,2208
27076,54.353932189909926,2210
27077,54.3559396478871,2209
27078,54.35794710586427,2207
27079,54.35995456384144,2206
27080,54.36196202181861,2208
27081,54.363969479795784,2211
27082,54.365976937772956,2211
27083,54.36798439575013,2209
27084,54.3699918537273,2209
27085,54.37199931170447,2210
27086,54.37400676968164,2211
27087,54.376014227658814,2204
27088,54.378021685635986,2173
27089,54.38002914361316,2104
27090,54.382036601590336,2016
27091,54.38404405956751,1982
27092,54.38605151754468,2062
27093,54.38805897552185,2186
27094,54.39006643349902,2231
27095,54.392073891476194,2188
27096,54.394081349453366,2146
27097,54.39608880743054,2160
27098,54.39809626540771,2208
27099,54.40010372338488,2245
27100,54.40211118136205,2256
27101,54.404118639339224,2247
27102,54.406126097316395,2228
27103,54.40813355529357,2206
27104,54.41014101327074,2187
27105,54.41214847124791,2178
27106,54.41415592922508,2180
27107,54.41616338720226,2192
27108,54.41817084517943,2210
27109,54.420178303156604,2226
27110,54.422185761133775,2233
27111,54.42419321911095,2231
27112,54.42620067708812,2220
27113,54.42820813506529,2207
27114,54.43021559304246,2196
27115,54.43222305101963,2191
27116,54.434230508996805,2191
27117,54.43623796697398,2196
27118,54.43824542495115,2207
27119,54.44025288292832,2219
27120,54.44226034090549,2225
27121,54.44426779888266,2223
27122,54.446275256859835,2216
27123,54.448282714837006,2209
27124,54.450290172814185,2204
27125,54.45229763079136,2202
27126,54.45430508876853,2203
27127,54.4563125467457,2206
27128,54.45832000472287,2210
27129,54.46032746270004,2214
27130,54.462334920677215,2217
27131,54.464342378654386,2219
27132,54.46634983663156,2216
27133,54.46835729460873,2209
27134,54.4703647525859,2203
27135,54.47237221056307,2202
27136,54.474379668540244,2205
27137,54.476387126517416,2208
27138,54.47839458449459,2210
27139,54.48040204247176,2211
27140,54.48240950044894,2213
27141,54.48441695842611,2214
27142,54.48642441640328,2213
27143,54.48843187438045,2210
27144,54.490439332357624,2207
27145,54.492446790334796,2206
27146,54.49445424831197,2207
27147,54.49646170628914,2209
27148,54.49846916426631,2211
27149,54.50047662224348,2212
27150,54.502484080220654,2213
27151,54.504491538197826,2212
27152,54.506498996175,2211
27153,54.50850645415217,2210
27154,54.51051391212934,2208
27155,54.51252137010651,2207
27156,54.514528828083684,2207
27157,54.51653628606086,2208
27158,54.518543744038034,2209
27159,54.520551202015206,2210
27160,54.52255865999238,2212
27161,54.52456611796955,2214
27162,54.52657357594672,2213
27163,54.52858103392389,2211
27164,54.530588491901064,2209
27165,54.532595949878235,2209
27166,54.53460340785541,2209
27167,54.53661086583258,2210
27168,54.53861832380975,2211
27169,54.54062578178692,2211
27170,54.54263323976409,2211
27171,54.544640697741265,2211
27172,54.54664815571844,2212
27173,54.54865561369561,2212
27174,54.55066307167279,2210
27175,54.55267052964996,2208
27176,54.55467798762713,2209
27177,54.5566854456043,2210
27178,54.55869290358147,2210
27179,54.560700361558645,2209
27180,54.56270781953582,2207
27181,54.56471527751299,2206
27182,54.56672273549016,2205
27183,54.56873019346733,2205
27184,54.5707376514445,2208
27185,54.572745109421675,2210
27186,54.574752567398846,2210
27187,54.57676002537602,2209
27188,54.57876748335319,2209
27189,54.58077494133036,2211
27190,54.58278239930753,2211
27191,54.58478985728471,2211
27192,54.58679731526188,2210
27193,54.588804773239055,2210
27194,54.590812231216226,2209
27195,54.5928196891934,2210
27196,54.59482714717057,2212
27197,54.59683460514774,2212
27198,54.59884206312491,2210
27199,54.600849521102084,2209
27200,54.602856979079256,2211
27201,54.60486443705643,2213
27202,54.6068718950336,2212
27203,54.60887935301077,2208
27204,54.61088681098794,2204
27205,54.612894268965114,2205
27206,54.614901726942286,2208
27207,54.61690918491946,2210
27208,54.618916642896636,2209
27209,54.62092410087381,2207
27210,54.62293155885098,2208
27211,54.62493901682815,2209
27212,54.62694647480532,2210
27213,54.628953932782494,2210
27214,54.630961390759666,2211
27215,54.63296884873684,2210
27216,54.63497630671401,2209
27217,54.63698376469118,2208
27218,54.63899122266835,2208
27219,54.640998680645524,2209
27220,54.643006138622695,2210
27221,54.64501359659987,2210
27222,54.64702105457704,2209
27223,54.64902851255421,2208
27224,54.65103597053138,2209
27225,54.65304342850856,2210
27226,54.65505088648573,2211
27227,54.657058344462904,2212
27228,54.659065802440075,2213
27229,54.66107326041725,2212
27230,54.66308071839442,2211
27231,54.66508817637159,2210
27232,54.66709563434876,2210
27233,54.66910309232593,2211
27234,54.671110550303105,2211
27235,54.67311800828028,2211
27236,54.67512546625745,2210
27237,54.67713292423462,2208
27238,54.67914038221179,2208
27239,54.68114784018896,2209
27240,54.683155298166135,2210
27241,54.685162756143306,2211
27242,54.687170214120485,2210
27243,54.68917767209766,2211
27244,54.69118513007483,2211
27245,54.693192588052,2210
27246,54.69520004602917,2208
27247,54.69720750400634,2209
27248,54.699214961983515,2212
27249,54.701222419960686,2214
27250,54.70322987793786,2213
27251,54.70523733591503,2211
27252,54.7072447938922,2210
27253,54.70925225186937,2209
27254,54.711259709846544,2209
27255,54.713267167823716,2209
27256,54.71527462580089,2209
27257,54.71728208377806,2209
27258,54.71928954175523,2208
27259,54.72129699973241,2208
27260,54.72330445770958,2206
27261,54.72531191568675,2204
27262,54.727319373663924,2205
27263,54.729326831641096,2209
27264,54.73133428961827,2211
27265,54.73334174759544,2209
27266,54.73534920557261,2206
27267,54.73735666354978,2208
27268,54.739364121526954,2211
27269,54.741371579504126,2212
27270,54.7433790374813,2211
27271,54.74538649545847,2210
27272,54.74739395343564,2210
27273,54.74940141141281,2212
27274,54.751408869389984,2213
27275,54.753416327367155,2212
27276,54.755423785344334,2209
27277,54.757431243321506,2206
27278,54.75943870129868,2206
27279,54.76144615927585,2209
27280,54.76345361725302,2210
27281,54.76546107523019,2209
27282,54.767468533207364,2208
27283,54.769475991184535,2210
27284,54.77148344916171,2211
27285,54.77349090713888,2211
27286,54.77549836511605,2209
27287,54.77750582309322,2209
27288,54.77951328107039,2209
27289,54.781520739047565,2210
27290,54.78352819702474,2209
27291,54.78553565500191,2208
27292,54.78754311297908,2210
27293,54.78955057095626,2213
27294,54.79155802893343,2214
27295,54.7935654869106,2213
27296,54.79557294488777,2211
27297,54.797580402864945,2211
27298,54.79958786084212,2212
27299,54.80159531881929,2213
27300,54.80360277679646,2212
27301,54.80561023477363,2210
27302,54.8076176927508,2209
27303,54.809625150727975,2210
27304,54.811632608705146,2210
27305,54.81364006668232,2209
27306,54.81564752465949,2206
27307,54.81765498263666,2205
27308,54.81966244061383,2207
27309,54.821669898591004,2208
27310,54.82367735656818,2206
27311,54.825684814545355,2205
27312,54.827692272522526,2207
27313,54.8296997304997,2210
27314,54.83170718847687,2209
27315,54.83371464645404,2208
27316,54.83572210443121,2209
27317,54.837729562408384,2210
27318,54.839737020385556,2211
27319,54.84174447836273,2211
27320,54.8437519363399,2211
27321,54.84575939431707,2210
27322,54.84776685229424,2209
27323,54.849774310271414,2209
27324,54.851781768248586,2209
27325,54.85378922622576,2210
27326,54.85579668420293,2209
27327,54.85780414218011,2209
27328,54.85981160015728,2209
27329,54.86181905813445,2210
27330,54.86382651611162,2209
27331,54.865833974088794,2207
27332,54.867841432065966,2205
27333,54.86984889004314,2205
27334,54.87185634802031,2205
27335,54.87386380599748,2207
27336,54.87587126397465,2199
27337,54.877878721951824,2094
27338,54.879886179928995,1711
27339,54.88189363790617,1018
27340,54.88390109588334,352
27341,54.88590855386051,78
27342,54.88791601183768,134
27343,54.88992346981485,180
27344,54.89193092779203,45
27345,54.893938385769204,0
27346,54.895945843746375,0
27347,54.89795330172355,0
27348,54.89996075970072,0
27349,54.90196821767789,57
27350,54.90397567565506,151
27351,54.90598313363223,186
27352,54.907990591609405,159
27353,54.90999804958658,83
27354,54.91200550756375,0
27355,54.91401296554092,0
27356,54.91602042351809,0
27357,54.91802788149526,0
27358,54.920035339472435,0
27359,54.922042797449606,28
27360,54.924050255426785,89
27361,54.92605771340396,115
27362,54.92806517138113,101
27363,54.9300726293583,54
27364,54.93208008733547,0
27365,54.93408754531264,0
27366,54.936095003289815,0
27367,54.938102461266986,0
27368,54.94010991924416,0
27369,54.94211737722133,20
27370,54.9441248351985,55
27371,54.94613229317567,71
27372,54.948139751152844,63
27373,54.950147209130016,37
27374,54.95215466710719,3
27375,54.95416212508436,0
27376,54.95616958306153,0
27377,54.95817704103871,0
27378,54.96018449901588,0
27379,54.96219195699305,14
27380,54.964199414970224,37
27381,54.966206872947396,48
27382,54.96821433092457,43
27383,54.97022178890174,26
27384,54.97222924687891,5
27385,54.97423670485608,0
27386,54.976244162833254,0
27387,54.978251620810425,0
27388,54.9802590787876,0
27389,54.98226653676477,11
27390,54.98427399474194,24
27391,54.98628145271911,30
27392,54.98828891069628,29
27393,54.990296368673455,20
27394,54.992303826650634,9
27395,54.994311284627805,0
27396,54.99631874260498,0
27397,54.99832620058215,0
27398,55.00033365855932,3
27399,55.00234111653649,11
27400,55.00434857451366,18
27401,55.006356032490835,21
27402,55.00836349046801,20
27403,55.01037094844518,16
27404,55.01237840642235,9
27405,55.01438586439952,3
27406,55.01639332237669,0
27407,55.018400780353865,1
27408,55.020408238331036,5
27409,55.02241569630821,10
27410,55.02442315428538,14
27411,55.02643061226256,16
27412,55.02843807023973,16
27413,55.0304455282169,13
27414,55.03245298619407,9
27415,55.034460444171245,6
27416,55.036467902148416,3
27417,55.03847536012559,1
27418,55.04048281810276,4
27419,55.04249027607993,10
27420,55.0444977340571,14
27421,55.046505192034275,15
27422,55.048512650011446,13
27423,55.05052010798862,11
27424,55.05252756596579,9
27425,55.05453502394296,8
27426,55.05654248192013,7
27427,55.058549939897304,8
27428,55.06055739787448,9
27429,55.062564855851654,10
27430,55.064572313828826,11
27431,55.066579771806,11
27432,55.06858722978317,11
27433,55.07059468776034,10
27434,55.07260214573751,9
27435,55.074609603714684,8
27436,55.076617061691856,8
27437,55.07862451966903,9
27438,55.0806319776462,9
27439,55.08263943562337,10
27440,55.08464689360054,11
27441,55.086654351577714,11
27442,55.088661809554885,11
27443,55.09066926753206,10
27444,55.09267672550923,9
27445,55.09468418348641,9
27446,55.09669164146358,9
27447,55.09869909944075,9
27448,55.10070655741792,10
27449,55.102714015395094,10
27450,55.104721473372265,10
27451,55.10672893134944,10
27452,55.10873638932661,10
27453,55.11074384730378,10
27454,55.11275130528095,10
27455,55.11475876325812,10
27456,55.116766221235295,10
27457,55.11877367921247,9
27458,55.12078113718964,9
27459,55.12278859516681,9
27460,55.12479605314398,8
27461,55.12680351112115,8
27462,55.12881096909833,10
27463,55.1308184270755,12
27464,55.132825885052675,11
27465,55.13483334302985,9
27466,55.13684080100702,8
27467,55.13884825898419,9
27468,55.14085571696136,11
27469,55.14286317493853,11
27470,55.144870632915705,11
27471,55.146878090892876,10
27472,55.14888554887005,10
27473,55.15089300684722,10
27474,55.15290046482439,10
27475,55.15490792280156,10
27476,55.156915380778734,9
27477,55.158922838755906,9
27478,55.16093029673308,9
27479,55.162937754710256,9
27480,55.16494521268743,10
27481,55.1669526706646,10
27482,55.16896012864177,10
27483,55.17096758661894,10
27484,55.172975044596114,9
27485,55.174982502573286,9
27486,55.17698996055046,10
27487,55.17899741852763,12
27488,55.1810048765048,13
27489,55.18301233448197,13
27490,55.185019792459144,10
27491,55.187027250436316,9
27492,55.18903470841349,9
27493,55.19104216639066,10
27494,55.19304962436783,9
27495,55.195057082345,9
27496,55.19706454032218,9
27497,55.19907199829935,9
27498,55.201079456276524,9
27499,55.203086914253696,9
27500,55.20509437223087,10
27501,55.20710183020804,10
27502,55.20910928818521,10
27503,55.21111674616238,10
27504,55.213124204139554,9
27505,55.215131662116725,9
27506,55.2171391200939,9
27507,55.21914657807107,9
27508,55.22115403604824,9
27509,55.22316149402541,9
27510,55.22516895200258,9
27511,55.227176409979755,9
27512,55.22918386795693,8
27513,55.231191325934105,6
27514,55.23319878391128,6
27515,55.23520624188845,8
27516,55.23721369986562,10
27517,55.23922115784279,9
27518,55.24122861581996,8
27519,55.243236073797135,8
27520,55.24524353177431,9
27521,55.24725098975148,10
27522,55.24925844772865,10
27523,55.25126590570582,11
27524,55.25327336368299,10
27525,55.255280821660165,10
27526,55.257288279637336,9
27527,55.25929573761451,9
27528,55.26130319559168,10
27529,55.26331065356885,10
27530,55.26531811154603,10
27531,55.2673255695232,10
27532,55.26933302750037,10
27533,55.271340485477545,11
27534,55.273347943454716,11
27535,55.27535540143189,11
27536,55.27736285940906,10
27537,55.27937031738623,10
27538,55.2813777753634,10
27539,55.283385233340574,9
27540,55.285392691317746,10
27541,55.28740014929492,11
27542,55.28940760727209,11
27543,55.29141506524926,11
27544,55.29342252322643,11
27545,55.295429981203604,10
27546,55.297437439180776,10
27547,55.299444897157954,10
27548,55.301452355135126,10
27549,55.3034598131123,9
27550,55.30546727108947,9
27551,55.30747472906664,9
27552,55.30948218704381,10
27553,55.311489645020984,10
27554,55.313497102998156,9
27555,55.31550456097533,9
27556,55.3175120189525,9
27557,55.31951947692967,10
27558,55.32152693490684,10
27559,55.323534392884014,10
27560,55.325541850861185,10
27561,55.32754930883836,10
27562,55.32955676681553,10
27563,55.3315642247927,10
27564,55.33357168276988,10
27565,55.33557914074705,10
27566,55.33758659872422,10
27567,55.339594056701394,10
27568,55.341601514678565,9
27569,55.34360897265574,10
27570,55.34561643063291,10
27571,55.34762388861008,10
27572,55.34963134658725,9
27573,55.35163880456442,9
27574,55.353646262541595,8
27575,55.35565372051877,7
27576,55.35766117849594,8
27577,55.35966863647311,9
27578,55.36167609445028,10
27579,55.36368355242745,10
27580,55.36569101040463,9
27581,55.3676984683818,9
27582,55.369705926358975,10
27583,55.37171338433615,10
27584,55.37372084231332,11
27585,55.37572830029049,11
27586,55.37773575826766,10
27587,55.37974321624483,9
27588,55.381750674222005,10
27589,55.383758132199176,10
27590,55.38576559017635,10
27591,55.38777304815352,10
27592,55.38978050613069,10
27593,55.39178796410786,10
27594,55.393795422085034,9
27595,55.395802880062206,9
27596,55.39781033803938,9
27597,55.399817796016556,10
27598,55.40182525399373,10
27599,55.4038327119709,10
27600,55.40584016994807,10
27601,55.40784762792524,10
27602,55.409855085902414,10
27603,55.411862543879586,10
27604,55.41387000185676,10
27605,55.41587745983393,10
27606,55.4178849178111,9
27607,55.41989237578827,9
27608,55.421899833765444,9
27609,55.423907291742616,10
27610,55.42591474971979,10
27611,55.42792220769696,9
27612,55.42992966567413,9
27613,55.4319371236513,9
27614,55.43394458162848,10
27615,55.43595203960565,11
27616,55.437959497582824,11
27617,55.439966955559996,10
27618,55.44197441353717,10
27619,55.44398187151434,10
27620,55.44598932949151,9
27621,55.44799678746868,9
27622,55.450004245445854,10
27623,55.452011703423025,10
27624,55.4540191614002,10
27625,55.45602661937737,10
27626,55.45803407735454,10
27627,55.46004153533171,10
27628,55.46204899330888,10
27629,55.464056451286055,10
27630,55.46606390926323,11
27631,55.468071367240405,10
27632,55.47007882521758,10
27633,55.47208628319475,9
27634,55.47409374117192,9
27635,55.47610119914909,9
27636,55.47810865712626,9
27637,55.480116115103435,10
27638,55.48212357308061,10
27639,55.48413103105778,9
27640,55.48613848903495,9
27641,55.48814594701212,8
27642,55.49015340498929,9
27643,55.492160862966465,9
27644,55.494168320943636,10
27645,55.49617577892081,10
27646,55.49818323689798,10
27647,55.50019069487515,9
27648,55.50219815285233,10
27649,55.5042056108295,10
27650,55.50621306880667,10
27651,55.508220526783845,10
27652,55.510227984761016,10
27653,55.51223544273819,9
27654,55.51424290071536,9
27655,55.51625035869253,10
27656,55.5182578166697,10
27657,55.520265274646874,9
27658,55.522272732624046,9
27659,55.52428019060122,9
27660,55.52628764857839,9
27661,55.52829510655556,9
27662,55.53030256453273,9
27663,55.532310022509904,9
27664,55.534317480487076,9
27665,55.536324938464254,10
27666,55.538332396441426,10
27667,55.5403398544186,9
27668,55.54234731239577,9
27669,55.54435477037294,10
27670,55.54636222835011,10
27671,55.548369686327284,10
27672,55.550377144304456,10
27673,55.55238460228163,10
27674,55.5543920602588,11
27675,55.55639951823597,12
27676,55.55840697621314,11
27677,55.560414434190314,10
27678,55.562421892167485,9
27679,55.56442935014466,10
27680,55.56643680812183,10
27681,55.568444266099,10
27682,55.57045172407618,10
27683,55.57245918205335,10
27684,55.57446664003052,10
27685,55.576474098007694,10
27686,55.578481555984865,10
27687,55.58048901396204,10
27688,55.58249647193921,10
27689,55.58450392991638,10
27690,55.58651138789355,10
27691,55.58851884587072,10
27692,55.590526303847895,10
27693,55.59253376182507,10
27694,55.59454121980224,10
27695,55.59654867777941,9
27696,55.59855613575658,9
27697,55.60056359373375,9
27698,55.602571051710925,10
27699,55.6045785096881,10
27700,55.606585967665275,10
27701,55.60859342564245,10
27702,55.61060088361962,10
27703,55.61260834159679,10
27704,55.61461579957396,10
27705,55.61662325755113,10
27706,55.618630715528305,9
27707,55.620638173505476,9
27708,55.62264563148265,9
27709,55.62465308945982,9
27710,55.62666054743699,8
27711,55.62866800541416,6
27712,55.630675463391334,6
27713,55.632682921368506,9
27714,55.63469037934568,11
27715,55.63669783732285,10
27716,55.63870529530003,9
27717,55.6407127532772,9
27718,55.64272021125437,10
27719,55.64472766923154,10
27720,55.646735127208714,10
27721,55.648742585185886,11
27722,55.65075004316306,11
27723,55.65275750114023,10
27724,55.6547649591174,9
27725,55.65677241709457,8
27726,55.658779875071744,9
27727,55.660787333048916,10
27728,55.66279479102609,10
27729,55.66480224900326,10
27730,55.66680970698043,10
27731,55.6688171649576,10
27732,55.670824622934774,9
27733,55.67283208091195,8
27734,55.674839538889124,6
27735,55.676846996866296,7
27736,55.67885445484347,9
27737,55.68086191282064,10
27738,55.68286937079781,10
27739,55.68487682877498,8
27740,55.686884286752154,8
27741,55.688891744729325,9
27742,55.6908992027065,10
27743,55.69290666068367,11
27744,55.69491411866084,11
27745,55.69692157663801,10
27746,55.69892903461518,10
27747,55.700936492592355,9
27748,55.70294395056953,9
27749,55.7049514085467,10
27750,55.70695886652388,10
27751,55.70896632450105,10
27752,55.71097378247822,10
27753,55.71298124045539,10
27754,55.71498869843256,10
27755,55.716996156409735,9
27756,55.71900361438691,6
27757,55.72101107236408,5
27758,55.72301853034125,7
27759,55.72502598831842,11
27760,55.72703344629559,11
27761,55.729040904272765,10
27762,55.731048362249936,9
27763,55.73305582022711,9
27764,55.73506327820428,9
27765,55.73707073618145,10
27766,55.73907819415862,11
27767,55.7410856521358,11
27768,55.74309311011297,10
27769,55.745100568090145,10
27770,55.747108026067316,9
27771,55.74911548404449,9
27772,55.75112294202166,9
27773,55.75313039999883,9
27774,55.755137857976,9
27775,55.757145315953174,10
27776,55.759152773930346,11
27777,55.76116023190752,11
27778,55.76316768988469,11
27779,55.76517514786186,11
27780,55.76718260583903,13
27781,55.769190063816204,12
27782,55.771197521793376,9
27783,55.77320497977055,8
27784,55.775212437747726,10
27785,55.7772198957249,11
27786,55.77922735370207,11
27787,55.78123481167924,10
27788,55.78324226965641,9
27789,55.785249727633584,9
27790,55.787257185610756,10
27791,55.78926464358793,9
27792,55.7912721015651,9
27793,55.79327955954227,10
27794,55.79528701751944,10
27795,55.797294475496614,10
27796,55.799301933473785,10
27797,55.80130939145096,9
27798,55.80331684942813,10
27799,55.8053243074053,10
27800,55.80733176538247,10
27801,55.80933922335965,10
27802,55.81134668133682,10
27803,55.813354139313994,10
27804,55.815361597291165,11
27805,55.81736905526834,11
27806,55.81937651324551,10
27807,55.82138397122268,9
27808,55.82339142919985,9
27809,55.82539888717702,9
27810,55.827406345154195,9
27811,55.82941380313137,9
27812,55.83142126110854,10
27813,55.83342871908571,10
27814,55.83543617706288,11
27815,55.83744363504005,10
27816,55.839451093017225,10
27817,55.8414585509944,9
27818,55.843466008971575,9
27819,55.84547346694875,9
27820,55.84748092492592,9
27821,55.84948838290309,9
27822,55.85149584088026,10
27823,55.85350329885743,10
27824,55.855510756834605,10
27825,55.857518214811776,10
27826,55.85952567278895,10
27827,55.86153313076612,10
27828,55.86354058874329,10
27829,55.86554804672046,9
27830,55.867555504697634,9
27831,55.869562962674806,9
27832,55.87157042065198,9
27833,55.87357787862915,9
27834,55.87558533660633,10
27835,55.8775927945835,10
27836,55.87960025256067,10
27837,55.88160771053784,10
27838,55.883615168515014,9
27839,55.885622626492186,10
27840,55.88763008446936,10
27841,55.88963754244653,10
27842,55.8916450004237,9
27843,55.89365245840087,9
27844,55.895659916378044,9
27845,55.897667374355215,10
27846,55.89967483233239,10
27847,55.90168229030956,11
27848,55.90368974828673,11
27849,55.9056972062639,10
27850,55.90770466424107,10
27851,55.90971212221825,9
27852,55.911719580195424,8
27853,55.913727038172595,7
27854,55.91573449614977,7
27855,55.91774195412694,10
27856,55.91974941210411,11
27857,55.92175687008128,10
27858,55.92376432805845,9
27859,55.925771786035625,8
27860,55.9277792440128,9
27861,55.92978670198997,11
27862,55.93179415996714,11
27863,55.93380161794431,11
27864,55.93580907592148,10
27865,55.937816533898655,10
27866,55.939823991875826,11
27867,55.941831449853,12
27868,55.94383890783018,11
27869,55.94584636580735,9
27870,55.94785382378452,9
27871,55.94986128176169,10
27872,55.95186873973886,11
27873,55.953876197716035,10
27874,55.955883655693206,9
27875,55.95789111367038,9
27876,55.95989857164755,8
27877,55.96190602962472,9
27878,55.96391348760189,10
27879,55.965920945579064,10
27880,55.967928403556236,10
27881,55.96993586153341,10
27882,55.97194331951058,9
27883,55.97395077748775,9
27884,55.97595823546492,9
27885,55.9779656934421,9
27886,55.97997315141927,9
27887,55.981980609396444,9
27888,55.983988067373616,9
27889,55.98599552535079,9
27890,55.98800298332796,10
27891,55.99001044130513,10
27892,55.9920178992823,10
27893,55.994025357259474,10
27894,55.996032815236646,10
27895,55.99804027321382,10
27896,56.00004773119099,9
27897,56.00205518916816,9
27898,56.00406264714533,10
27899,56.006070105122504,9
27900,56.008077563099675,9
27901,56.01008502107685,9
27902,56.012092479054026,10
27903,56.0140999370312,13
27904,56.01610739500837,14
27905,56.01811485298554,13
27906,56.02012231096271,10
27907,56.022129768939884,9
27908,56.024137226917055,10
27909,56.02614468489423,10
27910,56.0281521428714,11
27911,56.03015960084857,10
27912,56.03216705882574,10
27913,56.03417451680291,9
27914,56.036181974780085,8
27915,56.03818943275726,7
27916,56.04019689073443,8
27917,56.0422043487116,9
27918,56.04421180668877,9
27919,56.04621926466595,9
27920,56.04822672264312,9
27921,56.05023418062029,9
27922,56.052241638597465,9
27923,56.05424909657464,10
27924,56.05625655455181,10
27925,56.05826401252898,10
27926,56.06027147050615,11
27927,56.06227892848332,11
27928,56.064286386460495,11
27929,56.066293844437666,10
27930,56.06830130241484,8
27931,56.07030876039201,7
27932,56.07231621836918,8
27933,56.07432367634635,9
27934,56.076331134323524,10
27935,56.078338592300696,9
27936,56.080346050277875,9
27937,56.082353508255046,9
27938,56.08436096623222,10
27939,56.08636842420939,10
27940,56.08837588218656,10
27941,56.09038334016373,10
27942,56.092390798140904,10
27943,56.094398256118076,10
27944,56.09640571409525,10
27945,56.09841317207242,9
27946,56.10042063004959,9
27947,56.10242808802676,10
27948,56.104435546003934,10
27949,56.106443003981106,9
27950,56.10845046195828,10
27951,56.11045791993545,10
27952,56.11246537791262,10
27953,56.1144728358898,10
27954,56.11648029386697,10
27955,56.11848775184414,10
27956,56.120495209821314,9
27957,56.122502667798486,9
27958,56.12451012577566,10
27959,56.12651758375283,10
27960,56.12852504173,10
27961,56.13053249970717,10
27962,56.132539957684344,9
27963,56.134547415661515,9
27964,56.13655487363869,9
27965,56.13856233161586,8
27966,56.14056978959303,7
27967,56.1425772475702,9
27968,56.14458470554737,11
27969,56.146592163524545,11
27970,56.148599621501724,10
27971,56.150607079478895,9
27972,56.15261453745607,9
27973,56.15462199543324,8
27974,56.15662945341041,6
27975,56.15863691138758,6
27976,56.16064436936475,9
27977,56.162651827341925,11
27978,56.1646592853191,10
27979,56.16666674329627,9
27980,56.16867420127344,9
27981,56.17068165925061,10
27982,56.17268911722778,11
27983,56.174696575204955,11
27984,56.176704033182126,10
27985,56.1787114911593,10
27986,56.18071894913647,10
27987,56.18272640711365,10
27988,56.18473386509082,10
27989,56.18674132306799,9
27990,56.18874878104516,10
27991,56.190756239022335,10
27992,56.192763696999506,11
27993,56.19477115497668,11
27994,56.19677861295385,10
27995,56.19878607093102,10
27996,56.20079352890819,9
27997,56.202800986885364,9
27998,56.204808444862536,10
27999,56.20681590283971,10
28000,56.20882336081688,10
28001,56.21083081879405,10
28002,56.21283827677122,9
28003,56.214845734748394,8
28004,56.21685319272557,7
28005,56.218860650702744,7
28006,56.220868108679916,10
28007,56.22287556665709,11
28008,56.22488302463426,10
28009,56.22689048261143,8
28010,56.2288979405886,8
28011,56.230905398565774,8
28012,56.232912856542946,9
28013,56.23492031452012,10
28014,56.23692777249729,11
28015,56.23893523047446,11
28016,56.24094268845163,10
28017,56.242950146428804,9
28018,56.244957604405975,8
28019,56.24696506238315,9
28020,56.24897252036032,9
28021,56.2509799783375,10
28022,56.25298743631467,10
28023,56.25499489429184,11
28024,56.25700235226901,10
28025,56.259009810246184,10
28026,56.261017268223355,10
28027,56.26302472620053,10
28028,56.2650321841777,10
28029,56.26703964215487,9
28030,56.26904710013204,9
28031,56.27105455810921,9
28032,56.273062016086385,10
28033,56.27506947406356,10
28034,56.27707693204073,10
28035,56.2790843900179,10
28036,56.28109184799507,10
28037,56.28309930597225,10
28038,56.28510676394942,9
28039,56.28711422192659,9
28040,56.289121679903765,9
28041,56.29112913788094,10
28042,56.29313659585811,10
28043,56.29514405383528,10
28044,56.29715151181245,9
28045,56.29915896978962,8
28046,56.301166427766795,9
28047,56.303173885743966,10
28048,56.30518134372114,10
28049,56.30718880169831,10
28050,56.30919625967548,9
28051,56.31120371765265,9
28052,56.313211175629824,10
28053,56.315218633606996,10
28054,56.317226091584175,10
28055,56.319233549561346,10
28056,56.32124100753852,9
28057,56.32324846551569,9
28058,56.32525592349286,10
28059,56.32726338147003,10
28060,56.329270839447204,10
28061,56.331278297424376,10
28062,56.33328575540155,9
28063,56.33529321337872,10
28064,56.33730067135589,10
28065,56.33930812933306,10
28066,56.341315587310234,10
28067,56.343323045287406,9
28068,56.34533050326458,9
28069,56.34733796124175,9
28070,56.34934541921892,10
28071,56.3513528771961,10
28072,56.35336033517327,10
28073,56.35536779315044,10
28074,56.357375251127614,10
28075,56.359382709104786,11
28076,56.36139016708196,11
28077,56.36339762505913,10
28078,56.3654050830363,10
28079,56.36741254101347,10
28080,56.369419998990644,10
28081,56.371427456967815,10
28082,56.37343491494499,10
28083,56.37544237292216,9
28084,56.37744983089933,9
28085,56.3794572888765,9
28086,56.38146474685367,9
28087,56.383472204830845,10
28088,56.385479662808024,9
28089,56.387487120785195,9
28090,56.38949457876237,10
28091,56.39150203673954,11
28092,56.39350949471671,11
28093,56.39551695269388,10
28094,56.39752441067105,10
28095,56.399531868648225,10
28096,56.4015393266254,10
28097,56.40354678460257,10
28098,56.40555424257974,9
28099,56.40756170055691,9
28100,56.40956915853408,9
28101,56.411576616511255,9
28102,56.413584074488426,8
28103,56.4155915324656,7
28104,56.41759899044277,8
28105,56.41960644841995,10
28106,56.42161390639712,11
28107,56.42362136437429,10
28108,56.42562882235146,9
28109,56.427636280328635,9
28110,56.429643738305806,10
28111,56.43165119628298,11
28112,56.43365865426015,11
28113,56.43566611223732,11
28114,56.43767357021449,10
28115,56.439681028191664,9
28116,56.441688486168836,9
28117,56.44369594414601,9
28118,56.44570340212318,9
28119,56.44771086010035,10
28120,56.44971831807752,10
28121,56.451725776054694,9
28122,56.45373323403187,9
28123,56.455740692009044,10
28124,56.457748149986216,10
28125,56.45975560796339,10
28126,56.46176306594056,10
28127,56.46377052391773,10
28128,56.4657779818949,10
28129,56.467785439872074,10
28130,56.469792897849246,10
28131,56.47180035582642,9
28132,56.47380781380359,9
28133,56.47581527178076,9
28134,56.47782272975793,10
28135,56.479830187735104,11
28136,56.481837645712275,11
28137,56.48384510368945,10
28138,56.48585256166662,9
28139,56.4878600196438,9
28140,56.48986747762097,10
28141,56.49187493559814,10
28142,56.49388239357531,10
28143,56.495889851552484,10
28144,56.497897309529655,10
28145,56.49990476750683,9
28146,56.501912225484,9
28147,56.50391968346117,10
28148,56.50592714143834,11
28149,56.50793459941551,12
28150,56.509942057392685,11
28151,56.51194951536986,10
28152,56.51395697334703,9
28153,56.5159644313242,10
28154,56.51797188930137,10
28155,56.51997934727854,10
28156,56.52198680525572,10
28157,56.52399426323289,11
28158,56.526001721210065,12
28159,56.52800917918724,11
28160,56.53001663716441,9
28161,56.53202409514158,9
28162,56.53403155311875,9
28163,56.53603901109592,10
28164,56.538046469073095,12
28165,56.540053927050266,13
28166,56.54206138502744,12
28167,56.54406884300461,11
28168,56.54607630098178,10
28169,56.54808375895895,10
28170,56.550091216936124,10
28171,56.552098674913296,11
28172,56.55410613289047,10
28173,56.556113590867646,10
28174,56.55812104884482,9
28175,56.56012850682199,9
28176,56.56213596479916,9
28177,56.56414342277633,9
28178,56.566150880753504,9
28179,56.568158338730676,11
28180,56.57016579670785,12
28181,56.57217325468502,12
28182,56.57418071266219,11
28183,56.57618817063936,9
28184,56.578195628616534,9
28185,56.580203086593706,10
28186,56.58221054457088,10
28187,56.58421800254805,10
28188,56.58622546052522,9
28189,56.58823291850239,9
28190,56.59024037647957,9
28191,56.59224783445674,10
28192,56.594255292433914,11
28193,56.596262750411086,11
28194,56.59827020838826,10
28195,56.60027766636543,9
28196,56.6022851243426,9
28197,56.60429258231977,9
28198,56.606300040296944,10
28199,56.608307498274115,10
28200,56.61031495625129,10
28201,56.61232241422846,9
28202,56.61432987220563,10
28203,56.6163373301828,10
28204,56.61834478815997,11
28205,56.620352246137145,10
28206,56.62235970411432,10
28207,56.624367162091495,10
28208,56.62637462006867,10
28209,56.62838207804584,10
28210,56.63038953602301,11
28211,56.63239699400018,11
28212,56.63440445197735,11
28213,56.636411909954525,10
28214,56.6384193679317,10
28215,56.64042682590887,10
28216,56.64243428388604,10
28217,56.64444174186321,10
28218,56.64644919984038,10
28219,56.648456657817555,9
28220,56.650464115794726,9
28221,56.6524715737719,10
28222,56.65447903174907,10
28223,56.65648648972624,10
28224,56.65849394770342,9
28225,56.66050140568059,9
28226,56.66250886365776,9
28227,56.664516321634935,10
28228,56.666523779612106,10
28229,56.66853123758928,10
28230,56.67053869556645,10
28231,56.67254615354362,10
28232,56.67455361152079,10
28233,56.676561069497964,10
28234,56.678568527475136,10
28235,56.68057598545231,10
28236,56.68258344342948,10
28237,56.68459090140665,10
28238,56.68659835938382,9
28239,56.688605817360994,9
28240,56.690613275338166,9
28241,56.692620733315344,10
28242,56.694628191292516,10
28243,56.69663564926969,10
28244,56.69864310724686,10
28245,56.70065056522403,10
28246,56.7026580232012,10
28247,56.704665481178374,10
28248,56.706672939155546,11
28249,56.70868039713272,10
28250,56.71068785510989,10
28251,56.71269531308706,10
28252,56.71470277106423,10
28253,56.716710229041404,10
28254,56.718717687018575,10
28255,56.72072514499575,10
28256,56.72273260297292,10
28257,56.72474006095009,10
28258,56.72674751892727,10
28259,56.72875497690444,11
28260,56.73076243488161,13
28261,56.732769892858784,12
28262,56.734777350835955,10
28263,56.73678480881313,9
28264,56.7387922667903,10
28265,56.74079972476747,11
28266,56.74280718274464,11
28267,56.74481464072181,10
28268,56.746822098698985,9
28269,56.74882955667616,9
28270,56.75083701465333,10
28271,56.7528444726305,10
28272,56.75485193060767,10
28273,56.75685938858484,10
28274,56.75886684656202,10
28275,56.76087430453919,10
28276,56.762881762516365,10
28277,56.76488922049354,10
28278,56.76689667847071,10
28279,56.76890413644788,9
28280,56.77091159442505,9
28281,56.77291905240222,8
28282,56.774926510379395,9
28283,56.776933968356566,9
28284,56.77894142633374,10
28285,56.78094888431091,11
28286,56.78295634228808,17
28287,56.78496380026525,33
28288,56.786971258242424,54
28289,56.788978716219596,65
28290,56.79098617419677,57
28291,56.792993632173946,34
28292,56.79500109015112,16
28293,56.79700854812829,16
28294,56.79901600610546,25
28295,56.80102346408263,38
28296,56.803030922059804,66
28297,56.805038380036976,111
28298,56.80704583801415,153
28299,56.80905329599132,167
28300,56.81106075396849,146
28301,56.81306821194566,107
28302,56.815075669922834,73
28303,56.817083127900005,57
28304,56.81909058587718,60
28305,56.82109804385435,81
28306,56.82310550183152,125
28307,56.82511295980869,183
28308,56.82712041778587,224
28309,56.82912787576304,230
28310,56.831135333740214,214
28311,56.833142791717385,194
28312,56.83515024969456,178
28313,56.83715770767173,170
28314,56.8391651656489,175
28315,56.84117262362607,199
28316,56.84318008160324,247
28317,56.845187539580415,305
28318,56.84719499755759,344
28319,56.84920245553476,349
28320,56.85120991351193,333
28321,56.8532173714891,315
28322,56.85522482946627,306
28323,56.857232287443445,304
28324,56.859239745420616,309
28325,56.861247203397795,324
28326,56.86325466137497,358
28327,56.86526211935214,408
28328,56.86726957732931,447
28329,56.86927703530648,459
28330,56.87128449328365,449
28331,56.873291951260825,431
28332,56.875299409237996,409
28333,56.87730686721517,395
28334,56.87931432519234,396
28335,56.88132178316951,418
28336,56.88332924114668,466
28337,56.885336699123854,522
28338,56.887344157101026,554
28339,56.8893516150782,550
28340,56.89135907305537,533
28341,56.89336653103254,523
28342,56.89537398900972,516
28343,56.89738144698689,506
28344,56.89938890496406,492
28345,56.901396362941234,488
28346,56.903403820918406,506
28347,56.90541127889558,542
28348,56.90741873687275,566
28349,56.90942619484992,561
28350,56.91143365282709,544
28351,56.913441110804264,535
28352,56.915448568781436,539
28353,56.91745602675861,548
28354,56.91946348473578,552
28355,56.92147094271295,551
28356,56.92347840069012,556
28357,56.925485858667294,572
28358,56.927493316644465,586
28359,56.929500774621644,589
28360,56.931508232598816,590
28361,56.93351569057599,597
28362,56.93552314855316,607
28363,56.93753060653033,609
28364,56.9395380645075,601
28365,56.941545522484674,590
28366,56.943552980461845,586
28367,56.94556043843902,593
28368,56.94756789641619,597
28369,56.94957535439336,593
28370,56.95158281237053,591
28371,56.9535902703477,604
28372,56.955597728324875,622
28373,56.95760518630205,635
28374,56.95961264427922,633
28375,56.96162010225639,626
28376,56.96362756023357,630
28377,56.96563501821074,647
28378,56.96764247618791,657
28379,56.96964993416508,650
28380,56.971657392142255,643
28381,56.97366485011943,651
28382,56.9756723080966,670
28383,56.97767976607377,688
28384,56.97968722405094,694
28385,56.98169468202811,688
28386,56.983702140005285,693
28387,56.985709597982456,720
28388,56.98771705595963,749
28389,56.9897245139368,753
28390,56.99173197191397,739
28391,56.99373942989114,729
28392,56.995746887868314,731
28393,56.99775434584549,739
28394,56.999761803822665,742
28395,57.001769261799836,734
28396,57.00377671977701,731
28397,57.00578417775418,740
28398,57.00779163573135,746
28399,57.00979909370852,740
28400,57.011806551685694,740
28401,57.013814009662866,753
28402,57.01582146764004,769
28403,57.01782892561721,774
28404,57.01983638359438,768
28405,57.02184384157155,759
28406,57.023851299548724,761
28407,57.025858757525896,777
28408,57.02786621550307,792
28409,57.02987367348024,796
28410,57.03188113145742,793
28411,57.03388858943459,794
28412,57.03589604741176,803
28413,57.03790350538893,812
28414,57.039910963366104,806
28415,57.041918421343276,784
28416,57.04392587932045,770
28417,57.04593333729762,787
28418,57.04794079527479,816
28419,57.04994825325196,825
28420,57.051955711229134,817
28421,57.053963169206305,816
28422,57.05597062718348,830
28423,57.05797808516065,843
28424,57.05998554313782,838
28425,57.06199300111499,823
28426,57.06400045909216,827
28427,57.06600791706934,862
28428,57.068015375046514,898
28429,57.070022833023685,907
28430,57.07203029100086,893
28431,57.07403774897803,878
28432,57.0760452069552,875
28433,57.07805266493237,883
28434,57.08006012290954,892
28435,57.082067580886715,897
28436,57.08407503886389,910
28437,57.08608249684106,940
28438,57.08808995481823,973
28439,57.0900974127954,984
28440,57.09210487077257,974
28441,57.094112328749745,962
28442,57.096119786726916,957
28443,57.09812724470409,955
28444,57.10013470268127,952
28445,57.10214216065844,954
28446,57.10414961863561,977
28447,57.10615707661278,1019
28448,57.10816453458995,1056
28449,57.110171992567125,1071
28450,57.112179450544296,1071
28451,57.11418690852147,1065
28452,57.11619436649864,1054
28453,57.11820182447581,1046
28454,57.12020928245298,1052
28455,57.122216740430154,1076
28456,57.124224198407326,1123
28457,57.1262316563845,1181
28458,57.12823911436167,1220
28459,57.13024657233884,1217
28460,57.13225403031601,1189
28461,57.13426148829319,1167
28462,57.13626894627036,1162
28463,57.138276404247534,1166
28464,57.140283862224706,1169
28465,57.14229132020188,1172
28466,57.14429877817905,1190
28467,57.14630623615622,1230
28468,57.14831369413339,1269
28469,57.150321152110564,1283
28470,57.152328610087736,1276
28471,57.15433606806491,1273
28472,57.15634352604208,1279
28473,57.15835098401925,1284
28474,57.16035844199642,1274
28475,57.162365899973594,1257
28476,57.164373357950765,1258
28477,57.16638081592794,1288
28478,57.168388273905116,1321
28479,57.17039573188229,1333
28480,57.17240318985946,1326
28481,57.17441064783663,1318
28482,57.1764181058138,1314
28483,57.178425563790974,1313
28484,57.180433021768145,1312
28485,57.18244047974532,1308
28486,57.18444793772249,1312
28487,57.18645539569966,1328
28488,57.18846285367683,1340
28489,57.190470311654,1336
28490,57.192477769631175,1326
28491,57.19448522760835,1323
28492,57.19649268558552,1327
28493,57.19850014356269,1328
28494,57.20050760153987,1320
28495,57.20251505951704,1304
28496,57.20452251749421,1294
28497,57.20652997547138,1299
28498,57.208537433448555,1303
28499,57.21054489142573,1296
28500,57.2125523494029,1293
28501,57.21455980738007,1309
28502,57.21656726535724,1336
28503,57.21857472333441,1356
28504,57.220582181311585,1360
28505,57.222589639288756,1355
28506,57.22459709726593,1357
28507,57.2266045552431,1374
28508,57.22861201322027,1389
28509,57.23061947119744,1387
28510,57.232626929174614,1376
28511,57.23463438715179,1373
28512,57.236641845128965,1385
28513,57.238649303106136,1402
28514,57.24065676108331,1412
28515,57.24266421906048,1407
28516,57.24467167703765,1397
28517,57.24667913501482,1397
28518,57.248686592991994,1400
28519,57.250694050969166,1395
28520,57.25270150894634,1393
28521,57.25470896692351,1409
28522,57.25671642490068,1431
28523,57.25872388287785,1443
28524,57.260731340855024,1442
28525,57.262738798832196,1432
28526,57.26474625680937,1425
28527,57.26675371478654,1427
28528,57.26876117276372,1428
28529,57.27076863074089,1421
28530,57.27277608871806,1417
28531,57.27478354669523,1426
28532,57.276791004672404,1444
28533,57.278798462649576,1459
28534,57.28080592062675,1461
28535,57.28281337860392,1446
28536,57.28482083658109,1434
28537,57.28682829455826,1442
28538,57.288835752535434,1455
28539,57.290843210512605,1450
28540,57.29285066848978,1431
28541,57.29485812646695,1424
28542,57.29686558444412,1437
28543,57.29887304242129,1456
28544,57.30088050039846,1465
28545,57.30288795837564,1463
28546,57.304895416352814,1465
28547,57.306902874329985,1477
28548,57.30891033230716,1484
28549,57.31091779028433,1477
28550,57.3129252482615,1466
28551,57.31493270623867,1469
28552,57.31694016421584,1484
28553,57.318947622193015,1497
28554,57.32095508017019,1493
28555,57.32296253814736,1479
28556,57.32496999612453,1474
28557,57.3269774541017,1488
28558,57.32898491207887,1497
28559,57.330992370056045,1483
28560,57.332999828033216,1465
28561,57.33500728601039,1471
28562,57.33701474398757,1499
28563,57.33902220196474,1523
28564,57.34102965994191,1521
28565,57.34303711791908,1500
28566,57.34504457589625,1486
28567,57.347052033873425,1491
28568,57.349059491850596,1495
28569,57.35106694982777,1481
28570,57.35307440780494,1463
28571,57.35508186578211,1463
28572,57.35708932375928,1478
28573,57.359096781736454,1494
28574,57.361104239713626,1499
28575,57.3631116976908,1500
28576,57.36511915566797,1508
28577,57.36712661364514,1522
28578,57.36913407162231,1527
28579,57.37114152959949,1520
28580,57.37314898757666,1518
28581,57.375156445553834,1528
28582,57.377163903531006,1541
28583,57.37917136150818,1550
28584,57.38117881948535,1551
28585,57.38318627746252,1547
28586,57.38519373543969,1558
28587,57.387201193416864,1595
28588,57.389208651394036,1633
28589,57.39121610937121,1645
28590,57.39322356734838,1633
28591,57.39523102532555,1619
28592,57.39723848330272,1611
28593,57.399245941279894,1605
28594,57.401253399257065,1595
28595,57.40326085723424,1585
28596,57.405268315211416,1591
28597,57.40727577318859,1616
28598,57.40928323116576,1640
28599,57.41129068914293,1640
28600,57.4132981471201,1626
28601,57.415305605097274,1618
28602,57.417313063074445,1618
28603,57.41932052105162,1619
28604,57.42132797902879,1610
28605,57.42333543700596,1590
28606,57.42534289498313,1568
28607,57.4273503529603,1541
28608,57.429357810937475,1484
28609,57.43136526891465,1395
28610,57.43337272689182,1325
28611,57.43538018486899,1327
28612,57.43738764284616,1398
28613,57.43939510082334,1477
28614,57.44140255880051,1508
28615,57.44341001677768,1501
28616,57.445417474754855,1518
28617,57.44742493273203,1586
28618,57.4494323907092,1664
28619,57.45143984868637,1706
28620,57.45344730666354,1712
28621,57.45545476464071,1703
28622,57.457462222617885,1690
28623,57.459469680595056,1668
28624,57.46147713857223,1641
28625,57.4634845965494,1622
28626,57.46549205452657,1628
28627,57.46749951250374,1648
28628,57.469506970480914,1643
28629,57.471514428458086,1597
28630,57.473521886435265,1542
28631,57.475529344412436,1514
28632,57.47753680238961,1517
28633,57.47954426036678,1528
28634,57.48155171834395,1524
28635,57.48355917632112,1500
28636,57.485566634298294,1485
28637,57.487574092275466,1507
28638,57.48958155025264,1546
28639,57.49158900822981,1556
28640,57.49359646620698,1541
28641,57.49560392418415,1549
28642,57.497611382161324,1593
28643,57.499618840138496,1638
28644,57.50162629811567,1646
28645,57.50363375609284,1615
28646,57.50564121407001,1572
28647,57.50764867204719,1537
28648,57.50965613002436,1506
28649,57.51166358800153,1480
28650,57.513671045978704,1482
28651,57.515678503955876,1520
28652,57.51768596193305,1576
28653,57.51969341991022,1611
28654,57.52170087788739,1600
28655,57.52370833586456,1556
28656,57.525715793841734,1510
28657,57.527723251818905,1477
28658,57.52973070979608,1448
28659,57.53173816777325,1427
28660,57.53374562575042,1430
28661,57.53575308372759,1463
28662,57.53776054170476,1512
28663,57.539767999681935,1551
28664,57.541775457659114,1557
28665,57.543782915636285,1524
28666,57.54579037361346,1477
28667,57.54779783159063,1439
28668,57.5498052895678,1415
28669,57.55181274754497,1399
28670,57.55382020552214,1397
28671,57.555827663499315,1418
28672,57.55783512147649,1454
28673,57.55984257945366,1484
28674,57.56185003743083,1484
28675,57.563857495408,1452
28676,57.56586495338517,1412
28677,57.567872411362345,1387
28678,57.569879869339516,1377
28679,57.57188732731669,1376
28680,57.57389478529386,1388
28681,57.57590224327104,1414
28682,57.57790970124821,1451
28683,57.57991715922538,1485
28684,57.58192461720255,1493
28685,57.583932075179725,1471
28686,57.585939533156896,1442
28687,57.58794699113407,1425
28688,57.58995444911124,1422
28689,57.59196190708841,1423
28690,57.59396936506558,1426
28691,57.595976823042754,1436
28692,57.597984281019926,1463
28693,57.5999917389971,1499
28694,57.60199919697427,1515
28695,57.60400665495144,1497
28696,57.60601411292861,1461
28697,57.608021570905784,1436
28698,57.61002902888296,1430
28699,57.612036486860134,1438
28700,57.614043944837306,1455
28701,57.61605140281448,1478
28702,57.61805886079165,1500
28703,57.62006631876882,1510
28704,57.62207377674599,1499
28705,57.624081234723164,1473
28706,57.626088692700336,1454
28707,57.62809615067751,1459
28708,57.63010360865468,1477
28709,57.63211106663185,1490
28710,57.63411852460902,1490
28711,57.636125982586194,1491
28712,57.638133440563365,1508
28713,57.64014089854054,1537
28714,57.642148356517716,1553
28715,57.64415581449489,1539
28716,57.64616327247206,1512
28717,57.64817073044923,1503
28718,57.6501781884264,1514
28719,57.652185646403574,1525
28720,57.654193104380745,1526
28721,57.65620056235792,1532
28722,57.65820802033509,1554
28723,57.66021547831226,1579
28724,57.66222293628943,1581
28725,57.6642303942666,1560
28726,57.666237852243775,1542
28727,57.66824531022095,1545
28728,57.67025276819812,1552
28729,57.67226022617529,1545
28730,57.67426768415246,1532
28731,57.67627514212964,1530
28732,57.67828260010681,1540
28733,57.68029005808398,1548
28734,57.682297516061155,1545
28735,57.68430497403833,1535
28736,57.6863124320155,1524
28737,57.68831988999267,1520
28738,57.69032734796984,1520
28739,57.69233480594701,1521
28740,57.694342263924185,1526
28741,57.696349721901356,1535
28742,57.69835717987853,1545
28743,57.7003646378557,1554
28744,57.70237209583287,1562
28745,57.70437955381004,1571
28746,57.706387011787214,1585
28747,57.708394469764386,1599
28748,57.710401927741565,1603
28749,57.712409385718736,1596
28750,57.71441684369591,1587
28751,57.71642430167308,1585
28752,57.71843175965025,1588
28753,57.72043921762742,1593
28754,57.722446675604594,1597
28755,57.724454133581766,1606
28756,57.72646159155894,1628
28757,57.72846904953611,1659
28758,57.73047650751328,1684
28759,57.73248396549045,1692
28760,57.734491423467624,1682
28761,57.736498881444795,1661
28762,57.73850633942197,1637
28763,57.74051379739914,1624
28764,57.74252125537631,1631
28765,57.74452871335349,1661
28766,57.74653617133066,1712
28767,57.74854362930783,1769
28768,57.750551087285004,1798
28769,57.752558545262175,1787
28770,57.75456600323935,1759
28771,57.75657346121652,1734
28772,57.75858091919369,1713
28773,57.76058837717086,1696
28774,57.76259583514803,1688
28775,57.764603293125205,1698
28776,57.76661075110238,1727
28777,57.76861820907955,1760
28778,57.77062566705672,1769
28779,57.77263312503389,1750
28780,57.77464058301106,1727
28781,57.776648040988235,1718
28782,57.77865549896541,1715
28783,57.780662956942585,1703
28784,57.78267041491976,1681
28785,57.78467787289693,1665
28786,57.7866853308741,1673
28787,57.78869278885127,1692
28788,57.79070024682844,1693
28789,57.792707704805615,1677
28790,57.794715162782786,1669
28791,57.79672262075996,1689
28792,57.79873007873713,1718
28793,57.8007375367143,1735
28794,57.80274499469147,1734
28795,57.804752452668644,1730
28796,57.806759910645816,1737
28797,57.80876736862299,1756
28798,57.81077482660016,1775
28799,57.81278228457734,1789
28800,57.81478974255451,1803
28801,57.81679720053168,1814
28802,57.81880465850885,1815
28803,57.820812116486024,1803
28804,57.822819574463196,1795
28805,57.82482703244037,1821
28806,57.82683449041754,1897
28807,57.82884194839471,1995
28808,57.83084940637188,2061
28809,57.832856864349054,2075
28810,57.834864322326226,2053
28811,57.8368717803034,2009
28812,57.83887923828057,1948
28813,57.84088669625774,1889
28814,57.84289415423491,1867
28815,57.844901612212084,1909
28816,57.84690907018926,1998
28817,57.848916528166434,2066
28818,57.850923986143606,2060
28819,57.85293144412078,2025
28820,57.85493890209795,2035
28821,57.85694636007512,2085
28822,57.85895381805229,2096
28823,57.860961276029464,2035
28824,57.862968734006635,1976
28825,57.86497619198381,2002
28826,57.86698364996098,2084
28827,57.86899110793815,2116
28828,57.87099856591532,2060
28829,57.87300602389249,1999
28830,57.875013481869665,2004
28831,57.87702093984684,2040
28832,57.87902839782401,2031
28833,57.88103585580119,1973
28834,57.88304331377836,1924
28835,57.88505077175553,1931
28836,57.8870582297327,1985
28837,57.88906568770987,2031
28838,57.891073145687045,2025
28839,57.89308060366422,1996
28840,57.89508806164139,2004
28841,57.89709551961856,2051
28842,57.89910297759573,2077
28843,57.9011104355729,2044
28844,57.903117893550075,1981
28845,57.905125351527246,1944
28846,57.90713280950442,1954
28847,57.90914026748159,1983
28848,57.91114772545876,1992
28849,57.91315518343593,1976
28850,57.91516264141311,1956
28851,57.91717009939028,1945
28852,57.919177557367455,1939
28853,57.921185015344626,1933
28854,57.9231924733218,1922
28855,57.92519993129897,1910
28856,57.92720738927614,1909
28857,57.92921484725331,1919
28858,57.931222305230484,1925
28859,57.933229763207656,1914
28860,57.93523722118483,1901
28861,57.937244679162,1901
28862,57.93925213713917,1910
28863,57.94125959511634,1915
28864,57.943267053093514,1910
28865,57.945274511070686,1896
28866,57.94728196904786,1883
28867,57.949289427025036,1879
28868,57.95129688500221,1874
28869,57.95330434297938,1860
28870,57.95531180095655,1853
28871,57.95731925893372,1867
28872,57.959326716910894,1891
28873,57.961334174888066,1904
28874,57.96334163286524,1893
28875,57.96534909084241,1863
28876,57.96735654881958,1833
28877,57.96936400679675,1816
28878,57.971371464773924,1804
28879,57.973378922751095,1788
28880,57.97538638072827,1774
28881,57.97739383870544,1775
28882,57.97940129668261,1791
28883,57.98140875465978,1800
28884,57.98341621263696,1778
28885,57.98542367061413,1722
28886,57.987431128591304,1667
28887,57.989438586568475,1643
28888,57.99144604454565,1636
28889,57.99345350252282,1611
28890,57.99546096049999,1574
28891,57.99746841847716,1565
28892,57.99947587645433,1595
28893,58.001483334431505,1620
28894,58.00349079240868,1590
28895,58.00549825038585,1518
28896,58.00750570836302,1458
28897,58.00951316634019,1429
28898,58.01152062431736,1399
28899,58.013528082294535,1355
28900,58.015535540271706,1325
28901,58.017542998248885,1342
28902,58.01955045622606,1398
28903,58.02155791420323,1447
28904,58.0235653721804,1455
28905,58.02557283015757,1426
28906,58.02758028813474,1393
28907,58.029587746111915,1378
28908,58.031595204089086,1375
28909,58.03360266206626,1372
28910,58.03561012004343,1371
28911,58.0376175780206,1385
28912,58.03962503599777,1415
28913,58.041632493974944,1441
28914,58.043639951952116,1442
28915,58.04564740992929,1415
28916,58.04765486790646,1388
28917,58.04966232588363,1394
28918,58.05166978386081,1418
28919,58.05367724183798,1412
28920,58.05568469981515,1380
28921,58.057692157792324,1378
28922,58.059699615769496,1420
28923,58.06170707374667,1460
28924,58.06371453172384,1457
28925,58.06572198970101,1426
28926,58.06772944767818,1411
28927,58.069736905655354,1426
28928,58.071744363632526,1446
28929,58.0737518216097,1442
28930,58.07575927958687,1418
28931,58.07776673756404,1409
28932,58.07977419554121,1444
28933,58.081781653518384,1490
28934,58.083789111495555,1495
28935,58.085796569472734,1466
28936,58.087804027449906,1454
28937,58.08981148542708,1479
28938,58.09181894340425,1504
28939,58.09382640138142,1497
28940,58.09583385935859,1477
28941,58.097841317335764,1477
28942,58.099848775312935,1496
28943,58.10185623329011,1516
28944,58.10386369126728,1519
28945,58.10587114924445,1510
28946,58.10787860722162,1519
28947,58.10988606519879,1549
28948,58.111893523175965,1568
28949,58.11390098115314,1551
28950,58.11590843913031,1515
28951,58.11791589710749,1480
28952,58.11992335508466,1445
28953,58.12193081306183,1410
28954,58.123938271039,1373
28955,58.12594572901617,1328
28956,58.127953186993345,1283
28957,58.12996064497052,1250
28958,58.13196810294769,1217
28959,58.13397556092486,1174
28960,58.13598301890203,1160
28961,58.1379904768792,1214
28962,58.139997934856375,1309
28963,58.142005392833546,1378
28964,58.14401285081072,1393
28965,58.14602030878789,1390
28966,58.14802776676506,1423
28967,58.15003522474223,1490
28968,58.15204268271941,1535
28969,58.15405014069658,1514
28970,58.156057598673755,1468
28971,58.158065056650926,1468
28972,58.1600725146281,1523
28973,58.16207997260527,1568
28974,58.16408743058244,1552
28975,58.16609488855961,1502
28976,58.168102346536784,1484
28977,58.170109804513956,1523
28978,58.17211726249113,1570
28979,58.1741247204683,1562
28980,58.17613217844547,1513
28981,58.17813963642264,1493
28982,58.180147094399814,1524
28983,58.182154552376986,1556
28984,58.18416201035416,1545
28985,58.186169468331336,1504
28986,58.18817692630851,1478
28987,58.19018438428568,1492
28988,58.19219184226285,1516
28989,58.19419930024002,1500
28990,58.196206758217194,1457
28991,58.198214216194366,1458
28992,58.20022167417154,1521
28993,58.20222913214871,1575
28994,58.20423659012588,1558
28995,58.20624404810305,1497
28996,58.208251506080224,1467
28997,58.210258964057395,1497
28998,58.21226642203457,1542
28999,58.21427388001174,1552
29000,58.21628133798891,1539
29001,58.21828879596608,1543
29002,58.22029625394326,1564
29003,58.22230371192043,1576
29004,58.224311169897604,1557
29005,58.226318627874775,1521
29006,58.22832608585195,1505
29007,58.23033354382912,1528
29008,58.23234100180629,1554
29009,58.23434845978346,1533
29010,58.23635591776063,1477
29011,58.238363375737805,1449
29012,58.24037083371498,1478
29013,58.24237829169215,1520
29014,58.24438574966932,1527
29015,58.24639320764649,1518
29016,58.24840066562366,1529
29017,58.250408123600835,1558
29018,58.252415581578006,1574
29019,58.254423039555185,1561
29020,58.25643049753236,1542
29021,58.25843795550953,1546
29022,58.2604454134867,1574
29023,58.26245287146387,1595
29024,58.26446032944104,1580
29025,58.266467787418215,1540
29026,58.268475245395386,1524
29027,58.27048270337256,1556
29028,58.27249016134973,1593
29029,58.2744976193269,1587
29030,58.27650507730407,1557
29031,58.278512535281244,1549
29032,58.280519993258416,1566
29033,58.28252745123559,1564
29034,58.28453490921276,1533
29035,58.28654236718993,1510
29036,58.28854982516711,1530
29037,58.29055728314428,1579
29038,58.29256474112145,1613
29039,58.294572199098624,1600
29040,58.296579657075796,1547
29041,58.29858711505297,1505
29042,58.30059457303014,1519
29043,58.30260203100731,1557
29044,58.30460948898448,1557
29045,58.306616946961654,1515
29046,58.308624404938826,1495
29047,58.310631862916,1535
29048,58.31263932089317,1589
29049,58.31464677887034,1592
29050,58.31665423684751,1554
29051,58.318661694824684,1535
29052,58.320669152801855,1554
29053,58.322676610779034,1580
29054,58.324684068756206,1571
29055,58.32669152673338,1532
29056,58.32869898471055,1512
29057,58.33070644268772,1543
29058,58.33271390066489,1588
29059,58.334721358642064,1597
29060,58.336728816619235,1577
29061,58.33873627459641,1575
29062,58.34074373257358,1606
29063,58.34275119055075,1641
29064,58.34475864852792,1657
29065,58.34676610650509,1659
29066,58.348773564482265,1670
29067,58.35078102245944,1694
29068,58.35278848043661,1707
29069,58.35479593841378,1691
29070,58.35680339639096,1665
29071,58.35881085436813,1656
29072,58.3608183123453,1675
29073,58.36282577032247,1699
29074,58.364833228299645,1696
29075,58.36684068627682,1661
29076,58.36884814425399,1630
29077,58.37085560223116,1646
29078,58.37286306020833,1694
29079,58.3748705181855,1715
29080,58.376877976162675,1696
29081,58.378885434139846,1680
29082,58.38089289211702,1694
29083,58.38290035009419,1713
29084,58.38490780807136,1698
29085,58.38691526604853,1659
29086,58.388922724025704,1657
29087,58.39093018200288,1708
29088,58.392937639980055,1747
29089,58.394945097957226,1723
29090,58.3969525559344,1683
29091,58.39896001391157,1693
29092,58.40096747188874,1739
29093,58.40297492986591,1753
29094,58.404982387843084,1716
29095,58.406989845820256,1673
29096,58.40899730379743,1674
29097,58.4110047617746,1717
29098,58.41301221975177,1752
29099,58.41501967772894,1734
29100,58.417027135706114,1686
29101,58.419034593683286,1667
29102,58.42104205166046,1699
29103,58.42304950963763,1743
29104,58.42505696761481,1748
29105,58.42706442559198,1711
29106,58.42907188356915,1677
29107,58.43107934154632,1688
29108,58.433086799523494,1719
29109,58.435094257500666,1720
29110,58.43710171547784,1695
29111,58.43910917345501,1686
29112,58.44111663143218,1712
29113,58.44312408940935,1741
29114,58.445131547386524,1736
29115,58.447139005363695,1703
29116,58.44914646334087,1681
29117,58.45115392131804,1704
29118,58.45316137929521,1745
29119,58.45516883727238,1749
29120,58.45717629524955,1714
29121,58.45918375322673,1689
29122,58.461191211203904,1701
29123,58.463198669181075,1720
29124,58.46520612715825,1711
29125,58.46721358513542,1682
29126,58.46922104311259,1677
29127,58.47122850108976,1714
29128,58.47323595906693,1760
29129,58.475243417044105,1773
29130,58.47725087502128,1753
29131,58.47925833299845,1737
29132,58.48126579097562,1752
29133,58.48327324895279,1780
29134,58.48528070692996,1783
29135,58.487288164907135,1756
29136,58.489295622884306,1737
29137,58.49130308086148,1752
29138,58.49331053883866,1777
29139,58.49531799681583,1775
29140,58.497325454793,1750
29141,58.49933291277017,1741
29142,58.50134037074734,1763
29143,58.503347828724515,1789
29144,58.505355286701686,1788
29145,58.50736274467886,1760
29146,58.50937020265603,1737
29147,58.5113776606332,1752
29148,58.51338511861037,1791
29149,58.515392576587544,1803
29150,58.517400034564716,1773
29151,58.51940749254189,1738
29152,58.52141495051906,1736
29153,58.52342240849623,1764
29154,58.5254298664734,1791
29155,58.52743732445058,1798
29156,58.52944478242775,1793
29157,58.531452240404924,1794
29158,58.533459698382096,1800
29159,58.53546715635927,1795
29160,58.53747461433644,1776
29161,58.53948207231361,1761
29162,58.54148953029078,1765
29163,58.543496988267954,1778
29164,58.545504446245126,1773
29165,58.5475119042223,1749
29166,58.54951936219947,1740
29167,58.55152682017664,1767
29168,58.55353427815381,1793
29169,58.555541736130984,1784
29170,58.557549194108155,1761
29171,58.559556652085334,1767
29172,58.561564110062506,1803
29173,58.56357156803968,1833
29174,58.56557902601685,1830
29175,58.56758648399402,1797
29176,58.56959394197119,1766
29177,58.571601399948364,1772
29178,58.573608857925535,1798
29179,58.57561631590271,1784
29180,58.57762377387988,1713
29181,58.57963123185705,1659
29182,58.58163868983422,1707
29183,58.58364614781139,1815
29184,58.585653605788565,1869
29185,58.58766106376574,1839
29186,58.58966852174291,1796
29187,58.59167597972008,1813
29188,58.59368343769726,1872
29189,58.59569089567443,1903
29190,58.5976983536516,1883
29191,58.59970581162877,1860
29192,58.601713269605945,1874
29193,58.60372072758312,1911
29194,58.60572818556029,1927
29195,58.60773564353746,1904
29196,58.60974310151463,1888
29197,58.6117505594918,1932
29198,58.613758017468975,2012
29199,58.615765475446146,2057
29200,58.61777293342332,2047
29201,58.61978039140049,2019
29202,58.62178784937766,2017
29203,58.62379530735483,2033
29204,58.625802765332004,2032
29205,58.62781022330918,2015
29206,58.629817681286355,2021
29207,58.631825139263526,2062
29208,58.6338325972407,2095
29209,58.63584005521787,2091
29210,58.63784751319504,2075
29211,58.63985497117221,2084
29212,58.641862429149384,2117
29213,58.643869887126556,2135
29214,58.64587734510373,2114
29215,58.6478848030809,2083
29216,58.64989226105807,2086
29217,58.65189971903524,2108
29218,58.653907177012414,2109
29219,58.655914634989585,2089
29220,58.65792209296676,2087
29221,58.65992955094393,2121
29222,58.66193700892111,2165
29223,58.66394446689828,2182
29224,58.66595192487545,2169
29225,58.66795938285262,2146
29226,58.669966840829794,2136
29227,58.671974298806965,2133
29228,58.67398175678414,2119
29229,58.67598921476131,2101
29230,58.67799667273848,2109
29231,58.68000413071565,2149
29232,58.68201158869282,2186
29233,58.684019046669995,2193
29234,58.68602650464717,2183
29235,58.68803396262434,2183
29236,58.69004142060151,2188
29237,58.69204887857868,2174
29238,58.69405633655585,2138
29239,58.69606379453303,2111
29240,58.6980712525102,2122
29241,58.700078710487375,2167
29242,58.70208616846455,2213
29243,58.70409362644172,2226
29244,58.70610108441889,2201
29245,58.70810854239606,2166
29246,58.71011600037323,2153
29247,58.712123458350405,2160
29248,58.714130916327576,2158
29249,58.71613837430475,2141
29250,58.71814583228192,2136
29251,58.72015329025909,2158
29252,58.72216074823626,2181
29253,58.724168206213434,2178
29254,58.726175664190606,2155
29255,58.72818312216778,2140
29256,58.730190580144956,2147
29257,58.73219803812213,2163
29258,58.7342054960993,2160
29259,58.73621295407647,2141
29260,58.73822041205364,2132
29261,58.740227870030814,2145
29262,58.742235328007986,2159
29263,58.74424278598516,2143
29264,58.74625024396233,2101
29265,58.7482577019395,2071
29266,58.75026515991667,2088
29267,58.752272617893844,2137
29268,58.754280075871016,2162
29269,58.75628753384819,2143
29270,58.75829499182536,2116
29271,58.76030244980253,2116
29272,58.7623099077797,2127
29273,58.76431736575688,2116
29274,58.76632482373405,2085
29275,58.768332281711224,2067
29276,58.770339739688396,2080
29277,58.77234719766557,2111
29278,58.77435465564274,2129
29279,58.77636211361991,2119
29280,58.77836957159708,2087
29281,58.780377029574254,2058
29282,58.782384487551425,2052
29283,58.7843919455286,2063
29284,58.78639940350577,2065
29285,58.78840686148294,2058
29286,58.79041431946011,2072
29287,58.79242177743728,2108
29288,58.794429235414455,2125
29289,58.79643669339163,2104
29290,58.798444151368805,2075
29291,58.80045160934598,2071
29292,58.80245906732315,2087
29293,58.80446652530032,2103
29294,58.80647398327749,2109
29295,58.80848144125466,2101
29296,58.810488899231835,2087
29297,58.81249635720901,2088
29298,58.81450381518618,2103
29299,58.81651127316335,2108
29300,58.81851873114052,2096
29301,58.82052618911769,2082
29302,58.822533647094865,2082
29303,58.824541105072036,2090
29304,58.82654856304921,2087
29305,58.82855602102638,2074
29306,58.83056347900355,2074
29307,58.83257093698073,2097
29308,58.8345783949579,2117
29309,58.83658585293507,2113
29310,58.838593310912245,2107
29311,58.840600768889416,2123
29312,58.84260822686659,2145
29313,58.84461568484376,2142
29314,58.84662314282093,2117
29315,58.8486306007981,2110
29316,58.850638058775274,2135
29317,58.852645516752446,2156
29318,58.85465297472962,2138
29319,58.85666043270679,2103
29320,58.85866789068396,2102
29321,58.86067534866113,2152
29322,58.862682806638304,2215
29323,58.864690264615476,2241
29324,58.866697722592654,2224
29325,58.868705180569826,2200
29326,58.870712638547,2194
29327,58.87272009652417,2186
29328,58.87472755450134,2156
29329,58.87673501247851,2123
29330,58.878742470455684,2125
29331,58.880749928432856,2166
29332,58.88275738641003,2217
29333,58.8847648443872,2246
29334,58.88677230236437,2238
29335,58.88877976034154,2212
29336,58.890787218318714,2198
29337,58.892794676295885,2191
29338,58.89480213427306,2175
29339,58.89680959225023,2153
29340,58.8988170502274,2148
29341,58.90082450820458,2171
29342,58.90283196618175,2204
29343,58.90483942415892,2220
29344,58.906846882136094,2208
29345,58.908854340113265,2186
29346,58.91086179809044,2180
29347,58.91286925606761,2187
29348,58.91487671404478,2183
29349,58.91688417202195,2164
29350,58.91889162999912,2155
29351,58.920899087976295,2174
29352,58.92290654595347,2209
29353,58.92491400393064,2231
29354,58.92692146190781,2228
29355,58.92892891988498,2211
29356,58.93093637786215,2201
29357,58.932943835839325,2200
29358,58.9349512938165,2193
29359,58.936958751793675,2179
29360,58.93896620977085,2172
29361,58.94097366774802,2184
29362,58.94298112572519,2209
29363,58.94498858370236,2232
29364,58.94699604167953,2242
29365,58.949003499656705,2235
29366,58.951010957633876,2218
29367,58.95301841561105,2200
29368,58.95502587358822,2188
29369,58.95703333156539,2185
29370,58.95904078954256,2189
29371,58.961048247519734,2196
29372,58.963055705496906,2205
29373,58.96506316347408,2215
29374,58.96707062145125,2224
29375,58.96907807942843,2228
29376,58.9710855374056,2223
29377,58.97309299538277,2212
29378,58.97510045335994,2201
29379,58.977107911337114,2195
29380,58.979115369314286,2195
29381,58.98112282729146,2202
29382,58.98313028526863,2211
29383,58.9851377432458,2219
29384,58.98714520122297,2224
29385,58.989152659200144,2224
29386,58.991160117177316,2219
29387,58.99316757515449,2210
29388,58.99517503313166,2205
29389,58.99718249110883,2204
29390,58.999189949086,2206
29391,59.001197407063174,2208
29392,59.00320486504035,2209
29393,59.005212323017524,2213
29394,59.007219780994696,2216
29395,59.00922723897187,2217
29396,59.01123469694904,2215
29397,59.01324215492621,2211
29398,59.01524961290338,2209
29399,59.017257070880554,2208
29400,59.019264528857725,2207
29401,59.0212719868349,2208
29402,59.02327944481207,2210
29403,59.02528690278924,2212
29404,59.02729436076641,2213
29405,59.02930181874358,2214
29406,59.031309276720755,2215
29407,59.03331673469793,2213
29408,59.035324192675105,2210
29409,59.03733165065228,2206
29410,59.03933910862945,2205
29411,59.04134656660662,2207
29412,59.04335402458379,2210
29413,59.04536148256096,2211
29414,59.047368940538135,2211
29415,59.04937639851531,2211
29416,59.05138385649248,2211
29417,59.05339131446965,2210
29418,59.05539877244682,2208
29419,59.05740623042399,2208
29420,59.059413688401165,2208
29421,59.061421146378336,2209
29422,59.06342860435551,2211
29423,59.06543606233268,2212
29424,59.06744352030985,2212
29425,59.06945097828703,2210
29426,59.0714584362642,2207
29427,59.07346589424137,2206
29428,59.075473352218545,2208
29429,59.077480810195716,2209
29430,59.07948826817289,2211
29431,59.08149572615006,2211
29432,59.08350318412723,2210
29433,59.0855106421044,2207
29434,59.087518100081574,2202
29435,59.089525558058746,2200
29436,59.09153301603592,2205
29437,59.09354047401309,2212
29438,59.09554793199026,2214
29439,59.09755538996743,2210
29440,59.099562847944604,2208
29441,59.101570305921776,2206
29442,59.103577763898954,2201
29443,59.105585221876126,2186
29444,59.1075926798533,2172
29445,59.10960013783047,2175
29446,59.11160759580764,2194
29447,59.11361505378481,2212
29448,59.115622511761984,2214
29449,59.117629969739156,2205
29450,59.11963742771633,2199
29451,59.1216448856935,2197
29452,59.12365234367067,2182
29453,59.12565980164784,2149
29454,59.127667259625014,2116
29455,59.129674717602185,2117
29456,59.13168217557936,2157
29457,59.13368963355653,2199
29458,59.1356970915337,2205
29459,59.13770454951088,2185
29460,59.13971200748805,2169
29461,59.14171946546522,2168
29462,59.143726923442394,2164
29463,59.145734381419565,2146
29464,59.14774183939674,2126
29465,59.14974929737391,2124
29466,59.15175675535108,2146
29467,59.15376421332825,2174
29468,59.15577167130542,2184
29469,59.157779129282595,2173
29470,59.15978658725977,2156
29471,59.16179404523694,2142
29472,59.16380150321411,2134
29473,59.16580896119128,2126
29474,59.16781641916845,2115
29475,59.169823877145625,2108
29476,59.1718313351228,2123
29477,59.173838793099975,2154
29478,59.17584625107715,2171
29479,59.17785370905432,2163
29480,59.17986116703149,2150
29481,59.18186862500866,2149
29482,59.18387608298583,2152
29483,59.185883540963005,2147
29484,59.187890998940176,2135
29485,59.18989845691735,2130
29486,59.19190591489452,2141
29487,59.19391337287169,2159
29488,59.19592083084886,2164
29489,59.197928288826034,2155
29490,59.199935746803206,2153
29491,59.20194320478038,2169
29492,59.20395066275755,2184
29493,59.20595812073473,2183
29494,59.2079655787119,2171
29495,59.20997303668907,2166
29496,59.21198049466624,2174
29497,59.213987952643414,2179
29498,59.215995410620586,2169
29499,59.21800286859776,2152
29500,59.22001032657493,2149
29501,59.2220177845521,2163
29502,59.22402524252927,2175
29503,59.226032700506444,2168
29504,59.228040158483616,2149
29505,59.23004761646079,2142
29506,59.23205507443796,2156
29507,59.23406253241513,2172
29508,59.2360699903923,2169
29509,59.238077448369474,2154
29510,59.24008490634665,2153
29511,59.242092364323824,2173
29512,59.244099822300996,2194
29513,59.24610728027817,2197
29514,59.24811473825534,2189
29515,59.25012219623251,2190
29516,59.25212965420968,2198
29517,59.254137112186854,2195
29518,59.256144570164025,2176
29519,59.2581520281412,2158
29520,59.26015948611837,2162
29521,59.26216694409554,2185
29522,59.26417440207271,2207
29523,59.26618186004988,2214
29524,59.268189318027055,2208
29525,59.27019677600423,2202
29526,59.2722042339814,2201
29527,59.27421169195858,2197
29528,59.27621914993575,2183
29529,59.27822660791292,2170
29530,59.28023406589009,2173
29531,59.28224152386726,2190
29532,59.284248981844435,2202
29533,59.28625643982161,2196
29534,59.28826389779878,2180
29535,59.29027135577595,2171
29536,59.29227881375312,2176
29537,59.29428627173029,2184
29538,59.296293729707465,2182
29539,59.298301187684636,2173
29540,59.30030864566181,2173
29541,59.30231610363898,2187
29542,59.30432356161615,2204
29543,59.30633101959332,2210
29544,59.3083384775705,2203
29545,59.31034593554767,2197
29546,59.312353393524845,2199
29547,59.314360851502016,2200
29548,59.31636830947919,2189
29549,59.31837576745636,2171
29550,59.32038322543353,2168
29551,59.3223906834107,2186
29552,59.324398141387874,2207
29553,59.326405599365046,2214
29554,59.32841305734222,2211
29555,59.33042051531939,2210
29556,59.33242797329656,2213
29557,59.33443543127373,2208
29558,59.336442889250904,2195
29559,59.338450347228076,2184
29560,59.34045780520525,2186
29561,59.342465263182426,2197
29562,59.3444727211596,2202
29563,59.34648017913677,2193
29564,59.34848763711394,2178
29565,59.35049509509111,2175
29566,59.352502553068284,2190
29567,59.354510011045456,2205
29568,59.35651746902263,2203
29569,59.3585249269998,2189
29570,59.36053238497697,2184
29571,59.36253984295414,2191
29572,59.364547300931314,2192
29573,59.366554758908485,2180
29574,59.36856221688566,2174
29575,59.37056967486283,2188
29576,59.37257713284,2207
29577,59.37458459081717,2209
29578,59.37659204879435,2194
29579,59.37859950677152,2180
29580,59.380606964748694,2183
29581,59.382614422725865,2198
29582,59.38462188070304,2207
29583,59.38662933868021,2198
29584,59.38863679665738,2184
29585,59.39064425463455,2182
29586,59.39265171261172,2193
29587,59.394659170588895,2199
29588,59.39666662856607,2193
29589,59.39867408654324,2184
29590,59.40068154452041,2186
29591,59.40268900249758,2198
29592,59.40469646047475,2204
29593,59.406703918451925,2194
29594,59.408711376429096,2179
29595,59.410718834406275,2180
29596,59.41272629238345,2196
29597,59.41473375036062,2205
29598,59.41674120833779,2195
29599,59.41874866631496,2181
29600,59.42075612429213,2182
29601,59.422763582269305,2196
29602,59.424771040246476,2203
29603,59.42677849822365,2195
29604,59.42878595620082,2188
29605,59.43079341417799,2198
29606,59.43280087215516,2211
29607,59.434808330132334,2209
29608,59.436815788109506,2194
29609,59.43882324608668,2183
29610,59.44083070406385,2187
29611,59.44283816204102,2203
29612,59.4448456200182,2220
29613,59.44685307799537,2228
29614,59.44886053597254,2229
29615,59.450867993949714,2221
29616,59.452875451926886,2208
29617,59.45488290990406,2197
29618,59.45689036788123,2192
29619,59.4588978258584,2192
29620,59.46090528383557,2197
29621,59.462912741812744,2206
29622,59.464920199789916,2217
29623,59.46692765776709,2224
29624,59.46893511574426,2223
29625,59.47094257372143,2218
29626,59.4729500316986,2212
29627,59.474957489675774,2206
29628,59.47696494765295,2199
29629,59.478972405630124,2195
29630,59.480979863607295,2199
29631,59.48298732158447,2207
29632,59.48499477956164,2213
29633,59.48700223753881,2215
29634,59.48900969551598,2216
29635,59.491017153493154,2215
29636,59.493024611470325,2211
29637,59.4950320694475,2207
29638,59.49703952742467,2205
29639,59.49904698540184,2204
29640,59.50105444337901,2205
29641,59.50306190135618,2208
29642,59.505069359333355,2210
29643,59.50707681731053,2212
29644,59.5090842752877,2213
29645,59.51109173326488,2213
29646,59.51309919124205,2212
29647,59.51510664921922,2210
29648,59.51711410719639,2207
29649,59.51912156517356,2205
29650,59.521129023150735,2205
29651,59.52313648112791,2208
29652,59.52514393910508,2212
29653,59.52715139708225,2214
29654,59.52915885505942,2214
29655,59.53116631303659,2211
29656,59.533173771013765,2208
29657,59.535181228990936,2207
29658,59.53718868696811,2208
29659,59.53919614494528,2206
29660,59.54120360292245,2203
29661,59.54321106089962,2203
29662,59.5452185188768,2209
29663,59.54722597685397,2213
29664,59.549233434831145,2210
29665,59.551240892808316,2205
29666,59.55324835078549,2203
29667,59.55525580876266,2207
29668,59.55726326673983,2211
29669,59.559270724717,2210
29670,59.561278182694174,2208
29671,59.563285640671346,2207
29672,59.56529309864852,2205
29673,59.56730055662569,2202
29674,59.56930801460286,2203
29675,59.57131547258003,2209
29676,59.573322930557204,2212
29677,59.575330388534375,2211
29678,59.57733784651155,2207
29679,59.579345304488726,2206
29680,59.5813527624659,2208
29681,59.58336022044307,2210
29682,59.58536767842024,2210
29683,59.58737513639741,2211
29684,59.589382594374584,2213
29685,59.591390052351755,2215
29686,59.59339751032893,2214
29687,59.5954049683061,2211
29688,59.59741242628327,2208
29689,59.59941988426044,2208
29690,59.60142734223761,2208
29691,59.603434800214785,2210
29692,59.60544225819196,2212
29693,59.60744971616913,2213
29694,59.6094571741463,2212
29695,59.61146463212347,2210
29696,59.61347209010065,2209
29697,59.61547954807782,2209
29698,59.61748700605499,2209
29699,59.619494464032165,2209
29700,59.62150192200934,2210
29701,59.62350937998651,2211
29702,59.62551683796368,2211
29703,59.62752429594085,2209
29704,59.62953175391802,2208
29705,59.631539211895195,2206
29706,59.633546669872366,2205
29707,59.63555412784954,2205
29708,59.63756158582671,2209
29709,59.63956904380388,2211
29710,59.64157650178105,2209
29711,59.643583959758224,2205
29712,59.645591417735396,2204
29713,59.647598875712575,2207
29714,59.649606333689746,2210
29715,59.65161379166692,2211
29716,59.65362124964409,2210
29717,59.65562870762126,2210
29718,59.65763616559843,2210
29719,59.659643623575604,2211
29720,59.661651081552776,2211
29721,59.66365853952995,2212
29722,59.66566599750712,2211
29723,59.66767345548429,2210
29724,59.66968091346146,2212
29725,59.671688371438634,2214
29726,59.673695829415806,2211
29727,59.67570328739298,2204
29728,59.67771074537015,2203
29729,59.67971820334732,2207
29730,59.6817256613245,2212
29731,59.68373311930167,2213
29732,59.68574057727884,2211
29733,59.687748035256014,2209
29734,59.689755493233186,2207
29735,59.69176295121036,2206
29736,59.69377040918753,2207
29737,59.6957778671647,2210
29738,59.69778532514187,2211
29739,59.699792783119044,2208
29740,59.701800241096215,2206
29741,59.70380769907339,2207
29742,59.70581515705056,2210
29743,59.70782261502773,2211
29744,59.7098300730049,2210
29745,59.71183753098207,2208
29746,59.713844988959245,2208
29747,59.715852446936424,2209
29748,59.717859904913595,2210
29749,59.71986736289077,2211
29750,59.72187482086794,2208
29751,59.72388227884511,2206
29752,59.72588973682228,2205
29753,59.72789719479945,2207
29754,59.729904652776625,2210
29755,59.7319121107538,2212
29756,59.73391956873097,2212
29757,59.73592702670814,2211
29758,59.73793448468531,2210
29759,59.73994194266248,2207
29760,59.741949400639655,2205
29761,59.743956858616826,2205
29762,59.745964316594,2208
29763,59.74797177457117,2210
29764,59.74997923254835,2210
29765,59.75198669052552,2209
29766,59.75399414850269,2210
29767,59.75600160647986,2210
29768,59.758009064457035,2209
29769,59.760016522434206,2210
29770,59.76202398041138,2212
29771,59.76403143838855,2212
29772,59.76603889636572,2210
29773,59.76804635434289,2209
29774,59.770053812320064,2208
29775,59.772061270297236,2207
29776,59.77406872827441,2206
29777,59.77607618625158,2207
29778,59.77808364422875,2211
29779,59.78009110220592,2212
29780,59.782098560183094,2210
29781,59.78410601816027,2208
29782,59.786113476137444,2208
29783,59.788120934114616,2211
29784,59.79012839209179,2214
29785,59.79213585006896,2213
29786,59.79414330804613,2210
29787,59.7961507660233,2208
29788,59.798158224000474,2208
29789,59.800165681977646,2210
29790,59.80217313995482,2211
29791,59.80418059793199,2211
29792,59.80618805590916,2208
29793,59.80819551388633,2205
29794,59.810202971863504,2205
29795,59.812210429840675,2210
29796,59.81421788781785,2212
29797,59.81622534579502,2210
29798,59.8182328037722,2208
29799,59.82024026174937,2210
29800,59.82224771972654,2212
29801,59.82425517770371,2189
29802,59.826262635680884,2013
29803,59.828270093658055,1561
29804,59.83027755163523,1123
29805,59.8322850096124,1242
29806,59.83429246758957,1863
29807,59.83629992556674,2313
29808,59.83830738354391,2249
29809,59.840314841521085,1982
29810,59.84232229949826,1910
29811,59.84432975747543,2007
29812,59.8463372154526,1854
29813,59.84834467342977,1223
29814,59.85035213140694,550
29815,59.85235958938412,505
29816,59.85436704736129,1159
29817,59.856374505338465,1872
29818,59.85838196331564,2048
29819,59.86038942129281,1788
29820,59.86239687926998,1559
29821,59.86440433724715,1440
29822,59.86641179522432,1173
29823,59.868419253201495,791
29824,59.870426711178666,577
29825,59.87243416915584,529
29826,59.87444162713301,374
29827,59.87644908511018,0
29828,59.87845654308735,0
29829,59.880464001064524,0
29830,59.882471459041696,398
29831,59.88447891701887,1106
29832,59.886486374996046,1145
29833,59.88849383297322,657
29834,59.89050129095039,387
29835,59.89250874892756,715
29836,59.89451620690473,1398
29837,59.896523664881904,1918
29838,59.898531122859076,1944
29839,59.90053858083625,1637
29840,59.90254603881342,1469
29841,59.90455349679059,1621
29842,59.90656095476776,1713
29843,59.908568412744934,1379
29844,59.910575870722106,916
29845,59.91258332869928,931
29846,59.91459078667645,1481
29847,59.91659824465362,1961
29848,59.91860570263079,1882
29849,59.92061316060797,1466
29850,59.92262061858514,1303
29851,59.924628076562314,1585
29852,59.926635534539486,1875
29853,59.92864299251666,1706
29854,59.93065045049383,1302
29855,59.932657908471,1300
29856,59.93466536644817,1781
29857,59.936672824425344,2107
29858,59.938680282402515,1855
29859,59.94068774037969,1380
29860,59.94269519835686,1279
29861,59.94470265633403,1639
29862,59.9467101143112,1946
29863,59.94871757228837,1737
29864,59.950725030265545,1261
29865,59.952732488242724,1191
29866,59.954739946219895,1657
29867,59.95674740419707,2030
29868,59.95875486217424,1832
29869,59.96076232015141,1376
29870,59.96276977812858,1271
29871,59.96477723610575,1632
