index,time_s,ch1_raw
0,0.0,1131
1,0.002000400171500315,1118
2,0.00400080034300063,1104
3,0.006001200514500946,1101
4,0.00800160068600126,1106
5,0.010002000857501577,1115
6,0.012002401029001892,1123
7,0.014002801200502207,1129
8,0.01600320137200252,1132
9,0.018003601543502838,1129
10,0.020004001715003154,1122
11,0.022004401886503468,1120
12,0.024004802058003784,1129
13,0.026005202229504098,1144
14,0.028005602401004415,1148
15,0.030006002572504728,1135
16,0.03200640274400504,1117
17,0.03400680291550536,1114
18,0.036007203087005675,1132
19,0.03800760325850599,1154
20,0.04000800343000631,1160
21,0.04200840360150662,1148
22,0.044008803773006935,1135
23,0.04600920394450725,1138
24,0.04800960411600757,1151
25,0.05001000428750788,1159
26,0.052010404459008196,1158
27,0.054010804630508516,1151
28,0.05601120480200883,1144
29,0.05801160497350914,1144
30,0.060012005145009456,1151
31,0.062012405316509776,1162
32,0.06401280548801008,1168
33,0.06601320565951041,1165
34,0.06801360583101072,1156
35,0.07001400600251104,1144
36,0.07201440617401135,1136
37,0.07401480634551166,1137
38,0.07601520651701198,1144
39,0.07801560668851229,1147
40,0.08001600686001262,1141
41,0.08201640703151293,1134
42,0.08401680720301324,1131
43,0.08601720737451356,1133
44,0.08801760754601387,1138
45,0.09001800771751418,1145
46,0.0920184078890145,1157
47,0.09401880806051482,1167
48,0.09601920823201514,1163
49,0.09801960840351545,1140
50,0.10002000857501576,1118
51,0.10202040874651608,1118
52,0.10402080891801639,1132
53,0.1060212090895167,1139
54,0.10802160926101703,1135
55,0.11002200943251735,1135
56,0.11202240960401766,1141
57,0.11402280977551797,1142
58,0.11602320994701829,1137
59,0.1180236101185186,1136
60,0.12002401029001891,1144
61,0.12202441046151924,1156
62,0.12402481063301955,1169
63,0.12602521080451987,1179
64,0.12802561097602017,1182
65,0.1300260111475205,1182
66,0.13202641131902082,1183
67,0.13402681149052112,1181
68,0.13602721166202145,1171
69,0.13802761183352175,1156
70,0.14002801200502207,1146
71,0.14202841217652237,1148
72,0.1440288123480227,1161
73,0.14602921251952303,1175
74,0.14802961269102333,1179
75,0.15003001286252365,1170
76,0.15203041303402395,1159
77,0.15403081320552428,1160
78,0.15603121337702458,1171
79,0.1580316135485249,1174
80,0.16003201372002523,1163
81,0.16203241389152553,1149
82,0.16403281406302586,1150
83,0.16603321423452616,1167
84,0.1680336144060265,1178
85,0.1700340145775268,1169
86,0.17203441474902711,1151
87,0.17403481492052744,1150
88,0.17603521509202774,1167
89,0.17803561526352807,1183
90,0.18003601543502837,1189
91,0.1820364156065287,1190
92,0.184036815778029,1187
93,0.18603721594952932,1174
94,0.18803761612102965,1148
95,0.19003801629252995,1124
96,0.19203841646403028,1123
97,0.19403881663553058,1141
98,0.1960392168070309,1158
99,0.1980396169785312,1155
100,0.20004001715003153,1141
101,0.20204041732153186,1132
102,0.20404081749303216,1127
103,0.20604121766453248,1117
104,0.20804161783603278,1108
105,0.2100420180075331,1110
106,0.2120424181790334,1119
107,0.21404281835053374,1118
108,0.21604321852203406,1107
109,0.21804361869353436,1106
110,0.2200440188650347,1120
111,0.222044419036535,1134
112,0.22404481920803532,1136
113,0.22604521937953562,1129
114,0.22804561955103594,1123
115,0.23004601972253627,1126
116,0.23204641989403657,1135
117,0.2340468200655369,1144
118,0.2360472202370372,1151
119,0.23804762040853752,1157
120,0.24004802058003782,1155
121,0.24204842075153815,1142
122,0.24404882092303848,1131
123,0.24604922109453878,1127
124,0.2480496212660391,1123
125,0.2500500214375394,1118
126,0.25205042160903973,1119
127,0.25405082178054006,1125
128,0.25605122195204033,1130
129,0.25805162212354066,1128
130,0.260052022295041,1121
131,0.2620524224665413,1120
132,0.26405282263804164,1132
133,0.2660532228095419,1146
134,0.26805362298104224,1151
135,0.27005402315254257,1143
136,0.2720544233240429,1130
137,0.2740548234955432,1124
138,0.2760552236670435,1128
139,0.2780556238385438,1138
140,0.28005602401004415,1147
141,0.2820564241815445,1146
142,0.28405682435304475,1134
143,0.2860572245245451,1123
144,0.2880576246960454,1124
145,0.2900580248675457,1132
146,0.29205842503904605,1133
147,0.2940588252105463,1124
148,0.29605922538204665,1111
149,0.298059625553547,1104
150,0.3000600257250473,1107
151,0.30206042589654764,1118
152,0.3040608260680479,1128
153,0.30606122623954823,1131
154,0.30806162641104856,1127
155,0.3100620265825489,1125
156,0.31206242675404916,1129
157,0.3140628269255495,1136
158,0.3160632270970498,1137
159,0.31806362726855014,1131
160,0.32006402744005047,1122
161,0.32206442761155074,1122
162,0.32406482778305107,1134
163,0.3260652279545514,1148
164,0.3280656281260517,1154
165,0.33006602829755205,1154
166,0.3320664284690523,1155
167,0.33406682864055265,1163
168,0.336067228812053,1174
169,0.3380676289835533,1181
170,0.3400680291550536,1184
171,0.3420684293265539,1184
172,0.34406882949805423,1179
173,0.34606922966955456,1169
174,0.3480696298410549,1158
175,0.35007003001255516,1154
176,0.3520704301840555,1164
177,0.3540708303555558,1173
178,0.35607123052705614,1169
179,0.35807163069855646,1157
180,0.36007203087005674,1156
181,0.36207243104155706,1167
182,0.3640728312130574,1180
183,0.3660732313845577,1185
184,0.368073631556058,1180
185,0.3700740317275583,1175
186,0.37207443189905864,1177
187,0.37407483207055897,1181
188,0.3760752322420593,1175
189,0.37807563241355957,1161
190,0.3800760325850599,1148
191,0.3820764327565602,1146
192,0.38407683292806055,1152
193,0.3860772330995608,1156
194,0.38807763327106115,1151
195,0.3900780334425615,1145
196,0.3920784336140618,1146
197,0.39407883378556213,1151
198,0.3960792339570624,1150
199,0.39807963412856273,1139
200,0.40008003430006306,1128
201,0.4020804344715634,1122
202,0.4040808346430637,1114
203,0.406081234814564,1103
204,0.4080816349860643,1097
205,0.41008203515756464,1102
206,0.41208243532906497,1111
207,0.41408283550056524,1119
208,0.41608323567206557,1126
209,0.4180836358435659,1136
210,0.4200840360150662,1147
211,0.42208443618656655,1151
212,0.4240848363580668,1146
213,0.42608523652956715,1141
214,0.4280856367010675,1143
215,0.4300860368725678,1147
216,0.43208643704406813,1146
217,0.4340868372155684,1138
218,0.4360872373870687,1132
219,0.43808763755856905,1136
220,0.4400880377300694,1150
221,0.44208843790156965,1162
222,0.44408883807307,1162
223,0.4460892382445703,1159
224,0.44808963841607063,1166
225,0.45009003858757096,1180
226,0.45209043875907123,1186
227,0.45409083893057156,1174
228,0.4560912391020719,1150
229,0.4580916392735722,1134
230,0.46009203944507254,1138
231,0.4620924396165728,1149
232,0.46409283978807314,1146
233,0.46609323995957347,1129
234,0.4680936401310738,1113
235,0.47009404030257407,1114
236,0.4720944404740744,1132
237,0.4740948406455747,1152
238,0.47609524081707505,1160
239,0.4780956409885754,1154
240,0.48009604116007565,1142
241,0.482096441331576,1132
242,0.4840968415030763,1130
243,0.48609724167457663,1142
244,0.48809764184607696,1164
245,0.49009804201757723,1183
246,0.49209844218907756,1181
247,0.4940988423605779,1162
248,0.4960992425320782,1146
249,0.4980996427035785,1146
250,0.5001000428750788,1155
251,0.5021004430465792,1166
252,0.5041008432180795,1172
253,0.5061012433895797,1167
254,0.5081016435610801,1152
255,0.5101020437325804,1142
256,0.5121024439040807,1150
257,0.514102844075581,1168
258,0.5161032442470813,1178
259,0.5181036444185817,1169
260,0.520104044590082,1154
261,0.5221044447615822,1147
262,0.5241048449330826,1149
263,0.5261052451045829,1150
264,0.5281056452760833,1148
265,0.5301060454475836,1149
266,0.5321064456190838,1153
267,0.5341068457905842,1151
268,0.5361072459620845,1140
269,0.5381076461335849,1131
270,0.5401080463050851,1131
271,0.5421084464765854,1139
272,0.5441088466480858,1147
273,0.5461092468195861,1152
274,0.5481096469910864,1156
275,0.5501100471625867,1162
276,0.552110447334087,1166
277,0.5541108475055874,1165
278,0.5561112476770876,1166
279,0.5581116478485879,1176
280,0.5601120480200883,1192
281,0.5621124481915886,1198
282,0.564112848363089,1188
283,0.5661132485345892,1172
284,0.5681136487060895,1159
285,0.5701140488775899,1150
286,0.5721144490490901,1144
287,0.5741148492205905,1138
288,0.5761152493920908,1136
289,0.5781156495635911,1134
290,0.5801160497350915,1131
291,0.5821164499065917,1133
292,0.5841168500780921,1141
293,0.5861172502495924,1145
294,0.5881176504210927,1139
295,0.590118050592593,1129
296,0.5921184507640933,1121
297,0.5941188509355937,1127
298,0.596119251107094,1153
299,0.5981196512785942,1179
300,0.6001200514500946,1180
301,0.6021204516215949,1157
302,0.6041208517930953,1137
303,0.6061212519645955,1142
304,0.6081216521360958,1160
305,0.6101220523075962,1165
306,0.6121224524790965,1153
307,0.6141228526505967,1139
308,0.6161232528220971,1136
309,0.6181236529935974,1139
310,0.6201240531650978,1140
311,0.622124453336598,1138
312,0.6241248535080983,1135
313,0.6261252536795987,1136
314,0.628125653851099,1139
315,0.6301260540225994,1136
316,0.6321264541940996,1127
317,0.6341268543655999,1121
318,0.6361272545371003,1116
319,0.6381276547086006,1105
320,0.6401280548801009,1088
321,0.6421284550516012,1083
322,0.6441288552231015,1097
323,0.6461292553946019,1111
324,0.6481296555661021,1114
325,0.6501300557376025,1114
326,0.6521304559091028,1118
327,0.6541308560806031,1125
328,0.6561312562521034,1131
329,0.6581316564236037,1135
330,0.6601320565951041,1137
331,0.6621324567666044,1132
332,0.6641328569381046,1118
333,0.666133257109605,1102
334,0.6681336572811053,1097
335,0.6701340574526056,1105
336,0.672134457624106,1120
337,0.6741348577956062,1129
338,0.6761352579671066,1128
339,0.6781356581386069,1124
340,0.6801360583101071,1122
341,0.6821364584816075,1128
342,0.6841368586531078,1141
343,0.6861372588246082,1152
344,0.6881376589961085,1144
345,0.6901380591676087,1117
346,0.6921384593391091,1093
347,0.6941388595106094,1091
348,0.6961392596821098,1103
349,0.69813965985361,1110
350,0.7001400600251103,1108
351,0.7021404601966107,1100
352,0.704140860368111,1091
353,0.7061412605396113,1090
354,0.7081416607111116,1104
355,0.7101420608826119,1121
356,0.7121424610541123,1124
357,0.7141428612256125,1114
358,0.7161432613971129,1103
359,0.7181436615686132,1100
360,0.7201440617401135,1107
361,0.7221444619116139,1119
362,0.7241448620831141,1129
363,0.7261452622546144,1136
364,0.7281456624261148,1140
365,0.730146062597615,1138
366,0.7321464627691154,1133
367,0.7341468629406157,1130
368,0.736147263112116,1130
369,0.7381476632836164,1132
370,0.7401480634551166,1133
371,0.742148463626617,1130
372,0.7441488637981173,1123
373,0.7461492639696176,1117
374,0.7481496641411179,1118
375,0.7501500643126182,1127
376,0.7521504644841186,1132
377,0.7541508646556189,1131
378,0.7561512648271191,1127
379,0.7581516649986195,1126
380,0.7601520651701198,1127
381,0.7621524653416202,1132
382,0.7641528655131204,1144
383,0.7661532656846207,1158
384,0.7681536658561211,1165
385,0.7701540660276214,1165
386,0.7721544661991216,1165
387,0.774154866370622,1171
388,0.7761552665421223,1177
389,0.7781556667136227,1171
390,0.780156066885123,1154
391,0.7821564670566232,1136
392,0.7841568672281236,1127
393,0.7861572673996239,1130
394,0.7881576675711243,1139
395,0.7901580677426245,1146
396,0.7921584679141248,1148
397,0.7941588680856252,1143
398,0.7961592682571255,1135
399,0.7981596684286258,1133
400,0.8001600686001261,1138
401,0.8021604687716264,1144
402,0.8041608689431268,1146
403,0.806161269114627,1142
404,0.8081616692861274,1132
405,0.8101620694576277,1125
406,0.812162469629128,1128
407,0.8141628698006284,1133
408,0.8161632699721286,1126
409,0.818163670143629,1113
410,0.8201640703151293,1108
411,0.8221644704866296,1117
412,0.8241648706581299,1131
413,0.8261652708296302,1138
414,0.8281656710011305,1131
415,0.8301660711726309,1120
416,0.8321664713441311,1117
417,0.8341668715156315,1121
418,0.8361672716871318,1130
419,0.8381676718586321,1139
420,0.8401680720301324,1147
421,0.8421684722016327,1149
422,0.8441688723731331,1150
423,0.8461692725446334,1157
424,0.8481696727161336,1161
425,0.850170072887634,1150
426,0.8521704730591343,1132
427,0.8541708732306347,1123
428,0.856171273402135,1126
429,0.8581716735736352,1130
430,0.8601720737451356,1130
431,0.8621724739166359,1128
432,0.8641728740881363,1129
433,0.8661732742596365,1133
434,0.8681736744311368,1135
435,0.8701740746026372,1133
436,0.8721744747741375,1132
437,0.8741748749456378,1140
438,0.8761752751171381,1153
439,0.8781756752886384,1163
440,0.8801760754601388,1167
441,0.882176475631639,1168
442,0.8841768758031393,1165
443,0.8861772759746397,1156
444,0.88817767614614,1142
445,0.8901780763176403,1132
446,0.8921784764891406,1128
447,0.8941788766606409,1125
448,0.8961792768321413,1123
449,0.8981796770036415,1122
450,0.9001800771751419,1123
451,0.9021804773466422,1123
452,0.9041808775181425,1125
453,0.9061812776896429,1130
454,0.9081816778611431,1128
455,0.9101820780326435,1114
456,0.9121824782041438,1101
457,0.914182878375644,1100
458,0.9161832785471444,1110
459,0.9181836787186447,1119
460,0.9201840788901451,1117
461,0.9221844790616454,1110
462,0.9241848792331456,1108
463,0.926185279404646,1115
464,0.9281856795761463,1119
465,0.9301860797476466,1115
466,0.9321864799191469,1116
467,0.9341868800906472,1131
468,0.9361872802621476,1150
469,0.9381876804336479,1153
470,0.9401880806051481,1135
471,0.9421884807766485,1115
472,0.9441888809481488,1108
473,0.9461892811196492,1115
474,0.9481896812911494,1131
475,0.9501900814626497,1152
476,0.9521904816341501,1168
477,0.9541908818056504,1168
478,0.9561912819771508,1150
479,0.958191682148651,1132
480,0.9601920823201513,1127
481,0.9621924824916517,1128
482,0.964192882663152,1131
483,0.9661932828346523,1133
484,0.9681936830061526,1128
485,0.9701940831776529,1114
486,0.9721944833491533,1105
487,0.9741948835206535,1107
488,0.9761952836921539,1112
489,0.9781956838636542,1111
490,0.9801960840351545,1108
491,0.9821964842066548,1117
492,0.9841968843781551,1139
493,0.9861972845496554,1151
494,0.9881976847211558,1143
495,0.990198084892656,1130
496,0.9921984850641564,1131
497,0.9941988852356567,1143
498,0.996199285407157,1147
499,0.9981996855786573,1139
500,1.0002000857501576,1133
501,1.002200485921658,1134
502,1.0042008860931584,1135
503,1.0062012862646585,1133
504,1.008201686436159,1138
505,1.0102020866076593,1151
506,1.0122024867791595,1162
507,1.0142028869506599,1163
508,1.0162032871221602,1158
509,1.0182036872936604,1155
510,1.0202040874651608,1153
511,1.0222044876366612,1150
512,1.0242048878081613,1145
513,1.0262052879796617,1143
514,1.028205688151162,1142
515,1.0302060883226625,1140
516,1.0322064884941626,1141
517,1.034206888665663,1145
518,1.0362072888371634,1148
519,1.0382076890086636,1152
520,1.040208089180164,1159
521,1.0422084893516643,1162
522,1.0442088895231645,1157
523,1.0462092896946649,1149
524,1.0482096898661653,1146
525,1.0502100900376656,1147
526,1.0522104902091658,1148
527,1.0542108903806662,1146
528,1.0562112905521666,1141
529,1.0582116907236667,1136
530,1.060212090895167,1133
531,1.0622124910666675,1137
532,1.0642128912381676,1145
533,1.066213291409668,1153
534,1.0682136915811684,1152
535,1.0702140917526686,1143
536,1.072214491924169,1134
537,1.0742148920956693,1139
538,1.0762152922671697,1150
539,1.0782156924386699,1154
540,1.0802160926101703,1144
541,1.0822164927816706,1131
542,1.0842168929531708,1131
543,1.0862172931246712,1145
544,1.0882176932961716,1156
545,1.0902180934676717,1153
546,1.0922184936391721,1144
547,1.0942188938106725,1141
548,1.0962192939821729,1147
549,1.098219694153673,1155
550,1.1002200943251734,1157
551,1.1022204944966738,1150
552,1.104220894668174,1143
553,1.1062212948396744,1145
554,1.1082216950111747,1154
555,1.110222095182675,1161
556,1.1122224953541753,1161
557,1.1142228955256757,1155
558,1.1162232956971758,1144
559,1.1182236958686762,1126
560,1.1202240960401766,1108
561,1.122224496211677,1103
562,1.1242248963831771,1114
563,1.1262252965546775,1127
564,1.128225696726178,1131
565,1.130226096897678,1124
566,1.1322264970691784,1118
567,1.1342268972406788,1122
568,1.136227297412179,1136
569,1.1382276975836794,1154
570,1.1402280977551797,1166
571,1.1422284979266801,1166
572,1.1442288980981803,1159
573,1.1462292982696807,1152
574,1.148229698441181,1144
575,1.1502300986126812,1135
576,1.1522304987841816,1127
577,1.154230898955682,1120
578,1.1562312991271821,1121
579,1.1582316992986825,1134
580,1.160232099470183,1150
581,1.1622324996416833,1157
582,1.1642328998131835,1159
583,1.1662332999846838,1165
584,1.1682337001561842,1168
585,1.1702341003276844,1160
586,1.1722345004991848,1150
587,1.1742349006706851,1147
588,1.1762353008421853,1147
589,1.1782357010136857,1145
590,1.180236101185186,1143
591,1.1822365013566862,1143
592,1.1842369015281866,1136
593,1.186237301699687,1120
594,1.1882377018711874,1107
595,1.1902381020426875,1110
596,1.192238502214188,1126
597,1.1942389023856883,1137
598,1.1962393025571885,1134
599,1.1982397027286888,1126
600,1.2002401029001892,1123
601,1.2022405030716894,1123
602,1.2042409032431898,1119
603,1.2062413034146902,1114
604,1.2082417035861905,1114
605,1.2102421037576907,1117
606,1.212242503929191,1113
607,1.2142429041006915,1105
608,1.2162433042721916,1104
609,1.218243704443692,1115
610,1.2202441046151924,1132
611,1.2222445047866926,1140
612,1.224244904958193,1134
613,1.2262453051296933,1116
614,1.2282457053011935,1098
615,1.2302461054726939,1098
616,1.2322465056441942,1117
617,1.2342469058156946,1133
618,1.2362473059871948,1130
619,1.2382477061586952,1116
620,1.2402481063301956,1105
621,1.2422485065016957,1105
622,1.244248906673196,1108
623,1.2462493068446965,1111
624,1.2482497070161966,1114
625,1.250250107187697,1116
626,1.2522505073591974,1114
627,1.2542509075306978,1115
628,1.256251307702198,1122
629,1.2582517078736983,1136
630,1.2602521080451987,1150
631,1.2622525082166989,1155
632,1.2642529083881993,1153
633,1.2662533085596996,1157
634,1.2682537087311998,1171
635,1.2702541089027002,1183
636,1.2722545090742006,1174
637,1.2742549092457007,1143
638,1.2762553094172011,1108
639,1.2782557095887015,1095
640,1.2802561097602019,1110
641,1.282256509931702,1133
642,1.2842569101032024,1142
643,1.2862573102747028,1143
644,1.288257710446203,1154
645,1.2902581106177033,1168
646,1.2922585107892037,1166
647,1.294258910960704,1148
648,1.2962593111322043,1137
649,1.2982597113037047,1141
650,1.300260111475205,1144
651,1.3022605116467052,1134
652,1.3042609118182056,1120
653,1.306261311989706,1114
654,1.3082617121612061,1120
655,1.3102621123327065,1128
656,1.312262512504207,1135
657,1.314262912675707,1144
658,1.3162633128472074,1155
659,1.3182637130187078,1161
660,1.3202641131902082,1155
661,1.3222645133617084,1138
662,1.3242649135332087,1124
663,1.3262653137047091,1121
664,1.3282657138762093,1127
665,1.3302661140477097,1134
666,1.33226651421921,1141
667,1.3342669143907102,1153
668,1.3362673145622106,1170
669,1.338267714733711,1181
670,1.3402681149052111,1181
671,1.3422685150767115,1178
672,1.344268915248212,1178
673,1.3462693154197123,1176
674,1.3482697155912124,1164
675,1.3502701157627128,1146
676,1.3522705159342132,1130
677,1.3542709161057134,1125
678,1.3562713162772138,1134
679,1.3582717164487141,1150
680,1.3602721166202143,1159
681,1.3622725167917147,1153
682,1.364272916963215,1136
683,1.3662733171347154,1125
684,1.3682737173062156,1128
685,1.370274117477716,1138
686,1.3722745176492164,1141
687,1.3742749178207165,1135
688,1.376275317992217,1129
689,1.3782757181637173,1130
690,1.3802761183352175,1135
691,1.3822765185067178,1134
692,1.3842769186782182,1129
693,1.3862773188497184,1125
694,1.3882777190212188,1126
695,1.3902781191927192,1133
696,1.3922785193642195,1136
697,1.3942789195357197,1130
698,1.39627931970722,1121
699,1.3982797198787205,1112
700,1.4002801200502206,1101
701,1.402280520221721,1095
702,1.4042809203932214,1097
703,1.4062813205647215,1099
704,1.408281720736222,1093
705,1.4102821209077223,1092
706,1.4122825210792227,1104
707,1.4142829212507229,1112
708,1.4162833214222232,1096
709,1.4182837215937236,1069
710,1.4202841217652238,1057
711,1.4222845219367242,1071
712,1.4242849221082245,1095
713,1.4262853222797247,1108
714,1.428285722451225,1104
715,1.4302861226227255,1089
716,1.4322865227942259,1081
717,1.434286922965726,1091
718,1.4362873231372264,1114
719,1.4382877233087268,1131
720,1.440288123480227,1132
721,1.4422885236517273,1128
722,1.4442889238232277,1129
723,1.4462893239947279,1137
724,1.4482897241662283,1142
725,1.4502901243377286,1138
726,1.4522905245092288,1129
727,1.4542909246807292,1126
728,1.4562913248522296,1132
729,1.45829172502373,1138
730,1.46029212519523,1132
731,1.4622925253667305,1114
732,1.4642929255382309,1102
733,1.466293325709731,1105
734,1.4682937258812314,1114
735,1.4702941260527318,1121
736,1.472294526224232,1123
737,1.4742949263957323,1118
738,1.4762953265672327,1114
739,1.478295726738733,1120
740,1.4802961269102333,1135
741,1.4822965270817337,1147
742,1.484296927253234,1142
743,1.4862973274247342,1127
744,1.4882977275962346,1119
745,1.490298127767735,1125
746,1.4922985279392351,1137
747,1.4942989281107355,1142
748,1.4962993282822359,1132
749,1.498299728453736,1116
750,1.5003001286252364,1109
751,1.5023005287967368,1117
752,1.5043009289682372,1126
753,1.5063013291397374,1123
754,1.5083017293112377,1116
755,1.5103021294827381,1118
756,1.5123025296542383,1131
757,1.5143029298257387,1142
758,1.516303329997239,1141
759,1.5183037301687392,1132
760,1.5203041303402396,1121
761,1.52230453051174,1109
762,1.5243049306832404,1097
763,1.5263053308547405,1091
764,1.528305731026241,1095
765,1.5303061311977413,1104
766,1.5323065313692414,1108
767,1.5343069315407418,1106
768,1.5363073317122422,1112
769,1.5383077318837424,1132
770,1.5403081320552428,1153
771,1.5423085322267431,1160
772,1.5443089323982433,1154
773,1.5463093325697437,1149
774,1.548309732741244,1153
775,1.5503101329127444,1161
776,1.5523105330842446,1162
777,1.554310933255745,1148
778,1.5563113334272454,1125
779,1.5583117335987455,1108
780,1.560312133770246,1105
781,1.5623125339417463,1113
782,1.5643129341132465,1124
783,1.5663133342847468,1135
784,1.5683137344562472,1144
785,1.5703141346277476,1146
786,1.5723145347992478,1138
787,1.5743149349707481,1126
788,1.5763153351422485,1116
789,1.5783157353137487,1112
790,1.580316135485249,1115
791,1.5823165356567495,1126
792,1.5843169358282496,1133
793,1.58631733599975,1133
794,1.5883177361712504,1128
795,1.5903181363427508,1131
796,1.592318536514251,1143
797,1.5943189366857513,1156
798,1.5963193368572517,1161
799,1.5983197370287519,1158
800,1.6003201372002522,1156
801,1.6023205373717526,1159
802,1.6043209375432528,1162
803,1.6063213377147532,1160
804,1.6083217378862535,1153
805,1.6103221380577537,1144
806,1.612322538229254,1138
807,1.6143229384007545,1135
808,1.6163233385722549,1131
809,1.618323738743755,1122
810,1.6203241389152554,1112
811,1.6223245390867558,1108
812,1.624324939258256,1112
813,1.6263253394297563,1118
814,1.6283257396012567,1115
815,1.6303261397727569,1103
816,1.6323265399442572,1091
817,1.6343269401157576,1088
818,1.636327340287258,1094
819,1.6383277404587582,1107
820,1.6403281406302586,1122
821,1.642328540801759,1126
822,1.644328940973259,1117
823,1.6463293411447595,1105
824,1.6483297413162599,1099
825,1.65033014148776,1098
826,1.6523305416592604,1096
827,1.6543309418307608,1092
828,1.656331342002261,1089
829,1.6583317421737613,1090
830,1.6603321423452617,1096
831,1.662332542516762,1102
832,1.6643329426882623,1107
833,1.6663333428597626,1117
834,1.668333743031263,1129
835,1.6703341432027632,1135
836,1.6723345433742636,1131
837,1.674334943545764,1124
838,1.6763353437172641,1121
839,1.6783357438887645,1118
840,1.6803361440602649,1114
841,1.6823365442317653,1110
842,1.6843369444032654,1109
843,1.6863373445747658,1106
844,1.6883377447462662,1099
845,1.6903381449177663,1098
846,1.6923385450892667,1110
847,1.6943389452607671,1126
848,1.6963393454322673,1136
849,1.6983397456037677,1145
850,1.700340145775268,1155
851,1.7023405459467682,1154
852,1.7043409461182686,1141
853,1.706341346289769,1129
854,1.7083417464612694,1131
855,1.7103421466327695,1138
856,1.71234254680427,1141
857,1.7143429469757703,1140
858,1.7163433471472704,1136
859,1.7183437473187708,1127
860,1.7203441474902712,1119
861,1.7223445476617714,1123
862,1.7243449478332717,1132
863,1.7263453480047721,1132
864,1.7283457481762725,1119
865,1.7303461483477727,1107
866,1.732346548519273,1107
867,1.7343469486907734,1117
868,1.7363473488622736,1128
869,1.738347749033774,1135
870,1.7403481492052744,1134
871,1.7423485493767745,1128
872,1.744348949548275,1120
873,1.7463493497197753,1120
874,1.7483497498912757,1133
875,1.7503501500627758,1151
876,1.7523505502342762,1158
877,1.7543509504057766,1147
878,1.7563513505772768,1131
879,1.7583517507487771,1125
880,1.7603521509202775,1126
881,1.7623525510917777,1127
882,1.764352951263278,1125
883,1.7663533514347785,1121
884,1.7683537516062786,1118
885,1.770354151777779,1119
886,1.7723545519492794,1120
887,1.7743549521207798,1118
888,1.77635535229228,1117
889,1.7783557524637803,1123
890,1.7803561526352807,1133
891,1.7823565528067808,1142
892,1.7843569529782812,1150
893,1.7863573531497816,1154
894,1.7883577533212818,1148
895,1.7903581534927822,1132
896,1.7923585536642825,1118
897,1.794358953835783,1116
898,1.796359354007283,1119
899,1.7983597541787835,1120
900,1.8003601543502838,1121
901,1.802360554521784,1128
902,1.8043609546932844,1143
903,1.8063613548647848,1155
904,1.808361755036285,1155
905,1.8103621552077853,1148
906,1.8123625553792857,1141
907,1.8143629555507859,1137
908,1.8163633557222862,1138
909,1.8183637558937866,1140
910,1.820364156065287,1137
911,1.8223645562367872,1125
912,1.8243649564082876,1107
913,1.826365356579788,1095
914,1.828365756751288,1096
915,1.8303661569227885,1099
916,1.8323665570942889,1098
917,1.834366957265789,1097
918,1.8363673574372894,1099
919,1.8383677576087898,1102
920,1.8403681577802902,1102
921,1.8423685579517903,1097
922,1.8443689581232907,1092
923,1.846369358294791,1090
924,1.8483697584662913,1094
925,1.8503701586377916,1101
926,1.852370558809292,1103
927,1.8543709589807922,1101
928,1.8563713591522926,1100
929,1.858371759323793,1104
930,1.860372159495293,1112
931,1.8623725596667935,1123
932,1.8643729598382939,1131
933,1.8663733600097943,1126
934,1.8683737601812944,1112
935,1.8703741603527948,1105
936,1.8723745605242952,1114
937,1.8743749606957953,1134
938,1.8763753608672957,1148
939,1.878375761038796,1147
940,1.8803761612102963,1138
941,1.8823765613817967,1136
942,1.884376961553297,1141
943,1.8863773617247974,1144
944,1.8883777618962976,1144
945,1.890378162067798,1144
946,1.8923785622392983,1149
947,1.8943789624107985,1155
948,1.8963793625822989,1152
949,1.8983797627537993,1136
950,1.9003801629252994,1121
951,1.9023805630967998,1122
952,1.9043809632683002,1138
953,1.9063813634398006,1154
954,1.9083817636113007,1157
955,1.9103821637828011,1145
956,1.9123825639543015,1126
957,1.9143829641258017,1116
958,1.916383364297302,1121
959,1.9183837644688024,1132
960,1.9203841646403026,1136
961,1.922384564811803,1132
962,1.9243849649833034,1131
963,1.9263853651548035,1141
964,1.928385765326304,1144
965,1.9303861654978043,1130
966,1.9323865656693047,1118
967,1.9343869658408048,1126
968,1.9363873660123052,1142
969,1.9383877661838056,1148
970,1.9403881663553058,1145
971,1.9423885665268061,1143
972,1.9443889666983065,1143
973,1.9463893668698067,1141
974,1.948389767041307,1138
975,1.9503901672128074,1140
976,1.9523905673843078,1153
977,1.954390967555808,1170
978,1.9563913677273084,1178
979,1.9583917678988088,1171
980,1.960392168070309,1163
981,1.9623925682418093,1165
982,1.9643929684133097,1172
983,1.9663933685848098,1172
984,1.9683937687563102,1165
985,1.9703941689278106,1160
986,1.9723945690993108,1165
987,1.9743949692708112,1168
988,1.9763953694423115,1158
989,1.978395769613812,1139
990,1.980396169785312,1124
991,1.9823965699568125,1118
992,1.9843969701283128,1118
993,1.986397370299813,1119
994,1.9883977704713134,1124
995,1.9903981706428138,1134
996,1.992398570814314,1147
997,1.9943989709858143,1154
998,1.9963993711573147,1149
999,1.998399771328815,1136
1000,2.0004001715003152,1133
1001,2.0024005716718154,1141
1002,2.004400971843316,1145
1003,2.006401372014816,1136
1004,2.0084017721863168,1119
1005,2.010402172357817,1113
1006,2.012402572529317,1125
1007,2.0144029727008177,1146
1008,2.016403372872318,1161
1009,2.018403773043818,1167
1010,2.0204041732153186,1167
1011,2.022404573386819,1166
1012,2.024404973558319,1169
1013,2.0264053737298195,1175
1014,2.0284057739013197,1176
1015,2.03040617407282,1165
1016,2.0324065742443205,1147
1017,2.0344069744158206,1131
1018,2.036407374587321,1130
1019,2.0384077747588214,1139
1020,2.0404081749303216,1143
1021,2.0424085751018217,1135
1022,2.0444089752733223,1129
1023,2.0464093754448225,1138
1024,2.0484097756163226,1157
1025,2.0504101757878233,1170
1026,2.0524105759593234,1168
1027,2.054410976130824,1161
1028,2.056411376302324,1156
1029,2.0584117764738243,1146
1030,2.060412176645325,1126
1031,2.062412576816825,1113
1032,2.0644129769883253,1119
1033,2.066413377159826,1132
1034,2.068413777331326,1131
1035,2.070414177502826,1119
1036,2.072414577674327,1111
1037,2.074414977845827,1116
1038,2.076415378017327,1126
1039,2.0784157781888277,1131
1040,2.080416178360328,1127
1041,2.082416578531828,1125
1042,2.0844169787033286,1131
1043,2.086417378874829,1138
1044,2.088417779046329,1137
1045,2.0904181792178296,1129
1046,2.0924185793893297,1123
1047,2.09441897956083,1127
1048,2.0964193797323305,1139
1049,2.0984197799038307,1151
1050,2.1004201800753313,1159
1051,2.1024205802468314,1163
1052,2.1044209804183316,1162
1053,2.106421380589832,1157
1054,2.1084217807613324,1155
1055,2.1104221809328325,1154
1056,2.112422581104333,1147
1057,2.1144229812758333,1138
1058,2.1164233814473334,1136
1059,2.118423781618834,1139
1060,2.120424181790334,1137
1061,2.1224245819618344,1127
1062,2.124424982133335,1115
1063,2.126425382304835,1112
1064,2.1284257824763353,1124
1065,2.130426182647836,1137
1066,2.132426582819336,1138
1067,2.134426982990836,1132
1068,2.136427383162337,1131
1069,2.138427783333837,1138
1070,2.140428183505337,1143
1071,2.1424285836768378,1147
1072,2.144428983848338,1150
1073,2.1464293840198385,1150
1074,2.1484297841913387,1148
1075,2.150430184362839,1153
1076,2.1524305845343394,1167
1077,2.1544309847058396,1179
1078,2.1564313848773398,1179
1079,2.1584317850488404,1167
1080,2.1604321852203405,1157
1081,2.1624325853918407,1157
1082,2.1644329855633413,1154
1083,2.1664333857348415,1141
1084,2.1684337859063416,1135
1085,2.170434186077842,1146
1086,2.1724345862493424,1155
1087,2.1744349864208425,1145
1088,2.176435386592343,1131
1089,2.1784357867638433,1134
1090,2.1804361869353435,1146
1091,2.182436587106844,1146
1092,2.1844369872783442,1134
1093,2.1864373874498444,1121
1094,2.188437787621345,1120
1095,2.190438187792845,1131
1096,2.1924385879643458,1143
1097,2.194438988135846,1144
1098,2.196439388307346,1134
1099,2.1984397884788467,1120
1100,2.200440188650347,1113
1101,2.202440588821847,1119
1102,2.2044409889933476,1134
1103,2.2064413891648478,1147
1104,2.208441789336348,1147
1105,2.2104421895078485,1135
1106,2.2124425896793487,1123
1107,2.214442989850849,1117
1108,2.2164433900223495,1117
1109,2.2184437901938496,1121
1110,2.22044419036535,1128
1111,2.2224445905368504,1132
1112,2.2244449907083506,1132
1113,2.2264453908798507,1128
1114,2.2284457910513513,1124
1115,2.2304461912228515,1123
1116,2.2324465913943516,1124
1117,2.2344469915658522,1125
1118,2.2364473917373524,1122
1119,2.238447791908853,1117
1120,2.240448192080353,1120
1121,2.2424485922518533,1135
1122,2.244448992423354,1150
1123,2.246449392594854,1151
1124,2.2484497927663543,1138
1125,2.250450192937855,1122
1126,2.252450593109355,1113
1127,2.254450993280855,1116
1128,2.256451393452356,1126
1129,2.258451793623856,1135
1130,2.260452193795356,1140
1131,2.2624525939668567,1141
1132,2.264452994138357,1138
1133,2.266453394309857,1130
1134,2.2684537944813576,1125
1135,2.270454194652858,1130
1136,2.272454594824358,1141
1137,2.2744549949958586,1151
1138,2.2764553951673587,1156
1139,2.2784557953388593,1154
1140,2.2804561955103595,1144
1141,2.2824565956818597,1135
1142,2.2844569958533603,1137
1143,2.2864573960248604,1147
1144,2.2884577961963606,1156
1145,2.290458196367861,1158
1146,2.2924585965393613,1155
1147,2.2944589967108615,1152
1148,2.296459396882362,1151
1149,2.2984597970538623,1155
1150,2.3004601972253624,1159
1151,2.302460597396863,1158
1152,2.304460997568363,1149
1153,2.3064613977398634,1138
1154,2.308461797911364,1132
1155,2.310462198082864,1140
1156,2.3124625982543643,1159
1157,2.314462998425865,1175
1158,2.316463398597365,1180
1159,2.318463798768865,1173
1160,2.320464198940366,1164
1161,2.322464599111866,1158
1162,2.3244649992833666,1156
1163,2.3264653994548667,1157
1164,2.328465799626367,1163
1165,2.3304661997978675,1172
1166,2.3324665999693677,1179
1167,2.334467000140868,1174
1168,2.3364674003123684,1166
1169,2.3384678004838686,1166
1170,2.3404682006553688,1177
1171,2.3424686008268694,1189
1172,2.3444690009983695,1194
1173,2.3464694011698697,1188
1174,2.3484698013413703,1173
1175,2.3504702015128704,1157
1176,2.3524706016843706,1148
1177,2.354471001855871,1148
1178,2.3564714020273714,1151
1179,2.3584718021988715,1156
1180,2.360472202370372,1165
1181,2.3624726025418723,1173
1182,2.3644730027133725,1178
1183,2.366473402884873,1179
1184,2.3684738030563732,1177
1185,2.370474203227874,1176
1186,2.372474603399374,1175
1187,2.374475003570874,1167
1188,2.3764754037423748,1151
1189,2.378475803913875,1141
1190,2.380476204085375,1143
1191,2.3824766042568757,1146
1192,2.384477004428376,1142
1193,2.386477404599876,1137
1194,2.3884778047713766,1142
1195,2.3904782049428768,1156
1196,2.392478605114377,1168
1197,2.3944790052858775,1172
1198,2.3964794054573777,1169
1199,2.398479805628878,1165
1200,2.4004802058003785,1166
1201,2.4024806059718786,1176
1202,2.404481006143379,1190
1203,2.4064814063148794,1202
1204,2.4084818064863796,1209
1205,2.4104822066578797,1205
1206,2.4124826068293803,1190
1207,2.4144830070008805,1173
1208,2.416483407172381,1168
1209,2.4184838073438812,1174
1210,2.4204842075153814,1171
1211,2.422484607686882,1155
1212,2.424485007858382,1139
1213,2.4264854080298823,1134
1214,2.428485808201383,1141
1215,2.430486208372883,1153
1216,2.4324866085443833,1161
1217,2.434487008715884,1165
1218,2.436487408887384,1163
1219,2.438487809058884,1156
1220,2.440488209230385,1148
1221,2.442488609401885,1144
1222,2.444489009573385,1144
1223,2.4464894097448857,1148
1224,2.448489809916386,1151
1225,2.450490210087886,1149
1226,2.4524906102593866,1144
1227,2.454491010430887,1142
1228,2.456491410602387,1141
1229,2.4584918107738876,1140
1230,2.4604922109453877,1144
1231,2.4624926111168883,1155
1232,2.4644930112883885,1170
1233,2.4664934114598887,1180
1234,2.4684938116313893,1174
1235,2.4704942118028894,1154
1236,2.4724946119743896,1136
1237,2.47449501214589,1133
1238,2.4764954123173903,1144
1239,2.4784958124888905,1158
1240,2.480496212660391,1164
1241,2.4824966128318913,1162
1242,2.4844970130033914,1156
1243,2.486497413174892,1151
1244,2.488497813346392,1152
1245,2.4904982135178924,1156
1246,2.492498613689393,1158
1247,2.494499013860893,1160
1248,2.4964994140323933,1167
1249,2.498499814203894,1173
1250,2.500500214375394,1176
1251,2.502500614546894,1174
1252,2.504501014718395,1171
1253,2.506501414889895,1167
1254,2.5085018150613956,1168
1255,2.5105022152328957,1173
1256,2.512502615404396,1177
1257,2.5145030155758965,1174
1258,2.5165034157473967,1167
1259,2.518503815918897,1162
1260,2.5205042160903974,1159
1261,2.5225046162618976,1160
1262,2.5245050164333978,1164
1263,2.5265054166048984,1169
1264,2.5285058167763985,1169
1265,2.5305062169478987,1166
1266,2.5325066171193993,1159
1267,2.5345070172908994,1149
1268,2.5365074174623996,1137
1269,2.5385078176339,1130
1270,2.5405082178054004,1129
1271,2.5425086179769005,1129
1272,2.544509018148401,1126
1273,2.5465094183199013,1122
1274,2.5485098184914015,1123
1275,2.550510218662902,1130
1276,2.5525106188344022,1133
1277,2.554511019005903,1130
1278,2.556511419177403,1130
1279,2.558511819348903,1142
1280,2.5605122195204038,1157
1281,2.562512619691904,1161
1282,2.564513019863404,1154
1283,2.5665134200349047,1151
1284,2.568513820206405,1151
1285,2.570514220377905,1152
1286,2.5725146205494056,1163
1287,2.5745150207209058,1186
1288,2.576515420892406,1198
1289,2.5785158210639065,1179
1290,2.5805162212354067,1143
1291,2.582516621406907,1118
1292,2.5845170215784075,1114
1293,2.5865174217499076,1125
1294,2.588517821921408,1137
1295,2.5905182220929084,1142
1296,2.5925186222644085,1140
1297,2.594519022435909,1144
1298,2.5965194226074093,1152
1299,2.5985198227789095,1156
1300,2.60052022295041,1154
1301,2.6025206231219102,1150
1302,2.6045210232934104,1146
1303,2.606521423464911,1143
1304,2.608521823636411,1145
1305,2.6105222238079113,1145
1306,2.612522623979412,1137
1307,2.614523024150912,1127
1308,2.6165234243224123,1129
1309,2.618523824493913,1143
1310,2.620524224665413,1157
1311,2.622524624836913,1162
1312,2.624525025008414,1156
1313,2.626525425179914,1147
1314,2.628525825351414,1143
1315,2.6305262255229147,1149
1316,2.632526625694415,1158
1317,2.634527025865915,1159
1318,2.6365274260374156,1145
1319,2.638527826208916,1126
1320,2.6405282263804164,1118
1321,2.6425286265519166,1125
1322,2.6445290267234167,1128
1323,2.6465294268949173,1119
1324,2.6485298270664175,1106
1325,2.6505302272379176,1099
1326,2.6525306274094183,1102
1327,2.6545310275809184,1109
1328,2.6565314277524186,1115
1329,2.658531827923919,1120
1330,2.6605322280954193,1124
1331,2.6625326282669195,1129
1332,2.66453302843842,1132
1333,2.6665334286099203,1132
1334,2.6685338287814204,1130
1335,2.670534228952921,1124
1336,2.672534629124421,1115
1337,2.6745350292959214,1106
1338,2.676535429467422,1103
1339,2.678535829638922,1105
1340,2.6805362298104223,1105
1341,2.682536629981923,1104
1342,2.684537030153423,1114
1343,2.6865374303249236,1139
1344,2.688537830496424,1166
1345,2.690538230667924,1177
1346,2.6925386308394246,1170
1347,2.6945390310109247,1166
1348,2.696539431182425,1172
1349,2.6985398313539255,1179
1350,2.7005402315254257,1173
1351,2.702540631696926,1155
1352,2.7045410318684264,1137
1353,2.7065414320399266,1128
1354,2.7085418322114267,1124
1355,2.7105422323829274,1117
1356,2.7125426325544275,1107
1357,2.7145430327259277,1098
1358,2.7165434328974283,1095
1359,2.7185438330689284,1103
1360,2.7205442332404286,1112
1361,2.722544633411929,1114
1362,2.7245450335834294,1111
1363,2.7265454337549295,1111
1364,2.72854583392643,1118
1365,2.7305462340979303,1127
1366,2.732546634269431,1125
1367,2.734547034440931,1113
1368,2.736547434612431,1105
1369,2.738547834783932,1108
1370,2.740548234955432,1112
1371,2.742548635126932,1118
1372,2.7445490352984327,1127
1373,2.746549435469933,1136
1374,2.748549835641433,1135
1375,2.7505502358129337,1127
1376,2.752550635984434,1125
1377,2.754551036155934,1132
1378,2.7565514363274346,1140
1379,2.7585518364989348,1143
1380,2.760552236670435,1142
1381,2.7625526368419355,1142
1382,2.7645530370134357,1144
1383,2.766553437184936,1149
1384,2.7685538373564365,1156
1385,2.7705542375279366,1159
1386,2.7725546376994368,1152
1387,2.7745550378709374,1136
1388,2.7765554380424375,1119
1389,2.778555838213938,1112
1390,2.7805562383854383,1115
1391,2.7825566385569385,1116
1392,2.784557038728439,1108
1393,2.7865574388999392,1100
1394,2.7885578390714394,1105
1395,2.79055823924294,1117
1396,2.79255863941444,1125
1397,2.7945590395859403,1128
1398,2.796559439757441,1133
1399,2.798559839928941,1138
1400,2.8005602401004412,1139
1401,2.802560640271942,1136
1402,2.804561040443442,1132
1403,2.806561440614942,1126
1404,2.8085618407864428,1118
1405,2.810562240957943,1115
1406,2.812562641129443,1127
1407,2.8145630413009437,1150
1408,2.816563441472444,1167
1409,2.818563841643944,1170
1410,2.8205642418154446,1166
1411,2.822564641986945,1167
1412,2.8245650421584454,1176
1413,2.8265654423299456,1188
1414,2.8285658425014457,1193
1415,2.8305662426729463,1188
1416,2.8325666428444465,1177
1417,2.8345670430159466,1167
1418,2.8365674431874472,1154
1419,2.8385678433589474,1142
1420,2.8405682435304476,1140
1421,2.842568643701948,1145
1422,2.8445690438734483,1147
1423,2.8465694440449485,1146
1424,2.848569844216449,1147
1425,2.8505702443879493,1143
1426,2.8525706445594494,1136
1427,2.85457104473095,1139
1428,2.85657144490245,1153
1429,2.8585718450739503,1167
1430,2.860572245245451,1169
1431,2.862572645416951,1163
1432,2.8645730455884517,1159
1433,2.866573445759952,1163
1434,2.868573845931452,1163
1435,2.8705742461029526,1151
1436,2.872574646274453,1133
1437,2.874575046445953,1131
1438,2.8765754466174536,1145
1439,2.8785758467889537,1160
1440,2.880576246960454,1165
1441,2.8825766471319545,1161
1442,2.8845770473034547,1151
1443,2.886577447474955,1140
1444,2.8885778476464554,1136
1445,2.8905782478179556,1143
1446,2.8925786479894557,1158
1447,2.8945790481609563,1165
1448,2.8965794483324565,1160
1449,2.8985798485039567,1154
1450,2.9005802486754573,1158
1451,2.9025806488469574,1162
1452,2.9045810490184576,1160
1453,2.906581449189958,1156
1454,2.9085818493614584,1157
1455,2.910582249532959,1162
1456,2.912582649704459,1167
1457,2.9145830498759593,1165
1458,2.91658345004746,1156
1459,2.91858385021896,1147
1460,2.92058425039046,1146
1461,2.922584650561961,1148
1462,2.924585050733461,1154
1463,2.926585450904961,1161
1464,2.9285858510764617,1164
1465,2.930586251247962,1163
1466,2.932586651419462,1161
1467,2.9345870515909627,1159
1468,2.936587451762463,1159
1469,2.938587851933963,1164
1470,2.9405882521054636,1170
1471,2.9425886522769638,1166
1472,2.944589052448464,1150
1473,2.9465894526199645,1141
1474,2.9485898527914647,1154
1475,2.950590252962965,1176
1476,2.9525906531344654,1189
1477,2.9545910533059656,1191
1478,2.956591453477466,1190
1479,2.9585918536489664,1189
1480,2.9605922538204665,1189
1481,2.962592653991967,1184
1482,2.9645930541634673,1177
1483,2.9665934543349675,1168
1484,2.968593854506468,1160
1485,2.9705942546779682,1151
1486,2.9725946548494684,1139
1487,2.974595055020969,1126
1488,2.976595455192469,1125
1489,2.9785958553639693,1137
1490,2.98059625553547,1152
1491,2.98259665570697,1162
1492,2.9845970558784702,1162
1493,2.986597456049971,1157
1494,2.988597856221471,1156
1495,2.990598256392971,1166
1496,2.9925986565644718,1179
1497,2.994599056735972,1181
1498,2.996599456907472,1165
1499,2.9985998570789727,1151
1500,3.000600257250473,1155
1501,3.0026006574219735,1165
1502,3.0046010575934736,1167
1503,3.006601457764974,1157
1504,3.0086018579364744,1145
1505,3.0106022581079745,1143
1506,3.0126026582794747,1151
1507,3.0146030584509753,1159
1508,3.0166034586224755,1159
1509,3.0186038587939756,1152
1510,3.0206042589654762,1146
1511,3.0226046591369764,1143
1512,3.0246050593084766,1145
1513,3.026605459479977,1149
1514,3.0286058596514773,1156
1515,3.0306062598229775,1156
1516,3.032606659994478,1147
1517,3.0346070601659783,1141
1518,3.0366074603374784,1145
1519,3.038607860508979,1152
1520,3.040608260680479,1154
1521,3.0426086608519793,1158
1522,3.04460906102348,1163
1523,3.04660946119498,1166
1524,3.0486098613664807,1165
1525,3.050610261537981,1162
1526,3.052610661709481,1157
1527,3.0546110618809816,1153
1528,3.056611462052482,1155
1529,3.058611862223982,1156
1530,3.0606122623954826,1152
1531,3.0626126625669827,1148
1532,3.064613062738483,1149
1533,3.0666134629099835,1151
1534,3.0686138630814837,1151
1535,3.070614263252984,1147
1536,3.0726146634244844,1141
1537,3.0746150635959846,1139
1538,3.0766154637674847,1138
1539,3.0786158639389853,1132
1540,3.0806162641104855,1130
1541,3.0826166642819857,1136
1542,3.0846170644534863,1141
1543,3.0866174646249864,1140
1544,3.0886178647964866,1136
1545,3.090618264967987,1133
1546,3.0926186651394874,1136
1547,3.094619065310988,1142
1548,3.096619465482488,1141
1549,3.0986198656539883,1139
1550,3.100620265825489,1143
1551,3.102620665996989,1149
1552,3.104621066168489,1146
1553,3.10662146633999,1139
1554,3.10862186651149,1141
1555,3.11062226668299,1151
1556,3.1126226668544907,1159
1557,3.114623067025991,1162
1558,3.116623467197491,1168
1559,3.1186238673689917,1176
1560,3.120624267540492,1177
1561,3.122624667711992,1167
1562,3.1246250678834926,1153
1563,3.1266254680549928,1148
1564,3.128625868226493,1153
1565,3.1306262683979935,1154
1566,3.1326266685694937,1148
1567,3.134627068740994,1148
1568,3.1366274689124944,1155
1569,3.1386278690839946,1159
1570,3.140628269255495,1155
1571,3.1426286694269954,1149
1572,3.1446290695984955,1155
1573,3.146629469769996,1170
1574,3.1486298699414963,1179
1575,3.1506302701129965,1170
1576,3.152630670284497,1153
1577,3.154631070455997,1148
1578,3.1566314706274974,1158
1579,3.158631870798998,1168
1580,3.160632270970498,1165
1581,3.1626326711419983,1154
1582,3.164633071313499,1149
1583,3.166633471484999,1160
1584,3.1686338716564992,1178
1585,3.170634271828,1188
1586,3.1726346719995,1183
1587,3.174635072171,1169
1588,3.1766354723425008,1155
1589,3.178635872514001,1147
1590,3.1806362726855015,1153
1591,3.1826366728570017,1170
1592,3.184637073028502,1182
1593,3.1866374732000025,1176
1594,3.1886378733715026,1158
1595,3.190638273543003,1147
1596,3.1926386737145034,1151
1597,3.1946390738860035,1158
1598,3.1966394740575037,1164
1599,3.1986398742290043,1171
1600,3.2006402744005045,1174
1601,3.2026406745720046,1170
1602,3.2046410747435052,1163
1603,3.2066414749150054,1164
1604,3.2086418750865056,1173
1605,3.210642275258006,1179
1606,3.2126426754295063,1172
1607,3.2146430756010065,1161
1608,3.216643475772507,1159
1609,3.2186438759440072,1173
1610,3.2206442761155074,1189
1611,3.222644676287008,1193
1612,3.224645076458508,1186
1613,3.226645476630009,1181
1614,3.228645876801509,1180
1615,3.230646276973009,1185
1616,3.2326466771445097,1191
1617,3.23464707731601,1190
1618,3.23664747748751,1177
1619,3.2386478776590106,1163
1620,3.240648277830511,1156
1621,3.242648678002011,1158
1622,3.2446490781735116,1167
1623,3.2466494783450117,1177
1624,3.248649878516512,1177
1625,3.2506502786880125,1161
1626,3.2526506788595126,1143
1627,3.254651079031013,1139
1628,3.2566514792025134,1152
1629,3.2586518793740136,1166
1630,3.2606522795455137,1167
1631,3.2626526797170143,1157
1632,3.2646530798885145,1146
1633,3.2666534800600147,1143
1634,3.2686538802315153,1150
1635,3.2706542804030154,1164
1636,3.272654680574516,1177
1637,3.274655080746016,1180
1638,3.2766554809175163,1171
1639,3.278655881089017,1164
1640,3.280656281260517,1165
1641,3.2826566814320173,1164
1642,3.284657081603518,1155
1643,3.286657481775018,1146
1644,3.288657881946518,1147
1645,3.290658282118019,1157
1646,3.292658682289519,1166
1647,3.294659082461019,1165
1648,3.2966594826325197,1154
1649,3.29865988280402,1149
1650,3.30066028297552,1153
1651,3.3026606831470207,1158
1652,3.304661083318521,1154
1653,3.306661483490021,1146
1654,3.3086618836615216,1146
1655,3.3106622838330217,1157
1656,3.312662684004522,1169
1657,3.3146630841760225,1169
1658,3.3166634843475227,1157
1659,3.3186638845190233,1145
1660,3.3206642846905234,1147
1661,3.3226646848620236,1158
1662,3.324665085033524,1162
1663,3.3266654852050244,1154
1664,3.3286658853765245,1143
1665,3.330666285548025,1142
1666,3.3326666857195253,1154
1667,3.3346670858910255,1172
1668,3.336667486062526,1185
1669,3.338667886234026,1185
1670,3.3406682864055264,1178
1671,3.342668686577027,1171
1672,3.344669086748527,1172
1673,3.3466694869200273,1176
1674,3.348669887091528,1178
1675,3.350670287263028,1174
1676,3.3526706874345282,1168
1677,3.354671087606029,1167
1678,3.356671487777529,1171
1679,3.358671887949029,1173
1680,3.3606722881205298,1175
1681,3.36267268829203,1174
1682,3.3646730884635305,1169
1683,3.3666734886350307,1167
1684,3.368673888806531,1170
1685,3.3706742889780315,1166
1686,3.3726746891495316,1151
1687,3.3746750893210318,1140
1688,3.3766754894925324,1144
1689,3.3786758896640325,1153
1690,3.3806762898355327,1158
1691,3.3826766900070333,1159
1692,3.3846770901785335,1159
1693,3.3866774903500336,1161
1694,3.3886778905215342,1168
1695,3.3906782906930344,1178
1696,3.3926786908645346,1187
1697,3.394679091036035,1194
1698,3.3966794912075353,1189
1699,3.3986798913790355,1175
1700,3.400680291550536,1167
1701,3.4026806917220362,1168
1702,3.4046810918935364,1164
1703,3.406681492065037,1149
1704,3.408681892236537,1132
1705,3.4106822924080378,1131
1706,3.412682692579538,1152
1707,3.414683092751038,1176
1708,3.4166834929225387,1183
1709,3.418683893094039,1170
1710,3.420684293265539,1151
1711,3.4226846934370396,1145
1712,3.42468509360854,1155
1713,3.42668549378004,1171
1714,3.4286858939515406,1178
1715,3.4306862941230407,1169
1716,3.432686694294541,1148
1717,3.4346870944660415,1130
1718,3.4366874946375416,1124
1719,3.438687894809042,1132
1720,3.4406882949805424,1146
1721,3.4426886951520426,1160
1722,3.4446890953235427,1166
1723,3.4466894954950433,1165
1724,3.4486898956665435,1170
1725,3.4506902958380437,1181
1726,3.4526906960095443,1187
1727,3.4546910961810444,1182
1728,3.456691496352545,1171
1729,3.458691896524045,1167
1730,3.4606922966955453,1171
1731,3.462692696867046,1177
1732,3.464693097038546,1178
1733,3.4666934972100463,1177
1734,3.468693897381547,1175
1735,3.470694297553047,1165
1736,3.472694697724547,1148
1737,3.474695097896048,1134
1738,3.476695498067548,1134
1739,3.478695898239048,1144
1740,3.4806962984105487,1153
1741,3.482696698582049,1153
1742,3.484697098753549,1144
1743,3.4866974989250497,1131
1744,3.48869789909655,1121
1745,3.49069829926805,1122
1746,3.4926986994395506,1132
1747,3.4946990996110507,1137
1748,3.4966994997825513,1132
1749,3.4986998999540515,1122
1750,3.5007003001255517,1116
1751,3.5027007002970523,1117
1752,3.5047011004685524,1131
1753,3.5067015006400526,1153
1754,3.508701900811553,1162
1755,3.5107023009830534,1148
1756,3.5127027011545535,1131
1757,3.514703101326054,1136
1758,3.5167035014975543,1161
1759,3.5187039016690544,1183
1760,3.520704301840555,1188
1761,3.522704702012055,1186
1762,3.5247051021835554,1191
1763,3.526705502355056,1204
1764,3.528705902526556,1212
1765,3.5307063026980563,1199
1766,3.532706702869557,1170
1767,3.534707103041057,1149
1768,3.5367075032125572,1152
1769,3.538707903384058,1165
1770,3.540708303555558,1166
1771,3.5427087037270586,1158
1772,3.5447091038985588,1155
1773,3.546709504070059,1158
1774,3.5487099042415595,1162
1775,3.5507103044130597,1167
1776,3.55271070458456,1174
1777,3.5547111047560604,1180
1778,3.5567115049275606,1181
1779,3.5587119050990608,1176
1780,3.5607123052705614,1165
1781,3.5627127054420615,1155
1782,3.5647131056135617,1149
1783,3.5667135057850623,1146
1784,3.5687139059565625,1150
1785,3.5707143061280626,1158
1786,3.5727147062995632,1159
1787,3.5747151064710634,1152
1788,3.5767155066425635,1150
1789,3.578715906814064,1160
1790,3.5807163069855643,1171
1791,3.5827167071570645,1168
1792,3.584717107328565,1150
1793,3.5867175075000652,1138
1794,3.588717907671566,1142
1795,3.590718307843066,1156
1796,3.592718708014566,1168
1797,3.5947191081860668,1172
1798,3.596719508357567,1170
1799,3.598719908529067,1164
1800,3.6007203087005677,1156
1801,3.602720708872068,1147
1802,3.604721109043568,1134
1803,3.6067215092150686,1123
1804,3.608721909386569,1127
1805,3.610722309558069,1146
1806,3.6127227097295695,1159
1807,3.6147231099010697,1157
1808,3.61672351007257,1153
1809,3.6187239102440705,1158
1810,3.6207243104155706,1166
1811,3.622724710587071,1165
1812,3.6247251107585714,1160
1813,3.6267255109300716,1154
1814,3.6287259111015717,1150
1815,3.6307263112730723,1151
1816,3.6327267114445725,1149
1817,3.634727111616073,1133
1818,3.6367275117875733,1114
1819,3.6387279119590734,1109
1820,3.640728312130574,1121
1821,3.642728712302074,1135
1822,3.6447291124735743,1142
1823,3.646729512645075,1143
1824,3.648729912816575,1141
1825,3.6507303129880753,1134
1826,3.652730713159576,1123
1827,3.654731113331076,1118
1828,3.656731513502576,1123
1829,3.658731913674077,1134
1830,3.660732313845577,1141
1831,3.662732714017077,1138
1832,3.6647331141885777,1128
1833,3.666733514360078,1122
1834,3.668733914531578,1131
1835,3.6707343147030786,1149
1836,3.672734714874579,1163
1837,3.674735115046079,1161
1838,3.6767355152175796,1148
1839,3.6787359153890797,1132
1840,3.6807363155605803,1121
1841,3.6827367157320805,1116
1842,3.6847371159035807,1115
1843,3.6867375160750813,1115
1844,3.6887379162465814,1116
1845,3.6907383164180816,1122
1846,3.692738716589582,1129
1847,3.6947391167610824,1131
1848,3.6967395169325825,1130
1849,3.698739917104083,1130
1850,3.7007403172755833,1133
1851,3.7027407174470834,1137
1852,3.704741117618584,1139
1853,3.706741517790084,1138
1854,3.7087419179615844,1133
1855,3.710742318133085,1122
1856,3.712742718304585,1113
1857,3.7147431184760853,1117
1858,3.716743518647586,1136
1859,3.718743918819086,1151
1860,3.720744318990586,1152
1861,3.722744719162087,1146
1862,3.724745119333587,1141
1863,3.7267455195050876,1143
1864,3.7287459196765878,1160
1865,3.730746319848088,1193
1866,3.7327467200195885,1226
1867,3.7347471201910887,1236
1868,3.736747520362589,1224
1869,3.7387479205340894,1213
1870,3.7407483207055896,1216
1871,3.7427487208770898,1224
1872,3.7447491210485904,1222
1873,3.7467495212200905,1209
1874,3.7487499213915907,1191
1875,3.7507503215630913,1171
1876,3.7527507217345915,1153
1877,3.7547511219060916,1146
1878,3.756751522077592,1151
1879,3.7587519222490924,1158
1880,3.7607523224205925,1160
1881,3.762752722592093,1159
1882,3.7647531227635933,1159
1883,3.766753522935094,1159
1884,3.768753923106594,1157
1885,3.7707543232780942,1155
1886,3.772754723449595,1150
1887,3.774755123621095,1148
1888,3.776755523792595,1157
1889,3.7787559239640958,1174
1890,3.780756324135596,1189
1891,3.782756724307096,1193
1892,3.7847571244785967,1193
1893,3.786757524650097,1194
1894,3.788757924821597,1194
1895,3.7907583249930976,1193
1896,3.7927587251645978,1191
1897,3.794759125336098,1187
1898,3.7967595255075985,1179
1899,3.7987599256790987,1168
1900,3.800760325850599,1159
1901,3.8027607260220995,1157
1902,3.8047611261935996,1164
1903,3.8067615263651,1174
1904,3.8087619265366004,1183
1905,3.8107623267081006,1189
1906,3.812762726879601,1187
1907,3.8147631270511013,1179
1908,3.8167635272226015,1172
1909,3.818763927394102,1167
1910,3.8207643275656022,1162
1911,3.8227647277371024,1158
1912,3.824765127908603,1161
1913,3.826765528080103,1172
1914,3.8287659282516033,1181
1915,3.830766328423104,1178
1916,3.832766728594604,1166
1917,3.8347671287661043,1156
1918,3.836767528937605,1156
1919,3.838767929109105,1168
1920,3.840768329280605,1182
1921,3.842768729452106,1193
1922,3.844769129623606,1196
1923,3.846769529795106,1188
1924,3.8487699299666067,1174
1925,3.850770330138107,1169
1926,3.852770730309607,1177
1927,3.8547711304811076,1190
1928,3.856771530652608,1196
1929,3.8587719308241084,1192
1930,3.8607723309956086,1181
1931,3.8627727311671087,1170
1932,3.8647731313386093,1164
1933,3.8667735315101095,1160
1934,3.8687739316816097,1158
1935,3.8707743318531103,1153
1936,3.8727747320246104,1142
1937,3.8747751321961106,1130
1938,3.876775532367611,1135
1939,3.8787759325391113,1154
1940,3.8807763327106115,1166
1941,3.882776732882112,1162
1942,3.8847771330536123,1152
1943,3.8867775332251124,1147
1944,3.888777933396613,1145
1945,3.890778333568113,1144
1946,3.8927787337396134,1149
1947,3.894779133911114,1157
1948,3.896779534082614,1158
1949,3.8987799342541143,1147
1950,3.900780334425615,1135
1951,3.902780734597115,1130
1952,3.9047811347686157,1136
1953,3.906781534940116,1146
1954,3.908781935111616,1152
1955,3.9107823352831166,1150
1956,3.9127827354546167,1146
1957,3.914783135626117,1146
1958,3.9167835357976175,1148
1959,3.9187839359691177,1148
1960,3.920784336140618,1146
1961,3.9227847363121184,1146
1962,3.9247851364836186,1152
1963,3.9267855366551188,1164
1964,3.9287859368266194,1176
1965,3.9307863369981195,1180
1966,3.9327867371696197,1172
1967,3.9347871373411203,1159
1968,3.9367875375126204,1150
1969,3.9387879376841206,1147
1970,3.940788337855621,1149
1971,3.9427887380271214,1149
1972,3.9447891381986215,1144
1973,3.946789538370122,1145
1974,3.9487899385416223,1160
1975,3.950790338713123,1174
1976,3.952790738884623,1172
1977,3.9547911390561232,1165
1978,3.956791539227624,1171
1979,3.958791939399124,1185
1980,3.960792339570624,1184
1981,3.9627927397421248,1165
1982,3.964793139913625,1146
1983,3.966793540085125,1145
1984,3.9687939402566257,1154
1985,3.970794340428126,1156
1986,3.972794740599626,1148
1987,3.9747951407711266,1144
1988,3.9767955409426268,1150
1989,3.978795941114127,1159
1990,3.9807963412856275,1167
1991,3.9827967414571277,1170
1992,3.984797141628628,1167
1993,3.9867975418001285,1160
1994,3.9887979419716286,1157
1995,3.990798342143129,1157
1996,3.9927987423146294,1151
1997,3.9947991424861296,1142
1998,3.99679954265763,1140
1999,3.9987999428291303,1148
2000,4.0008003430006305,1158
2001,4.002800743172131,1163
2002,4.004801143343631,1159
2003,4.006801543515132,1150
2004,4.008801943686632,1145
2005,4.010802343858132,1148
2006,4.012802744029632,1150
2007,4.0148031442011325,1146
2008,4.0168035443726335,1138
2009,4.018803944544134,1132
2010,4.020804344715634,1137
2011,4.022804744887134,1153
2012,4.024805145058634,1167
2013,4.026805545230134,1171
2014,4.028805945401635,1170
2015,4.0308063455731356,1170
2016,4.032806745744636,1168
2017,4.034807145916136,1161
2018,4.036807546087636,1155
2019,4.038807946259136,1151
2020,4.040808346430637,1147
2021,4.042808746602137,1141
2022,4.044809146773638,1135
2023,4.046809546945138,1134
2024,4.048809947116638,1137
2025,4.050810347288138,1145
2026,4.052810747459639,1147
2027,4.054811147631139,1141
2028,4.056811547802639,1138
2029,4.05881194797414,1146
2030,4.06081234814564,1155
2031,4.062812748317141,1150
2032,4.064813148488641,1139
2033,4.066813548660141,1135
2034,4.068813948831641,1137
2035,4.070814349003141,1142
2036,4.072814749174642,1151
2037,4.074815149346143,1161
2038,4.076815549517643,1162
2039,4.078815949689143,1149
2040,4.080816349860643,1133
2041,4.082816750032143,1120
2042,4.084817150203643,1113
2043,4.0868175503751445,1110
2044,4.088817950546645,1107
2045,4.090818350718145,1103
2046,4.092818750889645,1106
2047,4.094819151061145,1116
2048,4.096819551232645,1124
2049,4.098819951404146,1126
2050,4.1008203515756465,1130
2051,4.102820751747147,1140
2052,4.104821151918647,1148
2053,4.106821552090147,1148
2054,4.108821952261648,1139
2055,4.110822352433148,1125
2056,4.112822752604648,1118
2057,4.1148231527761485,1121
2058,4.116823552947649,1123
2059,4.118823953119149,1117
2060,4.12082435329065,1110
2061,4.12282475346215,1108
2062,4.12482515363365,1108
2063,4.12682555380515,1109
2064,4.1288259539766505,1107
2065,4.130826354148151,1106
2066,4.132826754319652,1110
2067,4.134827154491152,1115
2068,4.136827554662652,1119
2069,4.138827954834152,1123
2070,4.140828355005652,1134
2071,4.1428287551771525,1144
2072,4.144829155348654,1144
2073,4.146829555520154,1133
2074,4.148829955691654,1119
2075,4.150830355863154,1115
2076,4.152830756034654,1125
2077,4.154831156206155,1134
2078,4.1568315563776554,1130
2079,4.158831956549156,1125
2080,4.160832356720656,1130
2081,4.162832756892156,1135
2082,4.164833157063656,1135
2083,4.166833557235157,1137
2084,4.168833957406657,1145
2085,4.1708343575781575,1151
2086,4.172834757749658,1149
2087,4.174835157921158,1146
2088,4.176835558092658,1148
2089,4.178835958264159,1149
2090,4.180836358435659,1143
2091,4.182836758607159,1131
2092,4.1848371587786595,1121
2093,4.18683755895016,1120
2094,4.18883795912166,1122
2095,4.190838359293161,1125
2096,4.192838759464661,1129
2097,4.194839159636161,1138
2098,4.196839559807661,1153
2099,4.1988399599791615,1162
2100,4.2008403601506625,1160
2101,4.202840760322163,1156
2102,4.204841160493663,1159
2103,4.206841560665163,1164
2104,4.208841960836663,1162
2105,4.210842361008163,1154
2106,4.212842761179664,1144
2107,4.2148431613511645,1130
2108,4.216843561522665,1113
2109,4.218843961694165,1103
2110,4.220844361865665,1109
2111,4.222844762037165,1129
2112,4.224845162208666,1148
2113,4.226845562380166,1156
2114,4.228845962551667,1156
2115,4.230846362723167,1154
2116,4.232846762894667,1154
2117,4.234847163066167,1159
2118,4.236847563237668,1165
2119,4.238847963409168,1161
2120,4.240848363580668,1151
2121,4.242848763752169,1147
2122,4.244849163923669,1155
2123,4.24684956409517,1163
2124,4.24884996426667,1162
2125,4.25085036443817,1155
2126,4.25285076460967,1150
2127,4.25485116478117,1153
2128,4.256851564952671,1164
2129,4.258851965124172,1171
2130,4.260852365295672,1161
2131,4.262852765467172,1138
2132,4.264853165638672,1121
2133,4.266853565810172,1129
2134,4.268853965981672,1157
2135,4.2708543661531735,1186
2136,4.272854766324674,1202
2137,4.274855166496174,1207
2138,4.276855566667674,1205
2139,4.278855966839174,1203
2140,4.280856367010674,1205
2141,4.282856767182175,1210
2142,4.2848571673536755,1205
2143,4.286857567525176,1185
2144,4.288857967696676,1156
2145,4.290858367868176,1129
2146,4.292858768039677,1120
2147,4.294859168211177,1132
2148,4.296859568382677,1150
2149,4.2988599685541775,1163
2150,4.300860368725678,1171
2151,4.302860768897178,1181
2152,4.304861169068679,1188
2153,4.306861569240179,1183
2154,4.308861969411679,1171
2155,4.310862369583179,1162
2156,4.3128627697546795,1158
2157,4.31486316992618,1152
2158,4.316863570097681,1142
2159,4.318863970269181,1137
2160,4.320864370440681,1135
2161,4.322864770612181,1130
2162,4.324865170783681,1136
2163,4.3268655709551815,1158
2164,4.328865971126683,1176
2165,4.330866371298183,1168
2166,4.332866771469683,1149
2167,4.334867171641183,1139
2168,4.336867571812683,1139
2169,4.338867971984184,1137
2170,4.340868372155684,1132
2171,4.342868772327185,1129
2172,4.344869172498685,1133
2173,4.346869572670185,1140
2174,4.348869972841685,1143
2175,4.350870373013186,1142
2176,4.352870773184686,1142
2177,4.3548711733561865,1142
2178,4.356871573527687,1136
2179,4.358871973699187,1128
2180,4.360872373870687,1122
2181,4.362872774042188,1116
2182,4.364873174213688,1108
2183,4.366873574385188,1101
2184,4.3688739745566885,1103
2185,4.370874374728189,1111
2186,4.372874774899689,1121
2187,4.37487517507119,1126
2188,4.37687557524269,1126
2189,4.37887597541419,1121
2190,4.38087637558569,1111
2191,4.3828767757571905,1101
2192,4.3848771759286915,1101
2193,4.386877576100192,1113
2194,4.388877976271692,1130
2195,4.390878376443192,1143
2196,4.392878776614692,1144
2197,4.394879176786192,1138
2198,4.396879576957693,1129
2199,4.3988799771291935,1117
2200,4.400880377300694,1106
2201,4.402880777472194,1102
2202,4.404881177643694,1105
2203,4.406881577815194,1108
2204,4.408881977986695,1105
2205,4.410882378158195,1101
2206,4.4128827783296956,1103
2207,4.414883178501196,1111
2208,4.416883578672696,1117
2209,4.418883978844196,1119
2210,4.420884379015697,1121
2211,4.422884779187197,1123
2212,4.424885179358697,1125
2213,4.426885579530198,1128
2214,4.428885979701698,1131
2215,4.430886379873199,1126
2216,4.432886780044699,1114
2217,4.434887180216199,1105
2218,4.436887580387699,1109
2219,4.438887980559199,1123
2220,4.4408883807307,1137
2221,4.442888780902201,1144
2222,4.444889181073701,1141
2223,4.446889581245201,1128
2224,4.448889981416701,1111
2225,4.450890381588201,1098
2226,4.452890781759701,1098
2227,4.4548911819312025,1106
2228,4.456891582102703,1115
2229,4.458891982274203,1116
2230,4.460892382445703,1109
2231,4.462892782617203,1109
2232,4.464893182788703,1121
2233,4.466893582960204,1131
2234,4.4688939831317045,1126
2235,4.470894383303205,1118
2236,4.472894783474705,1122
2237,4.474895183646205,1134
2238,4.476895583817706,1138
2239,4.478895983989206,1132
2240,4.480896384160706,1123
2241,4.4828967843322065,1119
2242,4.484897184503707,1117
2243,4.486897584675207,1117
2244,4.488897984846708,1125
2245,4.490898385018208,1132
2246,4.492898785189708,1128
2247,4.494899185361208,1116
2248,4.4968995855327085,1107
2249,4.498899985704209,1105
2250,4.50090038587571,1110
2251,4.50290078604721,1116
2252,4.50490118621871,1117
2253,4.50690158639021,1114
2254,4.50890198656171,1108
2255,4.5109023867332105,1104
2256,4.512902786904712,1110
2257,4.514903187076212,1124
2258,4.516903587247712,1133
2259,4.518903987419212,1126
2260,4.520904387590712,1108
2261,4.522904787762213,1095
2262,4.524905187933713,1097
2263,4.526905588105214,1107
2264,4.528905988276714,1117
2265,4.530906388448214,1120
2266,4.532906788619714,1117
2267,4.534907188791215,1114
2268,4.536907588962715,1122
2269,4.5389079891342154,1138
2270,4.540908389305716,1149
2271,4.542908789477216,1147
2272,4.544909189648716,1136
2273,4.546909589820217,1125
2274,4.548909989991717,1123
2275,4.550910390163217,1134
2276,4.5529107903347175,1142
2277,4.554911190506218,1133
2278,4.556911590677719,1115
2279,4.558911990849219,1109
2280,4.560912391020719,1117
2281,4.562912791192219,1123
2282,4.564913191363719,1118
2283,4.5669135915352195,1110
2284,4.5689139917067205,1110
2285,4.570914391878221,1118
2286,4.572914792049721,1117
2287,4.574915192221221,1108
2288,4.576915592392721,1108
2289,4.578915992564221,1129
2290,4.580916392735722,1150
2291,4.5829167929072225,1155
2292,4.584917193078723,1147
2293,4.586917593250223,1143
2294,4.588917993421723,1145
2295,4.590918393593223,1145
2296,4.592918793764724,1140
2297,4.594919193936224,1136
2298,4.5969195941077245,1136
2299,4.598919994279225,1136
2300,4.600920394450725,1133
2301,4.602920794622226,1129
2302,4.604921194793726,1129
2303,4.606921594965226,1133
2304,4.608921995136726,1138
2305,4.610922395308227,1139
2306,4.612922795479727,1133
2307,4.614923195651228,1122
2308,4.616923595822728,1109
2309,4.618923995994228,1100
2310,4.620924396165728,1097
2311,4.622924796337228,1096
2312,4.624925196508729,1093
2313,4.62692559668023,1096
2314,4.62892599685173,1106
2315,4.63092639702323,1113
2316,4.63292679719473,1118
2317,4.63492719736623,1129
2318,4.63692759753773,1148
2319,4.6389279977092315,1164
2320,4.640928397880732,1162
2321,4.642928798052232,1145
2322,4.644929198223732,1131
2323,4.646929598395232,1129
2324,4.648929998566733,1129
2325,4.650930398738233,1119
2326,4.6529307989097335,1105
2327,4.654931199081234,1096
2328,4.656931599252734,1092
2329,4.658931999424234,1093
2330,4.660932399595735,1099
2331,4.662932799767235,1107
2332,4.664933199938735,1114
2333,4.6669336001102355,1116
2334,4.668934000281736,1121
2335,4.670934400453236,1134
2336,4.672934800624737,1153
2337,4.674935200796237,1168
2338,4.676935600967737,1168
2339,4.678936001139237,1154
2340,4.6809364013107375,1138
2341,4.682936801482238,1134
2342,4.684937201653739,1149
2343,4.686937601825239,1168
2344,4.688938001996739,1173
2345,4.690938402168239,1161
2346,4.692938802339739,1147
2347,4.69493920251124,1145
2348,4.696939602682741,1155
2349,4.698940002854241,1165
2350,4.700940403025741,1162
2351,4.702940803197241,1153
2352,4.704941203368741,1152
2353,4.706941603540242,1155
2354,4.708942003711742,1149
2355,4.710942403883243,1133
2356,4.712942804054743,1117
2357,4.714943204226243,1107
2358,4.716943604397743,1107
2359,4.718944004569244,1114
2360,4.720944404740744,1125
2361,4.722944804912244,1134
2362,4.724945205083745,1143
2363,4.726945605255245,1151
2364,4.728946005426745,1151
2365,4.730946405598246,1146
2366,4.732946805769746,1149
2367,4.734947205941246,1157
2368,4.7369476061127465,1161
2369,4.738948006284247,1155
2370,4.740948406455748,1143
2371,4.742948806627248,1137
2372,4.744949206798748,1141
2373,4.746949606970248,1149
2374,4.748950007141748,1154
2375,4.7509504073132485,1153
2376,4.7529508074847495,1149
2377,4.75495120765625,1142
2378,4.75695160782775,1139
2379,4.75895200799925,1149
2380,4.76095240817075,1169
2381,4.76295280834225,1183
2382,4.764953208513751,1184
2383,4.7669536086852515,1175
2384,4.768954008856752,1163
2385,4.770954409028252,1149
2386,4.772954809199752,1138
2387,4.774955209371252,1139
2388,4.776955609542753,1151
2389,4.778956009714253,1161
2390,4.7809564098857535,1159
2391,4.782956810057254,1147
2392,4.784957210228754,1137
2393,4.786957610400255,1139
2394,4.788958010571755,1153
2395,4.790958410743255,1167
2396,4.792958810914755,1171
2397,4.794959211086256,1163
2398,4.796959611257756,1145
2399,4.798960011429257,1124
2400,4.800960411600757,1114
2401,4.802960811772257,1113
2402,4.804961211943757,1112
2403,4.806961612115257,1107
2404,4.808962012286758,1108
2405,4.810962412458259,1119
2406,4.812962812629759,1127
2407,4.814963212801259,1129
2408,4.816963612972759,1128
2409,4.818964013144259,1128
2410,4.820964413315759,1123
2411,4.8229648134872605,1110
2412,4.824965213658761,1096
2413,4.826965613830261,1089
2414,4.828966014001761,1089
2415,4.830966414173261,1088
2416,4.832966814344762,1085
2417,4.834967214516262,1085
2418,4.8369676146877625,1094
2419,4.838968014859263,1109
2420,4.840968415030763,1119
2421,4.842968815202263,1118
2422,4.844969215373764,1116
2423,4.846969615545264,1127
2424,4.848970015716764,1147
2425,4.8509704158882645,1160
2426,4.852970816059765,1164
2427,4.854971216231265,1156
2428,4.856971616402766,1134
2429,4.858972016574266,1111
2430,4.860972416745766,1104
2431,4.862972816917266,1114
2432,4.8649732170887665,1122
2433,4.866973617260267,1119
2434,4.868974017431768,1108
2435,4.870974417603268,1101
2436,4.872974817774768,1101
2437,4.874975217946268,1106
2438,4.876975618117768,1112
2439,4.878976018289269,1118
2440,4.88097641846077,1130
2441,4.88297681863227,1146
2442,4.88497721880377,1152
2443,4.88697761897527,1147
2444,4.88897801914677,1141
2445,4.890978419318271,1141
2446,4.892978819489771,1143
2447,4.894979219661272,1148
2448,4.896979619832772,1155
2449,4.898980020004272,1153
2450,4.900980420175772,1136
2451,4.902980820347273,1118
2452,4.904981220518773,1116
2453,4.906981620690273,1131
2454,4.908982020861774,1138
2455,4.910982421033274,1124
2456,4.912982821204774,1109
2457,4.914983221376275,1113
2458,4.916983621547775,1125
2459,4.918984021719275,1130
2460,4.9209844218907755,1129
2461,4.922984822062276,1130
2462,4.924985222233777,1127
2463,4.926985622405277,1116
2464,4.928986022576777,1107
2465,4.930986422748277,1109
2466,4.932986822919777,1113
2467,4.9349872230912775,1106
2468,4.9369876232627785,1093
2469,4.938988023434279,1086
2470,4.940988423605779,1087
2471,4.942988823777279,1085
2472,4.944989223948779,1084
2473,4.946989624120279,1092
2474,4.94899002429178,1101
2475,4.9509904244632805,1107
2476,4.952990824634781,1111
2477,4.954991224806281,1116
2478,4.956991624977781,1120
2479,4.958992025149281,1119
2480,4.960992425320782,1114
2481,4.962992825492282,1106
2482,4.9649932256637825,1100
2483,4.966993625835283,1100
2484,4.968994026006783,1104
2485,4.970994426178284,1105
2486,4.972994826349784,1101
2487,4.974995226521284,1099
2488,4.976995626692784,1105
2489,4.9789960268642846,1113
2490,4.980996427035785,1118
2491,4.982996827207286,1120
2492,4.984997227378786,1120
2493,4.986997627550286,1114
2494,4.988998027721786,1106
2495,4.990998427893286,1107
2496,4.992998828064787,1118
2497,4.994999228236288,1125
2498,4.996999628407788,1124
2499,4.999000028579288,1120
2500,5.001000428750788,1116
2501,5.003000828922288,1110
2502,5.005001229093788,1106
2503,5.0070016292652895,1107
2504,5.00900202943679,1113
2505,5.01100242960829,1115
2506,5.01300282977979,1115
2507,5.01500322995129,1116
2508,5.017003630122791,1114
2509,5.019004030294291,1107
2510,5.0210044304657915,1100
2511,5.023004830637292,1101
2512,5.025005230808792,1110
2513,5.027005630980292,1113
2514,5.029006031151793,1104
2515,5.031006431323293,1093
2516,5.033006831494793,1098
2517,5.0350072316662935,1116
2518,5.037007631837794,1129
2519,5.039008032009294,1126
2520,5.041008432180795,1116
2521,5.043008832352295,1112
2522,5.045009232523795,1111
2523,5.047009632695295,1103
2524,5.0490100328667955,1094
2525,5.051010433038296,1089
2526,5.053010833209797,1088
2527,5.055011233381297,1092
2528,5.057011633552797,1103
2529,5.059012033724297,1118
2530,5.061012433895797,1130
2531,5.063012834067298,1134
2532,5.065013234238799,1137
2533,5.067013634410299,1143
2534,5.069014034581799,1146
2535,5.071014434753299,1138
2536,5.073014834924799,1123
2537,5.0750152350963,1111
2538,5.0770156352678,1100
2539,5.079016035439301,1090
2540,5.081016435610801,1086
2541,5.083016835782301,1092
2542,5.085017235953801,1105
2543,5.087017636125302,1120
2544,5.089018036296802,1132
2545,5.091018436468302,1136
2546,5.093018836639803,1128
2547,5.095019236811303,1116
2548,5.097019636982803,1117
2549,5.099020037154304,1131
2550,5.101020437325804,1147
2551,5.103020837497304,1154
2552,5.1050212376688044,1150
2553,5.107021637840305,1139
2554,5.109022038011806,1127
2555,5.111022438183306,1120
2556,5.113022838354806,1122
2557,5.115023238526306,1130
2558,5.117023638697806,1137
2559,5.1190240388693065,1135
2560,5.1210244390408075,1124
2561,5.123024839212308,1112
2562,5.125025239383808,1106
2563,5.127025639555308,1105
2564,5.129026039726808,1100
2565,5.131026439898308,1093
2566,5.133026840069809,1090
2567,5.1350272402413095,1094
2568,5.13702764041281,1107
2569,5.13902804058431,1123
2570,5.14102844075581,1132
2571,5.143028840927311,1132
2572,5.145029241098811,1130
2573,5.147029641270311,1137
2574,5.1490300414418115,1148
2575,5.151030441613312,1150
2576,5.153030841784812,1143
2577,5.155031241956313,1134
2578,5.157031642127813,1126
2579,5.159032042299313,1117
2580,5.161032442470813,1112
2581,5.1630328426423135,1113
2582,5.165033242813814,1117
2583,5.167033642985315,1117
2584,5.169034043156815,1112
2585,5.171034443328315,1104
2586,5.173034843499815,1104
2587,5.175035243671315,1114
2588,5.177035643842816,1128
2589,5.179036044014317,1135
2590,5.181036444185817,1127
2591,5.183036844357317,1113
2592,5.185037244528817,1102
2593,5.187037644700317,1102
2594,5.189038044871818,1112
2595,5.1910384450433185,1124
2596,5.193038845214819,1128
2597,5.195039245386319,1125
2598,5.197039645557819,1125
2599,5.199040045729319,1130
2600,5.20104044590082,1134
2601,5.20304084607232,1131
2602,5.2050412462438205,1125
2603,5.207041646415321,1124
2604,5.209042046586821,1127
2605,5.211042446758321,1133
2606,5.213042846929822,1137
2607,5.215043247101322,1134
2608,5.217043647272822,1121
2609,5.2190440474443225,1112
2610,5.221044447615823,1118
2611,5.223044847787323,1134
2612,5.225045247958824,1145
2613,5.227045648130324,1145
2614,5.229046048301824,1143
2615,5.231046448473324,1147
2616,5.2330468486448245,1150
2617,5.2350472488163255,1144
2618,5.237047648987826,1136
2619,5.239048049159326,1136
2620,5.241048449330826,1142
2621,5.243048849502326,1148
2622,5.245049249673826,1150
2623,5.247049649845327,1147
2624,5.249050050016828,1142
2625,5.251050450188328,1138
2626,5.253050850359828,1132
2627,5.255051250531328,1126
2628,5.257051650702828,1123
2629,5.259052050874329,1127
2630,5.261052451045829,1134
2631,5.26305285121733,1132
2632,5.26505325138883,1123
2633,5.26705365156033,1111
2634,5.26905405173183,1102
2635,5.271054451903331,1103
2636,5.273054852074831,1118
2637,5.275055252246331,1132
2638,5.277055652417832,1129
2639,5.279056052589332,1112
2640,5.281056452760833,1099
2641,5.283056852932333,1106
2642,5.285057253103833,1127
2643,5.287057653275333,1146
2644,5.289058053446833,1148
2645,5.291058453618334,1137
2646,5.293058853789835,1128
2647,5.295059253961335,1127
2648,5.297059654132835,1127
2649,5.299060054304335,1125
2650,5.301060454475835,1121
2651,5.3030608546473355,1120
2652,5.3050612548188365,1129
2653,5.307061654990337,1147
2654,5.309062055161837,1160
2655,5.311062455333337,1158
2656,5.313062855504837,1148
2657,5.315063255676337,1140
2658,5.317063655847838,1141
2659,5.3190640560193385,1148
2660,5.321064456190839,1153
2661,5.323064856362339,1151
2662,5.325065256533839,1145
2663,5.32706565670534,1143
2664,5.32906605687684,1146
2665,5.33106645704834,1151
2666,5.3330668572198405,1154
2667,5.335067257391341,1157
2668,5.337067657562841,1160
2669,5.339068057734342,1161
2670,5.341068457905842,1159
2671,5.343068858077342,1155
2672,5.345069258248842,1155
2673,5.3470696584203425,1155
2674,5.349070058591843,1150
2675,5.351070458763344,1143
2676,5.353070858934844,1142
2677,5.355071259106344,1152
2678,5.357071659277844,1165
2679,5.359072059449344,1173
2680,5.3610724596208446,1175
2681,5.363072859792346,1171
2682,5.365073259963846,1161
2683,5.367073660135346,1152
2684,5.369074060306846,1148
2685,5.371074460478346,1147
2686,5.373074860649847,1148
2687,5.3750752608213475,1152
2688,5.377075660992848,1160
2689,5.379076061164348,1158
2690,5.381076461335848,1141
2691,5.383076861507348,1125
2692,5.385077261678849,1127
2693,5.387077661850349,1141
2694,5.3890780620218495,1149
2695,5.39107846219335,1141
2696,5.39307886236485,1129
2697,5.39507926253635,1126
2698,5.397079662707851,1132
2699,5.399080062879351,1137
2700,5.401080463050851,1137
2701,5.4030808632223515,1129
2702,5.405081263393852,1122
2703,5.407081663565352,1124
2704,5.409082063736853,1137
2705,5.411082463908353,1154
2706,5.413082864079853,1162
2707,5.415083264251353,1161
2708,5.4170836644228535,1160
2709,5.4190840645943545,1165
2710,5.421084464765855,1173
2711,5.423084864937355,1179
2712,5.425085265108855,1185
2713,5.427085665280355,1186
2714,5.429086065451855,1178
2715,5.431086465623356,1165
2716,5.433086865794857,1157
2717,5.435087265966357,1159
2718,5.437087666137857,1169
2719,5.439088066309357,1175
2720,5.441088466480857,1167
2721,5.443088866652358,1157
2722,5.445089266823858,1156
2723,5.447089666995359,1159
2724,5.449090067166859,1160
2725,5.451090467338359,1163
2726,5.453090867509859,1173
2727,5.45509126768136,1178
2728,5.45709166785286,1169
2729,5.45909206802436,1157
2730,5.461092468195861,1158
2731,5.463092868367361,1173
2732,5.465093268538862,1186
2733,5.467093668710362,1184
2734,5.469094068881862,1173
2735,5.471094469053362,1168
2736,5.473094869224862,1166
2737,5.475095269396363,1161
2738,5.477095669567864,1159
2739,5.479096069739364,1160
2740,5.481096469910864,1157
2741,5.483096870082364,1145
2742,5.485097270253864,1132
2743,5.4870976704253644,1125
2744,5.4890980705968655,1126
2745,5.491098470768366,1136
2746,5.493098870939866,1150
2747,5.495099271111366,1159
2748,5.497099671282866,1161
2749,5.499100071454366,1162
2750,5.501100471625867,1168
2751,5.5031008717973675,1181
2752,5.505101271968868,1192
2753,5.507101672140368,1187
2754,5.509102072311868,1173
2755,5.511102472483369,1164
2756,5.513102872654869,1168
2757,5.515103272826369,1178
2758,5.5171036729978695,1183
2759,5.51910407316937,1180
2760,5.52110447334087,1174
2761,5.523104873512371,1167
2762,5.525105273683871,1159
2763,5.527105673855371,1155
2764,5.529106074026871,1163
2765,5.5311064741983715,1176
2766,5.533106874369872,1182
2767,5.535107274541373,1177
2768,5.537107674712873,1168
2769,5.539108074884373,1162
2770,5.541108475055873,1166
2771,5.543108875227373,1181
2772,5.5451092753988735,1196
2773,5.547109675570375,1201
2774,5.549110075741875,1200
2775,5.551110475913375,1196
2776,5.553110876084875,1190
2777,5.555111276256375,1186
2778,5.557111676427876,1187
2779,5.5591120765993765,1195
2780,5.561112476770877,1202
2781,5.563112876942377,1198
2782,5.565113277113877,1188
2783,5.567113677285377,1183
2784,5.569114077456878,1182
2785,5.571114477628378,1179
2786,5.5731148777998785,1174
2787,5.575115277971379,1167
2788,5.577115678142879,1162
2789,5.579116078314379,1162
2790,5.58111647848588,1165
2791,5.58311687865738,1167
2792,5.58511727882888,1169
2793,5.5871176790003805,1168
2794,5.589118079171881,1160
2795,5.591118479343381,1152
2796,5.593118879514882,1147
2797,5.595119279686382,1141
2798,5.597119679857882,1130
2799,5.599120080029382,1114
2800,5.6011204802008825,1105
2801,5.6031208803723835,1109
2802,5.605121280543884,1119
2803,5.607121680715384,1125
2804,5.609122080886884,1131
2805,5.611122481058384,1143
2806,5.613122881229884,1155
2807,5.615123281401385,1155
2808,5.6171236815728856,1146
2809,5.619124081744386,1144
2810,5.621124481915886,1155
2811,5.623124882087386,1170
2812,5.625125282258886,1175
2813,5.627125682430387,1171
2814,5.629126082601887,1167
2815,5.631126482773388,1168
2816,5.633126882944888,1171
2817,5.635127283116388,1172
2818,5.637127683287888,1174
2819,5.639128083459389,1172
2820,5.641128483630889,1161
2821,5.643128883802389,1147
2822,5.64512928397389,1139
2823,5.64712968414539,1138
2824,5.649130084316891,1135
2825,5.651130484488391,1131
2826,5.653130884659891,1136
2827,5.655131284831391,1155
2828,5.657131685002891,1177
2829,5.659132085174392,1185
2830,5.661132485345893,1174
2831,5.663132885517393,1162
2832,5.665133285688893,1168
2833,5.667133685860393,1185
2834,5.669134086031893,1189
2835,5.671134486203393,1173
2836,5.6731348863748945,1156
2837,5.675135286546395,1150
2838,5.677135686717895,1156
2839,5.679136086889395,1167
2840,5.681136487060895,1174
2841,5.683136887232395,1172
2842,5.685137287403896,1162
2843,5.6871376875753965,1149
2844,5.689138087746897,1145
2845,5.691138487918397,1152
2846,5.693138888089897,1160
2847,5.695139288261398,1160
2848,5.697139688432898,1152
2849,5.699140088604398,1143
2850,5.7011404887758985,1132
2851,5.703140888947399,1122
2852,5.705141289118899,1122
2853,5.7071416892904,1133
2854,5.7091420894619,1146
2855,5.7111424896334,1152
2856,5.7131428898049,1153
2857,5.7151432899764005,1149
2858,5.717143690147901,1147
2859,5.719144090319402,1150
2860,5.721144490490902,1160
2861,5.723144890662402,1172
2862,5.725145290833902,1176
2863,5.727145691005402,1168
2864,5.729146091176903,1162
2865,5.731146491348404,1166
2866,5.733146891519904,1173
2867,5.735147291691404,1173
2868,5.737147691862904,1165
2869,5.739148092034404,1158
2870,5.741148492205905,1154
2871,5.7431488923774054,1152
2872,5.745149292548906,1146
2873,5.747149692720406,1134
2874,5.749150092891906,1122
2875,5.751150493063406,1115
2876,5.753150893234907,1115
2877,5.755151293406407,1124
2878,5.7571516935779075,1140
2879,5.759152093749408,1152
2880,5.761152493920908,1152
2881,5.763152894092408,1146
2882,5.765153294263909,1152
2883,5.767153694435409,1171
2884,5.769154094606909,1186
2885,5.7711544947784095,1192
2886,5.77315489494991,1194
2887,5.775155295121411,1197
2888,5.777155695292911,1191
2889,5.779156095464411,1172
2890,5.781156495635911,1152
2891,5.783156895807411,1145
2892,5.7851572959789115,1148
2893,5.7871576961504125,1155
2894,5.789158096321913,1156
2895,5.791158496493413,1152
2896,5.793158896664913,1145
2897,5.795159296836413,1140
2898,5.797159697007913,1139
2899,5.799160097179414,1143
2900,5.8011604973509145,1145
2901,5.803160897522415,1136
2902,5.805161297693915,1121
2903,5.807161697865415,1116
2904,5.809162098036915,1127
2905,5.811162498208416,1143
2906,5.813162898379916,1148
2907,5.815163298551417,1141
2908,5.817163698722917,1131
2909,5.819164098894417,1125
2910,5.821164499065918,1122
2911,5.823164899237418,1123
2912,5.825165299408918,1129
2913,5.827165699580418,1141
2914,5.829166099751919,1149
2915,5.831166499923419,1148
2916,5.83316690009492,1137
2917,5.83516730026642,1120
2918,5.83716770043792,1107
2919,5.83916810060942,1113
2920,5.84116850078092,1138
2921,5.843168900952421,1162
2922,5.845169301123922,1170
2923,5.847169701295422,1165
2924,5.849170101466922,1158
2925,5.851170501638422,1154
2926,5.853170901809922,1156
2927,5.855171301981422,1158
2928,5.8571717021529235,1156
2929,5.859172102324424,1153
2930,5.861172502495924,1156
2931,5.863172902667424,1161
2932,5.865173302838924,1162
2933,5.867173703010425,1157
2934,5.869174103181925,1150
2935,5.8711745033534255,1143
2936,5.873174903524926,1134
2937,5.875175303696426,1126
2938,5.877175703867926,1124
2939,5.879176104039427,1125
2940,5.881176504210927,1122
2941,5.883176904382427,1113
2942,5.8851773045539275,1098
2943,5.887177704725428,1083
2944,5.889178104896928,1082
2945,5.891178505068429,1095
2946,5.893178905239929,1112
2947,5.895179305411429,1123
2948,5.897179705582929,1129
2949,5.8991801057544295,1133
2950,5.90118050592593,1140
2951,5.903180906097431,1155
2952,5.905181306268931,1169
2953,5.907181706440431,1169
2954,5.909182106611931,1155
2955,5.911182506783431,1142
2956,5.913182906954932,1143
2957,5.915183307126433,1155
2958,5.917183707297933,1163
2959,5.919184107469433,1160
2960,5.921184507640933,1152
2961,5.923184907812433,1150
2962,5.925185307983934,1150
2963,5.927185708155434,1151
2964,5.929186108326935,1156
2965,5.931186508498435,1155
2966,5.933186908669935,1141
2967,5.935187308841435,1129
2968,5.937187709012936,1130
2969,5.939188109184436,1142
2970,5.9411885093559365,1147
2971,5.943188909527437,1138
2972,5.945189309698937,1125
2973,5.947189709870437,1125
2974,5.949190110041938,1141
2975,5.951190510213438,1157
2976,5.953190910384938,1161
2977,5.9551913105564385,1152
2978,5.957191710727939,1138
2979,5.95919211089944,1128
2980,5.96119251107094,1129
2981,5.96319291124244,1139
2982,5.96519331141394,1149
2983,5.96719371158544,1152
2984,5.9691941117569405,1146
2985,5.9711945119284415,1137
2986,5.973194912099942,1133
2987,5.975195312271442,1137
2988,5.977195712442942,1143
2989,5.979196112614442,1141
2990,5.981196512785942,1138
2991,5.983196912957443,1144
2992,5.9851973131289435,1150
2993,5.987197713300444,1139
2994,5.989198113471944,1117
2995,5.991198513643444,1109
2996,5.993198913814944,1119
2997,5.995199313986445,1132
2998,5.997199714157945,1138
2999,5.9992001143294456,1142
3000,6.001200514500946,1145
3001,6.003200914672446,1143
3002,6.005201314843947,1138
3003,6.007201715015447,1136
3004,6.009202115186947,1137
3005,6.011202515358447,1139
3006,6.013202915529948,1136
3007,6.015203315701448,1127
3008,6.017203715872949,1117
3009,6.019204116044449,1116
3010,6.021204516215949,1124
3011,6.023204916387449,1128
3012,6.025205316558949,1121
3013,6.02720571673045,1114
3014,6.029206116901951,1118
3015,6.031206517073451,1126
3016,6.033206917244951,1122
3017,6.035207317416451,1112
3018,6.037207717587951,1105
3019,6.039208117759451,1101
3020,6.0412085179309525,1101
3021,6.043208918102453,1105
3022,6.045209318273953,1109
3023,6.047209718445453,1110
3024,6.049210118616953,1107
3025,6.051210518788454,1101
3026,6.053210918959954,1100
3027,6.0552113191314545,1109
3028,6.057211719302955,1120
3029,6.059212119474455,1129
3030,6.061212519645955,1134
3031,6.063212919817456,1138
3032,6.065213319988956,1134
3033,6.067213720160456,1121
3034,6.0692141203319565,1107
3035,6.071214520503457,1109
3036,6.073214920674957,1124
3037,6.075215320846458,1136
3038,6.077215721017958,1133
3039,6.079216121189458,1126
3040,6.081216521360958,1129
3041,6.0832169215324585,1136
3042,6.085217321703959,1135
3043,6.08721772187546,1128
3044,6.08921812204696,1128
3045,6.09121852221846,1136
3046,6.09321892238996,1140
3047,6.09521932256146,1135
3048,6.097219722732961,1131
3049,6.099220122904462,1134
3050,6.101220523075962,1137
3051,6.103220923247462,1136
3052,6.105221323418962,1135
3053,6.107221723590462,1136
3054,6.109222123761963,1132
3055,6.111222523933463,1123
3056,6.113222924104964,1117
3057,6.115223324276464,1118
3058,6.117223724447964,1121
3059,6.119224124619464,1126
3060,6.121224524790965,1128
3061,6.123224924962465,1125
3062,6.1252253251339654,1115
3063,6.127225725305466,1104
3064,6.129226125476966,1104
3065,6.131226525648466,1116
3066,6.133226925819967,1125
3067,6.135227325991467,1120
3068,6.137227726162967,1108
3069,6.1392281263344675,1095
3070,6.141228526505968,1087
3071,6.143228926677469,1089
3072,6.145229326848969,1101
3073,6.147229727020469,1114
3074,6.149230127191969,1123
3075,6.151230527363469,1127
3076,6.1532309275349695,1122
3077,6.1552313277064705,1115
3078,6.157231727877971,1115
3079,6.159232128049471,1121
3080,6.161232528220971,1123
3081,6.163232928392471,1119
3082,6.165233328563971,1120
3083,6.167233728735472,1126
3084,6.1692341289069725,1129
3085,6.171234529078473,1131
3086,6.173234929249973,1139
3087,6.175235329421473,1151
3088,6.177235729592973,1156
3089,6.179236129764474,1155
3090,6.181236529935974,1152
3091,6.1832369301074745,1150
3092,6.185237330278975,1147
3093,6.187237730450475,1144
3094,6.189238130621976,1145
3095,6.191238530793476,1155
3096,6.193238930964976,1162
3097,6.195239331136476,1157
3098,6.197239731307977,1146
3099,6.199240131479477,1142
3100,6.201240531650978,1148
3101,6.203240931822478,1160
3102,6.205241331993978,1170
3103,6.207241732165478,1173
3104,6.209242132336978,1178
3105,6.211242532508479,1190
3106,6.21324293267998,1197
3107,6.21524333285148,1189
3108,6.21724373302298,1175
3109,6.21924413319448,1173
3110,6.22124453336598,1185
3111,6.22324493353748,1198
3112,6.2252453337089815,1198
3113,6.227245733880482,1190
3114,6.229246134051982,1186
3115,6.231246534223482,1188
3116,6.233246934394982,1193
3117,6.235247334566483,1194
3118,6.237247734737983,1188
3119,6.2392481349094835,1182
3120,6.241248535080984,1185
3121,6.243248935252484,1192
3122,6.245249335423984,1190
3123,6.247249735595485,1174
3124,6.249250135766985,1159
3125,6.251250535938485,1155
3126,6.2532509361099855,1156
3127,6.255251336281486,1153
3128,6.257251736452986,1151
3129,6.259252136624487,1157
3130,6.261252536795987,1162
3131,6.263252936967487,1151
3132,6.265253337138987,1124
3133,6.2672537373104875,1104
3134,6.269254137481988,1106
3135,6.271254537653489,1126
3136,6.273254937824989,1145
3137,6.275255337996489,1151
3138,6.277255738167989,1145
3139,6.279256138339489,1138
3140,6.28125653851099,1136
3141,6.283256938682491,1142
3142,6.285257338853991,1152
3143,6.287257739025491,1162
3144,6.289258139196991,1168
3145,6.291258539368491,1166
3146,6.293258939539992,1155
3147,6.295259339711492,1142
3148,6.297259739882993,1136
3149,6.299260140054493,1140
3150,6.301260540225993,1148
3151,6.303260940397493,1156
3152,6.305261340568994,1161
3153,6.307261740740494,1153
3154,6.309262140911994,1138
3155,6.311262541083495,1132
3156,6.313262941254995,1144
3157,6.315263341426495,1160
3158,6.317263741597996,1161
3159,6.319264141769496,1152
3160,6.321264541940996,1147
3161,6.3232649421124965,1148
3162,6.325265342283997,1146
3163,6.327265742455498,1137
3164,6.329266142626998,1124
3165,6.331266542798498,1111
3166,6.333266942969998,1103
3167,6.335267343141498,1104
3168,6.3372677433129985,1111
3169,6.3392681434844995,1116
3170,6.341268543656,1116
3171,6.3432689438275,1113
3172,6.345269343999,1106
3173,6.3472697441705,1103
3174,6.349270144342,1104
3175,6.351270544513501,1103
3176,6.3532709446850015,1099
3177,6.355271344856502,1099
3178,6.357271745028002,1104
3179,6.359272145199502,1107
3180,6.361272545371003,1105
3181,6.363272945542503,1102
3182,6.365273345714003,1103
3183,6.3672737458855035,1107
3184,6.369274146057004,1104
3185,6.371274546228504,1098
3186,6.373274946400005,1102
3187,6.375275346571505,1120
3188,6.377275746743005,1136
3189,6.379276146914505,1139
3190,6.381276547086006,1139
3191,6.383276947257506,1149
3192,6.385277347429007,1161
3193,6.387277747600507,1164
3194,6.389278147772007,1161
3195,6.391278547943507,1157
3196,6.393278948115007,1147
3197,6.395279348286508,1133
3198,6.397279748458009,1120
3199,6.399280148629509,1109
3200,6.401280548801009,1100
3201,6.403280948972509,1097
3202,6.405281349144009,1097
3203,6.40728174931551,1097
3204,6.4092821494870105,1101
3205,6.411282549658511,1108
3206,6.413282949830011,1116
3207,6.415283350001511,1124
3208,6.417283750173011,1130
3209,6.419284150344512,1131
3210,6.421284550516012,1126
3211,6.4232849506875125,1123
3212,6.425285350859013,1126
3213,6.427285751030513,1132
3214,6.429286151202013,1133
3215,6.431286551373514,1133
3216,6.433286951545014,1136
3217,6.435287351716514,1136
3218,6.4372877518880145,1130
3219,6.439288152059515,1124
3220,6.441288552231015,1126
3221,6.443288952402516,1134
3222,6.445289352574016,1149
3223,6.447289752745516,1166
3224,6.449290152917016,1177
3225,6.4512905530885165,1182
3226,6.453290953260018,1186
3227,6.455291353431518,1193
3228,6.457291753603018,1199
3229,6.459292153774518,1193
3230,6.461292553946018,1181
3231,6.463292954117518,1174
3232,6.465293354289019,1175
3233,6.46729375446052,1173
3234,6.46929415463202,1160
3235,6.47129455480352,1141
3236,6.47329495497502,1130
3237,6.47529535514652,1131
3238,6.477295755318021,1131
3239,6.479296155489521,1122
3240,6.481296555661022,1109
3241,6.483296955832522,1096
3242,6.485297356004022,1089
3243,6.487297756175522,1096
3244,6.489298156347023,1116
3245,6.491298556518523,1133
3246,6.493298956690023,1140
3247,6.495299356861524,1144
3248,6.497299757033024,1151
3249,6.499300157204525,1156
3250,6.501300557376025,1162
3251,6.503300957547525,1171
3252,6.505301357719025,1173
3253,6.5073017578905255,1161
3254,6.509302158062026,1141
3255,6.511302558233527,1131
3256,6.513302958405027,1136
3257,6.515303358576527,1145
3258,6.517303758748027,1141
3259,6.519304158919527,1123
3260,6.5213045590910275,1106
3261,6.5233049592625285,1101
3262,6.525305359434029,1107
3263,6.527305759605529,1117
3264,6.529306159777029,1122
3265,6.531306559948529,1120
3266,6.533306960120029,1115
3267,6.53530736029153,1116
3268,6.5373077604630305,1125
3269,6.539308160634531,1141
3270,6.541308560806031,1162
3271,6.543308960977531,1178
3272,6.545309361149032,1181
3273,6.547309761320532,1175
3274,6.549310161492032,1170
3275,6.5513105616635325,1165
3276,6.553310961835033,1153
3277,6.555311362006533,1137
3278,6.557311762178034,1124
3279,6.559312162349534,1115
3280,6.561312562521034,1110
3281,6.563312962692534,1108
3282,6.5653133628640346,1109
3283,6.567313763035535,1112
3284,6.569314163207036,1116
3285,6.571314563378536,1126
3286,6.573314963550036,1134
3287,6.575315363721536,1133
3288,6.577315763893036,1127
3289,6.579316164064537,1124
3290,6.581316564236038,1126
3291,6.583316964407538,1135
3292,6.585317364579038,1144
3293,6.587317764750538,1145
3294,6.589318164922038,1136
3295,6.591318565093539,1129
3296,6.5933189652650395,1133
3297,6.59531936543654,1140
3298,6.59731976560804,1135
3299,6.59932016577954,1124
3300,6.60132056595104,1122
3301,6.603320966122541,1133
3302,6.605321366294041,1141
3303,6.6073217664655415,1137
3304,6.609322166637042,1128
3305,6.611322566808542,1122
3306,6.613322966980042,1123
3307,6.615323367151543,1136
3308,6.617323767323043,1154
3309,6.619324167494543,1163
3310,6.6213245676660435,1160
3311,6.623324967837544,1148
3312,6.625325368009044,1139
3313,6.627325768180545,1139
3314,6.629326168352045,1140
3315,6.631326568523545,1128
3316,6.633326968695045,1106
3317,6.6353273688665455,1097
3318,6.6373277690380466,1108
3319,6.639328169209547,1122
3320,6.641328569381047,1126
3321,6.643328969552547,1122
3322,6.645329369724047,1119
3323,6.647329769895547,1120
3324,6.649330170067048,1124
3325,6.651330570238549,1129
3326,6.653330970410049,1131
3327,6.655331370581549,1134
3328,6.657331770753049,1144
3329,6.659332170924549,1155
3330,6.66133257109605,1155
3331,6.66333297126755,1147
3332,6.665333371439051,1145
3333,6.667333771610551,1154
3334,6.669334171782051,1166
3335,6.671334571953551,1170
3336,6.673334972125052,1164
3337,6.675335372296552,1157
3338,6.677335772468052,1155
3339,6.679336172639553,1154
3340,6.681336572811053,1154
3341,6.683336972982554,1150
3342,6.685337373154054,1137
3343,6.687337773325554,1126
3344,6.689338173497054,1127
3345,6.6913385736685544,1132
3346,6.693338973840055,1130
3347,6.695339374011556,1129
3348,6.697339774183056,1137
3349,6.699340174354556,1150
3350,6.701340574526056,1154
3351,6.703340974697556,1147
3352,6.7053413748690565,1140
3353,6.7073417750405575,1141
3354,6.709342175212058,1146
3355,6.711342575383558,1149
3356,6.713342975555058,1145
3357,6.715343375726558,1134
3358,6.717343775898058,1125
3359,6.719344176069559,1124
3360,6.7213445762410595,1125
3361,6.72334497641256,1119
3362,6.72534537658406,1113
3363,6.72734577675556,1116
3364,6.729346176927061,1124
3365,6.731346577098561,1123
3366,6.733346977270061,1114
3367,6.7353473774415615,1100
3368,6.737347777613062,1085
3369,6.739348177784562,1072
3370,6.741348577956063,1066
3371,6.743348978127563,1064
3372,6.745349378299063,1066
3373,6.747349778470563,1076
3374,6.7493501786420635,1092
3375,6.751350578813564,1102
3376,6.753350978985065,1105
3377,6.755351379156565,1106
3378,6.757351779328065,1106
3379,6.759352179499565,1107
3380,6.761352579671065,1109
3381,6.763352979842566,1119
3382,6.765353380014067,1131
3383,6.767353780185567,1137
3384,6.769354180357067,1128
3385,6.771354580528567,1109
3386,6.773354980700067,1097
3387,6.775355380871568,1105
3388,6.7773557810430685,1125
3389,6.779356181214569,1137
3390,6.781356581386069,1133
3391,6.783356981557569,1118
3392,6.785357381729069,1107
3393,6.78735778190057,1104
3394,6.78935818207207,1111
3395,6.7913585822435705,1123
3396,6.793358982415071,1130
3397,6.795359382586571,1128
3398,6.797359782758071,1123
3399,6.799360182929572,1119
3400,6.801360583101072,1116
3401,6.803360983272572,1116
3402,6.8053613834440725,1120
3403,6.807361783615573,1121
3404,6.809362183787073,1114
3405,6.811362583958574,1106
3406,6.813362984130074,1106
3407,6.815363384301574,1113
3408,6.817363784473074,1117
3409,6.8193641846445745,1112
3410,6.8213645848160755,1100
3411,6.823364984987576,1092
3412,6.825365385159076,1098
3413,6.827365785330576,1111
3414,6.829366185502076,1117
3415,6.831366585673576,1112
3416,6.833366985845077,1107
3417,6.835367386016578,1116
3418,6.837367786188078,1138
3419,6.839368186359578,1153
3420,6.841368586531078,1148
3421,6.843368986702578,1133
3422,6.845369386874079,1124
3423,6.847369787045579,1122
3424,6.84937018721708,1117
3425,6.85137058738858,1103
3426,6.85337098756008,1087
3427,6.85537138773158,1080
3428,6.857371787903081,1083
3429,6.859372188074581,1093
3430,6.861372588246081,1104
3431,6.863372988417582,1114
3432,6.865373388589082,1124
3433,6.867373788760583,1131
3434,6.869374188932083,1135
3435,6.871374589103583,1137
3436,6.873374989275083,1137
3437,6.875375389446583,1131
3438,6.877375789618084,1122
3439,6.879376189789585,1116
3440,6.881376589961085,1115
3441,6.883376990132585,1114
3442,6.885377390304085,1116
3443,6.887377790475585,1124
3444,6.8893781906470855,1132
3445,6.8913785908185865,1131
3446,6.893378990990087,1121
3447,6.895379391161587,1117
3448,6.897379791333087,1120
3449,6.899380191504587,1125
3450,6.901380591676087,1124
3451,6.903380991847588,1120
3452,6.9053813920190885,1119
3453,6.907381792190589,1125
3454,6.909382192362089,1133
3455,6.911382592533589,1134
3456,6.91338299270509,1131
3457,6.91538339287659,1126
3458,6.91738379304809,1123
3459,6.9193841932195905,1125
3460,6.921384593391091,1130
3461,6.923384993562591,1135
3462,6.925385393734092,1131
3463,6.927385793905592,1114
3464,6.929386194077092,1097
3465,6.931386594248592,1093
3466,6.9333869944200925,1106
3467,6.935387394591593,1124
3468,6.937387794763094,1129
3469,6.939388194934594,1117
3470,6.941388595106094,1100
3471,6.943388995277594,1088
3472,6.945389395449094,1093
3473,6.947389795620595,1114
3474,6.949390195792096,1132
3475,6.951390595963596,1136
3476,6.953390996135096,1126
3477,6.955391396306596,1116
3478,6.957391796478096,1120
3479,6.959392196649597,1137
3480,6.9613925968210975,1149
3481,6.963392996992598,1143
3482,6.965393397164098,1129
3483,6.967393797335598,1125
3484,6.969394197507098,1132
3485,6.971394597678599,1140
3486,6.973394997850099,1136
3487,6.9753953980215995,1118
3488,6.9773957981931,1102
3489,6.9793961983646,1095
3490,6.9813965985361,1097
3491,6.983396998707601,1107
3492,6.985397398879101,1122
3493,6.987397799050601,1130
3494,6.9893981992221015,1129
3495,6.991398599393602,1125
3496,6.993398999565103,1123
3497,6.995399399736603,1121
3498,6.997399799908103,1117
3499,6.999400200079603,1116
3500,7.001400600251103,1126
3501,7.0034010004226035,1136
3502,7.0054014005941045,1133
3503,7.007401800765605,1119
3504,7.009402200937105,1112
3505,7.011402601108605,1119
3506,7.013403001280105,1133
3507,7.015403401451605,1143
3508,7.017403801623106,1148
3509,7.019404201794607,1153
3510,7.021404601966107,1156
3511,7.023405002137607,1156
3512,7.025405402309107,1150
3513,7.027405802480607,1138
3514,7.029406202652108,1127
3515,7.031406602823608,1123
3516,7.033407002995109,1127
3517,7.035407403166609,1140
3518,7.037407803338109,1160
3519,7.03940820350961,1167
3520,7.04140860368111,1157
3521,7.04340900385261,1147
3522,7.04540940402411,1152
3523,7.047409804195611,1164
3524,7.049410204367111,1169
3525,7.051410604538612,1171
3526,7.053411004710112,1181
3527,7.055411404881612,1188
3528,7.057411805053112,1178
3529,7.059412205224612,1155
3530,7.061412605396113,1138
3531,7.063413005567614,1140
3532,7.065413405739114,1150
3533,7.067413805910614,1153
3534,7.069414206082114,1146
3535,7.071414606253614,1139
3536,7.0734150064251144,1134
3537,7.0754154065966155,1127
3538,7.077415806768116,1116
3539,7.079416206939616,1110
3540,7.081416607111116,1120
3541,7.083417007282616,1144
3542,7.085417407454117,1163
3543,7.087417807625617,1165
3544,7.0894182077971175,1155
3545,7.091418607968618,1149
3546,7.093419008140118,1155
3547,7.095419408311618,1164
3548,7.097419808483119,1170
3549,7.099420208654619,1172
3550,7.101420608826119,1172
3551,7.1034210089976195,1168
3552,7.10542140916912,1161
3553,7.10742180934062,1157
3554,7.109422209512121,1162
3555,7.111422609683621,1168
3556,7.113423009855121,1168
3557,7.115423410026621,1164
3558,7.1174238101981215,1163
3559,7.119424210369622,1167
3560,7.121424610541123,1169
3561,7.123425010712623,1167
3562,7.125425410884123,1165
3563,7.127425811055623,1165
3564,7.129426211227123,1164
3565,7.131426611398624,1162
3566,7.133427011570125,1162
3567,7.135427411741625,1170
3568,7.137427811913125,1184
3569,7.139428212084625,1195
3570,7.141428612256125,1190
3571,7.143429012427626,1175
3572,7.1454294125991265,1169
3573,7.147429812770627,1174
3574,7.149430212942127,1177
3575,7.151430613113627,1170
3576,7.153431013285127,1164
3577,7.155431413456628,1165
3578,7.157431813628128,1168
3579,7.1594322137996285,1168
3580,7.161432613971129,1165
3581,7.163433014142629,1163
3582,7.165433414314129,1164
3583,7.16743381448563,1168
3584,7.16943421465713,1169
3585,7.17143461482863,1165
3586,7.1734350150001305,1162
3587,7.175435415171631,1168
3588,7.177435815343132,1173
3589,7.179436215514632,1169
3590,7.181436615686132,1159
3591,7.183437015857632,1147
3592,7.185437416029132,1130
3593,7.1874378162006325,1114
3594,7.1894382163721335,1110
3595,7.191438616543634,1112
3596,7.193439016715134,1107
3597,7.195439416886634,1095
3598,7.197439817058134,1089
3599,7.199440217229634,1101
3600,7.201440617401135,1123
3601,7.2034410175726356,1139
3602,7.205441417744136,1139
3603,7.207441817915636,1131
3604,7.209442218087136,1128
3605,7.211442618258636,1132
3606,7.213443018430137,1133
3607,7.215443418601637,1123
3608,7.217443818773138,1110
3609,7.219444218944638,1107
3610,7.221444619116138,1114
3611,7.223445019287639,1127
3612,7.225445419459139,1142
3613,7.227445819630639,1158
3614,7.229446219802139,1170
3615,7.23144661997364,1171
3616,7.23344702014514,1166
3617,7.235447420316641,1157
3618,7.237447820488141,1145
3619,7.239448220659641,1136
3620,7.241448620831141,1138
3621,7.243449021002641,1145
3622,7.245449421174142,1144
3623,7.247449821345643,1137
3624,7.249450221517143,1131
3625,7.251450621688643,1135
3626,7.253451021860143,1148
3627,7.255451422031643,1160
3628,7.257451822203143,1166
3629,7.2594522223746445,1166
3630,7.261452622546145,1167
3631,7.263453022717645,1168
3632,7.265453422889145,1165
3633,7.267453823060645,1156
3634,7.269454223232146,1148
3635,7.271454623403646,1151
3636,7.2734550235751465,1164
3637,7.275455423746647,1177
3638,7.277455823918147,1177
3639,7.279456224089647,1159
3640,7.281456624261148,1131
3641,7.283457024432648,1110
3642,7.285457424604148,1105
3643,7.2874578247756485,1111
3644,7.289458224947149,1116
3645,7.291458625118649,1113
3646,7.29345902529015,1103
3647,7.29545942546165,1093
3648,7.29745982563315,1096
3649,7.29946022580465,1112
3650,7.3014606259761505,1130
3651,7.303461026147651,1143
3652,7.305461426319152,1149
3653,7.307461826490652,1154
3654,7.309462226662152,1155
3655,7.311462626833652,1149
3656,7.313463027005152,1135
3657,7.315463427176653,1122
3658,7.317463827348154,1114
3659,7.319464227519654,1111
3660,7.321464627691154,1110
3661,7.323465027862654,1111
3662,7.325465428034154,1112
3663,7.327465828205655,1113
3664,7.3294662283771554,1122
3665,7.331466628548656,1135
3666,7.333467028720156,1138
3667,7.335467428891656,1128
3668,7.337467829063156,1113
3669,7.339468229234657,1102
3670,7.341468629406157,1095
3671,7.3434690295776575,1095
3672,7.345469429749158,1101
3673,7.347469829920658,1108
3674,7.349470230092158,1112
3675,7.351470630263659,1115
3676,7.353471030435159,1120
3677,7.355471430606659,1124
3678,7.3574718307781595,1121
3679,7.35947223094966,1115
3680,7.361472631121161,1111
3681,7.363473031292661,1111
3682,7.365473431464161,1106
3683,7.367473831635661,1099
3684,7.369474231807161,1099
3685,7.3714746319786615,1108
3686,7.3734750321501625,1121
3687,7.375475432321663,1134
3688,7.377475832493163,1143
3689,7.379476232664663,1142
3690,7.381476632836163,1135
3691,7.383477033007663,1135
3692,7.385477433179164,1140
3693,7.3874778333506645,1134
3694,7.389478233522165,1110
3695,7.391478633693665,1090
3696,7.393479033865165,1094
3697,7.395479434036665,1110
3698,7.397479834208166,1120
3699,7.399480234379666,1121
3700,7.401480634551167,1120
3701,7.403481034722667,1117
3702,7.405481434894167,1113
3703,7.407481835065668,1115
3704,7.409482235237168,1126
3705,7.411482635408668,1132
3706,7.413483035580168,1124
3707,7.415483435751669,1112
3708,7.417483835923169,1111
3709,7.41948423609467,1122
3710,7.42148463626617,1128
3711,7.42348503643767,1117
3712,7.42548543660917,1097
3713,7.42748583678067,1092
3714,7.429486236952171,1106
3715,7.431486637123672,1122
3716,7.433487037295172,1126
3717,7.435487437466672,1124
3718,7.437487837638172,1130
3719,7.439488237809672,1145
3720,7.441488637981172,1158
3721,7.4434890381526735,1159
3722,7.445489438324174,1151
3723,7.447489838495674,1146
3724,7.449490238667174,1149
3725,7.451490638838674,1152
3726,7.453491039010175,1140
3727,7.455491439181675,1123
3728,7.4574918393531755,1117
3729,7.459492239524676,1131
3730,7.461492639696176,1147
3731,7.463493039867676,1151
3732,7.465493440039177,1141
3733,7.467493840210677,1130
3734,7.469494240382177,1131
3735,7.4714946405536775,1143
3736,7.473495040725178,1154
3737,7.475495440896678,1152
3738,7.477495841068179,1141
3739,7.479496241239679,1129
3740,7.481496641411179,1129
3741,7.483497041582679,1141
3742,7.4854974417541795,1157
3743,7.48749784192568,1167
3744,7.489498242097181,1167
3745,7.491498642268681,1160
3746,7.493499042440181,1153
3747,7.495499442611681,1152
3748,7.497499842783181,1156
3749,7.499500242954682,1157
3750,7.501500643126183,1150
3751,7.503501043297683,1138
3752,7.505501443469183,1134
3753,7.507501843640683,1139
3754,7.509502243812183,1145
3755,7.511502643983684,1144
3756,7.513503044155184,1139
3757,7.515503444326685,1138
3758,7.517503844498185,1142
3759,7.519504244669685,1146
3760,7.521504644841185,1145
3761,7.523505045012686,1137
3762,7.525505445184186,1129
3763,7.5275058453556865,1129
3764,7.529506245527187,1141
3765,7.531506645698687,1152
3766,7.533507045870188,1152
3767,7.535507446041688,1144
3768,7.537507846213188,1145
3769,7.539508246384688,1153
3770,7.5415086465561885,1155
3771,7.543509046727689,1145
3772,7.54550944689919,1135
3773,7.54750984707069,1133
3774,7.54951024724219,1130
3775,7.55151064741369,1114
3776,7.55351104758519,1092
3777,7.5555114477566905,1088
3778,7.5575118479281915,1106
3779,7.559512248099692,1126
3780,7.561512648271192,1127
3781,7.563513048442692,1122
3782,7.565513448614192,1126
3783,7.567513848785692,1142
3784,7.569514248957193,1152
3785,7.5715146491286935,1147
3786,7.573515049300194,1137
3787,7.575515449471694,1130
3788,7.577515849643194,1129
3789,7.579516249814695,1132
3790,7.581516649986195,1136
3791,7.583517050157695,1137
3792,7.5855174503291956,1131
3793,7.587517850500696,1123
3794,7.589518250672196,1125
3795,7.591518650843697,1139
3796,7.593519051015197,1154
3797,7.595519451186697,1156
3798,7.597519851358197,1150
3799,7.599520251529698,1146
3800,7.601520651701198,1146
3801,7.603521051872699,1150
3802,7.605521452044199,1150
3803,7.607521852215699,1145
3804,7.609522252387199,1144
3805,7.611522652558699,1153
3806,7.6135230527302,1169
3807,7.615523452901701,1180
3808,7.617523853073201,1180
3809,7.619524253244701,1171
3810,7.621524653416201,1156
3811,7.623525053587701,1143
3812,7.625525453759202,1142
3813,7.6275258539307025,1150
3814,7.629526254102203,1156
3815,7.631526654273703,1159
3816,7.633527054445203,1165
3817,7.635527454616703,1169
3818,7.637527854788204,1166
3819,7.639528254959704,1158
3820,7.6415286551312045,1148
3821,7.643529055302705,1138
3822,7.645529455474205,1129
3823,7.647529855645705,1117
3824,7.649530255817206,1100
3825,7.651530655988706,1091
3826,7.653531056160206,1094
3827,7.6555314563317065,1099
3828,7.657531856503207,1097
3829,7.659532256674707,1094
3830,7.661532656846208,1097
3831,7.663533057017708,1107
3832,7.665533457189208,1123
3833,7.667533857360708,1138
3834,7.6695342575322085,1143
3835,7.67153465770371,1133
3836,7.67353505787521,1120
3837,7.67553545804671,1119
3838,7.67753585821821,1128
3839,7.67953625838971,1137
3840,7.68153665856121,1136
3841,7.683537058732711,1130
3842,7.685537458904212,1127
3843,7.687537859075712,1130
3844,7.689538259247212,1132
3845,7.691538659418712,1133
3846,7.693539059590212,1133
3847,7.695539459761713,1128
3848,7.697539859933213,1118
3849,7.699540260104714,1113
3850,7.701540660276214,1121
3851,7.703541060447714,1135
3852,7.705541460619214,1139
3853,7.707541860790715,1125
3854,7.709542260962215,1106
3855,7.7115426611337154,1099
3856,7.713543061305216,1106
3857,7.715543461476716,1114
3858,7.717543861648217,1115
3859,7.719544261819717,1116
3860,7.721544661991217,1126
3861,7.723545062162717,1139
3862,7.7255454623342175,1147
3863,7.727545862505718,1148
3864,7.729546262677219,1148
3865,7.731546662848719,1152
3866,7.733547063020219,1156
3867,7.735547463191719,1154
3868,7.737547863363219,1153
3869,7.7395482635347195,1158
3870,7.7415486637062205,1162
3871,7.743549063877721,1159
3872,7.745549464049221,1151
3873,7.747549864220721,1147
3874,7.749550264392221,1146
3875,7.751550664563721,1144
3876,7.753551064735222,1139
3877,7.7555514649067225,1133
3878,7.757551865078223,1133
3879,7.759552265249723,1136
3880,7.761552665421223,1136
3881,7.763553065592724,1130
3882,7.765553465764224,1129
3883,7.767553865935724,1139
3884,7.7695542661072245,1150
3885,7.771554666278725,1151
3886,7.773555066450225,1139
3887,7.775555466621726,1125
3888,7.777555866793226,1122
3889,7.779556266964726,1132
3890,7.781556667136226,1148
3891,7.783557067307727,1161
3892,7.785557467479227,1166
3893,7.787557867650728,1164
3894,7.789558267822228,1160
3895,7.791558667993728,1162
3896,7.793559068165228,1164
3897,7.795559468336728,1163
3898,7.797559868508229,1165
3899,7.79956026867973,1177
3900,7.80156066885123,1185
3901,7.80356106902273,1176
3902,7.80556146919423,1155
3903,7.80756186936573,1142
3904,7.809562269537231,1144
3905,7.8115626697087315,1155
3906,7.813563069880232,1165
3907,7.815563470051732,1167
3908,7.817563870223232,1161
3909,7.819564270394732,1156
3910,7.821564670566233,1157
3911,7.823565070737733,1159
3912,7.8255654709092335,1157
3913,7.827565871080734,1158
3914,7.829566271252234,1165
3915,7.831566671423734,1173
3916,7.833567071595235,1182
3917,7.835567471766735,1192
3918,7.837567871938235,1199
3919,7.8395682721097355,1194
3920,7.841568672281236,1183
3921,7.843569072452736,1176
3922,7.845569472624237,1178
3923,7.847569872795737,1188
3924,7.849570272967237,1196
3925,7.851570673138737,1192
3926,7.8535710733102375,1183
3927,7.855571473481739,1178
3928,7.857571873653239,1175
3929,7.859572273824739,1165
3930,7.861572673996239,1154
3931,7.863573074167739,1150
3932,7.865573474339239,1152
3933,7.86757387451074,1156
3934,7.869574274682241,1156
3935,7.871574674853741,1149
3936,7.873575075025241,1143
3937,7.875575475196741,1150
3938,7.877575875368241,1167
3939,7.879576275539742,1174
3940,7.881576675711242,1164
3941,7.883577075882743,1151
3942,7.885577476054243,1145
3943,7.887577876225743,1147
3944,7.889578276397243,1151
3945,7.891578676568744,1153
3946,7.893579076740244,1150
3947,7.895579476911744,1146
3948,7.897579877083245,1142
3949,7.899580277254745,1139
3950,7.901580677426246,1137
3951,7.903581077597746,1134
3952,7.905581477769246,1125
3953,7.907581877940746,1117
3954,7.9095822781122465,1115
3955,7.911582678283747,1118
3956,7.913583078455248,1118
3957,7.915583478626748,1117
3958,7.917583878798248,1120
3959,7.919584278969748,1129
3960,7.921584679141248,1141
3961,7.9235850793127485,1155
3962,7.9255854794842495,1172
3963,7.92758587965575,1184
3964,7.92958627982725,1184
3965,7.93158667999875,1178
3966,7.93358708017025,1178
3967,7.93558748034175,1177
3968,7.937587880513251,1167
3969,7.9395882806847515,1158
3970,7.941588680856252,1164
3971,7.943589081027752,1181
3972,7.945589481199252,1193
3973,7.947589881370753,1190
3974,7.949590281542253,1172
3975,7.951590681713753,1152
3976,7.9535910818852535,1149
3977,7.955591482056754,1166
3978,7.957591882228254,1181
3979,7.959592282399755,1172
3980,7.961592682571255,1152
3981,7.963593082742755,1145
3982,7.965593482914255,1151
3983,7.967593883085756,1153
3984,7.969594283257256,1144
3985,7.971594683428757,1133
3986,7.973595083600257,1130
3987,7.975595483771757,1137
3988,7.977595883943257,1148
3989,7.979596284114757,1154
3990,7.981596684286258,1150
3991,7.983597084457759,1138
3992,7.985597484629259,1131
3993,7.987597884800759,1133
3994,7.989598284972259,1141
3995,7.991598685143759,1147
3996,7.99359908531526,1146
3997,7.9955994854867605,1146
3998,7.997599885658261,1152
3999,7.999600285829761,1156
4000,8.001600686001261,1154
4001,8.003601086172761,1148
4002,8.005601486344261,1141
4003,8.007601886515761,1138
4004,8.009602286687262,1146
4005,8.011602686858764,1158
4006,8.013603087030264,1161
4007,8.015603487201764,1153
4008,8.017603887373264,1142
4009,8.019604287544764,1139
4010,8.021604687716264,1144
4011,8.023605087887764,1153
4012,8.025605488059265,1152
4013,8.027605888230765,1143
4014,8.029606288402265,1134
4015,8.031606688573765,1135
4016,8.033607088745267,1141
4017,8.035607488916767,1141
4018,8.037607889088267,1135
4019,8.039608289259768,1134
4020,8.041608689431268,1137
4021,8.043609089602768,1141
4022,8.045609489774268,1144
4023,8.047609889945768,1150
4024,8.049610290117268,1161
4025,8.051610690288769,1164
4026,8.053611090460269,1153
4027,8.055611490631769,1135
4028,8.05761189080327,1128
4029,8.059612290974771,1135
4030,8.061612691146271,1145
4031,8.063613091317771,1148
4032,8.065613491489271,1141
4033,8.067613891660772,1137
4034,8.069614291832272,1142
4035,8.071614692003772,1150
4036,8.073615092175272,1147
4037,8.075615492346772,1137
4038,8.077615892518272,1133
4039,8.079616292689774,1137
4040,8.081616692861274,1137
4041,8.083617093032775,1128
4042,8.085617493204275,1122
4043,8.087617893375775,1122
4044,8.089618293547275,1120
4045,8.091618693718775,1115
4046,8.093619093890275,1117
4047,8.095619494061776,1136
4048,8.097619894233276,1159
4049,8.099620294404776,1166
4050,8.101620694576276,1155
4051,8.103621094747778,1141
4052,8.105621494919278,1136
4053,8.107621895090778,1137
4054,8.109622295262279,1135
4055,8.111622695433779,1126
4056,8.113623095605279,1113
4057,8.115623495776779,1103
4058,8.11762389594828,1102
4059,8.11962429611978,1109
4060,8.12162469629128,1118
4061,8.12362509646278,1130
4062,8.125625496634282,1146
4063,8.127625896805782,1157
4064,8.129626296977282,1153
4065,8.131626697148782,1138
4066,8.133627097320282,1130
4067,8.135627497491782,1135
4068,8.137627897663283,1145
4069,8.139628297834783,1148
4070,8.141628698006283,1145
4071,8.143629098177783,1145
4072,8.145629498349283,1147
4073,8.147629898520783,1150
4074,8.149630298692285,1153
4075,8.151630698863785,1151
4076,8.153631099035286,1141
4077,8.155631499206786,1131
4078,8.157631899378286,1129
4079,8.159632299549786,1133
4080,8.161632699721286,1129
4081,8.163633099892786,1113
4082,8.165633500064287,1100
4083,8.167633900235787,1107
4084,8.169634300407287,1126
4085,8.171634700578789,1141
4086,8.173635100750289,1140
4087,8.17563550092179,1132
4088,8.17763590109329,1132
4089,8.17963630126479,1140
4090,8.18163670143629,1143
4091,8.18363710160779,1139
4092,8.18563750177929,1132
4093,8.18763790195079,1125
4094,8.18963830212229,1121
4095,8.19163870229379,1128
4096,8.19363910246529,1142
4097,8.195639502636793,1147
4098,8.197639902808293,1138
4099,8.199640302979793,1121
4100,8.201640703151293,1109
4101,8.203641103322793,1110
4102,8.205641503494293,1125
4103,8.207641903665793,1140
4104,8.209642303837294,1144
4105,8.211642704008794,1140
4106,8.213643104180294,1139
4107,8.215643504351794,1150
4108,8.217643904523296,1160
4109,8.219644304694796,1157
4110,8.221644704866296,1147
4111,8.223645105037797,1145
4112,8.225645505209297,1153
4113,8.227645905380797,1157
4114,8.229646305552297,1155
4115,8.231646705723797,1159
4116,8.233647105895297,1165
4117,8.235647506066798,1161
4118,8.237647906238298,1149
4119,8.239648306409798,1142
4120,8.2416487065813,1149
4121,8.2436491067528,1161
4122,8.2456495069243,1162
4123,8.2476499070958,1150
4124,8.2496503072673,1138
4125,8.2516507074388,1134
4126,8.2536511076103,1138
4127,8.255651507781801,1143
4128,8.257651907953301,1142
4129,8.259652308124801,1137
4130,8.261652708296301,1137
4131,8.263653108467803,1144
4132,8.265653508639303,1156
4133,8.267653908810804,1165
4134,8.269654308982304,1172
4135,8.271654709153804,1177
4136,8.273655109325304,1177
4137,8.275655509496804,1167
4138,8.277655909668304,1153
4139,8.279656309839805,1150
4140,8.281656710011305,1155
4141,8.283657110182805,1155
4142,8.285657510354305,1144
4143,8.287657910525807,1130
4144,8.289658310697307,1117
4145,8.291658710868807,1108
4146,8.293659111040308,1105
4147,8.295659511211808,1111
4148,8.297659911383308,1121
4149,8.299660311554808,1126
4150,8.301660711726308,1124
4151,8.303661111897808,1117
4152,8.305661512069308,1109
4153,8.307661912240809,1105
4154,8.30966231241231,1105
4155,8.31166271258381,1111
4156,8.313663112755311,1114
4157,8.315663512926811,1107
4158,8.317663913098311,1095
4159,8.319664313269811,1085
4160,8.321664713441312,1084
4161,8.323665113612812,1093
4162,8.325665513784312,1103
4163,8.327665913955812,1107
4164,8.329666314127312,1111
4165,8.331666714298812,1123
4166,8.333667114470314,1135
4167,8.335667514641814,1136
4168,8.337667914813315,1128
4169,8.339668314984815,1120
4170,8.341668715156315,1118
4171,8.343669115327815,1128
4172,8.345669515499315,1142
4173,8.347669915670815,1148
4174,8.349670315842316,1145
4175,8.351670716013816,1136
4176,8.353671116185316,1126
4177,8.355671516356818,1119
4178,8.357671916528318,1121
4179,8.359672316699818,1131
4180,8.361672716871318,1141
4181,8.363673117042818,1144
4182,8.365673517214319,1140
4183,8.367673917385819,1128
4184,8.369674317557319,1118
4185,8.371674717728819,1120
4186,8.37367511790032,1130
4187,8.37567551807182,1135
4188,8.37767591824332,1131
4189,8.379676318414822,1121
4190,8.381676718586322,1112
4191,8.383677118757822,1107
4192,8.385677518929322,1109
4193,8.387677919100822,1115
4194,8.389678319272322,1121
4195,8.391678719443822,1123
4196,8.393679119615323,1124
4197,8.395679519786823,1129
4198,8.397679919958323,1139
4199,8.399680320129823,1147
4200,8.401680720301325,1146
4201,8.403681120472825,1140
4202,8.405681520644325,1136
4203,8.407681920815826,1137
4204,8.409682320987326,1129
4205,8.411682721158826,1109
4206,8.413683121330326,1098
4207,8.415683521501826,1103
4208,8.417683921673326,1115
4209,8.419684321844827,1122
4210,8.421684722016327,1127
4211,8.423685122187827,1129
4212,8.425685522359329,1129
4213,8.427685922530829,1130
4214,8.429686322702329,1139
4215,8.43168672287383,1151
4216,8.43368712304533,1158
4217,8.43568752321683,1164
4218,8.43768792338833,1178
4219,8.43968832355983,1190
4220,8.44168872373133,1188
4221,8.44368912390283,1173
4222,8.44568952407433,1157
4223,8.447689924245832,1152
4224,8.449690324417332,1156
4225,8.451690724588833,1157
4226,8.453691124760333,1149
4227,8.455691524931833,1139
4228,8.457691925103333,1137
4229,8.459692325274833,1141
4230,8.461692725446333,1149
4231,8.463693125617834,1157
4232,8.465693525789334,1160
4233,8.467693925960834,1157
4234,8.469694326132334,1155
4235,8.471694726303836,1162
4236,8.473695126475336,1173
4237,8.475695526646836,1180
4238,8.477695926818337,1179
4239,8.479696326989837,1174
4240,8.481696727161337,1169
4241,8.483697127332837,1169
4242,8.485697527504337,1176
4243,8.487697927675837,1191
4244,8.489698327847337,1204
4245,8.491698728018838,1202
4246,8.49369912819034,1184
4247,8.49569952836184,1161
4248,8.49769992853334,1151
4249,8.49970032870484,1162
4250,8.50170072887634,1180
4251,8.50370112904784,1184
4252,8.50570152921934,1168
4253,8.50770192939084,1151
4254,8.50970232956234,1144
4255,8.511702729733841,1143
4256,8.513703129905341,1141
4257,8.515703530076841,1135
4258,8.517703930248343,1128
4259,8.519704330419843,1128
4260,8.521704730591344,1132
4261,8.523705130762844,1134
4262,8.525705530934344,1135
4263,8.527705931105844,1146
4264,8.529706331277344,1161
4265,8.531706731448844,1168
4266,8.533707131620345,1166
4267,8.535707531791845,1159
4268,8.537707931963345,1152
4269,8.539708332134847,1147
4270,8.541708732306347,1146
4271,8.543709132477847,1144
4272,8.545709532649347,1140
4273,8.547709932820847,1140
4274,8.549710332992348,1146
4275,8.551710733163848,1156
4276,8.553711133335348,1161
4277,8.555711533506848,1161
4278,8.557711933678348,1159
4279,8.559712333849848,1160
4280,8.561712734021349,1166
4281,8.56371313419285,1170
4282,8.56571353436435,1165
4283,8.56771393453585,1157
4284,8.569714334707351,1151
4285,8.571714734878851,1150
4286,8.573715135050351,1155
4287,8.575715535221851,1164
4288,8.577715935393352,1170
4289,8.579716335564852,1165
4290,8.581716735736352,1153
4291,8.583717135907852,1148
4292,8.585717536079354,1150
4293,8.587717936250854,1153
4294,8.589718336422354,1160
4295,8.591718736593855,1171
4296,8.593719136765355,1176
4297,8.595719536936855,1166
4298,8.597719937108355,1148
4299,8.599720337279855,1137
4300,8.601720737451355,1142
4301,8.603721137622856,1155
4302,8.605721537794356,1163
4303,8.607721937965856,1164
4304,8.609722338137358,1162
4305,8.611722738308858,1167
4306,8.613723138480358,1177
4307,8.615723538651858,1182
4308,8.617723938823358,1175
4309,8.619724338994859,1169
4310,8.621724739166359,1178
4311,8.623725139337859,1196
4312,8.625725539509359,1204
4313,8.62772593968086,1198
4314,8.62972633985236,1187
4315,8.631726740023861,1181
4316,8.633727140195361,1179
4317,8.635727540366862,1180
4318,8.637727940538362,1179
4319,8.639728340709862,1177
4320,8.641728740881362,1181
4321,8.643729141052862,1185
4322,8.645729541224362,1181
4323,8.647729941395863,1169
4324,8.649730341567363,1162
4325,8.651730741738863,1166
4326,8.653731141910363,1178
4327,8.655731542081865,1192
4328,8.657731942253365,1193
4329,8.659732342424865,1178
4330,8.661732742596365,1166
4331,8.663733142767866,1170
4332,8.665733542939366,1177
4333,8.667733943110866,1169
4334,8.669734343282366,1149
4335,8.671734743453866,1137
4336,8.673735143625366,1145
4337,8.675735543796867,1162
4338,8.677735943968369,1175
4339,8.679736344139869,1180
4340,8.681736744311369,1179
4341,8.683737144482869,1176
4342,8.68573754465437,1179
4343,8.68773794482587,1186
4344,8.68973834499737,1192
4345,8.69173874516887,1190
4346,8.69373914534037,1174
4347,8.69573954551187,1154
4348,8.69773994568337,1144
4349,8.69974034585487,1148
4350,8.701740746026372,1154
4351,8.703741146197872,1153
4352,8.705741546369373,1146
4353,8.707741946540873,1140
4354,8.709742346712373,1137
4355,8.711742746883873,1133
4356,8.713743147055373,1130
4357,8.715743547226873,1130
4358,8.717743947398374,1136
4359,8.719744347569874,1142
4360,8.721744747741374,1146
4361,8.723745147912876,1146
4362,8.725745548084376,1144
4363,8.727745948255876,1139
4364,8.729746348427376,1131
4365,8.731746748598876,1131
4366,8.733747148770377,1148
4367,8.735747548941877,1172
4368,8.737747949113377,1178
4369,8.739748349284877,1156
4370,8.741748749456377,1128
4371,8.743749149627877,1119
4372,8.745749549799378,1132
4373,8.74774994997088,1151
4374,8.74975035014238,1161
4375,8.75175075031388,1156
4376,8.75375115048538,1147
4377,8.75575155065688,1148
4378,8.75775195082838,1154
4379,8.75975235099988,1152
4380,8.76175275117138,1146
4381,8.76375315134288,1144
4382,8.765753551514381,1149
4383,8.767753951685881,1160
4384,8.769754351857383,1175
4385,8.771754752028883,1182
4386,8.773755152200383,1164
4387,8.775755552371884,1134
4388,8.777755952543384,1122
4389,8.779756352714884,1133
4390,8.781756752886384,1147
4391,8.783757153057884,1151
4392,8.785757553229384,1146
4393,8.787757953400885,1141
4394,8.789758353572385,1146
4395,8.791758753743885,1163
4396,8.793759153915387,1177
4397,8.795759554086887,1177
4398,8.797759954258387,1173
4399,8.799760354429887,1179
4400,8.801760754601387,1191
4401,8.803761154772888,1188
4402,8.805761554944388,1164
4403,8.807761955115888,1141
4404,8.809762355287388,1135
4405,8.811762755458888,1143
4406,8.813763155630388,1148
4407,8.81576355580189,1142
4408,8.81776395597339,1137
4409,8.81976435614489,1145
4410,8.82176475631639,1160
4411,8.823765156487891,1168
4412,8.825765556659391,1165
4413,8.827765956830891,1158
4414,8.829766357002391,1152
4415,8.831766757173892,1153
4416,8.833767157345392,1157
4417,8.835767557516892,1156
4418,8.837767957688392,1152
4419,8.839768357859894,1152
4420,8.841768758031394,1154
4421,8.843769158202894,1159
4422,8.845769558374394,1160
4423,8.847769958545895,1156
4424,8.849770358717395,1150
4425,8.851770758888895,1147
4426,8.853771159060395,1148
4427,8.855771559231895,1154
4428,8.857771959403395,1160
4429,8.859772359574896,1163
4430,8.861772759746398,1164
4431,8.863773159917898,1165
4432,8.865773560089398,1166
4433,8.867773960260898,1167
4434,8.869774360432398,1167
4435,8.871774760603898,1166
4436,8.873775160775399,1161
4437,8.875775560946899,1153
4438,8.877775961118399,1147
4439,8.879776361289899,1143
4440,8.8817767614614,1140
4441,8.8837771616329,1141
4442,8.885777561804401,1148
4443,8.887777961975901,1158
4444,8.889778362147402,1161
4445,8.891778762318902,1157
4446,8.893779162490402,1156
4447,8.895779562661902,1166
4448,8.897779962833402,1175
4449,8.899780363004902,1170
4450,8.901780763176403,1159
4451,8.903781163347903,1157
4452,8.905781563519403,1162
4453,8.907781963690905,1161
4454,8.909782363862405,1148
4455,8.911782764033905,1136
4456,8.913783164205405,1135
4457,8.915783564376905,1138
4458,8.917783964548406,1134
4459,8.919784364719906,1124
4460,8.921784764891406,1117
4461,8.923785165062906,1116
4462,8.925785565234406,1117
4463,8.927785965405906,1120
4464,8.929786365577407,1120
4465,8.931786765748909,1118
4466,8.933787165920409,1115
4467,8.935787566091909,1115
4468,8.937787966263409,1119
4469,8.93978836643491,1124
4470,8.94178876660641,1123
4471,8.94378916677791,1113
4472,8.94578956694941,1099
4473,8.94778996712091,1095
4474,8.94979036729241,1108
4475,8.95179076746391,1128
4476,8.953791167635412,1138
4477,8.955791567806912,1137
4478,8.957791967978412,1136
4479,8.959792368149913,1143
4480,8.961792768321413,1151
4481,8.963793168492913,1158
4482,8.965793568664413,1157
4483,8.967793968835913,1150
4484,8.969794369007413,1143
4485,8.971794769178913,1143
4486,8.973795169350414,1146
4487,8.975795569521914,1143
4488,8.977795969693416,1132
4489,8.979796369864916,1125
4490,8.981796770036416,1127
4491,8.983797170207916,1130
4492,8.985797570379416,1128
4493,8.987797970550917,1126
4494,8.989798370722417,1129
4495,8.991798770893917,1135
4496,8.993799171065417,1134
4497,8.995799571236917,1124
4498,8.997799971408417,1120
4499,8.99980037157992,1129
4500,9.00180077175142,1133
4501,9.00380117192292,1122
4502,9.00580157209442,1108
4503,9.00780197226592,1111
4504,9.00980237243742,1128
4505,9.01180277260892,1142
4506,9.01380317278042,1145
4507,9.01580357295192,1147
4508,9.01780397312342,1150
4509,9.019804373294921,1151
4510,9.021804773466421,1147
4511,9.023805173637923,1146
4512,9.025805573809423,1145
4513,9.027805973980923,1139
4514,9.029806374152423,1133
4515,9.031806774323924,1133
4516,9.033807174495424,1137
4517,9.035807574666924,1139
4518,9.037807974838424,1145
4519,9.039808375009924,1154
4520,9.041808775181424,1159
4521,9.043809175352925,1156
4522,9.045809575524427,1155
4523,9.047809975695927,1159
4524,9.049810375867427,1157
4525,9.051810776038927,1146
4526,9.053811176210427,1133
4527,9.055811576381927,1126
4528,9.057811976553428,1127
4529,9.059812376724928,1127
4530,9.061812776896428,1125
4531,9.063813177067928,1126
4532,9.065813577239428,1132
4533,9.06781397741093,1135
4534,9.06981437758243,1132
4535,9.07181477775393,1129
4536,9.07381517792543,1128
4537,9.07581557809693,1126
4538,9.077815978268431,1121
4539,9.079816378439931,1120
4540,9.081816778611431,1130
4541,9.083817178782931,1149
4542,9.085817578954432,1165
4543,9.087817979125932,1168
4544,9.089818379297432,1156
4545,9.091818779468934,1143
4546,9.093819179640434,1139
4547,9.095819579811934,1141
4548,9.097819979983434,1137
4549,9.099820380154934,1128
4550,9.101820780326435,1124
4551,9.103821180497935,1125
4552,9.105821580669435,1126
4553,9.107821980840935,1128
4554,9.109822381012435,1133
4555,9.111822781183935,1142
4556,9.113823181355437,1152
4557,9.115823581526938,1160
4558,9.117823981698438,1159
4559,9.119824381869938,1151
4560,9.121824782041438,1146
4561,9.123825182212938,1148
4562,9.125825582384438,1154
4563,9.127825982555938,1156
4564,9.129826382727439,1157
4565,9.131826782898939,1157
4566,9.133827183070439,1159
4567,9.135827583241939,1166
4568,9.137827983413441,1178
4569,9.139828383584941,1185
4570,9.141828783756441,1182
4571,9.143829183927942,1175
4572,9.145829584099442,1173
4573,9.147829984270942,1175
4574,9.149830384442442,1170
4575,9.151830784613942,1153
4576,9.153831184785442,1134
4577,9.155831584956942,1129
4578,9.157831985128443,1139
4579,9.159832385299945,1149
4580,9.161832785471445,1149
4581,9.163833185642945,1147
4582,9.165833585814445,1145
4583,9.167833985985945,1143
4584,9.169834386157445,1137
4585,9.171834786328946,1131
4586,9.173835186500446,1139
4587,9.175835586671946,1157
4588,9.177835986843446,1168
4589,9.179836387014946,1156
4590,9.181836787186446,1133
4591,9.183837187357948,1123
4592,9.185837587529448,1139
4593,9.187837987700949,1162
4594,9.189838387872449,1170
4595,9.191838788043949,1164
4596,9.193839188215449,1159
4597,9.19583958838695,1163
4598,9.19783998855845,1172
4599,9.19984038872995,1181
4600,9.20184078890145,1183
4601,9.20384118907295,1176
4602,9.205841589244452,1162
4603,9.207841989415952,1151
4604,9.209842389587452,1148
4605,9.211842789758952,1148
4606,9.213843189930452,1147
4607,9.215843590101953,1148
4608,9.217843990273453,1151
4609,9.219844390444953,1150
4610,9.221844790616453,1142
4611,9.223845190787953,1137
4612,9.225845590959453,1143
4613,9.227845991130954,1155
4614,9.229846391302456,1165
4615,9.231846791473956,1166
4616,9.233847191645456,1160
4617,9.235847591816956,1151
4618,9.237847991988456,1142
4619,9.239848392159956,1134
4620,9.241848792331457,1128
4621,9.243849192502957,1127
4622,9.245849592674457,1131
4623,9.247849992845957,1135
4624,9.249850393017457,1139
4625,9.251850793188959,1142
4626,9.25385119336046,1141
4627,9.25585159353196,1142
4628,9.25785199370346,1150
4629,9.25985239387496,1161
4630,9.26185279404646,1168
4631,9.26385319421796,1170
4632,9.26585359438946,1171
4633,9.26785399456096,1170
4634,9.26985439473246,1164
4635,9.27185479490396,1160
4636,9.27385519507546,1162
4637,9.275855595246963,1169
4638,9.277855995418463,1177
4639,9.279856395589963,1183
4640,9.281856795761463,1186
4641,9.283857195932963,1186
4642,9.285857596104464,1178
4643,9.287857996275964,1164
4644,9.289858396447464,1151
4645,9.291858796618964,1150
4646,9.293859196790464,1160
4647,9.295859596961964,1170
4648,9.297859997133466,1170
4649,9.299860397304966,1163
4650,9.301860797476467,1160
4651,9.303861197647967,1166
4652,9.305861597819467,1172
4653,9.307861997990967,1166
4654,9.309862398162467,1158
4655,9.311862798333967,1160
4656,9.313863198505468,1169
4657,9.315863598676968,1169
4658,9.317863998848468,1154
4659,9.319864399019968,1134
4660,9.32186479919147,1127
4661,9.32386519936297,1136
4662,9.32586559953447,1147
4663,9.32786599970597,1154
4664,9.32986639987747,1159
4665,9.33186680004897,1165
4666,9.333867200220471,1163
4667,9.335867600391971,1155
4668,9.337868000563471,1153
4669,9.339868400734971,1159
4670,9.341868800906472,1167
4671,9.343869201077974,1171
4672,9.345869601249474,1172
4673,9.347870001420974,1172
4674,9.349870401592474,1171
4675,9.351870801763974,1171
4676,9.353871201935474,1173
4677,9.355871602106975,1178
4678,9.357872002278475,1179
4679,9.359872402449975,1172
4680,9.361872802621475,1162
4681,9.363873202792975,1158
4682,9.365873602964475,1156
4683,9.367874003135977,1153
4684,9.369874403307477,1152
4685,9.371874803478978,1159
4686,9.373875203650478,1167
4687,9.375875603821978,1169
4688,9.377876003993478,1169
4689,9.379876404164978,1170
4690,9.381876804336478,1172
4691,9.383877204507979,1167
4692,9.385877604679479,1161
4693,9.387878004850979,1159
4694,9.38987840502248,1166
4695,9.391878805193981,1172
4696,9.393879205365481,1167
4697,9.395879605536981,1157
4698,9.397880005708481,1152
4699,9.399880405879982,1156
4700,9.401880806051482,1164
4701,9.403881206222982,1164
4702,9.405881606394482,1154
4703,9.407882006565982,1146
4704,9.409882406737482,1149
4705,9.411882806908983,1156
4706,9.413883207080485,1156
4707,9.415883607251985,1150
4708,9.417884007423485,1145
4709,9.419884407594985,1145
4710,9.421884807766485,1151
4711,9.423885207937985,1162
4712,9.425885608109486,1173
4713,9.427886008280986,1174
4714,9.429886408452486,1167
4715,9.431886808623986,1160
4716,9.433887208795486,1161
4717,9.435887608966988,1165
4718,9.437888009138488,1169
4719,9.439888409309988,1172
4720,9.441888809481489,1174
4721,9.443889209652989,1175
4722,9.445889609824489,1181
4723,9.447890009995989,1190
4724,9.44989041016749,1193
4725,9.45189081033899,1184
4726,9.45389121051049,1173
4727,9.45589161068199,1166
4728,9.45789201085349,1164
4729,9.459892411024992,1160
4730,9.461892811196492,1154
4731,9.463893211367992,1151
4732,9.465893611539492,1153
4733,9.467894011710992,1156
4734,9.469894411882493,1156
4735,9.471894812053993,1151
4736,9.473895212225493,1141
4737,9.475895612396993,1139
4738,9.477896012568493,1148
4739,9.479896412739993,1165
4740,9.481896812911495,1179
4741,9.483897213082995,1185
4742,9.485897613254496,1179
4743,9.487898013425996,1164
4744,9.489898413597496,1145
4745,9.491898813768996,1137
4746,9.493899213940496,1146
4747,9.495899614111996,1161
4748,9.497900014283497,1175
4749,9.499900414454997,1182
4750,9.501900814626497,1175
4751,9.503901214797997,1158
4752,9.505901614969499,1146
4753,9.507902015141,1148
4754,9.5099024153125,1157
4755,9.511902815484,1161
4756,9.5139032156555,1155
4757,9.515903615827,1142
4758,9.5179040159985,1127
4759,9.51990441617,1119
4760,9.5219048163415,1119
4761,9.523905216513,1126
4762,9.5259056166845,1140
4763,9.527906016856003,1157
4764,9.529906417027503,1171
4765,9.531906817199003,1180
4766,9.533907217370503,1183
4767,9.535907617542003,1179
4768,9.537908017713503,1170
4769,9.539908417885004,1160
4770,9.541908818056504,1157
4771,9.543909218228004,1162
4772,9.545909618399504,1168
4773,9.547910018571004,1165
4774,9.549910418742504,1150
4775,9.551910818914006,1138
4776,9.553911219085506,1140
4777,9.555911619257007,1144
4778,9.557912019428507,1137
4779,9.559912419600007,1123
4780,9.561912819771507,1113
4781,9.563913219943007,1106
4782,9.565913620114507,1100
4783,9.567914020286008,1102
4784,9.569914420457508,1111
4785,9.571914820629008,1116
4786,9.57391522080051,1115
4787,9.57591562097201,1116
4788,9.57791602114351,1122
4789,9.57991642131501,1128
4790,9.58191682148651,1132
4791,9.58391722165801,1133
4792,9.58591762182951,1133
4793,9.587918022001011,1130
4794,9.589918422172511,1126
4795,9.591918822344011,1132
4796,9.593919222515511,1146
4797,9.595919622687012,1146
4798,9.597920022858514,1131
4799,9.599920423030014,1124
4800,9.601920823201514,1135
4801,9.603921223373014,1150
4802,9.605921623544514,1150
4803,9.607922023716014,1142
4804,9.609922423887514,1140
4805,9.611922824059015,1145
4806,9.613923224230515,1148
4807,9.615923624402015,1144
4808,9.617924024573515,1144
4809,9.619924424745017,1152
4810,9.621924824916517,1157
4811,9.623925225088017,1148
4812,9.625925625259518,1133
4813,9.627926025431018,1125
4814,9.629926425602518,1129
4815,9.631926825774018,1137
4816,9.633927225945518,1142
4817,9.635927626117018,1143
4818,9.637928026288519,1144
4819,9.639928426460019,1157
4820,9.641928826631519,1178
4821,9.64392922680302,1189
4822,9.645929626974521,1180
4823,9.647930027146021,1161
4824,9.649930427317521,1143
4825,9.651930827489021,1135
4826,9.653931227660522,1134
4827,9.655931627832022,1142
4828,9.657932028003522,1146
4829,9.659932428175022,1136
4830,9.661932828346522,1116
4831,9.663933228518022,1101
4832,9.665933628689524,1098
4833,9.667934028861024,1105
4834,9.669934429032525,1114
4835,9.671934829204025,1116
4836,9.673935229375525,1114
4837,9.675935629547025,1113
4838,9.677936029718525,1114
4839,9.679936429890025,1115
4840,9.681936830061526,1120
4841,9.683937230233026,1132
4842,9.685937630404526,1144
4843,9.687938030576026,1145
4844,9.689938430747528,1140
4845,9.691938830919028,1144
4846,9.693939231090528,1157
4847,9.695939631262029,1159
4848,9.697940031433529,1144
4849,9.699940431605029,1127
4850,9.701940831776529,1122
4851,9.70394123194803,1129
4852,9.70594163211953,1143
4853,9.70794203229103,1156
4854,9.70994243246253,1160
4855,9.711942832634032,1155
4856,9.713943232805532,1151
4857,9.715943632977032,1153
4858,9.717944033148532,1152
4859,9.719944433320032,1146
4860,9.721944833491532,1146
4861,9.723945233663033,1154
4862,9.725945633834533,1157
4863,9.727946034006033,1150
4864,9.729946434177533,1148
4865,9.731946834349033,1156
4866,9.733947234520533,1164
4867,9.735947634692035,1162
4868,9.737948034863535,1157
4869,9.739948435035036,1156
4870,9.741948835206536,1160
4871,9.743949235378036,1165
4872,9.745949635549536,1162
4873,9.747950035721036,1149
4874,9.749950435892536,1132
4875,9.751950836064037,1125
4876,9.753951236235537,1131
4877,9.755951636407037,1136
4878,9.757952036578539,1127
4879,9.759952436750039,1107
4880,9.76195283692154,1096
4881,9.76395323709304,1108
4882,9.76595363726454,1129
4883,9.76795403743604,1140
4884,9.76995443760754,1137
4885,9.77195483777904,1135
4886,9.77395523795054,1142
4887,9.77595563812204,1150
4888,9.77795603829354,1155
4889,9.77995643846504,1159
4890,9.781956838636543,1162
4891,9.783957238808043,1160
4892,9.785957638979543,1153
4893,9.787958039151043,1150
4894,9.789958439322543,1152
4895,9.791958839494043,1152
4896,9.793959239665543,1150
4897,9.795959639837044,1148
4898,9.797960040008544,1148
4899,9.799960440180044,1150
4900,9.801960840351544,1154
4901,9.803961240523046,1158
4902,9.805961640694546,1163
4903,9.807962040866046,1161
4904,9.809962441037547,1150
4905,9.811962841209047,1137
4906,9.813963241380547,1137
4907,9.815963641552047,1148
4908,9.817964041723547,1156
4909,9.819964441895047,1145
4910,9.821964842066548,1123
4911,9.823965242238048,1111
4912,9.825965642409548,1120
4913,9.82796604258105,1144
4914,9.82996644275255,1168
4915,9.83196684292405,1171
4916,9.83396724309555,1153
4917,9.83596764326705,1134
4918,9.83796804343855,1131
4919,9.83996844361005,1143
4920,9.841968843781551,1156
4921,9.843969243953051,1156
4922,9.845969644124551,1143
4923,9.847970044296051,1129
4924,9.849970444467553,1130
4925,9.851970844639053,1144
4926,9.853971244810554,1157
4927,9.855971644982054,1161
4928,9.857972045153554,1161
4929,9.859972445325054,1163
4930,9.861972845496554,1166
4931,9.863973245668054,1168
4932,9.865973645839555,1169
4933,9.867974046011055,1169
4934,9.869974446182555,1161
4935,9.871974846354055,1144
4936,9.873975246525557,1129
4937,9.875975646697057,1125
4938,9.877976046868557,1131
4939,9.879976447040058,1142
4940,9.881976847211558,1156
4941,9.883977247383058,1171
4942,9.885977647554558,1178
4943,9.887978047726058,1169
4944,9.889978447897558,1148
4945,9.891978848069058,1138
4946,9.893979248240559,1152
4947,9.89597964841206,1178
4948,9.89798004858356,1189
4949,9.899980448755061,1178
4950,9.901980848926561,1162
4951,9.903981249098061,1156
4952,9.905981649269561,1157
4953,9.907982049441062,1157
4954,9.909982449612562,1155
4955,9.911982849784062,1155
4956,9.913983249955562,1161
4957,9.915983650127062,1174
4958,9.917984050298562,1184
4959,9.919984450470064,1177
4960,9.921984850641564,1158
4961,9.923985250813065,1144
4962,9.925985650984565,1143
4963,9.927986051156065,1147
4964,9.929986451327565,1148
4965,9.931986851499065,1146
4966,9.933987251670565,1147
4967,9.935987651842066,1150
4968,9.937988052013566,1146
4969,9.939988452185066,1132
4970,9.941988852356568,1121
4971,9.943989252528068,1125
4972,9.945989652699568,1141
4973,9.947990052871068,1158
4974,9.949990453042568,1163
4975,9.951990853214069,1157
4976,9.953991253385569,1151
4977,9.955991653557069,1152
4978,9.957992053728569,1158
4979,9.95999245390007,1158
4980,9.96199285407157,1150
4981,9.96399325424307,1136
4982,9.965993654414572,1125
4983,9.967994054586072,1122
4984,9.969994454757572,1127
4985,9.971994854929072,1132
4986,9.973995255100572,1135
4987,9.975995655272072,1138
4988,9.977996055443572,1142
4989,9.979996455615073,1144
4990,9.981996855786573,1147
4991,9.983997255958073,1157
4992,9.985997656129573,1167
4993,9.987998056301075,1169
4994,9.989998456472575,1163
4995,9.991998856644075,1161
4996,9.993999256815576,1167
4997,9.995999656987076,1170
4998,9.998000057158576,1162
4999,10.000000457330076,1150
5000,10.002000857501576,1145
5001,10.004001257673076,1149
5002,10.006001657844577,1156
5003,10.008002058016077,1161
5004,10.010002458187577,1160
5005,10.012002858359079,1154
5006,10.014003258530579,1148
5007,10.016003658702079,1144
5008,10.01800405887358,1140
5009,10.02000445904508,1135
5010,10.02200485921658,1140
5011,10.02400525938808,1153
5012,10.02600565955958,1160
5013,10.02800605973108,1161
5014,10.03000645990258,1167
5015,10.03200686007408,1174
5016,10.034007260245582,1172
5017,10.036007660417082,1164
5018,10.038008060588583,1164
5019,10.040008460760083,1170
5020,10.042008860931583,1171
5021,10.044009261103083,1163
5022,10.046009661274583,1153
5023,10.048010061446083,1144
5024,10.050010461617584,1137
5025,10.052010861789084,1136
5026,10.054011261960584,1138
5027,10.056011662132084,1139
5028,10.058012062303586,1135
5029,10.060012462475086,1128
5030,10.062012862646586,1126
5031,10.064013262818087,1131
5032,10.066013662989587,1140
5033,10.068014063161087,1145
5034,10.070014463332587,1139
5035,10.072014863504087,1130
5036,10.074015263675587,1126
5037,10.076015663847087,1126
5038,10.078016064018588,1124
5039,10.08001646419009,1117
5040,10.08201686436159,1111
5041,10.08401726453309,1116
5042,10.08601766470459,1130
5043,10.08801806487609,1137
5044,10.09001846504759,1130
5045,10.09201886521909,1123
5046,10.09401926539059,1129
5047,10.09601966556209,1151
5048,10.098020065733591,1177
5049,10.100020465905091,1188
5050,10.102020866076591,1178
5051,10.104021266248093,1158
5052,10.106021666419593,1141
5053,10.108022066591094,1134
5054,10.110022466762594,1133
5055,10.112022866934094,1135
5056,10.114023267105594,1139
5057,10.116023667277094,1137
5058,10.118024067448594,1127
5059,10.120024467620095,1117
5060,10.122024867791595,1116
5061,10.124025267963095,1124
5062,10.126025668134597,1125
5063,10.128026068306097,1119
5064,10.130026468477597,1121
5065,10.132026868649097,1138
5066,10.134027268820597,1156
5067,10.136027668992098,1157
5068,10.138028069163598,1149
5069,10.140028469335098,1147
5070,10.142028869506598,1151
5071,10.144029269678098,1150
5072,10.146029669849598,1142
5073,10.148030070021099,1134
5074,10.1500304701926,1132
5075,10.1520308703641,1135
5076,10.1540312705356,1138
5077,10.156031670707101,1139
5078,10.158032070878601,1139
5079,10.160032471050101,1144
5080,10.162032871221601,1151
5081,10.164033271393102,1158
5082,10.166033671564602,1163
5083,10.168034071736102,1165
5084,10.170034471907602,1165
5085,10.172034872079104,1161
5086,10.174035272250604,1150
5087,10.176035672422104,1138
5088,10.178036072593605,1137
5089,10.180036472765105,1150
5090,10.182036872936605,1164
5091,10.184037273108105,1160
5092,10.186037673279605,1146
5093,10.188038073451105,1137
5094,10.190038473622606,1146
5095,10.192038873794106,1163
5096,10.194039273965606,1174
5097,10.196039674137108,1174
5098,10.198040074308608,1166
5099,10.200040474480108,1154
5100,10.202040874651608,1145
5101,10.204041274823108,1146
5102,10.206041674994609,1153
5103,10.208042075166109,1158
5104,10.210042475337609,1159
5105,10.212042875509109,1155
5106,10.21404327568061,1148
5107,10.21604367585211,1145
5108,10.218044076023611,1147
5109,10.220044476195111,1151
5110,10.222044876366612,1153
5111,10.224045276538112,1156
5112,10.226045676709612,1163
5113,10.228046076881112,1167
5114,10.230046477052612,1163
5115,10.232046877224112,1154
5116,10.234047277395613,1148
5117,10.236047677567113,1146
5118,10.238048077738613,1148
5119,10.240048477910115,1153
5120,10.242048878081615,1163
5121,10.244049278253115,1171
5122,10.246049678424615,1169
5123,10.248050078596115,1162
5124,10.250050478767616,1155
5125,10.252050878939116,1150
5126,10.254051279110616,1147
5127,10.256051679282116,1145
5128,10.258052079453616,1145
5129,10.260052479625116,1147
5130,10.262052879796617,1149
5131,10.264053279968119,1149
5132,10.266053680139619,1144
5133,10.268054080311119,1131
5134,10.270054480482619,1115
5135,10.27205488065412,1109
5136,10.27405528082562,1115
5137,10.27605568099712,1121
5138,10.27805608116862,1117
5139,10.28005648134012,1108
5140,10.28205688151162,1105
5141,10.28405728168312,1114
5142,10.286057681854622,1126
5143,10.288058082026122,1129
5144,10.290058482197622,1122
5145,10.292058882369123,1119
5146,10.294059282540623,1121
5147,10.296059682712123,1121
5148,10.298060082883623,1119
5149,10.300060483055123,1116
5150,10.302060883226623,1109
5151,10.304061283398124,1100
5152,10.306061683569624,1093
5153,10.308062083741124,1091
5154,10.310062483912626,1093
5155,10.312062884084126,1094
5156,10.314063284255626,1094
5157,10.316063684427126,1097
5158,10.318064084598626,1106
5159,10.320064484770127,1116
5160,10.322064884941627,1118
5161,10.324065285113127,1111
5162,10.326065685284627,1105
5163,10.328066085456127,1110
5164,10.330066485627627,1116
5165,10.33206688579913,1112
5166,10.33406728597063,1099
5167,10.33606768614213,1092
5168,10.33806808631363,1097
5169,10.34006848648513,1109
5170,10.34206888665663,1121
5171,10.34406928682813,1123
5172,10.34606968699963,1115
5173,10.34807008717113,1107
5174,10.35007048734263,1113
5175,10.352070887514131,1132
5176,10.354071287685631,1150
5177,10.356071687857133,1155
5178,10.358072088028633,1146
5179,10.360072488200133,1131
5180,10.362072888371634,1122
5181,10.364073288543134,1124
5182,10.366073688714634,1131
5183,10.368074088886134,1134
5184,10.370074489057634,1137
5185,10.372074889229134,1146
5186,10.374075289400635,1159
5187,10.376075689572135,1165
5188,10.378076089743637,1162
5189,10.380076489915137,1158
5190,10.382076890086637,1156
5191,10.384077290258137,1155
5192,10.386077690429637,1156
5193,10.388078090601137,1156
5194,10.390078490772638,1150
5195,10.392078890944138,1137
5196,10.394079291115638,1131
5197,10.396079691287138,1135
5198,10.398080091458638,1141
5199,10.400080491630138,1144
5200,10.40208089180164,1150
5201,10.40408129197314,1157
5202,10.40608169214464,1161
5203,10.40808209231614,1158
5204,10.410082492487641,1146
5205,10.412082892659141,1128
5206,10.414083292830641,1116
5207,10.416083693002141,1123
5208,10.418084093173642,1141
5209,10.420084493345142,1150
5210,10.422084893516642,1143
5211,10.424085293688144,1131
5212,10.426085693859644,1126
5213,10.428086094031144,1125
5214,10.430086494202644,1122
5215,10.432086894374144,1120
5216,10.434087294545645,1120
5217,10.436087694717145,1122
5218,10.438088094888645,1120
5219,10.440088495060145,1115
5220,10.442088895231645,1113
5221,10.444089295403145,1119
5222,10.446089695574646,1132
5223,10.448090095746148,1148
5224,10.450090495917648,1159
5225,10.452090896089148,1162
5226,10.454091296260648,1164
5227,10.456091696432148,1168
5228,10.458092096603648,1169
5229,10.460092496775149,1161
5230,10.462092896946649,1151
5231,10.464093297118149,1152
5232,10.466093697289649,1163
5233,10.46809409746115,1170
5234,10.470094497632651,1170
5235,10.472094897804151,1169
5236,10.474095297975651,1167
5237,10.476095698147152,1156
5238,10.478096098318652,1136
5239,10.480096498490152,1119
5240,10.482096898661652,1116
5241,10.484097298833152,1125
5242,10.486097699004652,1134
5243,10.488098099176153,1136
5244,10.490098499347653,1136
5245,10.492098899519153,1135
5246,10.494099299690655,1138
5247,10.496099699862155,1145
5248,10.498100100033655,1151
5249,10.500100500205155,1149
5250,10.502100900376655,1144
5251,10.504101300548156,1143
5252,10.506101700719656,1150
5253,10.508102100891156,1157
5254,10.510102501062656,1155
5255,10.512102901234156,1148
5256,10.514103301405656,1143
5257,10.516103701577158,1138
5258,10.518104101748659,1137
5259,10.520104501920159,1148
5260,10.522104902091659,1172
5261,10.524105302263159,1189
5262,10.52610570243466,1188
5263,10.52810610260616,1168
5264,10.53010650277766,1147
5265,10.53210690294916,1143
5266,10.53410730312066,1157
5267,10.53610770329216,1178
5268,10.53810810346366,1194
5269,10.540108503635162,1193
5270,10.542108903806662,1170
5271,10.544109303978162,1145
5272,10.546109704149663,1143
5273,10.548110104321163,1168
5274,10.550110504492663,1190
5275,10.552110904664163,1185
5276,10.554111304835663,1161
5277,10.556111705007163,1150
5278,10.558112105178663,1159
5279,10.560112505350164,1169
5280,10.562112905521666,1167
5281,10.564113305693166,1158
5282,10.566113705864666,1157
5283,10.568114106036166,1163
5284,10.570114506207666,1166
5285,10.572114906379166,1165
5286,10.574115306550667,1160
5287,10.576115706722167,1154
5288,10.578116106893667,1149
5289,10.580116507065167,1145
5290,10.582116907236667,1137
5291,10.584117307408167,1130
5292,10.58611770757967,1134
5293,10.58811810775117,1144
5294,10.59011850792267,1152
5295,10.59211890809417,1158
5296,10.59411930826567,1165
5297,10.59611970843717,1169
5298,10.59812010860867,1161
5299,10.60012050878017,1144
5300,10.60212090895167,1132
5301,10.60412130912317,1135
5302,10.606121709294671,1141
5303,10.608122109466173,1138
5304,10.610122509637673,1133
5305,10.612122909809173,1136
5306,10.614123309980673,1148
5307,10.616123710152173,1161
5308,10.618124110323674,1167
5309,10.620124510495174,1165
5310,10.622124910666674,1161
5311,10.624125310838174,1159
5312,10.626125711009674,1160
5313,10.628126111181174,1164
5314,10.630126511352675,1164
5315,10.632126911524177,1150
5316,10.634127311695677,1129
5317,10.636127711867177,1121
5318,10.638128112038677,1134
5319,10.640128512210177,1153
5320,10.642128912381677,1164
5321,10.644129312553178,1168
5322,10.646129712724678,1174
5323,10.648130112896178,1176
5324,10.650130513067678,1165
5325,10.652130913239178,1146
5326,10.65413131341068,1136
5327,10.65613171358218,1142
5328,10.65813211375368,1151
5329,10.66013251392518,1157
5330,10.66213291409668,1165
5331,10.664133314268181,1173
5332,10.666133714439681,1171
5333,10.668134114611181,1161
5334,10.670134514782681,1153
5335,10.672134914954182,1153
5336,10.674135315125682,1160
5337,10.676135715297182,1166
5338,10.678136115468684,1166
5339,10.680136515640184,1160
5340,10.682136915811684,1154
5341,10.684137315983184,1155
5342,10.686137716154684,1162
5343,10.688138116326185,1164
5344,10.690138516497685,1160
5345,10.692138916669185,1158
5346,10.694139316840685,1162
5347,10.696139717012185,1173
5348,10.698140117183685,1183
5349,10.700140517355187,1179
5350,10.702140917526688,1161
5351,10.704141317698188,1147
5352,10.706141717869688,1155
5353,10.708142118041188,1175
5354,10.710142518212688,1187
5355,10.712142918384188,1188
5356,10.714143318555688,1182
5357,10.716143718727189,1171
5358,10.718144118898689,1162
5359,10.720144519070189,1166
5360,10.722144919241689,1177
5361,10.724145319413191,1182
5362,10.726145719584691,1175
5363,10.728146119756191,1167
5364,10.730146519927692,1166
5365,10.732146920099192,1165
5366,10.734147320270692,1158
5367,10.736147720442192,1148
5368,10.738148120613692,1147
5369,10.740148520785192,1152
5370,10.742148920956692,1154
5371,10.744149321128193,1152
5372,10.746149721299695,1151
5373,10.748150121471195,1154
5374,10.750150521642695,1159
5375,10.752150921814195,1164
5376,10.754151321985695,1168
5377,10.756151722157195,1170
5378,10.758152122328696,1163
5379,10.760152522500196,1142
5380,10.762152922671696,1125
5381,10.764153322843196,1129
5382,10.766153723014696,1146
5383,10.768154123186196,1153
5384,10.770154523357698,1146
5385,10.772154923529198,1141
5386,10.774155323700699,1150
5387,10.776155723872199,1164
5388,10.778156124043699,1168
5389,10.780156524215199,1160
5390,10.7821569243867,1149
5391,10.7841573245582,1148
5392,10.7861577247297,1152
5393,10.7881581249012,1148
5394,10.7901585250727,1134
5395,10.792158925244202,1122
5396,10.794159325415702,1122
5397,10.796159725587202,1131
5398,10.798160125758702,1139
5399,10.800160525930202,1143
5400,10.802160926101703,1143
5401,10.804161326273203,1141
5402,10.806161726444703,1138
5403,10.808162126616203,1136
5404,10.810162526787703,1136
5405,10.812162926959203,1137
5406,10.814163327130704,1138
5407,10.816163727302206,1133
5408,10.818164127473706,1124
5409,10.820164527645206,1122
5410,10.822164927816706,1133
5411,10.824165327988206,1147
5412,10.826165728159706,1152
5413,10.828166128331207,1149
5414,10.830166528502707,1148
5415,10.832166928674207,1152
5416,10.834167328845707,1153
5417,10.836167729017207,1142
5418,10.838168129188709,1125
5419,10.84016852936021,1112
5420,10.84216892953171,1111
5421,10.84416932970321,1112
5422,10.84616972987471,1111
5423,10.84817013004621,1107
5424,10.85017053021771,1099
5425,10.85217093038921,1089
5426,10.85417133056071,1087
5427,10.85617173073221,1095
5428,10.85817213090371,1101
5429,10.86017253107521,1098
5430,10.862172931246713,1089
5431,10.864173331418213,1080
5432,10.866173731589713,1078
5433,10.868174131761213,1077
5434,10.870174531932713,1072
5435,10.872174932104214,1069
5436,10.874175332275714,1077
5437,10.876175732447214,1099
5438,10.878176132618714,1116
5439,10.880176532790214,1115
5440,10.882176932961714,1104
5441,10.884177333133216,1099
5442,10.886177733304716,1098
5443,10.888178133476217,1094
5444,10.890178533647717,1087
5445,10.892178933819217,1088
5446,10.894179333990717,1098
5447,10.896179734162217,1106
5448,10.898180134333717,1104
5449,10.900180534505218,1098
5450,10.902180934676718,1100
5451,10.904181334848218,1107
5452,10.906181735019718,1110
5453,10.90818213519122,1104
5454,10.91018253536272,1098
5455,10.91218293553422,1097
5456,10.91418333570572,1099
5457,10.91618373587722,1097
5458,10.91818413604872,1093
5459,10.920184536220221,1086
5460,10.922184936391721,1077
5461,10.924185336563221,1080
5462,10.926185736734721,1097
5463,10.928186136906222,1117
5464,10.930186537077724,1121
5465,10.932186937249224,1110
5466,10.934187337420724,1101
5467,10.936187737592224,1101
5468,10.938188137763724,1101
5469,10.940188537935224,1090
5470,10.942188938106725,1081
5471,10.944189338278225,1083
5472,10.946189738449725,1089
5473,10.948190138621225,1089
5474,10.950190538792725,1086
5475,10.952190938964225,1088
5476,10.954191339135727,1094
5477,10.956191739307227,1100
5478,10.958192139478728,1104
5479,10.960192539650228,1100
5480,10.962192939821728,1092
5481,10.964193339993228,1088
5482,10.966193740164728,1091
5483,10.968194140336228,1096
5484,10.970194540507729,1092
5485,10.972194940679229,1082
5486,10.974195340850729,1078
5487,10.97619574102223,1086
5488,10.978196141193731,1102
5489,10.980196541365231,1110
5490,10.982196941536731,1104
5491,10.984197341708231,1093
5492,10.986197741879732,1090
5493,10.988198142051232,1096
5494,10.990198542222732,1101
5495,10.992198942394232,1099
5496,10.994199342565732,1099
5497,10.996199742737232,1101
5498,10.998200142908733,1097
5499,11.000200543080235,1087
5500,11.002200943251735,1083
5501,11.004201343423235,1089
5502,11.006201743594735,1098
5503,11.008202143766235,1100
5504,11.010202543937735,1097
5505,11.012202944109236,1096
5506,11.014203344280736,1099
5507,11.016203744452236,1097
5508,11.018204144623736,1091
5509,11.020204544795236,1089
5510,11.022204944966738,1096
5511,11.024205345138238,1105
5512,11.026205745309738,1116
5513,11.028206145481239,1123
5514,11.030206545652739,1117
5515,11.032206945824239,1103
5516,11.034207345995739,1096
5517,11.03620774616724,1103
5518,11.03820814633874,1104
5519,11.04020854651024,1090
5520,11.04220894668174,1075
5521,11.04420934685324,1075
5522,11.046209747024742,1081
5523,11.048210147196242,1076
5524,11.050210547367742,1064
5525,11.052210947539242,1060
5526,11.054211347710742,1067
5527,11.056211747882243,1078
5528,11.058212148053743,1085
5529,11.060212548225243,1088
5530,11.062212948396743,1094
5531,11.064213348568243,1102
5532,11.066213748739743,1114
5533,11.068214148911245,1123
5534,11.070214549082745,1116
5535,11.072214949254246,1092
5536,11.074215349425746,1070
5537,11.076215749597246,1069
5538,11.078216149768746,1086
5539,11.080216549940246,1099
5540,11.082216950111746,1092
5541,11.084217350283247,1074
5542,11.086217750454747,1064
5543,11.088218150626247,1065
5544,11.090218550797747,1069
5545,11.092218950969249,1076
5546,11.09421935114075,1081
5547,11.09621975131225,1076
5548,11.09822015148375,1071
5549,11.10022055165525,1076
5550,11.10222095182675,1082
5551,11.10422135199825,1078
5552,11.10622175216975,1073
5553,11.10822215234125,1078
5554,11.11022255251275,1089
5555,11.11222295268425,1102
5556,11.114223352855753,1116
5557,11.116223753027253,1125
5558,11.118224153198753,1128
5559,11.120224553370253,1128
5560,11.122224953541753,1130
5561,11.124225353713253,1124
5562,11.126225753884754,1107
5563,11.128226154056254,1091
5564,11.130226554227754,1091
5565,11.132226954399254,1103
5566,11.134227354570754,1109
5567,11.136227754742254,1101
5568,11.138228154913756,1087
5569,11.140228555085256,1078
5570,11.142228955256757,1076
5571,11.144229355428257,1075
5572,11.146229755599757,1077
5573,11.148230155771257,1081
5574,11.150230555942757,1082
5575,11.152230956114257,1078
5576,11.154231356285758,1074
5577,11.156231756457258,1074
5578,11.158232156628758,1083
5579,11.16023255680026,1097
5580,11.16223295697176,1107
5581,11.16423335714326,1109
5582,11.16623375731476,1108
5583,11.16823415748626,1102
5584,11.17023455765776,1092
5585,11.17223495782926,1083
5586,11.174235358000761,1087
5587,11.176235758172261,1106
5588,11.178236158343761,1127
5589,11.180236558515261,1136
5590,11.182236958686762,1136
5591,11.184237358858264,1136
5592,11.186237759029764,1132
5593,11.188238159201264,1120
5594,11.190238559372764,1108
5595,11.192238959544264,1103
5596,11.194239359715764,1101
5597,11.196239759887264,1098
5598,11.198240160058765,1091
5599,11.200240560230265,1080
5600,11.202240960401765,1073
5601,11.204241360573265,1080
5602,11.206241760744767,1098
5603,11.208242160916267,1109
5604,11.210242561087767,1103
5605,11.212242961259268,1090
5606,11.214243361430768,1088
5607,11.216243761602268,1100
5608,11.218244161773768,1110
5609,11.220244561945268,1104
5610,11.222244962116768,1091
5611,11.224245362288269,1091
5612,11.226245762459769,1115
5613,11.228246162631269,1139
5614,11.23024656280277,1139
5615,11.232246962974271,1122
5616,11.234247363145771,1115
5617,11.236247763317271,1127
5618,11.238248163488771,1140
5619,11.240248563660272,1140
5620,11.242248963831772,1131
5621,11.244249364003272,1126
5622,11.246249764174772,1132
5623,11.248250164346272,1144
5624,11.250250564517772,1156
5625,11.252250964689274,1165
5626,11.254251364860774,1167
5627,11.256251765032275,1161
5628,11.258252165203775,1149
5629,11.260252565375275,1137
5630,11.262252965546775,1134
5631,11.264253365718275,1140
5632,11.266253765889775,1145
5633,11.268254166061276,1135
5634,11.270254566232776,1117
5635,11.272254966404276,1107
5636,11.274255366575776,1112
5637,11.276255766747278,1119
5638,11.278256166918778,1115
5639,11.280256567090278,1103
5640,11.282256967261779,1098
5641,11.284257367433279,1105
5642,11.286257767604779,1114
5643,11.288258167776279,1117
5644,11.29025856794778,1120
5645,11.29225896811928,1129
5646,11.29425936829078,1142
5647,11.29625976846228,1151
5648,11.298260168633782,1147
5649,11.300260568805282,1133
5650,11.302260968976782,1125
5651,11.304261369148282,1133
5652,11.306261769319782,1150
5653,11.308262169491282,1153
5654,11.310262569662783,1141
5655,11.312262969834283,1125
5656,11.314263370005783,1121
5657,11.316263770177283,1132
5658,11.318264170348783,1147
5659,11.320264570520283,1148
5660,11.322264970691785,1129
5661,11.324265370863285,1111
5662,11.326265771034786,1116
5663,11.328266171206286,1136
5664,11.330266571377786,1142
5665,11.332266971549286,1126
5666,11.334267371720786,1108
5667,11.336267771892286,1108
5668,11.338268172063787,1124
5669,11.340268572235287,1141
5670,11.342268972406787,1150
5671,11.344269372578289,1153
5672,11.346269772749789,1157
5673,11.34827017292129,1165
5674,11.35027057309279,1176
5675,11.35227097326429,1184
5676,11.35427137343579,1187
5677,11.35627177360729,1189
5678,11.35827217377879,1185
5679,11.36027257395029,1165
5680,11.36227297412179,1139
5681,11.36427337429329,1124
5682,11.36627377446479,1126
5683,11.368274174636293,1133
5684,11.370274574807793,1133
5685,11.372274974979293,1126
5686,11.374275375150793,1116
5687,11.376275775322293,1111
5688,11.378276175493793,1121
5689,11.380276575665293,1148
5690,11.382276975836794,1171
5691,11.384277376008294,1168
5692,11.386277776179794,1145
5693,11.388278176351294,1127
5694,11.390278576522796,1127
5695,11.392278976694296,1132
5696,11.394279376865796,1129
5697,11.396279777037297,1124
5698,11.398280177208797,1127
5699,11.400280577380297,1136
5700,11.402280977551797,1140
5701,11.404281377723297,1134
5702,11.406281777894797,1129
5703,11.408282178066298,1137
5704,11.410282578237798,1156
5705,11.412282978409298,1167
5706,11.4142833785808,1159
5707,11.4162837787523,1143
5708,11.4182841789238,1135
5709,11.4202845790953,1137
5710,11.4222849792668,1137
5711,11.4242853794383,1135
5712,11.4262857796098,1138
5713,11.428286179781301,1146
5714,11.430286579952801,1150
5715,11.432286980124301,1148
5716,11.434287380295801,1143
5717,11.436287780467303,1140
5718,11.438288180638803,1142
5719,11.440288580810304,1144
5720,11.442288980981804,1140
5721,11.444289381153304,1134
5722,11.446289781324804,1127
5723,11.448290181496304,1112
5724,11.450290581667804,1091
5725,11.452290981839305,1081
5726,11.454291382010805,1090
5727,11.456291782182305,1106
5728,11.458292182353807,1111
5729,11.460292582525307,1104
5730,11.462292982696807,1100
5731,11.464293382868307,1106
5732,11.466293783039808,1110
5733,11.468294183211308,1098
5734,11.470294583382808,1079
5735,11.472294983554308,1076
5736,11.474295383725808,1095
5737,11.476295783897308,1111
5738,11.478296184068808,1106
5739,11.480296584240309,1095
5740,11.48229698441181,1095
5741,11.48429738458331,1100
5742,11.486297784754811,1104
5743,11.488298184926311,1111
5744,11.490298585097811,1122
5745,11.492298985269311,1129
5746,11.494299385440812,1130
5747,11.496299785612312,1129
5748,11.498300185783812,1130
5749,11.500300585955312,1130
5750,11.502300986126812,1129
5751,11.504301386298314,1129
5752,11.506301786469814,1130
5753,11.508302186641314,1135
5754,11.510302586812815,1141
5755,11.512302986984315,1139
5756,11.514303387155815,1123
5757,11.516303787327315,1101
5758,11.518304187498815,1085
5759,11.520304587670315,1082
5760,11.522304987841816,1092
5761,11.524305388013316,1104
5762,11.526305788184816,1107
5763,11.528306188356318,1100
5764,11.530306588527818,1096
5765,11.532306988699318,1105
5766,11.534307388870818,1117
5767,11.536307789042318,1122
5768,11.538308189213819,1116
5769,11.540308589385319,1110
5770,11.542308989556819,1110
5771,11.544309389728319,1113
5772,11.54630978989982,1115
5773,11.54831019007132,1117
5774,11.550310590242821,1116
5775,11.552310990414322,1118
5776,11.554311390585822,1129
5777,11.556311790757322,1141
5778,11.558312190928822,1144
5779,11.560312591100322,1139
5780,11.562312991271822,1134
5781,11.564313391443322,1136
5782,11.566313791614823,1142
5783,11.568314191786323,1144
5784,11.570314591957823,1136
5785,11.572314992129323,1128
5786,11.574315392300825,1131
5787,11.576315792472325,1142
5788,11.578316192643825,1144
5789,11.580316592815326,1138
5790,11.582316992986826,1136
5791,11.584317393158326,1146
5792,11.586317793329826,1156
5793,11.588318193501326,1153
5794,11.590318593672826,1142
5795,11.592318993844327,1132
5796,11.594319394015827,1132
5797,11.596319794187329,1136
5798,11.598320194358829,1140
5799,11.600320594530329,1140
5800,11.602320994701829,1138
5801,11.60432139487333,1133
5802,11.60632179504483,1125
5803,11.60832219521633,1123
5804,11.61032259538783,1132
5805,11.61232299555933,1148
5806,11.61432339573083,1160
5807,11.61632379590233,1164
5808,11.61832419607383,1159
5809,11.620324596245332,1145
5810,11.622324996416832,1131
5811,11.624325396588333,1129
5812,11.626325796759833,1136
5813,11.628326196931333,1140
5814,11.630326597102833,1136
5815,11.632326997274333,1129
5816,11.634327397445833,1133
5817,11.636327797617334,1148
5818,11.638328197788834,1161
5819,11.640328597960334,1162
5820,11.642328998131836,1155
5821,11.644329398303336,1151
5822,11.646329798474836,1147
5823,11.648330198646336,1146
5824,11.650330598817837,1152
5825,11.652330998989337,1161
5826,11.654331399160837,1161
5827,11.656331799332337,1153
5828,11.658332199503837,1142
5829,11.660332599675337,1135
5830,11.662332999846837,1136
5831,11.664333400018338,1149
5832,11.66633380018984,1164
5833,11.66833420036134,1169
5834,11.67033460053284,1159
5835,11.67233500070434,1141
5836,11.67433540087584,1130
5837,11.67633580104734,1134
5838,11.67833620121884,1143
5839,11.68033660139034,1143
5840,11.68233700156184,1135
5841,11.684337401733341,1131
5842,11.686337801904841,1137
5843,11.688338202076343,1144
5844,11.690338602247843,1143
5845,11.692339002419343,1137
5846,11.694339402590844,1140
5847,11.696339802762344,1156
5848,11.698340202933844,1175
5849,11.700340603105344,1180
5850,11.702341003276844,1168
5851,11.704341403448344,1155
5852,11.706341803619845,1155
5853,11.708342203791345,1164
5854,11.710342603962845,1167
5855,11.712343004134347,1158
5856,11.714343404305847,1144
5857,11.716343804477347,1135
5858,11.718344204648847,1131
5859,11.720344604820347,1129
5860,11.722345004991848,1128
5861,11.724345405163348,1129
5862,11.726345805334848,1133
5863,11.728346205506348,1143
5864,11.730346605677848,1149
5865,11.732347005849348,1137
5866,11.73434740602085,1115
5867,11.73634780619235,1102
5868,11.73834820636385,1106
5869,11.74034860653535,1115
5870,11.742349006706851,1117
5871,11.744349406878351,1113
5872,11.746349807049851,1115
5873,11.748350207221351,1126
5874,11.750350607392852,1134
5875,11.752351007564352,1131
5876,11.754351407735852,1125
5877,11.756351807907352,1128
5878,11.758352208078854,1137
5879,11.760352608250354,1143
5880,11.762353008421854,1135
5881,11.764353408593355,1120
5882,11.766353808764855,1113
5883,11.768354208936355,1114
5884,11.770354609107855,1117
5885,11.772355009279355,1125
5886,11.774355409450855,1140
5887,11.776355809622356,1152
5888,11.778356209793856,1148
5889,11.780356609965358,1132
5890,11.782357010136858,1125
5891,11.784357410308358,1131
5892,11.786357810479858,1133
5893,11.788358210651358,1124
5894,11.790358610822858,1115
5895,11.792359010994359,1114
5896,11.794359411165859,1119
5897,11.796359811337359,1121
5898,11.798360211508859,1119
5899,11.80036061168036,1115
5900,11.80236101185186,1123
5901,11.804361412023361,1147
5902,11.806361812194861,1166
5903,11.808362212366362,1159
5904,11.810362612537862,1136
5905,11.812363012709362,1120
5906,11.814363412880862,1120
5907,11.816363813052362,1126
5908,11.818364213223862,1130
5909,11.820364613395363,1133
5910,11.822365013566863,1138
5911,11.824365413738363,1143
5912,11.826365813909865,1146
5913,11.828366214081365,1141
5914,11.830366614252865,1135
5915,11.832367014424365,1139
5916,11.834367414595865,1153
5917,11.836367814767366,1167
5918,11.838368214938866,1173
5919,11.840368615110366,1165
5920,11.842369015281866,1145
5921,11.844369415453366,1130
5922,11.846369815624866,1132
5923,11.848370215796367,1143
5924,11.850370615967869,1150
5925,11.852371016139369,1147
5926,11.854371416310869,1144
5927,11.856371816482369,1156
5928,11.85837221665387,1181
5929,11.86037261682537,1196
5930,11.86237301699687,1187
5931,11.86437341716837,1168
5932,11.86637381733987,1161
5933,11.86837421751137,1162
5934,11.87037461768287,1158
5935,11.872375017854372,1151
5936,11.874375418025872,1149
5937,11.876375818197372,1149
5938,11.878376218368873,1147
5939,11.880376618540373,1146
5940,11.882377018711873,1148
5941,11.884377418883373,1147
5942,11.886377819054873,1141
5943,11.888378219226373,1140
5944,11.890378619397874,1147
5945,11.892379019569374,1156
5946,11.894379419740874,1155
5947,11.896379819912376,1143
5948,11.898380220083876,1133
5949,11.900380620255376,1131
5950,11.902381020426876,1135
5951,11.904381420598376,1143
5952,11.906381820769877,1151
5953,11.908382220941377,1149
5954,11.910382621112877,1136
5955,11.912383021284377,1126
5956,11.914383421455877,1127
5957,11.916383821627377,1129
5958,11.91838422179888,1125
5959,11.92038462197038,1118
5960,11.92238502214188,1117
5961,11.92438542231338,1120
5962,11.92638582248488,1122
5963,11.92838622265638,1131
5964,11.93038662282788,1150
5965,11.93238702299938,1171
5966,11.93438742317088,1183
5967,11.93638782334238,1179
5968,11.938388223513881,1162
5969,11.940388623685381,1149
5970,11.942389023856883,1157
5971,11.944389424028383,1181
5972,11.946389824199883,1195
5973,11.948390224371384,1185
5974,11.950390624542884,1162
5975,11.952391024714384,1146
5976,11.954391424885884,1143
5977,11.956391825057384,1146
5978,11.958392225228884,1148
5979,11.960392625400385,1150
5980,11.962393025571885,1155
5981,11.964393425743387,1163
5982,11.966393825914887,1164
5983,11.968394226086387,1158
5984,11.970394626257887,1152
5985,11.972395026429387,1154
5986,11.974395426600887,1164
5987,11.976395826772388,1177
5988,11.978396226943888,1183
5989,11.980396627115388,1183
5990,11.982397027286888,1180
5991,11.984397427458388,1175
5992,11.986397827629888,1167
5993,11.98839822780139,1161
5994,11.99039862797289,1162
5995,11.99239902814439,1172
5996,11.99439942831589,1182
5997,11.996399828487391,1183
5998,11.998400228658891,1178
5999,12.000400628830391,1177
6000,12.002401029001891,1186
6001,12.004401429173392,1203
6002,12.006401829344892,1218
6003,12.008402229516392,1222
6004,12.010402629687894,1212
6005,12.012403029859394,1192
6006,12.014403430030894,1173
6007,12.016403830202394,1161
6008,12.018404230373894,1160
6009,12.020404630545395,1164
6010,12.022405030716895,1164
6011,12.024405430888395,1158
6012,12.026405831059895,1155
6013,12.028406231231395,1164
6014,12.030406631402895,1178
6015,12.032407031574396,1177
6016,12.034407431745898,1159
6017,12.036407831917398,1145
6018,12.038408232088898,1145
6019,12.040408632260398,1152
6020,12.042409032431898,1154
6021,12.044409432603398,1148
6022,12.046409832774899,1140
6023,12.048410232946399,1140
6024,12.050410633117899,1146
6025,12.052411033289399,1156
6026,12.0544114334609,1161
6027,12.056411833632401,1158
6028,12.058412233803901,1155
6029,12.060412633975401,1161
6030,12.062413034146902,1170
6031,12.064413434318402,1164
6032,12.066413834489902,1141
6033,12.068414234661402,1124
6034,12.070414634832902,1123
6035,12.072415035004402,1130
6036,12.074415435175903,1138
6037,12.076415835347403,1144
6038,12.078416235518903,1138
6039,12.080416635690405,1121
6040,12.082417035861905,1112
6041,12.084417436033405,1124
6042,12.086417836204905,1140
6043,12.088418236376405,1144
6044,12.090418636547906,1142
6045,12.092419036719406,1142
6046,12.094419436890906,1150
6047,12.096419837062406,1159
6048,12.098420237233906,1157
6049,12.100420637405406,1138
6050,12.102421037576908,1118
6051,12.104421437748409,1114
6052,12.106421837919909,1129
6053,12.108422238091409,1146
6054,12.110422638262909,1149
6055,12.11242303843441,1140
6056,12.11442343860591,1137
6057,12.11642383877741,1148
6058,12.11842423894891,1161
6059,12.12042463912041,1163
6060,12.12242503929191,1149
6061,12.12442543946341,1131
6062,12.126425839634912,1129
6063,12.128426239806412,1146
6064,12.130426639977912,1162
6065,12.132427040149413,1162
6066,12.134427440320913,1154
6067,12.136427840492413,1148
6068,12.138428240663913,1147
6069,12.140428640835413,1156
6070,12.142429041006913,1171
6071,12.144429441178413,1179
6072,12.146429841349914,1170
6073,12.148430241521416,1153
6074,12.150430641692916,1140
6075,12.152431041864416,1140
6076,12.154431442035916,1148
6077,12.156431842207416,1158
6078,12.158432242378916,1163
6079,12.160432642550417,1158
6080,12.162433042721917,1152
6081,12.164433442893417,1153
6082,12.166433843064917,1160
6083,12.168434243236417,1166
6084,12.170434643407917,1165
6085,12.17243504357942,1157
6086,12.17443544375092,1146
6087,12.17643584392242,1138
6088,12.17843624409392,1138
6089,12.18043664426542,1145
6090,12.18243704443692,1157
6091,12.18443744460842,1170
6092,12.18643784477992,1177
6093,12.18843824495142,1173
6094,12.19043864512292,1170
6095,12.192439045294421,1174
6096,12.194439445465923,1177
6097,12.196439845637423,1174
6098,12.198440245808923,1166
6099,12.200440645980423,1159
6100,12.202441046151923,1157
6101,12.204441446323424,1162
6102,12.206441846494924,1163
6103,12.208442246666424,1158
6104,12.210442646837924,1158
6105,12.212443047009424,1170
6106,12.214443447180924,1175
6107,12.216443847352425,1164
6108,12.218444247523927,1149
6109,12.220444647695427,1149
6110,12.222445047866927,1167
6111,12.224445448038427,1185
6112,12.226445848209927,1187
6113,12.228446248381427,1179
6114,12.230446648552928,1174
6115,12.232447048724428,1173
6116,12.234447448895928,1177
6117,12.236447849067428,1183
6118,12.238448249238928,1186
6119,12.24044864941043,1183
6120,12.24244904958193,1173
6121,12.24444944975343,1162
6122,12.24644984992493,1155
6123,12.24845025009643,1152
6124,12.250450650267931,1149
6125,12.252451050439431,1151
6126,12.254451450610931,1158
6127,12.256451850782431,1166
6128,12.258452250953932,1170
6129,12.260452651125432,1172
6130,12.262453051296932,1173
6131,12.264453451468434,1172
6132,12.266453851639934,1168
6133,12.268454251811434,1161
6134,12.270454651982934,1147
6135,12.272455052154434,1131
6136,12.274455452325935,1123
6137,12.276455852497435,1131
6138,12.278456252668935,1147
6139,12.280456652840435,1160
6140,12.282457053011935,1166
6141,12.284457453183435,1173
6142,12.286457853354937,1183
6143,12.288458253526438,1189
6144,12.290458653697938,1184
6145,12.292459053869438,1174
6146,12.294459454040938,1166
6147,12.296459854212438,1158
6148,12.298460254383938,1155
6149,12.300460654555438,1156
6150,12.302461054726939,1156
6151,12.304461454898439,1151
6152,12.306461855069939,1149
6153,12.308462255241439,1151
6154,12.310462655412941,1155
6155,12.312463055584441,1158
6156,12.314463455755941,1159
6157,12.316463855927442,1163
6158,12.318464256098942,1167
6159,12.320464656270442,1165
6160,12.322465056441942,1153
6161,12.324465456613442,1139
6162,12.326465856784942,1131
6163,12.328466256956442,1133
6164,12.330466657127943,1144
6165,12.332467057299445,1158
6166,12.334467457470945,1171
6167,12.336467857642445,1178
6168,12.338468257813945,1178
6169,12.340468657985445,1175
6170,12.342469058156945,1173
6171,12.344469458328446,1174
6172,12.346469858499946,1180
6173,12.348470258671446,1185
6174,12.350470658842946,1182
6175,12.352471059014446,1176
6176,12.354471459185946,1177
6177,12.356471859357448,1186
6178,12.358472259528948,1193
6179,12.360472659700449,1186
6180,12.362473059871949,1171
6181,12.364473460043449,1161
6182,12.366473860214949,1162
6183,12.36847426038645,1165
6184,12.37047466055795,1163
6185,12.37247506072945,1163
6186,12.37447546090095,1165
6187,12.37647586107245,1158
6188,12.378476261243952,1140
6189,12.380476661415452,1126
6190,12.382477061586952,1127
6191,12.384477461758452,1137
6192,12.386477861929952,1139
6193,12.388478262101453,1126
6194,12.390478662272953,1110
6195,12.392479062444453,1109
6196,12.394479462615953,1122
6197,12.396479862787453,1133
6198,12.398480262958953,1134
6199,12.400480663130454,1128
6200,12.402481063301956,1122
6201,12.404481463473456,1121
6202,12.406481863644956,1121
6203,12.408482263816456,1121
6204,12.410482663987956,1125
6205,12.412483064159456,1132
6206,12.414483464330957,1141
6207,12.416483864502457,1145
6208,12.418484264673957,1138
6209,12.420484664845457,1128
6210,12.422485065016957,1131
6211,12.424485465188459,1144
6212,12.42648586535996,1156
6213,12.42848626553146,1162
6214,12.43048666570296,1165
6215,12.43248706587446,1163
6216,12.43448746604596,1157
6217,12.43648786621746,1154
6218,12.43848826638896,1154
6219,12.44048866656046,1155
6220,12.44248906673196,1158
6221,12.44448946690346,1167
6222,12.44648986707496,1177
6223,12.448490267246463,1178
6224,12.450490667417963,1163
6225,12.452491067589463,1144
6226,12.454491467760963,1136
6227,12.456491867932463,1142
6228,12.458492268103964,1153
6229,12.460492668275464,1159
6230,12.462493068446964,1157
6231,12.464493468618464,1151
6232,12.466493868789964,1149
6233,12.468494268961464,1156
6234,12.470494669132966,1165
6235,12.472495069304466,1166
6236,12.474495469475967,1159
6237,12.476495869647467,1154
6238,12.478496269818967,1159
6239,12.480496669990467,1172
6240,12.482497070161967,1177
6241,12.484497470333467,1166
6242,12.486497870504968,1151
6243,12.488498270676468,1148
6244,12.490498670847968,1156
6245,12.492499071019468,1161
6246,12.49449947119097,1157
6247,12.49649987136247,1149
6248,12.49850027153397,1147
6249,12.50050067170547,1154
6250,12.50250107187697,1165
6251,12.50450147204847,1177
6252,12.506501872219971,1191
6253,12.508502272391471,1209
6254,12.510502672562971,1223
6255,12.512503072734471,1219
6256,12.514503472905972,1201
6257,12.516503873077474,1186
6258,12.518504273248974,1185
6259,12.520504673420474,1196
6260,12.522505073591974,1209
6261,12.524505473763474,1214
6262,12.526505873934974,1207
6263,12.528506274106475,1195
6264,12.530506674277975,1189
6265,12.532507074449475,1191
6266,12.534507474620975,1192
6267,12.536507874792475,1183
6268,12.538508274963975,1170
6269,12.540508675135477,1163
6270,12.542509075306977,1168
6271,12.544509475478478,1175
6272,12.546509875649978,1175
6273,12.548510275821478,1165
6274,12.550510675992978,1159
6275,12.552511076164478,1167
6276,12.554511476335978,1184
6277,12.556511876507479,1197
6278,12.558512276678979,1199
6279,12.560512676850479,1198
6280,12.56251307702198,1207
6281,12.564513477193481,1218
6282,12.566513877364981,1216
6283,12.568514277536481,1202
6284,12.570514677707981,1193
6285,12.572515077879482,1194
6286,12.574515478050982,1198
6287,12.576515878222482,1199
6288,12.578516278393982,1195
6289,12.580516678565482,1185
6290,12.582517078736982,1180
6291,12.584517478908483,1179
6292,12.586517879079985,1175
6293,12.588518279251485,1166
6294,12.590518679422985,1160
6295,12.592519079594485,1160
6296,12.594519479765985,1158
6297,12.596519879937485,1156
6298,12.598520280108986,1155
6299,12.600520680280486,1152
6300,12.602521080451986,1149
6301,12.604521480623486,1153
6302,12.606521880794986,1160
6303,12.608522280966488,1162
6304,12.610522681137988,1161
6305,12.612523081309488,1168
6306,12.614523481480989,1186
6307,12.616523881652489,1203
6308,12.618524281823989,1204
6309,12.620524681995489,1184
6310,12.62252508216699,1155
6311,12.62452548233849,1139
6312,12.62652588250999,1144
6313,12.62852628268149,1162
6314,12.63052668285299,1174
6315,12.632527083024492,1173
6316,12.634527483195992,1170
6317,12.636527883367492,1177
6318,12.638528283538992,1186
6319,12.640528683710492,1187
6320,12.642529083881993,1182
6321,12.644529484053493,1173
6322,12.646529884224993,1163
6323,12.648530284396493,1155
6324,12.650530684567993,1154
6325,12.652531084739493,1154
6326,12.654531484910995,1152
6327,12.656531885082495,1149
6328,12.658532285253996,1153
6329,12.660532685425496,1167
6330,12.662533085596996,1183
6331,12.664533485768496,1186
6332,12.666533885939996,1170
6333,12.668534286111496,1151
6334,12.670534686282997,1145
6335,12.672535086454497,1151
6336,12.674535486625997,1161
6337,12.676535886797499,1168
6338,12.678536286968999,1170
6339,12.6805366871405,1164
6340,12.682537087312,1160
6341,12.6845374874835,1171
6342,12.686537887655,1198
6343,12.6885382878265,1215
6344,12.690538687998,1206
6345,12.6925390881695,1181
6346,12.694539488341,1166
6347,12.6965398885125,1162
6348,12.698540288684,1157
6349,12.700540688855503,1148
6350,12.702541089027003,1142
6351,12.704541489198503,1144
6352,12.706541889370003,1148
6353,12.708542289541503,1148
6354,12.710542689713003,1150
6355,12.712543089884504,1163
6356,12.714543490056004,1176
6357,12.716543890227504,1167
6358,12.718544290399004,1138
6359,12.720544690570504,1117
6360,12.722545090742006,1128
6361,12.724545490913506,1155
6362,12.726545891085006,1169
6363,12.728546291256507,1164
6364,12.730546691428007,1151
6365,12.732547091599507,1144
6366,12.734547491771007,1149
6367,12.736547891942507,1163
6368,12.738548292114007,1172
6369,12.740548692285508,1166
6370,12.742549092457008,1159
6371,12.744549492628508,1166
6372,12.74654989280001,1184
6373,12.74855029297151,1196
6374,12.75055069314301,1199
6375,12.75255109331451,1197
6376,12.75455149348601,1195
6377,12.75655189365751,1192
6378,12.75855229382901,1187
6379,12.760552694000511,1183
6380,12.762553094172011,1180
6381,12.764553494343511,1176
6382,12.766553894515011,1174
6383,12.768554294686513,1173
6384,12.770554694858014,1167
6385,12.772555095029514,1163
6386,12.774555495201014,1167
6387,12.776555895372514,1177
6388,12.778556295544014,1183
6389,12.780556695715514,1182
6390,12.782557095887014,1178
6391,12.784557496058515,1171
6392,12.786557896230015,1159
6393,12.788558296401515,1150
6394,12.790558696573015,1152
6395,12.792559096744517,1161
6396,12.794559496916017,1167
6397,12.796559897087517,1167
6398,12.798560297259018,1162
6399,12.800560697430518,1158
6400,12.802561097602018,1159
6401,12.804561497773518,1164
6402,12.806561897945018,1166
6403,12.808562298116518,1166
6404,12.810562698288019,1161
6405,12.812563098459519,1155
6406,12.81456349863102,1151
6407,12.81656389880252,1154
6408,12.818564298974021,1160
6409,12.820564699145521,1160
6410,12.822565099317021,1156
6411,12.824565499488521,1155
6412,12.826565899660022,1159
6413,12.828566299831522,1166
6414,12.830566700003022,1169
6415,12.832567100174522,1169
6416,12.834567500346022,1174
6417,12.836567900517522,1185
6418,12.838568300689024,1192
6419,12.840568700860524,1192
6420,12.842569101032025,1190
6421,12.844569501203525,1185
6422,12.846569901375025,1172
6423,12.848570301546525,1154
6424,12.850570701718025,1143
6425,12.852571101889525,1146
6426,12.854571502061026,1154
6427,12.856571902232526,1152
6428,12.858572302404026,1140
6429,12.860572702575528,1131
6430,12.862573102747028,1132
6431,12.864573502918528,1139
6432,12.866573903090028,1147
6433,12.868574303261529,1152
6434,12.870574703433029,1153
6435,12.872575103604529,1149
6436,12.874575503776029,1144
6437,12.87657590394753,1143
6438,12.87857630411903,1153
6439,12.88057670429053,1169
6440,12.88257710446203,1179
6441,12.884577504633532,1176
6442,12.886577904805032,1167
6443,12.888578304976532,1170
6444,12.890578705148032,1184
6445,12.892579105319532,1188
6446,12.894579505491032,1168
6447,12.896579905662533,1142
6448,12.898580305834033,1137
6449,12.900580706005533,1153
6450,12.902581106177033,1167
6451,12.904581506348533,1160
6452,12.906581906520035,1143
6453,12.908582306691535,1135
6454,12.910582706863035,1136
6455,12.912583107034536,1143
6456,12.914583507206036,1152
6457,12.916583907377536,1157
6458,12.918584307549036,1158
6459,12.920584707720536,1160
6460,12.922585107892036,1163
6461,12.924585508063537,1165
6462,12.926585908235037,1165
6463,12.928586308406537,1167
6464,12.930586708578039,1165
6465,12.932587108749539,1157
6466,12.93458750892104,1148
6467,12.93658790909254,1142
6468,12.93858830926404,1139
6469,12.94058870943554,1141
6470,12.94258910960704,1148
6471,12.94458950977854,1151
6472,12.94658990995004,1147
6473,12.94859031012154,1136
6474,12.95059071029304,1121
6475,12.952591110464542,1119
6476,12.954591510636043,1144
6477,12.956591910807543,1179
6478,12.958592310979043,1192
6479,12.960592711150543,1178
6480,12.962593111322043,1158
6481,12.964593511493543,1147
6482,12.966593911665043,1148
6483,12.968594311836544,1158
6484,12.970594712008044,1164
6485,12.972595112179544,1162
6486,12.974595512351044,1155
6487,12.976595912522546,1144
6488,12.978596312694046,1130
6489,12.980596712865546,1116
6490,12.982597113037047,1109
6491,12.984597513208547,1108
6492,12.986597913380047,1107
6493,12.988598313551547,1112
6494,12.990598713723047,1124
6495,12.992599113894547,1135
6496,12.994599514066048,1135
6497,12.996599914237548,1124
6498,12.99860031440905,1109
6499,13.00060071458055,1097
6500,13.00260111475205,1094
6501,13.00460151492355,1101
6502,13.00660191509505,1114
6503,13.00860231526655,1125
6504,13.01060271543805,1132
6505,13.01260311560955,1134
6506,13.014603515781051,1135
6507,13.016603915952551,1138
6508,13.018604316124051,1142
6509,13.020604716295551,1145
6510,13.022605116467053,1152
6511,13.024605516638553,1167
6512,13.026605916810054,1176
6513,13.028606316981554,1174
6514,13.030606717153054,1165
6515,13.032607117324554,1159
6516,13.034607517496054,1164
6517,13.036607917667554,1173
6518,13.038608317839055,1181
6519,13.040608718010555,1188
6520,13.042609118182055,1194
6521,13.044609518353557,1188
6522,13.046609918525057,1169
6523,13.048610318696557,1151
6524,13.050610718868057,1152
6525,13.052611119039558,1169
6526,13.054611519211058,1181
6527,13.056611919382558,1169
6528,13.058612319554058,1150
6529,13.060612719725558,1147
6530,13.062613119897058,1161
6531,13.064613520068558,1169
6532,13.066613920240059,1164
6533,13.06861432041156,1158
6534,13.07061472058306,1159
6535,13.072615120754561,1164
6536,13.074615520926061,1168
6537,13.076615921097561,1172
6538,13.078616321269061,1179
6539,13.080616721440562,1186
6540,13.082617121612062,1188
6541,13.084617521783562,1184
6542,13.086617921955062,1180
6543,13.088618322126562,1182
6544,13.090618722298064,1182
6545,13.092619122469564,1168
6546,13.094619522641064,1143
6547,13.096619922812565,1126
6548,13.098620322984065,1127
6549,13.100620723155565,1137
6550,13.102621123327065,1142
6551,13.104621523498565,1142
6552,13.106621923670065,1146
6553,13.108622323841566,1150
6554,13.110622724013066,1150
6555,13.112623124184566,1150
6556,13.114623524356068,1152
6557,13.116623924527568,1150
6558,13.118624324699068,1137
6559,13.120624724870568,1123
6560,13.122625125042068,1117
6561,13.124625525213569,1117
6562,13.126625925385069,1112
6563,13.128626325556569,1103
6564,13.130626725728069,1099
6565,13.13262712589957,1098
6566,13.13462752607107,1099
6567,13.136627926242571,1102
6568,13.138628326414072,1109
6569,13.140628726585572,1117
6570,13.142629126757072,1125
6571,13.144629526928572,1131
6572,13.146629927100072,1137
6573,13.148630327271572,1140
6574,13.150630727443072,1137
6575,13.152631127614573,1131
6576,13.154631527786073,1132
6577,13.156631927957573,1135
6578,13.158632328129073,1131
6579,13.160632728300575,1118
6580,13.162633128472075,1107
6581,13.164633528643575,1108
6582,13.166633928815076,1113
6583,13.168634328986576,1113
6584,13.170634729158076,1111
6585,13.172635129329576,1113
6586,13.174635529501076,1121
6587,13.176635929672576,1132
6588,13.178636329844077,1136
6589,13.180636730015577,1129
6590,13.182637130187079,1117
6591,13.184637530358579,1107
6592,13.186637930530079,1100
6593,13.188638330701579,1104
6594,13.19063873087308,1126
6595,13.19263913104458,1147
6596,13.19463953121608,1147
6597,13.19663993138758,1127
6598,13.19864033155908,1115
6599,13.20064073173058,1121
6600,13.20264113190208,1131
6601,13.20464153207358,1134
6602,13.206641932245082,1132
6603,13.208642332416582,1127
6604,13.210642732588083,1120
6605,13.212643132759583,1122
6606,13.214643532931083,1138
6607,13.216643933102583,1154
6608,13.218644333274083,1155
6609,13.220644733445583,1145
6610,13.222645133617084,1144
6611,13.224645533788584,1156
6612,13.226645933960084,1165
6613,13.228646334131586,1163
6614,13.230646734303086,1157
6615,13.232647134474586,1153
6616,13.234647534646086,1154
6617,13.236647934817587,1161
6618,13.238648334989087,1169
6619,13.240648735160587,1168
6620,13.242649135332087,1163
6621,13.244649535503587,1162
6622,13.246649935675087,1163
6623,13.248650335846587,1160
6624,13.250650736018088,1153
6625,13.25265113618959,1144
6626,13.25465153636109,1135
6627,13.25665193653259,1127
6628,13.25865233670409,1121
6629,13.26065273687559,1120
6630,13.26265313704709,1129
6631,13.26465353721859,1148
6632,13.26665393739009,1163
6633,13.26865433756159,1164
6634,13.270654737733091,1158
6635,13.272655137904591,1156
6636,13.274655538076093,1163
6637,13.276655938247593,1172
6638,13.278656338419093,1182
6639,13.280656738590594,1189
6640,13.282657138762094,1186
6641,13.284657538933594,1172
6642,13.286657939105094,1159
6643,13.288658339276594,1162
6644,13.290658739448094,1176
6645,13.292659139619595,1190
6646,13.294659539791095,1191
6647,13.296659939962595,1180
6648,13.298660340134097,1168
6649,13.300660740305597,1162
6650,13.302661140477097,1157
6651,13.304661540648597,1154
6652,13.306661940820097,1154
6653,13.308662340991598,1157
6654,13.310662741163098,1150
6655,13.312663141334598,1134
6656,13.314663541506098,1130
6657,13.316663941677598,1149
6658,13.318664341849098,1174
6659,13.3206647420206,1181
6660,13.3226651421921,1174
6661,13.3246655423636,1166
6662,13.3266659425351,1168
6663,13.328666342706601,1175
6664,13.330666742878101,1179
6665,13.332667143049601,1182
6666,13.334667543221101,1186
6667,13.336667943392602,1189
6668,13.338668343564102,1187
6669,13.340668743735602,1182
6670,13.342669143907102,1176
6671,13.344669544078604,1170
6672,13.346669944250104,1167
6673,13.348670344421604,1166
6674,13.350670744593105,1160
6675,13.352671144764605,1147
6676,13.354671544936105,1141
6677,13.356671945107605,1154
6678,13.358672345279105,1176
6679,13.360672745450605,1186
6680,13.362673145622106,1179
6681,13.364673545793606,1173
6682,13.366673945965108,1176
6683,13.368674346136608,1177
6684,13.370674746308108,1173
6685,13.372675146479608,1172
6686,13.374675546651108,1173
6687,13.376675946822608,1169
6688,13.378676346994109,1156
6689,13.380676747165609,1143
6690,13.382677147337109,1143
6691,13.384677547508609,1160
6692,13.38667794768011,1181
6693,13.38867834785161,1194
6694,13.390678748023111,1198
6695,13.392679148194611,1192
6696,13.394679548366112,1176
6697,13.396679948537612,1158
6698,13.398680348709112,1146
6699,13.400680748880612,1148
6700,13.402681149052112,1161
6701,13.404681549223612,1168
6702,13.406681949395113,1159
6703,13.408682349566613,1142
6704,13.410682749738113,1136
6705,13.412683149909615,1144
6706,13.414683550081115,1155
6707,13.416683950252615,1162
6708,13.418684350424115,1165
6709,13.420684750595615,1169
6710,13.422685150767116,1175
6711,13.424685550938616,1173
6712,13.426685951110116,1161
6713,13.428686351281616,1151
6714,13.430686751453116,1153
6715,13.432687151624616,1164
6716,13.434687551796117,1173
6717,13.436687951967619,1173
6718,13.438688352139119,1166
6719,13.440688752310619,1157
6720,13.442689152482119,1150
6721,13.44468955265362,1147
6722,13.44668995282512,1149
6723,13.44869035299662,1150
6724,13.45069075316812,1143
6725,13.45269115333962,1134
6726,13.45469155351112,1135
6727,13.45669195368262,1143
6728,13.458692353854122,1146
6729,13.460692754025622,1145
6730,13.462693154197122,1150
6731,13.464693554368623,1158
6732,13.466693954540123,1157
6733,13.468694354711623,1145
6734,13.470694754883123,1135
6735,13.472695155054623,1138
6736,13.474695555226123,1146
6737,13.476695955397624,1146
6738,13.478696355569124,1137
6739,13.480696755740624,1128
6740,13.482697155912126,1126
6741,13.484697556083626,1129
6742,13.486697956255126,1135
6743,13.488698356426626,1137
6744,13.490698756598126,1134
6745,13.492699156769627,1132
6746,13.494699556941127,1135
6747,13.496699957112627,1143
6748,13.498700357284127,1150
6749,13.500700757455627,1148
6750,13.502701157627127,1138
6751,13.50470155779863,1130
6752,13.50670195797013,1131
6753,13.50870235814163,1141
6754,13.51070275831313,1155
6755,13.51270315848463,1162
6756,13.51470355865613,1156
6757,13.51670395882763,1142
6758,13.51870435899913,1134
6759,13.52070475917063,1144
6760,13.52270515934213,1165
6761,13.524705559513631,1183
6762,13.526705959685131,1186
6763,13.528706359856633,1176
6764,13.530706760028133,1160
6765,13.532707160199633,1151
6766,13.534707560371134,1155
6767,13.536707960542634,1163
6768,13.538708360714134,1160
6769,13.540708760885634,1145
6770,13.542709161057134,1128
6771,13.544709561228634,1116
6772,13.546709961400135,1111
6773,13.548710361571635,1113
6774,13.550710761743137,1120
6775,13.552711161914637,1132
6776,13.554711562086137,1143
6777,13.556711962257637,1144
6778,13.558712362429137,1134
6779,13.560712762600637,1130
6780,13.562713162772138,1139
6781,13.564713562943638,1145
6782,13.566713963115138,1135
6783,13.568714363286638,1122
6784,13.570714763458138,1119
6785,13.572715163629638,1121
6786,13.57471556380114,1118
6787,13.57671596397264,1115
6788,13.57871636414414,1118
6789,13.58071676431564,1128
6790,13.582717164487141,1136
6791,13.584717564658641,1136
6792,13.586717964830141,1132
6793,13.588718365001641,1132
6794,13.590718765173142,1137
6795,13.592719165344642,1144
6796,13.594719565516142,1150
6797,13.596719965687644,1152
6798,13.598720365859144,1152
6799,13.600720766030644,1150
6800,13.602721166202144,1145
6801,13.604721566373644,1143
6802,13.606721966545145,1143
6803,13.608722366716645,1140
6804,13.610722766888145,1136
6805,13.612723167059645,1137
6806,13.614723567231145,1135
6807,13.616723967402645,1130
6808,13.618724367574146,1129
6809,13.620724767745648,1135
6810,13.622725167917148,1140
6811,13.624725568088648,1136
6812,13.626725968260148,1134
6813,13.628726368431648,1142
6814,13.630726768603148,1156
6815,13.632727168774649,1160
6816,13.634727568946149,1154
6817,13.636727969117649,1147
6818,13.638728369289149,1145
6819,13.64072876946065,1149
6820,13.642729169632151,1160
6821,13.644729569803651,1172
6822,13.646729969975151,1178
6823,13.648730370146652,1172
6824,13.650730770318152,1157
6825,13.652731170489652,1147
6826,13.654731570661152,1151
6827,13.656731970832652,1157
6828,13.658732371004152,1152
6829,13.660732771175653,1133
6830,13.662733171347153,1118
6831,13.664733571518653,1120
6832,13.666733971690155,1136
6833,13.668734371861655,1148
6834,13.670734772033155,1139
6835,13.672735172204655,1121
6836,13.674735572376155,1118
6837,13.676735972547656,1136
6838,13.678736372719156,1159
6839,13.680736772890656,1177
6840,13.682737173062156,1187
6841,13.684737573233656,1188
6842,13.686737973405156,1180
6843,13.688738373576658,1168
6844,13.690738773748159,1157
6845,13.692739173919659,1146
6846,13.694739574091159,1133
6847,13.696739974262659,1117
6848,13.69874037443416,1107
6849,13.70074077460566,1110
6850,13.70274117477716,1122
6851,13.70474157494866,1132
6852,13.70674197512016,1135
6853,13.70874237529166,1138
6854,13.71074277546316,1144
6855,13.712743175634662,1151
6856,13.714743575806162,1152
6857,13.716743975977662,1148
6858,13.718744376149163,1139
6859,13.720744776320663,1132
6860,13.722745176492163,1131
6861,13.724745576663663,1132
6862,13.726745976835163,1129
6863,13.728746377006663,1123
6864,13.730746777178163,1124
6865,13.732747177349664,1133
6866,13.734747577521166,1142
6867,13.736747977692666,1145
6868,13.738748377864166,1142
6869,13.740748778035666,1131
6870,13.742749178207166,1120
6871,13.744749578378666,1121
6872,13.746749978550167,1134
6873,13.748750378721667,1147
6874,13.750750778893167,1154
6875,13.752751179064667,1158
6876,13.754751579236167,1159
6877,13.756751979407667,1153
6878,13.75875237957917,1139
6879,13.76075277975067,1127
6880,13.76275317992217,1127
6881,13.76475358009367,1135
6882,13.76675398026517,1142
6883,13.76875438043667,1140
6884,13.77075478060817,1133
6885,13.77275518077967,1130
6886,13.77475558095117,1137
6887,13.77675598112267,1144
6888,13.778756381294171,1146
6889,13.780756781465673,1148
6890,13.782757181637173,1155
6891,13.784757581808673,1154
6892,13.786757981980173,1137
6893,13.788758382151673,1122
6894,13.790758782323174,1125
6895,13.792759182494674,1133
6896,13.794759582666174,1136
6897,13.796759982837674,1137
6898,13.798760383009174,1141
6899,13.800760783180674,1142
6900,13.802761183352175,1142
6901,13.804761583523677,1146
6902,13.806761983695177,1147
6903,13.808762383866677,1143
6904,13.810762784038177,1145
6905,13.812763184209677,1157
6906,13.814763584381177,1168
6907,13.816763984552678,1165
6908,13.818764384724178,1151
6909,13.820764784895678,1140
6910,13.822765185067178,1143
6911,13.824765585238678,1152
6912,13.82676598541018,1155
6913,13.82876638558168,1147
6914,13.83076678575318,1133
6915,13.83276718592468,1122
6916,13.83476758609618,1125
6917,13.836767986267681,1137
6918,13.838768386439181,1141
6919,13.840768786610681,1133
6920,13.842769186782181,1122
6921,13.844769586953682,1119
6922,13.846769987125182,1124
6923,13.848770387296684,1133
6924,13.850770787468184,1146
6925,13.852771187639684,1156
6926,13.854771587811184,1152
6927,13.856771987982684,1143
6928,13.858772388154184,1147
6929,13.860772788325685,1161
6930,13.862773188497185,1168
6931,13.864773588668685,1160
6932,13.866773988840185,1142
6933,13.868774389011685,1124
6934,13.870774789183185,1120
6935,13.872775189354687,1128
6936,13.874775589526188,1132
6937,13.876775989697688,1125
6938,13.878776389869188,1121
6939,13.880776790040688,1123
6940,13.882777190212188,1119
6941,13.884777590383688,1112
6942,13.886777990555188,1112
6943,13.888778390726689,1120
6944,13.890778790898189,1123
6945,13.892779191069689,1112
6946,13.89477959124119,1101
6947,13.896779991412691,1102
6948,13.898780391584191,1109
6949,13.900780791755691,1109
6950,13.902781191927192,1106
6951,13.904781592098692,1106
6952,13.906781992270192,1111
6953,13.908782392441692,1121
6954,13.910782792613192,1131
6955,13.912783192784692,1133
6956,13.914783592956192,1129
6957,13.916783993127693,1130
6958,13.918784393299195,1140
6959,13.920784793470695,1152
6960,13.922785193642195,1156
6961,13.924785593813695,1148
6962,13.926785993985195,1136
6963,13.928786394156695,1129
6964,13.930786794328196,1125
6965,13.932787194499696,1124
6966,13.934787594671196,1129
6967,13.936787994842696,1139
6968,13.938788395014196,1145
6969,13.940788795185698,1145
6970,13.942789195357198,1142
6971,13.944789595528698,1138
6972,13.946789995700199,1132
6973,13.948790395871699,1131
6974,13.950790796043199,1134
6975,13.952791196214699,1137
6976,13.9547915963862,1133
6977,13.9567919965577,1126
6978,13.9587923967292,1120
6979,13.9607927969007,1120
6980,13.9627931970722,1124
6981,13.964793597243702,1128
6982,13.966793997415202,1137
6983,13.968794397586702,1149
6984,13.970794797758202,1156
6985,13.972795197929702,1150
6986,13.974795598101203,1136
6987,13.976795998272703,1123
6988,13.978796398444203,1122
6989,13.980796798615703,1133
6990,13.982797198787203,1150
6991,13.984797598958703,1159
6992,13.986797999130205,1153
6993,13.988798399301706,1139
6994,13.990798799473206,1135
6995,13.992799199644706,1141
6996,13.994799599816206,1144
6997,13.996799999987706,1136
6998,13.998800400159206,1127
6999,14.000800800330707,1123
7000,14.002801200502207,1117
7001,14.004801600673707,1109
7002,14.006802000845207,1105
7003,14.008802401016707,1112
7004,14.010802801188209,1125
7005,14.01280320135971,1132
7006,14.01480360153121,1128
7007,14.01680400170271,1124
7008,14.01880440187421,1125
7009,14.02080480204571,1130
7010,14.02280520221721,1132
7011,14.02480560238871,1130
7012,14.02680600256021,1129
7013,14.02880640273171,1127
7014,14.03080680290321,1125
7015,14.032807203074713,1123
7016,14.034807603246213,1125
7017,14.036808003417713,1129
7018,14.038808403589213,1131
7019,14.040808803760713,1127
7020,14.042809203932213,1121
7021,14.044809604103714,1120
7022,14.046810004275214,1121
7023,14.048810404446714,1123
7024,14.050810804618214,1129
7025,14.052811204789714,1136
7026,14.054811604961214,1131
7027,14.056812005132716,1117
7028,14.058812405304216,1107
7029,14.060812805475717,1105
7030,14.062813205647217,1111
7031,14.064813605818717,1118
7032,14.066814005990217,1118
7033,14.068814406161717,1115
7034,14.070814806333217,1118
7035,14.072815206504718,1127
7036,14.074815606676218,1133
7037,14.076816006847718,1135
7038,14.07881640701922,1143
7039,14.08081680719072,1155
7040,14.08281720736222,1154
7041,14.08481760753372,1132
7042,14.08681800770522,1108
7043,14.08881840787672,1101
7044,14.09081880804822,1107
7045,14.092819208219721,1110
7046,14.094819608391221,1108
7047,14.096820008562721,1113
7048,14.098820408734221,1131
7049,14.100820808905722,1154
7050,14.102821209077224,1167
7051,14.104821609248724,1168
7052,14.106822009420224,1167
7053,14.108822409591724,1171
7054,14.110822809763224,1168
7055,14.112823209934724,1147
7056,14.114823610106225,1119
7057,14.116824010277725,1105
7058,14.118824410449225,1111
7059,14.120824810620725,1129
7060,14.122825210792225,1143
7061,14.124825610963727,1140
7062,14.126826011135227,1121
7063,14.128826411306727,1103
7064,14.130826811478228,1098
7065,14.132827211649728,1101
7066,14.134827611821228,1101
7067,14.136828011992728,1096
7068,14.138828412164228,1097
7069,14.140828812335728,1108
7070,14.142829212507229,1124
7071,14.144829612678729,1131
7072,14.146830012850229,1129
7073,14.14883041302173,1128
7074,14.150830813193231,1136
7075,14.152831213364731,1146
7076,14.154831613536231,1149
7077,14.156832013707731,1146
7078,14.158832413879232,1142
7079,14.160832814050732,1133
7080,14.162833214222232,1122
7081,14.164833614393732,1116
7082,14.166834014565232,1119
7083,14.168834414736732,1125
7084,14.170834814908234,1130
7085,14.172835215079735,1135
7086,14.174835615251235,1141
7087,14.176836015422735,1140
7088,14.178836415594235,1129
7089,14.180836815765735,1116
7090,14.182837215937235,1107
7091,14.184837616108736,1107
7092,14.186838016280236,1113
7093,14.188838416451736,1122
7094,14.190838816623236,1131
7095,14.192839216794736,1137
7096,14.194839616966238,1140
7097,14.196840017137738,1143
7098,14.198840417309238,1146
7099,14.200840817480739,1143
7100,14.202841217652239,1133
7101,14.204841617823739,1127
7102,14.206842017995239,1134
7103,14.20884241816674,1144
7104,14.21084281833824,1142
7105,14.21284321850974,1130
7106,14.21484361868124,1123
7107,14.216844018852742,1123
7108,14.218844419024242,1124
7109,14.220844819195742,1129
7110,14.222845219367242,1144
7111,14.224845619538742,1162
7112,14.226846019710242,1171
7113,14.228846419881743,1170
7114,14.230846820053243,1161
7115,14.232847220224743,1144
7116,14.234847620396243,1126
7117,14.236848020567743,1123
7118,14.238848420739243,1134
7119,14.240848820910745,1143
7120,14.242849221082245,1138
7121,14.244849621253746,1130
7122,14.246850021425246,1130
7123,14.248850421596746,1139
7124,14.250850821768246,1151
7125,14.252851221939746,1160
7126,14.254851622111246,1157
7127,14.256852022282747,1143
7128,14.258852422454247,1128
7129,14.260852822625747,1116
7130,14.262853222797249,1106
7131,14.264853622968749,1103
7132,14.26685402314025,1107
7133,14.26885442331175,1116
7134,14.27085482348325,1131
7135,14.27285522365475,1149
7136,14.27485562382625,1160
7137,14.27685602399775,1160
7138,14.27885642416925,1152
7139,14.28085682434075,1144
7140,14.28285722451225,1135
7141,14.28485762468375,1121
7142,14.286858024855253,1106
7143,14.288858425026753,1100
7144,14.290858825198253,1105
7145,14.292859225369753,1111
7146,14.294859625541253,1111
7147,14.296860025712753,1107
7148,14.298860425884254,1104
7149,14.300860826055754,1102
7150,14.302861226227254,1103
7151,14.304861626398754,1106
7152,14.306862026570254,1105
7153,14.308862426741756,1099
7154,14.310862826913256,1089
7155,14.312863227084756,1082
7156,14.314863627256257,1081
7157,14.316864027427757,1084
7158,14.318864427599257,1087
7159,14.320864827770757,1092
7160,14.322865227942257,1103
7161,14.324865628113757,1113
7162,14.326866028285258,1113
7163,14.328866428456758,1102
7164,14.330866828628258,1083
7165,14.33286722879976,1062
7166,14.33486762897126,1054
7167,14.33686802914276,1071
7168,14.33886842931426,1095
7169,14.34086882948576,1102
7170,14.34286922965726,1085
7171,14.34486962982876,1068
7172,14.346870030000261,1069
7173,14.348870430171761,1078
7174,14.350870830343261,1079
7175,14.352871230514761,1076
7176,14.354871630686263,1082
7177,14.356872030857764,1095
7178,14.358872431029264,1096
7179,14.360872831200764,1080
7180,14.362873231372264,1069
7181,14.364873631543764,1081
7182,14.366874031715264,1104
7183,14.368874431886764,1111
7184,14.370874832058265,1101
7185,14.372875232229765,1093
7186,14.374875632401265,1094
7187,14.376876032572765,1100
7188,14.378876432744267,1103
7189,14.380876832915767,1103
7190,14.382877233087267,1097
7191,14.384877633258768,1089
7192,14.386878033430268,1085
7193,14.388878433601768,1087
7194,14.390878833773268,1090
7195,14.392879233944768,1088
7196,14.394879634116268,1083
7197,14.396880034287769,1082
7198,14.398880434459269,1088
7199,14.40088083463077,1096
7200,14.40288123480227,1099
7201,14.404881634973771,1095
7202,14.406882035145271,1089
7203,14.408882435316771,1088
7204,14.410882835488271,1090
7205,14.412883235659772,1085
7206,14.414883635831272,1073
7207,14.416884036002772,1066
7208,14.418884436174272,1073
7209,14.420884836345772,1090
7210,14.422885236517272,1107
7211,14.424885636688774,1120
7212,14.426886036860274,1127
7213,14.428886437031775,1126
7214,14.430886837203275,1121
7215,14.432887237374775,1117
7216,14.434887637546275,1119
7217,14.436888037717775,1125
7218,14.438888437889275,1120
7219,14.440888838060776,1098
7220,14.442889238232276,1072
7221,14.444889638403776,1061
7222,14.446890038575278,1073
7223,14.448890438746778,1090
7224,14.450890838918278,1101
7225,14.452891239089778,1108
7226,14.454891639261279,1113
7227,14.456892039432779,1114
7228,14.458892439604279,1108
7229,14.460892839775779,1099
7230,14.46289323994728,1095
7231,14.46489364011878,1102
7232,14.46689404029028,1113
7233,14.46889444046178,1113
7234,14.470894840633282,1098
7235,14.472895240804782,1088
7236,14.474895640976282,1092
7237,14.476896041147782,1099
7238,14.478896441319282,1098
7239,14.480896841490782,1093
7240,14.482897241662283,1094
7241,14.484897641833783,1103
7242,14.486898042005283,1112
7243,14.488898442176783,1106
7244,14.490898842348283,1091
7245,14.492899242519785,1084
7246,14.494899642691285,1094
7247,14.496900042862785,1105
7248,14.498900443034286,1101
7249,14.500900843205786,1082
7250,14.502901243377286,1071
7251,14.504901643548786,1077
7252,14.506902043720286,1089
7253,14.508902443891786,1098
7254,14.510902844063287,1102
7255,14.512903244234787,1106
7256,14.514903644406287,1108
7257,14.516904044577789,1110
7258,14.518904444749289,1117
7259,14.52090484492079,1125
7260,14.52290524509229,1123
7261,14.52490564526379,1116
7262,14.52690604543529,1114
7263,14.52890644560679,1116
7264,14.53090684577829,1117
7265,14.53290724594979,1115
7266,14.53490764612129,1114
7267,14.53690804629279,1120
7268,14.538908446464292,1124
7269,14.540908846635793,1118
7270,14.542909246807293,1106
7271,14.544909646978793,1103
7272,14.546910047150293,1115
7273,14.548910447321793,1128
7274,14.550910847493293,1127
7275,14.552911247664793,1119
7276,14.554911647836294,1116
7277,14.556912048007794,1121
7278,14.558912448179294,1129
7279,14.560912848350794,1133
7280,14.562913248522296,1131
7281,14.564913648693796,1124
7282,14.566914048865296,1121
7283,14.568914449036797,1125
7284,14.570914849208297,1133
7285,14.572915249379797,1138
7286,14.574915649551297,1139
7287,14.576916049722797,1139
7288,14.578916449894297,1137
7289,14.580916850065798,1139
7290,14.582917250237298,1147
7291,14.5849176504088,1158
7292,14.5869180505803,1160
7293,14.5889184507518,1146
7294,14.5909188509233,1129
7295,14.5929192510948,1122
7296,14.5949196512663,1126
7297,14.5969200514378,1127
7298,14.5989204516093,1127
7299,14.600920851780801,1130
7300,14.602921251952301,1132
7301,14.604921652123801,1120
7302,14.606922052295301,1103
7303,14.608922452466803,1099
7304,14.610922852638303,1111
7305,14.612923252809804,1128
7306,14.614923652981304,1132
7307,14.616924053152804,1126
7308,14.618924453324304,1124
7309,14.620924853495804,1131
7310,14.622925253667304,1136
7311,14.624925653838805,1135
7312,14.626926054010305,1141
7313,14.628926454181805,1158
7314,14.630926854353307,1172
7315,14.632927254524807,1170
7316,14.634927654696307,1159
7317,14.636928054867807,1158
7318,14.638928455039308,1172
7319,14.640928855210808,1186
7320,14.642929255382308,1188
7321,14.644929655553808,1180
7322,14.646930055725308,1174
7323,14.648930455896808,1173
7324,14.650930856068308,1170
7325,14.652931256239809,1159
7326,14.65493165641131,1148
7327,14.65693205658281,1146
7328,14.658932456754311,1150
7329,14.660932856925811,1150
7330,14.662933257097311,1143
7331,14.664933657268811,1138
7332,14.666934057440312,1140
7333,14.668934457611812,1140
7334,14.670934857783312,1135
7335,14.672935257954812,1130
7336,14.674935658126312,1132
7337,14.676936058297814,1141
7338,14.678936458469314,1150
7339,14.680936858640814,1153
7340,14.682937258812315,1151
7341,14.684937658983815,1149
7342,14.686938059155315,1149
7343,14.688938459326815,1148
7344,14.690938859498315,1143
7345,14.692939259669815,1133
7346,14.694939659841316,1127
7347,14.696940060012816,1125
7348,14.698940460184316,1121
7349,14.700940860355818,1114
7350,14.702941260527318,1112
7351,14.704941660698818,1121
7352,14.706942060870318,1134
7353,14.708942461041818,1141
7354,14.710942861213319,1138
7355,14.712943261384819,1128
7356,14.714943661556319,1122
7357,14.716944061727819,1123
7358,14.71894446189932,1125
7359,14.72094486207082,1118
7360,14.722945262242321,1107
7361,14.724945662413822,1102
7362,14.726946062585322,1106
7363,14.728946462756822,1113
7364,14.730946862928322,1119
7365,14.732947263099822,1119
7366,14.734947663271322,1119
7367,14.736948063442822,1120
7368,14.738948463614323,1119
7369,14.740948863785823,1114
7370,14.742949263957323,1111
7371,14.744949664128823,1116
7372,14.746950064300325,1123
7373,14.748950464471825,1124
7374,14.750950864643325,1122
7375,14.752951264814826,1122
7376,14.754951664986326,1125
7377,14.756952065157826,1129
7378,14.758952465329326,1132
7379,14.760952865500826,1131
7380,14.762953265672326,1124
7381,14.764953665843827,1116
7382,14.766954066015327,1112
7383,14.768954466186829,1113
7384,14.770954866358329,1118
7385,14.772955266529829,1124
7386,14.774955666701329,1128
7387,14.77695606687283,1129
7388,14.77895646704433,1130
7389,14.78095686721583,1134
7390,14.78295726738733,1139
7391,14.78495766755883,1143
7392,14.78695806773033,1143
7393,14.78895846790183,1135
7394,14.79095886807333,1120
7395,14.792959268244832,1112
7396,14.794959668416332,1121
7397,14.796960068587833,1139
7398,14.798960468759333,1146
7399,14.800960868930833,1136
7400,14.802961269102333,1121
7401,14.804961669273833,1119
7402,14.806962069445333,1134
7403,14.808962469616834,1151
7404,14.810962869788334,1157
7405,14.812963269959834,1154
7406,14.814963670131336,1149
7407,14.816964070302836,1147
7408,14.818964470474336,1143
7409,14.820964870645836,1135
7410,14.822965270817337,1130
7411,14.824965670988837,1132
7412,14.826966071160337,1136
7413,14.828966471331837,1133
7414,14.830966871503337,1122
7415,14.832967271674837,1113
7416,14.834967671846337,1114
7417,14.836968072017838,1119
7418,14.83896847218934,1120
7419,14.84096887236084,1118
7420,14.84296927253234,1115
7421,14.84496967270384,1115
7422,14.84697007287534,1122
7423,14.84897047304684,1133
7424,14.85097087321834,1140
7425,14.85297127338984,1137
7426,14.85497167356134,1130
7427,14.856972073732841,1128
7428,14.858972473904341,1130
7429,14.860972874075843,1128
7430,14.862973274247343,1121
7431,14.864973674418843,1110
7432,14.866974074590344,1103
7433,14.868974474761844,1107
7434,14.870974874933344,1118
7435,14.872975275104844,1129
7436,14.874975675276344,1134
7437,14.876976075447844,1133
7438,14.878976475619345,1127
7439,14.880976875790845,1124
7440,14.882977275962345,1133
7441,14.884977676133847,1142
7442,14.886978076305347,1139
7443,14.888978476476847,1123
7444,14.890978876648347,1108
7445,14.892979276819847,1103
7446,14.894979676991348,1105
7447,14.896980077162848,1107
7448,14.898980477334348,1104
7449,14.900980877505848,1099
7450,14.902981277677348,1095
7451,14.904981677848848,1097
7452,14.90698207802035,1104
7453,14.90898247819185,1105
7454,14.91098287836335,1100
7455,14.91298327853485,1099
7456,14.914983678706351,1107
7457,14.916984078877851,1115
7458,14.918984479049351,1119
7459,14.920984879220851,1125
7460,14.922985279392352,1133
7461,14.924985679563852,1138
7462,14.926986079735352,1136
7463,14.928986479906852,1129
7464,14.930986880078354,1119
7465,14.932987280249854,1112
7466,14.934987680421354,1118
7467,14.936988080592855,1140
7468,14.938988480764355,1157
7469,14.940988880935855,1152
7470,14.942989281107355,1131
7471,14.944989681278855,1119
7472,14.946990081450355,1128
7473,14.948990481621856,1146
7474,14.950990881793356,1156
7475,14.952991281964858,1153
7476,14.954991682136358,1150
7477,14.956992082307858,1151
7478,14.958992482479358,1153
7479,14.960992882650858,1154
7480,14.962993282822358,1159
7481,14.964993682993859,1165
7482,14.966994083165359,1165
7483,14.968994483336859,1157
7484,14.970994883508359,1146
7485,14.97299528367986,1142
7486,14.97499568385136,1150
7487,14.976996084022861,1160
7488,14.978996484194361,1159
7489,14.980996884365862,1150
7490,14.982997284537362,1151
7491,14.984997684708862,1166
7492,14.986998084880362,1184
7493,14.988998485051862,1193
7494,14.990998885223362,1193
7495,14.992999285394863,1191
7496,14.994999685566363,1185
7497,14.997000085737863,1175
7498,14.999000485909365,1167
7499,15.001000886080865,1164
7500,15.003001286252365,1163
7501,15.005001686423865,1166
7502,15.007002086595365,1165
7503,15.009002486766866,1148
7504,15.011002886938366,1124
7505,15.013003287109866,1112
7506,15.015003687281366,1118
7507,15.017004087452866,1125
7508,15.019004487624366,1122
7509,15.021004887795867,1115
7510,15.023005287967369,1116
7511,15.025005688138869,1126
7512,15.027006088310369,1137
7513,15.029006488481869,1147
7514,15.03100688865337,1159
7515,15.03300728882487,1165
7516,15.03500768899637,1160
7517,15.03700808916787,1158
7518,15.03900848933937,1173
7519,15.04100888951087,1192
7520,15.04300928968237,1195
7521,15.045009689853872,1179
7522,15.047010090025372,1165
7523,15.049010490196872,1166
7524,15.051010890368373,1175
7525,15.053011290539873,1176
7526,15.055011690711373,1168
7527,15.057012090882873,1163
7528,15.059012491054373,1166
7529,15.061012891225873,1167
7530,15.063013291397374,1154
7531,15.065013691568874,1134
7532,15.067014091740376,1124
7533,15.069014491911876,1136
7534,15.071014892083376,1154
7535,15.073015292254876,1157
7536,15.075015692426376,1139
7537,15.077016092597876,1126
7538,15.079016492769377,1133
7539,15.081016892940877,1146
7540,15.083017293112377,1145
7541,15.085017693283877,1134
7542,15.087018093455377,1130
7543,15.089018493626877,1133
7544,15.09101889379838,1136
7545,15.09301929396988,1136
7546,15.09501969414138,1135
7547,15.09702009431288,1131
7548,15.09902049448438,1124
7549,15.10102089465588,1113
7550,15.10302129482738,1104
7551,15.10502169499888,1104
7552,15.10702209517038,1109
7553,15.10902249534188,1109
7554,15.111022895513381,1106
7555,15.113023295684883,1107
7556,15.115023695856383,1111
7557,15.117024096027883,1116
7558,15.119024496199383,1124
7559,15.121024896370884,1131
7560,15.123025296542384,1132
7561,15.125025696713884,1129
7562,15.127026096885384,1127
7563,15.129026497056884,1133
7564,15.131026897228384,1143
7565,15.133027297399885,1146
7566,15.135027697571385,1138
7567,15.137028097742887,1130
7568,15.139028497914387,1126
7569,15.141028898085887,1129
7570,15.143029298257387,1139
7571,15.145029698428887,1145
7572,15.147030098600387,1138
7573,15.149030498771888,1127
7574,15.151030898943388,1125
7575,15.153031299114888,1131
7576,15.155031699286388,1135
7577,15.157032099457888,1138
7578,15.15903249962939,1145
7579,15.16103289980089,1157
7580,15.16303329997239,1166
7581,15.16503370014389,1163
7582,15.16703410031539,1155
7583,15.169034500486891,1150
7584,15.171034900658391,1153
7585,15.173035300829891,1158
7586,15.175035701001391,1159
7587,15.177036101172892,1153
7588,15.179036501344392,1149
7589,15.181036901515892,1152
7590,15.183037301687394,1156
7591,15.185037701858894,1152
7592,15.187038102030394,1147
7593,15.189038502201894,1148
7594,15.191038902373394,1153
7595,15.193039302544895,1156
7596,15.195039702716395,1157
7597,15.197040102887895,1155
7598,15.199040503059395,1152
7599,15.201040903230895,1151
7600,15.203041303402395,1153
7601,15.205041703573897,1150
7602,15.207042103745398,1144
7603,15.209042503916898,1149
7604,15.211042904088398,1169
7605,15.213043304259898,1191
7606,15.215043704431398,1200
7607,15.217044104602898,1194
7608,15.219044504774399,1186
7609,15.221044904945899,1183
7610,15.223045305117399,1180
7611,15.225045705288899,1173
7612,15.2270461054604,1168
7613,15.229046505631901,1167
7614,15.231046905803401,1162
7615,15.233047305974901,1145
7616,15.235047706146402,1126
7617,15.237048106317902,1119
7618,15.239048506489402,1126
7619,15.241048906660902,1133
7620,15.243049306832402,1134
7621,15.245049707003902,1133
7622,15.247050107175403,1138
7623,15.249050507346903,1149
7624,15.251050907518405,1156
7625,15.253051307689905,1152
7626,15.255051707861405,1143
7627,15.257052108032905,1139
7628,15.259052508204405,1143
7629,15.261052908375905,1146
7630,15.263053308547406,1151
7631,15.265053708718906,1158
7632,15.267054108890406,1162
7633,15.269054509061906,1156
7634,15.271054909233406,1148
7635,15.273055309404906,1150
7636,15.275055709576408,1163
7637,15.277056109747909,1178
7638,15.279056509919409,1184
7639,15.281056910090909,1178
7640,15.283057310262409,1170
7641,15.28505771043391,1170
7642,15.28705811060541,1178
7643,15.28905851077691,1188
7644,15.29105891094841,1191
7645,15.29305931111991,1182
7646,15.29505971129141,1164
7647,15.297060111462912,1148
7648,15.299060511634412,1142
7649,15.301060911805912,1146
7650,15.303061311977412,1147
7651,15.305061712148913,1135
7652,15.307062112320413,1121
7653,15.309062512491913,1116
7654,15.311062912663413,1122
7655,15.313063312834913,1133
7656,15.315063713006413,1144
7657,15.317064113177913,1149
7658,15.319064513349414,1150
7659,15.321064913520916,1147
7660,15.323065313692416,1145
7661,15.325065713863916,1146
7662,15.327066114035416,1148
7663,15.329066514206916,1151
7664,15.331066914378416,1155
7665,15.333067314549917,1155
7666,15.335067714721417,1153
7667,15.337068114892917,1159
7668,15.339068515064417,1171
7669,15.341068915235917,1180
7670,15.34306931540742,1180
7671,15.34506971557892,1175
7672,15.34707011575042,1164
7673,15.34907051592192,1146
7674,15.35107091609342,1129
7675,15.35307131626492,1123
7676,15.35507171643642,1127
7677,15.35707211660792,1130
7678,15.35907251677942,1129
7679,15.36107291695092,1129
7680,15.36307331712242,1134
7681,15.365073717293921,1141
7682,15.367074117465423,1146
7683,15.369074517636923,1151
7684,15.371074917808423,1159
7685,15.373075317979923,1166
7686,15.375075718151423,1168
7687,15.377076118322924,1168
7688,15.379076518494424,1171
7689,15.381076918665924,1174
7690,15.383077318837424,1171
7691,15.385077719008924,1163
7692,15.387078119180424,1163
7693,15.389078519351926,1177
7694,15.391078919523427,1189
7695,15.393079319694927,1191
7696,15.395079719866427,1189
7697,15.397080120037927,1188
7698,15.399080520209427,1183
7699,15.401080920380927,1175
7700,15.403081320552428,1178
7701,15.405081720723928,1190
7702,15.407082120895428,1199
7703,15.409082521066928,1195
7704,15.411082921238428,1183
7705,15.41308332140993,1172
7706,15.41508372158143,1164
7707,15.41708412175293,1155
7708,15.41908452192443,1149
7709,15.42108492209593,1154
7710,15.423085322267431,1166
7711,15.425085722438931,1172
7712,15.427086122610431,1167
7713,15.429086522781931,1161
7714,15.431086922953432,1161
7715,15.433087323124932,1165
7716,15.435087723296434,1165
7717,15.437088123467934,1165
7718,15.439088523639434,1166
7719,15.441088923810934,1161
7720,15.443089323982434,1149
7721,15.445089724153934,1143
7722,15.447090124325435,1145
7723,15.449090524496935,1149
7724,15.451090924668435,1145
7725,15.453091324839935,1141
7726,15.455091725011435,1140
7727,15.457092125182935,1137
7728,15.459092525354437,1133
7729,15.461092925525938,1130
7730,15.463093325697438,1125
7731,15.465093725868938,1123
7732,15.467094126040438,1134
7733,15.469094526211938,1153
7734,15.471094926383438,1163
7735,15.473095326554938,1152
7736,15.475095726726439,1132
7737,15.477096126897939,1123
7738,15.479096527069439,1133
7739,15.48109692724094,1149
7740,15.483097327412441,1159
7741,15.485097727583941,1159
7742,15.487098127755441,1157
7743,15.489098527926942,1154
7744,15.491098928098442,1151
7745,15.493099328269942,1151
7746,15.495099728441442,1155
7747,15.497100128612942,1154
7748,15.499100528784442,1153
7749,15.501100928955942,1157
7750,15.503101329127443,1162
7751,15.505101729298945,1160
7752,15.507102129470445,1152
7753,15.509102529641945,1150
7754,15.511102929813445,1156
7755,15.513103329984945,1161
7756,15.515103730156445,1160
7757,15.517104130327946,1154
7758,15.519104530499446,1148
7759,15.521104930670946,1144
7760,15.523105330842446,1141
7761,15.525105731013946,1143
7762,15.527106131185448,1148
7763,15.529106531356948,1153
7764,15.531106931528448,1155
7765,15.533107331699949,1158
7766,15.535107731871449,1161
7767,15.537108132042949,1160
7768,15.539108532214449,1152
7769,15.54110893238595,1144
7770,15.54310933255745,1142
7771,15.54510973272895,1144
7772,15.54711013290045,1142
7773,15.54911053307195,1134
7774,15.551110933243452,1127
7775,15.553111333414952,1127
7776,15.555111733586452,1131
7777,15.557112133757952,1138
7778,15.559112533929452,1147
7779,15.561112934100953,1154
7780,15.563113334272453,1152
7781,15.565113734443953,1145
7782,15.567114134615453,1140
7783,15.569114534786953,1142
7784,15.571114934958453,1146
7785,15.573115335129955,1142
7786,15.575115735301456,1131
7787,15.577116135472956,1126
7788,15.579116535644456,1131
7789,15.581116935815956,1137
7790,15.583117335987456,1136
7791,15.585117736158956,1126
7792,15.587118136330457,1115
7793,15.589118536501957,1117
7794,15.591118936673457,1125
7795,15.593119336844957,1126
7796,15.595119737016457,1122
7797,15.597120137187959,1126
7798,15.59912053735946,1140
7799,15.60112093753096,1151
7800,15.60312133770246,1152
7801,15.60512173787396,1145
7802,15.60712213804546,1141
7803,15.60912253821696,1145
7804,15.61112293838846,1150
7805,15.61312333855996,1151
7806,15.61512373873146,1149
7807,15.61712413890296,1152
7808,15.619124539074463,1158
7809,15.621124939245963,1159
7810,15.623125339417463,1150
7811,15.625125739588963,1136
7812,15.627126139760463,1131
7813,15.629126539931963,1139
7814,15.631126940103464,1152
7815,15.633127340274964,1156
7816,15.635127740446464,1150
7817,15.637128140617964,1144
7818,15.639128540789464,1139
7819,15.641128940960964,1132
7820,15.643129341132466,1127
7821,15.645129741303966,1127
7822,15.647130141475467,1128
7823,15.649130541646967,1123
7824,15.651130941818467,1112
7825,15.653131341989967,1099
7826,15.655131742161467,1088
7827,15.657132142332967,1085
7828,15.659132542504468,1090
7829,15.661132942675968,1094
7830,15.663133342847468,1090
7831,15.66513374301897,1079
7832,15.66713414319047,1074
7833,15.66913454336197,1076
7834,15.67113494353347,1077
7835,15.67313534370497,1076
7836,15.67513574387647,1076
7837,15.67713614404797,1074
7838,15.679136544219471,1070
7839,15.681136944390971,1074
7840,15.683137344562471,1086
7841,15.685137744733971,1094
7842,15.687138144905472,1092
7843,15.689138545076974,1085
7844,15.691138945248474,1079
7845,15.693139345419974,1075
7846,15.695139745591474,1075
7847,15.697140145762974,1076
7848,15.699140545934474,1076
7849,15.701140946105975,1079
7850,15.703141346277475,1087
7851,15.705141746448975,1097
7852,15.707142146620475,1101
7853,15.709142546791975,1100
7854,15.711142946963477,1100
7855,15.713143347134977,1107
7856,15.715143747306477,1118
7857,15.717144147477978,1125
7858,15.719144547649478,1124
7859,15.721144947820978,1125
7860,15.723145347992478,1133
7861,15.725145748163978,1146
7862,15.727146148335478,1154
7863,15.729146548506979,1150
7864,15.731146948678479,1138
7865,15.733147348849979,1131
7866,15.73514774902148,1138
7867,15.737148149192981,1147
7868,15.739148549364481,1145
7869,15.741148949535981,1134
7870,15.743149349707481,1125
7871,15.745149749878982,1121
7872,15.747150150050482,1120
7873,15.749150550221982,1125
7874,15.751150950393482,1132
7875,15.753151350564982,1133
7876,15.755151750736482,1129
7877,15.757152150907984,1127
7878,15.759152551079485,1129
7879,15.761152951250985,1129
7880,15.763153351422485,1119
7881,15.765153751593985,1104
7882,15.767154151765485,1096
7883,15.769154551936985,1101
7884,15.771154952108486,1110
7885,15.773155352279986,1110
7886,15.775155752451486,1105
7887,15.777156152622986,1105
7888,15.779156552794486,1109
7889,15.781156952965988,1108
7890,15.783157353137488,1101
7891,15.785157753308988,1095
7892,15.787158153480489,1093
7893,15.789158553651989,1089
7894,15.791158953823489,1084
7895,15.793159353994989,1085
7896,15.79515975416649,1096
7897,15.79716015433799,1110
7898,15.79916055450949,1121
7899,15.80116095468099,1130
7900,15.803161354852492,1141
7901,15.805161755023992,1145
7902,15.807162155195492,1136
7903,15.809162555366992,1123
7904,15.811162955538492,1120
7905,15.813163355709992,1128
7906,15.815163755881493,1140
7907,15.817164156052993,1152
7908,15.819164556224493,1157
7909,15.821164956395993,1150
7910,15.823165356567493,1134
7911,15.825165756738993,1123
7912,15.827166156910495,1125
7913,15.829166557081995,1135
7914,15.831166957253496,1143
7915,15.833167357424996,1153
7916,15.835167757596496,1166
7917,15.837168157767996,1174
7918,15.839168557939496,1172
7919,15.841168958110996,1169
7920,15.843169358282497,1176
7921,15.845169758453997,1188
7922,15.847170158625497,1188
7923,15.849170558796999,1175
7924,15.851170958968499,1163
7925,15.85317135914,1157
7926,15.8551717593115,1151
7927,15.857172159483,1140
7928,15.8591725596545,1130
7929,15.861172959826,1122
7930,15.8631733599975,1116
7931,15.865173760169,1115
7932,15.8671741603405,1125
7933,15.869174560512,1146
7934,15.8711749606835,1165
7935,15.873175360855003,1165
7936,15.875175761026503,1151
7937,15.877176161198003,1142
7938,15.879176561369503,1145
7939,15.881176961541003,1150
7940,15.883177361712503,1150
7941,15.885177761884004,1155
7942,15.887178162055504,1167
7943,15.889178562227004,1177
7944,15.891178962398504,1175
7945,15.893179362570004,1162
7946,15.895179762741506,1149
7947,15.897180162913006,1145
7948,15.899180563084506,1153
7949,15.901180963256007,1168
7950,15.903181363427507,1179
7951,15.905181763599007,1179
7952,15.907182163770507,1171
7953,15.909182563942007,1169
7954,15.911182964113507,1171
7955,15.913183364285008,1161
7956,15.915183764456508,1142
7957,15.917184164628008,1133
7958,15.91918456479951,1139
7959,15.92118496497101,1148
7960,15.92318536514251,1150
7961,15.92518576531401,1147
7962,15.92718616548551,1146
7963,15.92918656565701,1155
7964,15.93118696582851,1165
7965,15.933187366000011,1167
7966,15.935187766171511,1167
7967,15.937188166343011,1178
7968,15.939188566514511,1192
7969,15.941188966686013,1195
7970,15.943189366857514,1189
7971,15.945189767029014,1184
7972,15.947190167200514,1181
7973,15.949190567372014,1182
7974,15.951190967543514,1188
7975,15.953191367715014,1191
7976,15.955191767886514,1180
7977,15.957192168058015,1161
7978,15.959192568229515,1148
7979,15.961192968401015,1145
7980,15.963193368572515,1149
7981,15.965193768744017,1154
7982,15.967194168915517,1156
7983,15.969194569087017,1154
7984,15.971194969258518,1153
7985,15.973195369430018,1154
7986,15.975195769601518,1153
7987,15.977196169773018,1155
7988,15.979196569944518,1164
7989,15.981196970116018,1175
7990,15.983197370287519,1176
7991,15.985197770459019,1169
7992,15.98719817063052,1160
7993,15.98919857080202,1154
7994,15.991198970973521,1152
7995,15.993199371145021,1153
7996,15.995199771316521,1155
7997,15.997200171488021,1156
7998,15.999200571659522,1152
7999,16.00120097183102,1144
8000,16.003201372002522,1138
8001,16.005201772174022,1140
8002,16.007202172345522,1150
8003,16.009202572517022,1159
8004,16.011202972688523,1159
8005,16.013203372860023,1152
8006,16.015203773031523,1149
8007,16.017204173203023,1157
8008,16.019204573374523,1171
8009,16.021204973546027,1174
8010,16.023205373717527,1157
8011,16.025205773889027,1139
8012,16.027206174060527,1145
8013,16.029206574232028,1173
8014,16.031206974403528,1192
8015,16.033207374575028,1184
8016,16.035207774746528,1162
8017,16.037208174918028,1151
8018,16.03920857508953,1156
8019,16.04120897526103,1171
8020,16.04320937543253,1182
8021,16.04520977560403,1178
8022,16.04721017577553,1163
8023,16.04921057594703,1150
8024,16.05121097611853,1143
8025,16.05321137629003,1146
8026,16.05521177646153,1156
8027,16.05721217663303,1161
8028,16.05921257680453,1154
8029,16.06121297697603,1140
8030,16.06321337714753,1127
8031,16.06521377731903,1120
8032,16.067214177490534,1125
8033,16.069214577662034,1138
8034,16.071214977833534,1152
8035,16.073215378005035,1161
8036,16.075215778176535,1166
8037,16.077216178348035,1168
8038,16.079216578519535,1164
8039,16.081216978691035,1156
8040,16.083217378862535,1150
8041,16.085217779034036,1153
8042,16.087218179205536,1159
8043,16.089218579377036,1159
8044,16.091218979548536,1154
8045,16.093219379720036,1149
8046,16.095219779891536,1141
8047,16.097220180063037,1126
8048,16.099220580234537,1119
8049,16.101220980406037,1132
8050,16.103221380577537,1156
8051,16.105221780749037,1174
8052,16.107222180920537,1178
8053,16.109222581092038,1169
8054,16.111222981263538,1152
8055,16.11322338143504,1145
8056,16.11522378160654,1153
8057,16.11722418177804,1163
8058,16.119224581949542,1161
8059,16.121224982121042,1150
8060,16.123225382292542,1140
8061,16.125225782464042,1141
8062,16.127226182635543,1149
8063,16.129226582807043,1148
8064,16.131226982978543,1137
8065,16.133227383150043,1128
8066,16.135227783321543,1131
8067,16.137228183493043,1144
8068,16.139228583664543,1157
8069,16.141228983836044,1162
8070,16.143229384007544,1156
8071,16.145229784179044,1148
8072,16.147230184350544,1146
8073,16.149230584522044,1145
8074,16.151230984693544,1143
8075,16.153231384865045,1147
8076,16.155231785036545,1160
8077,16.157232185208045,1170
8078,16.15923258537955,1166
8079,16.16123298555105,1156
8080,16.16323338572255,1149
8081,16.16523378589405,1142
8082,16.16723418606555,1132
8083,16.16923458623705,1129
8084,16.17123498640855,1138
8085,16.17323538658005,1153
8086,16.17523578675155,1164
8087,16.17723618692305,1168
8088,16.17923658709455,1168
8089,16.18123698726605,1166
8090,16.18323738743755,1167
8091,16.18523778760905,1167
8092,16.18723818778055,1161
8093,16.18923858795205,1158
8094,16.19123898812355,1169
8095,16.19323938829505,1181
8096,16.19523978846655,1177
8097,16.19724018863805,1159
8098,16.199240588809552,1150
8099,16.201240988981052,1152
8100,16.203241389152552,1149
8101,16.205241789324056,1139
8102,16.207242189495556,1133
8103,16.209242589667056,1137
8104,16.211242989838556,1148
8105,16.213243390010057,1152
8106,16.215243790181557,1146
8107,16.217244190353057,1139
8108,16.219244590524557,1140
8109,16.221244990696057,1148
8110,16.223245390867557,1161
8111,16.225245791039058,1175
8112,16.227246191210558,1180
8113,16.229246591382058,1173
8114,16.231246991553558,1157
8115,16.233247391725058,1141
8116,16.23524779189656,1132
8117,16.23724819206806,1134
8118,16.23924859223956,1140
8119,16.24124899241106,1139
8120,16.24324939258256,1130
8121,16.24524979275406,1127
8122,16.24725019292556,1136
8123,16.24925059309706,1152
8124,16.251250993268563,1160
8125,16.253251393440063,1161
8126,16.255251793611563,1163
8127,16.257252193783064,1168
8128,16.259252593954564,1170
8129,16.261252994126064,1173
8130,16.263253394297564,1182
8131,16.265253794469064,1189
8132,16.267254194640564,1185
8133,16.269254594812065,1171
8134,16.271254994983565,1155
8135,16.273255395155065,1146
8136,16.275255795326565,1152
8137,16.277256195498065,1162
8138,16.279256595669565,1164
8139,16.281256995841066,1163
8140,16.283257396012566,1168
8141,16.285257796184066,1174
8142,16.287258196355566,1175
8143,16.289258596527066,1173
8144,16.291258996698566,1170
8145,16.293259396870067,1165
8146,16.295259797041567,1155
8147,16.29726019721307,1146
8148,16.29926059738457,1148
8149,16.30126099755607,1161
8150,16.30326139772757,1169
8151,16.30526179789907,1166
8152,16.30726219807057,1157
8153,16.30926259824207,1145
8154,16.31126299841357,1134
8155,16.31326339858507,1131
8156,16.315263798756572,1133
8157,16.317264198928072,1133
8158,16.319264599099572,1127
8159,16.321264999271072,1123
8160,16.323265399442572,1129
8161,16.325265799614073,1138
8162,16.327266199785573,1138
8163,16.329266599957073,1134
8164,16.331267000128573,1135
8165,16.333267400300073,1144
8166,16.335267800471573,1155
8167,16.337268200643074,1159
8168,16.339268600814574,1152
8169,16.341269000986074,1139
8170,16.343269401157578,1129
8171,16.345269801329078,1125
8172,16.347270201500578,1127
8173,16.349270601672078,1135
8174,16.35127100184358,1147
8175,16.35327140201508,1156
8176,16.35527180218658,1154
8177,16.35727220235808,1143
8178,16.35927260252958,1128
8179,16.36127300270108,1122
8180,16.36327340287258,1129
8181,16.36527380304408,1144
8182,16.36727420321558,1150
8183,16.36927460338708,1136
8184,16.37127500355858,1116
8185,16.37327540373008,1117
8186,16.37527580390158,1137
8187,16.37727620407308,1146
8188,16.37927660424458,1126
8189,16.38127700441608,1098
8190,16.38327740458758,1091
8191,16.38527780475908,1108
8192,16.38727820493058,1124
8193,16.389278605102085,1127
8194,16.391279005273585,1123
8195,16.393279405445085,1126
8196,16.395279805616585,1138
8197,16.397280205788086,1152
8198,16.399280605959586,1160
8199,16.401281006131086,1164
8200,16.403281406302586,1164
8201,16.405281806474086,1162
8202,16.407282206645586,1165
8203,16.409282606817087,1177
8204,16.411283006988587,1189
8205,16.413283407160087,1188
8206,16.415283807331587,1178
8207,16.417284207503087,1169
8208,16.419284607674587,1164
8209,16.421285007846087,1161
8210,16.423285408017588,1157
8211,16.425285808189088,1148
8212,16.427286208360588,1137
8213,16.429286608532088,1134
8214,16.43128700870359,1143
8215,16.43328740887509,1153
8216,16.435287809046592,1153
8217,16.437288209218092,1149
8218,16.439288609389592,1153
8219,16.441289009561093,1165
8220,16.443289409732593,1175
8221,16.445289809904093,1178
8222,16.447290210075593,1177
8223,16.449290610247093,1171
8224,16.451291010418593,1155
8225,16.453291410590094,1135
8226,16.455291810761594,1129
8227,16.457292210933094,1136
8228,16.459292611104594,1147
8229,16.461293011276094,1153
8230,16.463293411447594,1152
8231,16.465293811619095,1146
8232,16.467294211790595,1146
8233,16.469294611962095,1154
8234,16.471295012133595,1164
8235,16.473295412305095,1168
8236,16.475295812476595,1165
8237,16.477296212648096,1158
8238,16.479296612819596,1154
8239,16.4812970129911,1160
8240,16.4832974131626,1168
8241,16.4852978133341,1174
8242,16.4872982135056,1174
8243,16.4892986136771,1169
8244,16.4912990138486,1160
8245,16.4932994140201,1155
8246,16.4952998141916,1156
8247,16.4973002143631,1158
8248,16.4993006145346,1157
8249,16.5013010147061,1151
8250,16.5033014148776,1138
8251,16.5053018150491,1131
8252,16.5073022152206,1140
8253,16.5093026153921,1155
8254,16.511303015563602,1159
8255,16.513303415735102,1149
8256,16.515303815906602,1139
8257,16.517304216078102,1135
8258,16.519304616249602,1135
8259,16.521305016421103,1135
8260,16.523305416592603,1140
8261,16.525305816764103,1151
8262,16.527306216935607,1156
8263,16.529306617107107,1146
8264,16.531307017278607,1131
8265,16.533307417450107,1122
8266,16.535307817621607,1120
8267,16.537308217793107,1121
8268,16.539308617964608,1130
8269,16.541309018136108,1145
8270,16.543309418307608,1151
8271,16.545309818479108,1140
8272,16.54731021865061,1124
8273,16.54931061882211,1117
8274,16.55131101899361,1120
8275,16.55331141916511,1126
8276,16.55531181933661,1129
8277,16.55731221950811,1130
8278,16.55931261967961,1129
8279,16.56131301985111,1128
8280,16.56331342002261,1128
8281,16.56531382019411,1132
8282,16.56731422036561,1136
8283,16.56931462053711,1132
8284,16.57131502070861,1123
8285,16.573315420880114,1118
8286,16.575315821051614,1122
8287,16.577316221223114,1132
8288,16.579316621394614,1142
8289,16.581317021566115,1142
8290,16.583317421737615,1134
8291,16.585317821909115,1131
8292,16.587318222080615,1137
8293,16.589318622252115,1146
8294,16.591319022423615,1150
8295,16.593319422595115,1143
8296,16.595319822766616,1134
8297,16.597320222938116,1137
8298,16.599320623109616,1156
8299,16.601321023281116,1175
8300,16.603321423452616,1171
8301,16.605321823624116,1147
8302,16.607322223795617,1132
8303,16.609322623967117,1136
8304,16.611323024138617,1143
8305,16.613323424310117,1143
8306,16.615323824481617,1139
8307,16.617324224653117,1136
8308,16.61932462482462,1140
8309,16.62132502499612,1152
8310,16.62332542516762,1162
8311,16.62532582533912,1158
8312,16.627326225510622,1150
8313,16.629326625682122,1155
8314,16.631327025853622,1170
8315,16.633327426025122,1178
8316,16.635327826196622,1175
8317,16.637328226368123,1172
8318,16.639328626539623,1172
8319,16.641329026711123,1165
8320,16.643329426882623,1151
8321,16.645329827054123,1139
8322,16.647330227225623,1133
8323,16.649330627397124,1128
8324,16.651331027568624,1126
8325,16.653331427740124,1132
8326,16.655331827911624,1143
8327,16.657332228083124,1148
8328,16.659332628254624,1143
8329,16.661333028426125,1137
8330,16.663333428597625,1136
8331,16.66533382876913,1141
8332,16.66733422894063,1146
8333,16.66933462911213,1151
8334,16.67133502928363,1162
8335,16.67333542945513,1171
8336,16.67533582962663,1169
8337,16.67733622979813,1160
8338,16.67933662996963,1158
8339,16.68133703014113,1169
8340,16.68333743031263,1178
8341,16.68533783048413,1172
8342,16.68733823065563,1152
8343,16.68933863082713,1139
8344,16.69133903099863,1140
8345,16.69333943117013,1145
8346,16.69533983134163,1139
8347,16.69734023151313,1124
8348,16.69934063168463,1110
8349,16.70134103185613,1103
8350,16.70334143202763,1105
8351,16.70534183219913,1113
8352,16.70734223237063,1123
8353,16.709342632542132,1126
8354,16.711343032713636,1126
8355,16.713343432885136,1129
8356,16.715343833056636,1133
8357,16.717344233228136,1131
8358,16.719344633399636,1124
8359,16.721345033571136,1120
8360,16.723345433742637,1124
8361,16.725345833914137,1136
8362,16.727346234085637,1144
8363,16.729346634257137,1141
8364,16.731347034428637,1128
8365,16.733347434600137,1110
8366,16.735347834771638,1099
8367,16.737348234943138,1099
8368,16.739348635114638,1102
8369,16.741349035286138,1100
8370,16.743349435457638,1097
8371,16.74534983562914,1101
8372,16.74735023580064,1110
8373,16.74935063597214,1120
8374,16.75135103614364,1128
8375,16.75335143631514,1138
8376,16.75535183648664,1150
8377,16.757352236658143,1159
8378,16.759352636829643,1158
8379,16.761353037001143,1149
8380,16.763353437172643,1144
8381,16.765353837344144,1144
8382,16.767354237515644,1140
8383,16.769354637687144,1130
8384,16.771355037858644,1125
8385,16.773355438030144,1131
8386,16.775355838201644,1139
8387,16.777356238373144,1140
8388,16.779356638544645,1138
8389,16.781357038716145,1137
8390,16.783357438887645,1139
8391,16.785357839059145,1140
8392,16.787358239230645,1138
8393,16.789358639402145,1133
8394,16.791359039573646,1130
8395,16.793359439745146,1129
8396,16.795359839916646,1129
8397,16.797360240088146,1133
8398,16.799360640259646,1141
8399,16.801361040431146,1147
8400,16.80336144060265,1148
8401,16.80536184077415,1143
8402,16.80736224094565,1140
8403,16.80936264111715,1145
8404,16.81136304128865,1152
8405,16.81336344146015,1151
8406,16.81536384163165,1142
8407,16.81736424180315,1134
8408,16.81936464197465,1134
8409,16.82136504214615,1140
8410,16.82336544231765,1145
8411,16.825365842489152,1146
8412,16.827366242660652,1144
8413,16.829366642832152,1143
8414,16.831367043003652,1147
8415,16.833367443175153,1153
8416,16.835367843346653,1152
8417,16.837368243518153,1145
8418,16.839368643689653,1138
8419,16.841369043861153,1133
8420,16.843369444032653,1132
8421,16.845369844204154,1133
8422,16.847370244375654,1135
8423,16.849370644547157,1134
8424,16.851371044718658,1129
8425,16.853371444890158,1129
8426,16.855371845061658,1141
8427,16.857372245233158,1153
8428,16.859372645404658,1151
8429,16.86137304557616,1141
8430,16.86337344574766,1133
8431,16.86537384591916,1129
8432,16.86737424609066,1128
8433,16.86937464626216,1126
8434,16.87137504643366,1118
8435,16.87337544660516,1107
8436,16.87537584677666,1099
8437,16.87737624694816,1099
8438,16.87937664711966,1104
8439,16.88137704729116,1114
8440,16.88337744746266,1126
8441,16.88537784763416,1130
8442,16.88737824780566,1120
8443,16.88937864797716,1106
8444,16.89137904814866,1101
8445,16.89337944832016,1109
8446,16.895379848491665,1118
8447,16.897380248663165,1122
8448,16.899380648834665,1118
8449,16.901381049006165,1105
8450,16.903381449177665,1095
8451,16.905381849349165,1099
8452,16.907382249520666,1109
8453,16.909382649692166,1115
8454,16.911383049863666,1114
8455,16.913383450035166,1107
8456,16.915383850206666,1104
8457,16.917384250378166,1111
8458,16.919384650549667,1117
8459,16.921385050721167,1105
8460,16.923385450892667,1088
8461,16.925385851064167,1082
8462,16.927386251235667,1087
8463,16.929386651407167,1093
8464,16.931387051578668,1098
8465,16.933387451750168,1111
8466,16.935387851921668,1130
8467,16.937388252093168,1138
8468,16.939388652264668,1127
8469,16.941389052436172,1113
8470,16.943389452607672,1115
8471,16.945389852779172,1128
8472,16.947390252950672,1137
8473,16.949390653122173,1136
8474,16.951391053293673,1130
8475,16.953391453465173,1123
8476,16.955391853636673,1112
8477,16.957392253808173,1103
8478,16.959392653979673,1101
8479,16.961393054151173,1103
8480,16.963393454322674,1107
8481,16.965393854494174,1112
8482,16.967394254665674,1120
8483,16.969394654837174,1129
8484,16.971395055008674,1132
8485,16.973395455180174,1132
8486,16.975395855351675,1134
8487,16.977396255523175,1140
8488,16.979396655694675,1143
8489,16.981397055866175,1134
8490,16.983397456037675,1113
8491,16.985397856209175,1097
8492,16.98739825638068,1100
8493,16.98939865655218,1115
8494,16.99139905672368,1127
8495,16.99339945689518,1127
8496,16.99539985706668,1115
8497,16.99740025723818,1103
8498,16.99940065740968,1100
8499,17.00140105758118,1108
8500,17.00340145775268,1119
8501,17.00540185792418,1121
8502,17.00740225809568,1112
8503,17.00940265826718,1104
8504,17.01140305843868,1106
8505,17.01340345861018,1114
8506,17.01540385878168,1117
8507,17.01740425895318,1115
8508,17.01940465912468,1112
8509,17.021405059296182,1107
8510,17.023405459467682,1104
8511,17.025405859639182,1110
8512,17.027406259810682,1115
8513,17.029406659982183,1108
8514,17.031407060153683,1097
8515,17.033407460325186,1103
8516,17.035407860496687,1123
8517,17.037408260668187,1141
8518,17.039408660839687,1143
8519,17.041409061011187,1137
8520,17.043409461182687,1132
8521,17.045409861354187,1128
8522,17.047410261525688,1125
8523,17.049410661697188,1122
8524,17.051411061868688,1118
8525,17.053411462040188,1115
8526,17.055411862211688,1113
8527,17.05741226238319,1111
8528,17.05941266255469,1112
8529,17.06141306272619,1120
8530,17.06341346289769,1133
8531,17.06541386306919,1138
8532,17.06741426324069,1129
8533,17.06941466341219,1119
8534,17.07141506358369,1114
8535,17.07341546375519,1107
8536,17.07541586392669,1094
8537,17.07741626409819,1087
8538,17.079416664269694,1090
8539,17.081417064441194,1097
8540,17.083417464612694,1102
8541,17.085417864784194,1103
8542,17.087418264955694,1103
8543,17.089418665127194,1103
8544,17.091419065298695,1102
8545,17.093419465470195,1105
8546,17.095419865641695,1106
8547,17.097420265813195,1099
8548,17.099420665984695,1092
8549,17.101421066156195,1101
8550,17.103421466327696,1116
8551,17.105421866499196,1127
8552,17.107422266670696,1133
8553,17.109422666842196,1139
8554,17.111423067013696,1144
8555,17.113423467185196,1142
8556,17.115423867356697,1139
8557,17.117424267528197,1141
8558,17.119424667699697,1148
8559,17.121425067871197,1150
8560,17.123425468042697,1145
8561,17.1254258682142,1135
8562,17.1274262683857,1128
8563,17.1294266685572,1122
8564,17.1314270687287,1118
8565,17.1334274689002,1118
8566,17.1354278690717,1126
8567,17.137428269243202,1133
8568,17.139428669414702,1133
8569,17.141429069586202,1126
8570,17.143429469757702,1116
8571,17.145429869929202,1116
8572,17.147430270100703,1121
8573,17.149430670272203,1123
8574,17.151431070443703,1121
8575,17.153431470615203,1121
8576,17.155431870786703,1116
8577,17.157432270958203,1106
8578,17.159432671129704,1100
8579,17.161433071301204,1103
8580,17.163433471472704,1111
8581,17.165433871644204,1119
8582,17.167434271815704,1121
8583,17.169434671987204,1115
8584,17.171435072158708,1110
8585,17.17343547233021,1114
8586,17.17543587250171,1128
8587,17.17743627267321,1144
8588,17.17943667284471,1151
8589,17.18143707301621,1144
8590,17.18343747318771,1132
8591,17.18543787335921,1126
8592,17.18743827353071,1125
8593,17.18943867370221,1124
8594,17.19143907387371,1119
8595,17.19343947404521,1112
8596,17.19543987421671,1109
8597,17.19744027438821,1111
8598,17.19944067455971,1111
8599,17.20144107473121,1107
8600,17.20344147490271,1109
8601,17.20544187507421,1119
8602,17.20744227524571,1133
8603,17.20944267541721,1142
8604,17.21144307558871,1145
8605,17.21344347576021,1146
8606,17.21544387593171,1149
8607,17.217444276103215,1152
8608,17.219444676274716,1147
8609,17.221445076446216,1136
8610,17.223445476617716,1127
8611,17.225445876789216,1130
8612,17.227446276960716,1140
8613,17.229446677132216,1145
8614,17.231447077303716,1145
8615,17.233447477475217,1141
8616,17.235447877646717,1130
8617,17.237448277818217,1116
8618,17.239448677989717,1112
8619,17.241449078161217,1118
8620,17.243449478332717,1121
8621,17.245449878504218,1116
8622,17.247450278675718,1111
8623,17.249450678847218,1113
8624,17.251451079018718,1119
8625,17.25345147919022,1121
8626,17.25545187936172,1122
8627,17.25745227953322,1124
8628,17.25945267970472,1125
8629,17.26145307987622,1128
8630,17.263453480047723,1138
8631,17.265453880219223,1149
8632,17.267454280390723,1151
8633,17.269454680562223,1144
8634,17.271455080733723,1133
8635,17.273455480905223,1124
8636,17.275455881076724,1122
8637,17.277456281248224,1128
8638,17.279456681419724,1131
8639,17.281457081591224,1125
8640,17.283457481762724,1118
8641,17.285457881934224,1123
8642,17.287458282105725,1136
8643,17.289458682277225,1146
8644,17.291459082448725,1147
8645,17.293459482620225,1148
8646,17.295459882791725,1155
8647,17.297460282963225,1167
8648,17.299460683134726,1173
8649,17.301461083306226,1168
8650,17.303461483477726,1157
8651,17.305461883649226,1148
8652,17.307462283820726,1150
8653,17.30946268399223,1157
8654,17.31146308416373,1151
8655,17.31346348433523,1132
8656,17.31546388450673,1114
8657,17.31746428467823,1115
8658,17.31946468484973,1133
8659,17.32146508502123,1153
8660,17.32346548519273,1160
8661,17.32546588536423,1154
8662,17.32746628553573,1149
8663,17.32946668570723,1157
8664,17.33146708587873,1172
8665,17.333467486050232,1178
8666,17.335467886221732,1168
8667,17.337468286393232,1153
8668,17.339468686564732,1146
8669,17.341469086736232,1145
8670,17.343469486907733,1137
8671,17.345469887079233,1127
8672,17.347470287250733,1130
8673,17.349470687422233,1147
8674,17.351471087593733,1157
8675,17.353471487765233,1157
8676,17.355471887936737,1158
8677,17.357472288108237,1166
8678,17.359472688279737,1172
8679,17.361473088451238,1168
8680,17.363473488622738,1163
8681,17.365473888794238,1159
8682,17.367474288965738,1151
8683,17.36947468913724,1137
8684,17.37147508930874,1131
8685,17.37347548948024,1142
8686,17.37547588965174,1161
8687,17.37747628982324,1168
8688,17.37947668999474,1159
8689,17.38147709016624,1141
8690,17.38347749033774,1124
8691,17.38547789050924,1113
8692,17.38747829068074,1116
8693,17.38947869085224,1128
8694,17.39147909102374,1135
8695,17.39347949119524,1129
8696,17.39547989136674,1118
8697,17.39748029153824,1114
8698,17.39948069170974,1121
8699,17.401481091881244,1131
8700,17.403481492052745,1133
8701,17.405481892224245,1124
8702,17.407482292395745,1114
8703,17.409482692567245,1104
8704,17.411483092738745,1090
8705,17.413483492910245,1074
8706,17.415483893081745,1067
8707,17.417484293253246,1078
8708,17.419484693424746,1091
8709,17.421485093596246,1092
8710,17.423485493767746,1090
8711,17.425485893939246,1097
8712,17.427486294110746,1110
8713,17.429486694282247,1117
8714,17.431487094453747,1120
8715,17.433487494625247,1124
8716,17.435487894796747,1128
8717,17.437488294968247,1129
8718,17.439488695139747,1125
8719,17.441489095311248,1123
8720,17.443489495482748,1130
8721,17.445489895654248,1138
8722,17.44749029582575,1138
8723,17.449490695997252,1134
8724,17.451491096168752,1136
8725,17.453491496340252,1137
8726,17.455491896511752,1133
8727,17.457492296683252,1127
8728,17.459492696854753,1121
8729,17.461493097026253,1120
8730,17.463493497197753,1125
8731,17.465493897369253,1133
8732,17.467494297540753,1131
8733,17.469494697712253,1118
8734,17.471495097883754,1107
8735,17.473495498055254,1111
8736,17.475495898226754,1123
8737,17.477496298398254,1132
8738,17.479496698569754,1135
8739,17.481497098741254,1133
8740,17.483497498912755,1131
8741,17.485497899084255,1131
8742,17.487498299255755,1137
8743,17.489498699427255,1152
8744,17.491499099598755,1168
8745,17.49349949977026,1168
8746,17.49549989994176,1155
8747,17.49750030011326,1148
8748,17.49950070028476,1154
8749,17.50150110045626,1163
8750,17.50350150062776,1165
8751,17.50550190079926,1162
8752,17.50750230097076,1159
8753,17.50950270114226,1151
8754,17.51150310131376,1139
8755,17.51350350148526,1137
8756,17.51550390165676,1152
8757,17.51750430182826,1166
8758,17.51950470199976,1165
8759,17.52150510217126,1158
8760,17.52350550234276,1158
8761,17.52550590251426,1162
8762,17.52750630268576,1160
8763,17.52950670285726,1150
8764,17.531507103028762,1139
8765,17.533507503200262,1135
8766,17.535507903371762,1134
8767,17.537508303543262,1133
8768,17.539508703714766,1134
8769,17.541509103886266,1141
8770,17.543509504057766,1148
8771,17.545509904229267,1146
8772,17.547510304400767,1134
8773,17.549510704572267,1126
8774,17.551511104743767,1128
8775,17.553511504915267,1135
8776,17.555511905086767,1136
8777,17.557512305258268,1135
8778,17.559512705429768,1133
8779,17.561513105601268,1127
8780,17.563513505772768,1124
8781,17.565513905944268,1129
8782,17.56751430611577,1133
8783,17.56951470628727,1131
8784,17.57151510645877,1131
8785,17.57351550663027,1141
8786,17.57551590680177,1151
8787,17.57751630697327,1156
8788,17.57951670714477,1158
8789,17.58151710731627,1162
8790,17.58351750748777,1168
8791,17.585517907659273,1176
8792,17.587518307830774,1181
8793,17.589518708002274,1178
8794,17.591519108173774,1169
8795,17.593519508345274,1162
8796,17.595519908516774,1159
8797,17.597520308688274,1158
8798,17.599520708859774,1153
8799,17.601521109031275,1146
8800,17.603521509202775,1148
8801,17.605521909374275,1159
8802,17.607522309545775,1170
8803,17.609522709717275,1168
8804,17.611523109888775,1156
8805,17.613523510060276,1144
8806,17.615523910231776,1138
8807,17.617524310403276,1132
8808,17.619524710574776,1126
8809,17.621525110746276,1129
8810,17.623525510917776,1143
8811,17.625525911089277,1155
8812,17.627526311260777,1157
8813,17.629526711432277,1157
8814,17.63152711160378,1159
8815,17.63352751177528,1165
8816,17.63552791194678,1165
8817,17.63752831211828,1157
8818,17.63952871228978,1145
8819,17.64152911246128,1136
8820,17.64352951263278,1127
8821,17.64552991280428,1117
8822,17.647530312975782,1113
8823,17.649530713147282,1120
8824,17.651531113318782,1136
8825,17.653531513490282,1145
8826,17.655531913661783,1141
8827,17.657532313833283,1137
8828,17.659532714004783,1148
8829,17.661533114176283,1162
8830,17.663533514347783,1160
8831,17.665533914519283,1145
8832,17.667534314690784,1132
8833,17.669534714862284,1128
8834,17.671535115033784,1128
8835,17.673535515205284,1132
8836,17.675535915376784,1145
8837,17.677536315548288,1156
8838,17.679536715719788,1151
8839,17.681537115891288,1131
8840,17.68353751606279,1115
8841,17.68553791623429,1120
8842,17.68753831640579,1144
8843,17.68953871657729,1165
8844,17.69153911674879,1166
8845,17.69353951692029,1150
8846,17.69553991709179,1133
8847,17.69754031726329,1123
8848,17.69954071743479,1121
8849,17.70154111760629,1126
8850,17.70354151777779,1128
8851,17.70554191794929,1122
8852,17.70754231812079,1114
8853,17.70954271829229,1109
8854,17.71154311846379,1102
8855,17.71354351863529,1087
8856,17.71554391880679,1076
8857,17.71754431897829,1078
8858,17.71954471914979,1092
8859,17.72154511932129,1105
8860,17.723545519492795,1108
8861,17.725545919664295,1101
8862,17.727546319835795,1094
8863,17.729546720007296,1093
8864,17.731547120178796,1097
8865,17.733547520350296,1094
8866,17.735547920521796,1084
8867,17.737548320693296,1077
8868,17.739548720864796,1077
8869,17.741549121036297,1080
8870,17.743549521207797,1077
8871,17.745549921379297,1076
8872,17.747550321550797,1089
8873,17.749550721722297,1111
8874,17.751551121893797,1125
8875,17.753551522065298,1121
8876,17.755551922236798,1109
8877,17.757552322408298,1110
8878,17.759552722579798,1122
8879,17.761553122751298,1124
8880,17.7635535229228,1112
8881,17.7655539230943,1105
8882,17.7675543232658,1114
8883,17.769554723437302,1122
8884,17.771555123608803,1120
8885,17.773555523780303,1117
8886,17.775555923951803,1117
8887,17.777556324123303,1116
8888,17.779556724294803,1113
8889,17.781557124466303,1114
8890,17.783557524637803,1119
8891,17.785557924809304,1118
8892,17.787558324980804,1111
8893,17.789558725152304,1105
8894,17.791559125323804,1108
8895,17.793559525495304,1125
8896,17.795559925666804,1146
8897,17.797560325838305,1150
8898,17.799560726009805,1133
8899,17.801561126181305,1116
8900,17.803561526352805,1118
8901,17.805561926524305,1136
8902,17.807562326695805,1156
8903,17.809562726867306,1166
8904,17.811563127038806,1165
8905,17.813563527210306,1159
8906,17.81556392738181,1152
8907,17.81756432755331,1150
8908,17.81956472772481,1153
8909,17.82156512789631,1150
8910,17.82356552806781,1137
8911,17.82556592823931,1121
8912,17.82756632841081,1111
8913,17.82956672858231,1106
8914,17.83156712875381,1105
8915,17.83356752892531,1113
8916,17.83556792909681,1128
8917,17.83756832926831,1147
8918,17.83956872943981,1159
8919,17.84156912961131,1158
8920,17.843569529782812,1149
8921,17.845569929954312,1144
8922,17.847570330125812,1145
8923,17.849570730297312,1148
8924,17.851571130468812,1146
8925,17.853571530640313,1140
8926,17.855571930811813,1137
8927,17.857572330983313,1137
8928,17.859572731154813,1142
8929,17.861573131326317,1150
8930,17.863573531497817,1157
8931,17.865573931669317,1153
8932,17.867574331840817,1140
8933,17.869574732012317,1135
8934,17.871575132183818,1141
8935,17.873575532355318,1146
8936,17.875575932526818,1147
8937,17.877576332698318,1157
8938,17.87957673286982,1184
8939,17.88157713304132,1205
8940,17.88357753321282,1200
8941,17.88557793338432,1183
8942,17.88757833355582,1176
8943,17.88957873372732,1181
8944,17.89157913389882,1185
8945,17.89357953407032,1178
8946,17.89557993424182,1160
8947,17.89758033441332,1138
8948,17.89958073458482,1127
8949,17.90158113475632,1130
8950,17.90358153492782,1137
8951,17.90558193509932,1142
8952,17.907582335270824,1148
8953,17.909582735442324,1154
8954,17.911583135613824,1152
8955,17.913583535785325,1138
8956,17.915583935956825,1127
8957,17.917584336128325,1130
8958,17.919584736299825,1143
8959,17.921585136471325,1151
8960,17.923585536642825,1153
8961,17.925585936814326,1152
8962,17.927586336985826,1145
8963,17.929586737157326,1138
8964,17.931587137328826,1142
8965,17.933587537500326,1155
8966,17.935587937671826,1161
8967,17.937588337843327,1157
8968,17.939588738014827,1152
8969,17.941589138186327,1151
8970,17.943589538357827,1152
8971,17.945589938529327,1155
8972,17.947590338700827,1154
8973,17.949590738872327,1151
8974,17.951591139043828,1151
8975,17.95359153921533,1153
8976,17.95559193938683,1153
8977,17.95759233955833,1153
8978,17.959592739729832,1150
8979,17.961593139901332,1140
8980,17.963593540072832,1126
8981,17.965593940244332,1118
8982,17.967594340415832,1128
8983,17.969594740587333,1145
8984,17.971595140758833,1152
8985,17.973595540930333,1142
8986,17.975595941101833,1125
8987,17.977596341273333,1117
8988,17.979596741444833,1122
8989,17.981597141616334,1132
8990,17.983597541787834,1138
8991,17.985597941959334,1135
8992,17.987598342130834,1131
8993,17.989598742302334,1136
8994,17.991599142473834,1147
8995,17.993599542645335,1150
8996,17.995599942816835,1144
8997,17.997600342988335,1136
8998,17.99960074315984,1139
8999,18.00160114333134,1146
9000,18.00360154350284,1142
9001,18.00560194367434,1125
9002,18.00760234384584,1110
9003,18.00960274401734,1114
9004,18.01160314418884,1127
9005,18.01360354436034,1130
9006,18.01560394453184,1126
9007,18.01760434470334,1120
9008,18.01960474487484,1110
9009,18.02160514504634,1096
9010,18.02360554521784,1094
9011,18.02560594538934,1105
9012,18.02760634556084,1116
9013,18.02960674573234,1115
9014,18.03160714590384,1110
9015,18.03360754607534,1111
9016,18.03560794624684,1116
9017,18.03760834641834,1122
9018,18.039608746589842,1129
9019,18.041609146761342,1132
9020,18.043609546932842,1128
9021,18.045609947104346,1117
9022,18.047610347275846,1108
9023,18.049610747447346,1106
9024,18.051611147618846,1104
9025,18.053611547790346,1100
9026,18.055611947961847,1095
9027,18.057612348133347,1097
9028,18.059612748304847,1106
9029,18.061613148476347,1117
9030,18.063613548647847,1124
9031,18.065613948819347,1126
9032,18.067614348990848,1127
9033,18.069614749162348,1131
9034,18.071615149333848,1135
9035,18.073615549505348,1134
9036,18.07561594967685,1130
9037,18.07761634984835,1129
9038,18.07961675001985,1133
9039,18.08161715019135,1133
9040,18.08361755036285,1122
9041,18.08561795053435,1110
9042,18.08761835070585,1112
9043,18.089618750877353,1127
9044,18.091619151048853,1138
9045,18.093619551220353,1133
9046,18.095619951391853,1126
9047,18.097620351563354,1128
9048,18.099620751734854,1133
9049,18.101621151906354,1128
9050,18.103621552077854,1116
9051,18.105621952249354,1110
9052,18.107622352420854,1117
9053,18.109622752592355,1131
9054,18.111623152763855,1139
9055,18.113623552935355,1134
9056,18.115623953106855,1121
9057,18.117624353278355,1107
9058,18.119624753449855,1098
9059,18.121625153621356,1099
9060,18.123625553792856,1109
9061,18.125625953964356,1120
9062,18.127626354135856,1125
9063,18.129626754307356,1125
9064,18.131627154478856,1124
9065,18.133627554650356,1126
9066,18.13562795482186,1129
9067,18.13762835499336,1131
9068,18.13962875516486,1132
9069,18.14162915533636,1133
9070,18.14362955550786,1129
9071,18.14562995567936,1122
9072,18.14763035585086,1122
9073,18.14963075602236,1127
9074,18.15163115619386,1124
9075,18.15363155636536,1113
9076,18.155631956536862,1109
9077,18.157632356708362,1119
9078,18.159632756879862,1130
9079,18.161633157051362,1132
9080,18.163633557222862,1128
9081,18.165633957394363,1122
9082,18.167634357565863,1113
9083,18.169634757737363,1103
9084,18.171635157908863,1098
9085,18.173635558080363,1102
9086,18.175635958251863,1111
9087,18.177636358423364,1123
9088,18.179636758594864,1133
9089,18.181637158766367,1133
9090,18.183637558937868,1122
9091,18.185637959109368,1111
9092,18.187638359280868,1107
9093,18.189638759452368,1111
9094,18.19163915962387,1119
9095,18.19363955979537,1128
9096,18.19563995996687,1136
9097,18.19764036013837,1143
9098,18.19964076030987,1147
9099,18.20164116048137,1144
9100,18.20364156065287,1136
9101,18.20564196082437,1124
9102,18.20764236099587,1110
9103,18.20964276116737,1098
9104,18.21164316133887,1093
9105,18.21364356151037,1096
9106,18.21564396168187,1103
9107,18.21764436185337,1110
9108,18.21964476202487,1119
9109,18.22164516219637,1131
9110,18.22364556236787,1138
9111,18.22564596253937,1141
9112,18.227646362710875,1148
9113,18.229646762882375,1160
9114,18.231647163053875,1166
9115,18.233647563225375,1158
9116,18.235647963396875,1143
9117,18.237648363568375,1132
9118,18.239648763739876,1126
9119,18.241649163911376,1124
9120,18.243649564082876,1132
9121,18.245649964254376,1145
9122,18.247650364425876,1150
9123,18.249650764597376,1140
9124,18.251651164768877,1131
9125,18.253651564940377,1133
9126,18.255651965111877,1140
9127,18.257652365283377,1144
9128,18.259652765454877,1141
9129,18.261653165626377,1133
9130,18.263653565797878,1128
9131,18.265653965969378,1130
9132,18.267654366140878,1139
9133,18.269654766312378,1143
9134,18.271655166483878,1140
9135,18.273655566655382,1141
9136,18.275655966826882,1150
9137,18.277656366998382,1151
9138,18.279656767169882,1133
9139,18.281657167341383,1109
9140,18.283657567512883,1104
9141,18.285657967684383,1116
9142,18.287658367855883,1127
9143,18.289658768027383,1128
9144,18.291659168198883,1127
9145,18.293659568370384,1128
9146,18.295659968541884,1127
9147,18.297660368713384,1121
9148,18.299660768884884,1123
9149,18.301661169056384,1135
9150,18.303661569227884,1141
9151,18.305661969399385,1134
9152,18.307662369570885,1125
9153,18.309662769742385,1128
9154,18.311663169913885,1143
9155,18.313663570085385,1152
9156,18.315663970256885,1142
9157,18.317664370428385,1121
9158,18.31966477059989,1110
9159,18.32166517077139,1115
9160,18.32366557094289,1127
9161,18.32566597111439,1136
9162,18.32766637128589,1134
9163,18.32966677145739,1123
9164,18.33166717162889,1114
9165,18.33366757180039,1119
9166,18.33566797197189,1127
9167,18.33766837214339,1124
9168,18.33966877231489,1121
9169,18.34166917248639,1133
9170,18.34366957265789,1156
9171,18.34566997282939,1167
9172,18.34767037300089,1155
9173,18.34967077317239,1139
9174,18.35167117334389,1139
9175,18.353671573515392,1154
9176,18.355671973686892,1171
9177,18.357672373858392,1180
9178,18.359672774029892,1177
9179,18.361673174201393,1167
9180,18.363673574372893,1161
9181,18.365673974544396,1160
9182,18.367674374715897,1156
9183,18.369674774887397,1147
9184,18.371675175058897,1144
9185,18.373675575230397,1148
9186,18.375675975401897,1149
9187,18.377676375573397,1144
9188,18.379676775744898,1149
9189,18.381677175916398,1168
9190,18.383677576087898,1189
9191,18.385677976259398,1195
9192,18.387678376430898,1191
9193,18.3896787766024,1192
9194,18.3916791767739,1200
9195,18.3936795769454,1200
9196,18.3956799771169,1191
9197,18.3976803772884,1191
9198,18.3996807774599,1199
9199,18.4016811776314,1199
9200,18.4036815778029,1187
9201,18.4056819779744,1173
9202,18.4076823781459,1158
9203,18.4096827783174,1142
9204,18.411683178488904,1136
9205,18.413683578660404,1140
9206,18.415683978831904,1144
9207,18.417684379003404,1140
9208,18.419684779174904,1134
9209,18.421685179346404,1135
9210,18.423685579517905,1143
9211,18.425685979689405,1149
9212,18.427686379860905,1144
9213,18.429686780032405,1133
9214,18.431687180203905,1131
9215,18.433687580375405,1136
9216,18.435687980546906,1135
9217,18.437688380718406,1127
9218,18.439688780889906,1122
9219,18.441689181061406,1122
9220,18.443689581232906,1123
9221,18.445689981404406,1122
9222,18.447690381575907,1117
9223,18.449690781747407,1119
9224,18.451691181918907,1135
9225,18.453691582090407,1148
9226,18.455691982261907,1139
9227,18.45769238243341,1118
9228,18.45969278260491,1108
9229,18.46169318277641,1110
9230,18.46369358294791,1111
9231,18.46569398311941,1108
9232,18.46769438329091,1111
9233,18.469694783462412,1118
9234,18.471695183633912,1121
9235,18.473695583805412,1127
9236,18.475695983976912,1141
9237,18.477696384148413,1150
9238,18.479696784319913,1144
9239,18.481697184491413,1132
9240,18.483697584662913,1125
9241,18.485697984834413,1124
9242,18.487698385005913,1125
9243,18.489698785177413,1124
9244,18.491699185348914,1123
9245,18.493699585520414,1120
9246,18.495699985691914,1113
9247,18.497700385863414,1107
9248,18.499700786034914,1112
9249,18.501701186206414,1131
9250,18.503701586377918,1149
9251,18.50570198654942,1155
9252,18.50770238672092,1150
9253,18.50970278689242,1145
9254,18.51170318706392,1147
9255,18.51370358723542,1156
9256,18.51570398740692,1163
9257,18.51770438757842,1160
9258,18.51970478774992,1152
9259,18.52170518792142,1149
9260,18.52370558809292,1152
9261,18.52570598826442,1157
9262,18.52770638843592,1161
9263,18.52970678860742,1161
9264,18.53170718877892,1153
9265,18.53370758895042,1139
9266,18.53570798912192,1129
9267,18.53770838929342,1132
9268,18.53970878946492,1143
9269,18.54170918963642,1150
9270,18.54370958980792,1147
9271,18.54570998997942,1141
9272,18.54771039015092,1140
9273,18.549710790322425,1144
9274,18.551711190493926,1149
9275,18.553711590665426,1150
9276,18.555711990836926,1147
9277,18.557712391008426,1143
9278,18.559712791179926,1133
9279,18.561713191351426,1122
9280,18.563713591522927,1121
9281,18.565713991694427,1135
9282,18.567714391865927,1146
9283,18.569714792037427,1141
9284,18.571715192208927,1127
9285,18.573715592380427,1121
9286,18.575715992551928,1125
9287,18.577716392723428,1128
9288,18.579716792894928,1126
9289,18.581717193066428,1126
9290,18.583717593237928,1136
9291,18.58571799340943,1142
9292,18.58771839358093,1135
9293,18.58971879375243,1122
9294,18.59171919392393,1114
9295,18.59371959409543,1113
9296,18.595719994266933,1112
9297,18.597720394438433,1110
9298,18.599720794609933,1111
9299,18.601721194781433,1112
9300,18.603721594952933,1106
9301,18.605721995124433,1098
9302,18.607722395295934,1096
9303,18.609722795467434,1106
9304,18.611723195638934,1115
9305,18.613723595810434,1110
9306,18.615723995981934,1097
9307,18.617724396153434,1094
9308,18.619724796324935,1107
9309,18.621725196496435,1120
9310,18.623725596667935,1117
9311,18.625725996839435,1106
9312,18.627726397010935,1104
9313,18.629726797182435,1110
9314,18.631727197353936,1109
9315,18.633727597525436,1094
9316,18.635727997696936,1085
9317,18.637728397868436,1095
9318,18.639728798039936,1114
9319,18.64172919821144,1128
9320,18.64372959838294,1130
9321,18.64572999855444,1128
9322,18.64773039872594,1130
9323,18.64973079889744,1140
9324,18.65173119906894,1153
9325,18.65373159924044,1159
9326,18.65573199941194,1158
9327,18.65773239958344,1159
9328,18.65973279975494,1161
9329,18.66173319992644,1151
9330,18.66373360009794,1133
9331,18.665734000269442,1120
9332,18.667734400440942,1119
9333,18.669734800612442,1131
9334,18.671735200783942,1145
9335,18.673735600955442,1153
9336,18.675736001126943,1156
9337,18.677736401298443,1155
9338,18.679736801469943,1147
9339,18.681737201641443,1133
9340,18.683737601812943,1122
9341,18.685738001984443,1120
9342,18.687738402155947,1126
9343,18.689738802327447,1124
9344,18.691739202498947,1111
9345,18.693739602670448,1104
9346,18.695740002841948,1111
9347,18.697740403013448,1119
9348,18.699740803184948,1123
9349,18.70174120335645,1131
9350,18.70374160352795,1147
9351,18.70574200369945,1162
9352,18.70774240387095,1168
9353,18.70974280404245,1166
9354,18.71174320421395,1160
9355,18.71374360438545,1159
9356,18.71574400455695,1164
9357,18.71774440472845,1172
9358,18.71974480489995,1173
9359,18.72174520507145,1165
9360,18.72374560524295,1153
9361,18.72574600541445,1145
9362,18.72774640558595,1145
9363,18.72974680575745,1150
9364,18.73174720592895,1150
9365,18.733747606100454,1141
9366,18.735748006271955,1127
9367,18.737748406443455,1124
9368,18.739748806614955,1134
9369,18.741749206786455,1147
9370,18.743749606957955,1151
9371,18.745750007129455,1146
9372,18.747750407300956,1139
9373,18.749750807472456,1135
9374,18.751751207643956,1134
9375,18.753751607815456,1138
9376,18.755752007986956,1148
9377,18.757752408158456,1157
9378,18.759752808329957,1153
9379,18.761753208501457,1135
9380,18.763753608672957,1114
9381,18.765754008844457,1105
9382,18.767754409015957,1111
9383,18.769754809187457,1128
9384,18.771755209358957,1145
9385,18.773755609530458,1154
9386,18.775756009701958,1153
9387,18.777756409873458,1142
9388,18.77975681004496,1131
9389,18.781757210216462,1133
9390,18.783757610387962,1148
9391,18.785758010559462,1162
9392,18.787758410730962,1165
9393,18.789758810902462,1160
9394,18.791759211073963,1146
9395,18.793759611245463,1129
9396,18.795760011416963,1116
9397,18.797760411588463,1112
9398,18.799760811759963,1121
9399,18.801761211931463,1135
9400,18.803761612102964,1138
9401,18.805762012274464,1130
9402,18.807762412445964,1125
9403,18.809762812617464,1134
9404,18.811763212788964,1146
9405,18.813763612960464,1148
9406,18.815764013131965,1140
9407,18.817764413303465,1132
9408,18.819764813474965,1131
9409,18.821765213646465,1135
9410,18.823765613817965,1138
9411,18.82576601398947,1140
9412,18.82776641416097,1146
9413,18.82976681433247,1152
9414,18.83176721450397,1150
9415,18.83376761467547,1144
9416,18.83576801484697,1141
9417,18.83776841501847,1143
9418,18.83976881518997,1147
9419,18.84176921536147,1152
9420,18.84376961553297,1154
9421,18.84577001570447,1150
9422,18.84777041587597,1142
9423,18.84977081604747,1133
9424,18.85177121621897,1130
9425,18.85377161639047,1135
9426,18.85577201656197,1142
9427,18.85777241673347,1140
9428,18.85977281690497,1136
9429,18.861773217076472,1138
9430,18.863773617247972,1140
9431,18.865774017419472,1134
9432,18.867774417590972,1121
9433,18.869774817762472,1111
9434,18.871775217933976,1104
9435,18.873775618105476,1099
9436,18.875776018276976,1100
9437,18.877776418448477,1105
9438,18.879776818619977,1111
9439,18.881777218791477,1113
9440,18.883777618962977,1110
9441,18.885778019134477,1109
9442,18.887778419305977,1111
9443,18.889778819477478,1113
9444,18.891779219648978,1111
9445,18.893779619820478,1115
9446,18.895780019991978,1130
9447,18.89778042016348,1148
9448,18.89978082033498,1155
9449,18.90178122050648,1150
9450,18.90378162067798,1147
9451,18.90578202084948,1148
9452,18.90778242102098,1152
9453,18.90978282119248,1156
9454,18.91178322136398,1159
9455,18.91378362153548,1158
9456,18.91578402170698,1153
9457,18.917784421878483,1146
9458,18.919784822049984,1140
9459,18.921785222221484,1139
9460,18.923785622392984,1142
9461,18.925786022564484,1152
9462,18.927786422735984,1162
9463,18.929786822907484,1164
9464,18.931787223078985,1160
9465,18.933787623250485,1158
9466,18.935788023421985,1165
9467,18.937788423593485,1170
9468,18.939788823764985,1166
9469,18.941789223936485,1160
9470,18.943789624107986,1158
9471,18.945790024279486,1157
9472,18.947790424450986,1152
9473,18.949790824622486,1150
9474,18.951791224793986,1160
9475,18.953791624965486,1174
9476,18.955792025136986,1178
9477,18.957792425308487,1167
9478,18.959792825479987,1146
9479,18.961793225651487,1128
9480,18.96379362582299,1127
9481,18.96579402599449,1139
9482,18.96779442616599,1156
9483,18.96979482633749,1169
9484,18.97179522650899,1170
9485,18.97379562668049,1153
9486,18.97579602685199,1134
9487,18.977796427023492,1131
9488,18.979796827194992,1144
9489,18.981797227366492,1156
9490,18.983797627537992,1154
9491,18.985798027709492,1139
9492,18.987798427880993,1120
9493,18.989798828052493,1112
9494,18.991799228223993,1118
9495,18.993799628395493,1127
9496,18.995800028566993,1132
9497,18.997800428738493,1133
9498,18.999800828909994,1135
9499,19.001801229081494,1138
9500,19.003801629252994,1142
9501,19.005802029424494,1146
9502,19.007802429595994,1148
9503,19.009802829767498,1146
9504,19.011803229938998,1140
9505,19.0138036301105,1130
9506,19.015804030282,1125
9507,19.0178044304535,1131
9508,19.019804830625,1144
9509,19.0218052307965,1155
9510,19.023805630968,1154
9511,19.0258060311395,1148
9512,19.027806431311,1146
9513,19.0298068314825,1153
9514,19.031807231654,1167
9515,19.0338076318255,1183
9516,19.035808031997,1192
9517,19.0378084321685,1186
9518,19.03980883234,1168
9519,19.0418092325115,1156
9520,19.043809632683,1156
9521,19.0458100328545,1164
9522,19.047810433026,1170
9523,19.0498108331975,1166
9524,19.051811233369,1147
9525,19.0538116335405,1129
9526,19.055812033712005,1129
9527,19.057812433883505,1145
9528,19.059812834055005,1156
9529,19.061813234226506,1151
9530,19.063813634398006,1142
9531,19.065814034569506,1138
9532,19.067814434741006,1142
9533,19.069814834912506,1152
9534,19.071815235084006,1153
9535,19.073815635255507,1141
9536,19.075816035427007,1127
9537,19.077816435598507,1128
9538,19.079816835770007,1139
9539,19.081817235941507,1146
9540,19.083817636113007,1142
9541,19.085818036284508,1136
9542,19.087818436456008,1139
9543,19.089818836627508,1149
9544,19.091819236799008,1155
9545,19.093819636970508,1152
9546,19.09582003714201,1144
9547,19.09782043731351,1142
9548,19.09982083748501,1145
9549,19.101821237656512,1150
9550,19.103821637828013,1152
9551,19.105822037999513,1151
9552,19.107822438171013,1153
9553,19.109822838342513,1158
9554,19.111823238514013,1162
9555,19.113823638685513,1163
9556,19.115824038857014,1157
9557,19.117824439028514,1149
9558,19.119824839200014,1147
9559,19.121825239371514,1157
9560,19.123825639543014,1170
9561,19.125826039714514,1174
9562,19.127826439886014,1162
9563,19.129826840057515,1146
9564,19.131827240229015,1145
9565,19.133827640400515,1162
9566,19.135828040572015,1181
9567,19.137828440743515,1183
9568,19.139828840915015,1172
9569,19.141829241086516,1166
9570,19.143829641258016,1176
9571,19.145830041429516,1197
9572,19.14783044160102,1204
9573,19.14983084177252,1186
9574,19.15183124194402,1159
9575,19.15383164211552,1148
9576,19.15583204228702,1155
9577,19.15783244245852,1162
9578,19.15983284263002,1156
9579,19.16183324280152,1143
9580,19.16383364297302,1131
9581,19.16583404314452,1125
9582,19.16783444331602,1129
9583,19.16983484348752,1139
9584,19.17183524365902,1148
9585,19.17383564383052,1156
9586,19.175836044002022,1163
9587,19.177836444173522,1168
9588,19.179836844345022,1170
9589,19.181837244516522,1169
9590,19.183837644688023,1167
9591,19.185838044859523,1169
9592,19.187838445031023,1178
9593,19.189838845202523,1186
9594,19.191839245374023,1190
9595,19.193839645545527,1193
9596,19.195840045717027,1194
9597,19.197840445888527,1191
9598,19.199840846060027,1186
9599,19.201841246231528,1186
9600,19.203841646403028,1188
9601,19.205842046574528,1187
9602,19.207842446746028,1184
9603,19.209842846917528,1186
9604,19.21184324708903,1188
9605,19.21384364726053,1182
9606,19.21584404743203,1170
9607,19.21784444760353,1165
9608,19.21984484777503,1173
9609,19.22184524794653,1189
9610,19.22384564811803,1200
9611,19.22584604828953,1199
9612,19.22784644846103,1194
9613,19.22984684863253,1194
9614,19.23184724880403,1195
9615,19.23384764897553,1195
9616,19.23584804914703,1194
9617,19.23784844931853,1187
9618,19.239848849490034,1172
9619,19.241849249661534,1163
9620,19.243849649833034,1165
9621,19.245850050004535,1167
9622,19.247850450176035,1160
9623,19.249850850347535,1153
9624,19.251851250519035,1160
9625,19.253851650690535,1172
9626,19.255852050862035,1170
9627,19.257852451033536,1158
9628,19.259852851205036,1151
9629,19.261853251376536,1157
9630,19.263853651548036,1170
9631,19.265854051719536,1177
9632,19.267854451891036,1175
9633,19.269854852062537,1170
9634,19.271855252234037,1166
9635,19.273855652405537,1164
9636,19.275856052577037,1162
9637,19.277856452748537,1161
9638,19.279856852920037,1162
9639,19.281857253091538,1162
9640,19.283857653263038,1159
9641,19.28585805343454,1152
9642,19.28785845360604,1145
9643,19.28985885377754,1144
9644,19.291859253949042,1150
9645,19.293859654120542,1159
9646,19.295860054292042,1162
9647,19.297860454463542,1157
9648,19.299860854635043,1150
9649,19.301861254806543,1149
9650,19.303861654978043,1152
9651,19.305862055149543,1155
9652,19.307862455321043,1159
9653,19.309862855492543,1161
9654,19.311863255664043,1158
9655,19.313863655835544,1149
9656,19.315864056007044,1142
9657,19.317864456178544,1146
9658,19.319864856350044,1159
9659,19.321865256521544,1164
9660,19.323865656693044,1152
9661,19.325866056864545,1134
9662,19.327866457036045,1129
9663,19.329866857207545,1132
9664,19.33186725737905,1132
9665,19.33386765755055,1132
9666,19.33586805772205,1143
9667,19.33786845789355,1161
9668,19.33986885806505,1173
9669,19.34186925823655,1174
9670,19.34386965840805,1168
9671,19.34587005857955,1159
9672,19.34787045875105,1155
9673,19.34987085892255,1162
9674,19.35187125909405,1175
9675,19.35387165926555,1182
9676,19.35587205943705,1178
9677,19.35787245960855,1170
9678,19.35987285978005,1172
9679,19.36187325995155,1178
9680,19.36387366012305,1170
9681,19.36587406029455,1156
9682,19.36787446046605,1155
9683,19.36987486063755,1168
9684,19.371875260809052,1174
9685,19.373875660980552,1166
9686,19.375876061152052,1158
9687,19.377876461323556,1159
9688,19.379876861495056,1163
9689,19.381877261666556,1164
9690,19.383877661838056,1160
9691,19.385878062009557,1148
9692,19.387878462181057,1134
9693,19.389878862352557,1133
9694,19.391879262524057,1153
9695,19.393879662695557,1177
9696,19.395880062867057,1178
9697,19.397880463038558,1155
9698,19.399880863210058,1142
9699,19.401881263381558,1162
9700,19.403881663553058,1196
9701,19.405882063724558,1211
9702,19.40788246389606,1199
9703,19.40988286406756,1176
9704,19.41188326423906,1160
9705,19.41388366441056,1154
9706,19.41588406458206,1153
9707,19.41788446475356,1159
9708,19.41988486492506,1171
9709,19.42188526509656,1174
9710,19.423885665268063,1161
9711,19.425886065439563,1144
9712,19.427886465611063,1139
9713,19.429886865782564,1142
9714,19.431887265954064,1143
9715,19.433887666125564,1144
9716,19.435888066297064,1148
9717,19.437888466468564,1149
9718,19.439888866640064,1144
9719,19.441889266811565,1138
9720,19.443889666983065,1140
9721,19.445890067154565,1149
9722,19.447890467326065,1161
9723,19.449890867497565,1174
9724,19.451891267669065,1184
9725,19.453891667840566,1185
9726,19.455892068012066,1175
9727,19.457892468183566,1160
9728,19.459892868355066,1153
9729,19.461893268526566,1159
9730,19.463893668698066,1168
9731,19.465894068869567,1165
9732,19.467894469041067,1151
9733,19.46989486921257,1141
9734,19.47189526938407,1140
9735,19.47389566955557,1144
9736,19.47589606972707,1147
9737,19.47789646989857,1149
9738,19.47989687007007,1150
9739,19.48189727024157,1150
9740,19.48389767041307,1148
9741,19.48589807058457,1144
9742,19.487898470756072,1139
9743,19.489898870927572,1142
9744,19.491899271099072,1158
9745,19.493899671270572,1178
9746,19.495900071442072,1184
9747,19.497900471613573,1173
9748,19.499900871785073,1158
9749,19.501901271956573,1155
9750,19.503901672128073,1165
9751,19.505902072299573,1173
9752,19.507902472471073,1168
9753,19.509902872642574,1155
9754,19.511903272814074,1147
9755,19.513903672985574,1144
9756,19.515904073157078,1139
9757,19.517904473328578,1133
9758,19.519904873500078,1133
9759,19.521905273671578,1143
9760,19.52390567384308,1159
9761,19.52590607401458,1169
9762,19.52790647418608,1169
9763,19.52990687435758,1165
9764,19.53190727452908,1166
9765,19.53390767470058,1169
9766,19.53590807487208,1169
9767,19.53790847504358,1161
9768,19.53990887521508,1147
9769,19.54190927538658,1134
9770,19.54390967555808,1126
9771,19.54591007572958,1124
9772,19.54791047590108,1126
9773,19.54991087607258,1128
9774,19.55191127624408,1128
9775,19.55391167641558,1129
9776,19.55591207658708,1129
9777,19.55791247675858,1125
9778,19.55991287693008,1121
9779,19.561913277101585,1128
9780,19.563913677273085,1144
9781,19.565914077444585,1157
9782,19.567914477616085,1165
9783,19.569914877787586,1169
9784,19.571915277959086,1167
9785,19.573915678130586,1162
9786,19.575916078302086,1160
9787,19.577916478473586,1168
9788,19.579916878645086,1182
9789,19.581917278816587,1187
9790,19.583917678988087,1175
9791,19.585918079159587,1158
9792,19.587918479331087,1151
9793,19.589918879502587,1149
9794,19.591919279674087,1146
9795,19.593919679845587,1142
9796,19.595920080017088,1147
9797,19.597920480188588,1160
9798,19.599920880360088,1168
9799,19.601921280531588,1164
9800,19.60392168070309,1158
9801,19.60592208087459,1161
9802,19.607922481046092,1174
9803,19.609922881217592,1184
9804,19.611923281389092,1180
9805,19.613923681560593,1163
9806,19.615924081732093,1145
9807,19.617924481903593,1133
9808,19.619924882075093,1127
9809,19.621925282246593,1125
9810,19.623925682418093,1130
9811,19.625926082589594,1144
9812,19.627926482761094,1157
9813,19.629926882932594,1161
9814,19.631927283104094,1159
9815,19.633927683275594,1157
9816,19.635928083447094,1159
9817,19.637928483618595,1175
9818,19.639928883790095,1201
9819,19.641929283961595,1222
9820,19.643929684133095,1218
9821,19.645930084304595,1191
9822,19.647930484476095,1158
9823,19.649930884647596,1142
9824,19.651931284819096,1151
9825,19.6539316849906,1170
9826,19.6559320851621,1181
9827,19.6579324853336,1178
9828,19.6599328855051,1168
9829,19.6619332856766,1159
9830,19.6639336858481,1157
9831,19.6659340860196,1158
9832,19.6679344861911,1154
9833,19.6699348863626,1148
9834,19.6719352865341,1152
9835,19.6739356867056,1163
9836,19.6759360868771,1166
9837,19.6779364870486,1155
9838,19.6799368872201,1150
9839,19.6819372873916,1161
9840,19.683937687563102,1168
9841,19.685938087734602,1157
9842,19.687938487906102,1145
9843,19.689938888077602,1150
9844,19.691939288249102,1161
9845,19.693939688420603,1155
9846,19.695940088592103,1133
9847,19.697940488763603,1117
9848,19.699940888935107,1117
9849,19.701941289106607,1120
9850,19.703941689278107,1121
9851,19.705942089449607,1126
9852,19.707942489621107,1141
9853,19.709942889792607,1160
9854,19.711943289964108,1168
9855,19.713943690135608,1162
9856,19.715944090307108,1153
9857,19.717944490478608,1154
9858,19.71994489065011,1162
9859,19.72194529082161,1166
9860,19.72394569099311,1161
9861,19.72594609116461,1157
9862,19.72794649133611,1158
9863,19.72994689150761,1159
9864,19.73194729167911,1157
9865,19.73394769185061,1146
9866,19.73594809202211,1134
9867,19.73794849219361,1135
9868,19.73994889236511,1152
9869,19.74194929253661,1162
9870,19.74394969270811,1147
9871,19.745950092879614,1119
9872,19.747950493051114,1109
9873,19.749950893222614,1126
9874,19.751951293394114,1152
9875,19.753951693565615,1164
9876,19.755952093737115,1164
9877,19.757952493908615,1171
9878,19.759952894080115,1187
9879,19.761953294251615,1190
9880,19.763953694423115,1173
9881,19.765954094594615,1153
9882,19.767954494766116,1142
9883,19.769954894937616,1141
9884,19.771955295109116,1140
9885,19.773955695280616,1135
9886,19.775956095452116,1128
9887,19.777956495623616,1128
9888,19.779956895795117,1134
9889,19.781957295966617,1139
9890,19.783957696138117,1146
9891,19.785958096309617,1161
9892,19.787958496481117,1175
9893,19.789958896652617,1171
9894,19.79195929682412,1152
9895,19.79395969699562,1137
9896,19.79596009716712,1135
9897,19.79796049733862,1141
9898,19.799960897510122,1142
9899,19.801961297681622,1137
9900,19.803961697853122,1135
9901,19.805962098024622,1146
9902,19.807962498196122,1169
9903,19.809962898367623,1190
9904,19.811963298539123,1198
9905,19.813963698710623,1192
9906,19.815964098882123,1179
9907,19.817964499053623,1167
9908,19.819964899225123,1160
9909,19.821965299396624,1157
9910,19.823965699568124,1155
9911,19.825966099739624,1152
9912,19.827966499911124,1145
9913,19.829966900082624,1142
9914,19.831967300254124,1144
9915,19.833967700425625,1144
9916,19.835968100597125,1146
9917,19.83796850076863,1156
9918,19.83996890094013,1174
9919,19.84196930111163,1182
9920,19.84396970128313,1167
9921,19.84597010145463,1140
9922,19.84797050162613,1127
9923,19.84997090179763,1133
9924,19.85197130196913,1138
9925,19.85397170214063,1136
9926,19.85597210231213,1136
9927,19.85797250248363,1146
9928,19.85997290265513,1151
9929,19.86197330282663,1143
9930,19.86397370299813,1128
9931,19.86597410316963,1118
9932,19.86797450334113,1120
9933,19.86997490351263,1132
9934,19.87197530368413,1149
9935,19.87397570385563,1160
9936,19.87597610402713,1160
9937,19.87797650419863,1158
9938,19.87997690437013,1166
9939,19.881977304541632,1183
9940,19.883977704713136,1195
9941,19.885978104884636,1199
9942,19.887978505056136,1200
9943,19.889978905227636,1206
9944,19.891979305399136,1209
9945,19.893979705570636,1202
9946,19.895980105742137,1185
9947,19.897980505913637,1165
9948,19.899980906085137,1153
9949,19.901981306256637,1154
9950,19.903981706428137,1160
9951,19.905982106599637,1158
9952,19.907982506771138,1143
9953,19.909982906942638,1129
9954,19.911983307114138,1131
9955,19.913983707285638,1148
9956,19.915984107457138,1162
9957,19.91798450762864,1161
9958,19.91998490780014,1146
9959,19.92198530797164,1124
9960,19.92398570814314,1103
9961,19.92598610831464,1093
9962,19.92798650848614,1096
9963,19.929986908657643,1110
9964,19.931987308829143,1122
9965,19.933987709000643,1121
9966,19.935988109172143,1114
9967,19.937988509343644,1115
9968,19.939988909515144,1128
9969,19.941989309686644,1138
9970,19.943989709858144,1139
9971,19.945990110029644,1136
9972,19.947990510201144,1135
9973,19.949990910372644,1137
9974,19.951991310544145,1132
9975,19.953991710715645,1116
9976,19.955992110887145,1099
9977,19.957992511058645,1097
9978,19.959992911230145,1112
9979,19.961993311401645,1129
9980,19.963993711573146,1136
9981,19.965994111744646,1130
9982,19.967994511916146,1125
9983,19.969994912087646,1131
9984,19.971995312259146,1143
9985,19.973995712430646,1145
9986,19.97599611260215,1135
9987,19.97799651277365,1129
9988,19.97999691294515,1135
9989,19.98199731311665,1143
9990,19.98399771328815,1145
9991,19.98599811345965,1139
9992,19.98799851363115,1131
9993,19.98999891380265,1125
9994,19.99199931397415,1123
9995,19.99399971414565,1118
9996,19.99600011431715,1109
9997,19.998000514488652,1106
9998,20.000000914660152,1117
9999,20.002001314831652,1134
10000,20.004001715003152,1145
10001,20.006002115174653,1147
10002,20.008002515346153,1146
10003,20.010002915517653,1148
10004,20.012003315689153,1155
10005,20.014003715860653,1162
10006,20.016004116032153,1160
10007,20.018004516203654,1148
10008,20.020004916375154,1135
10009,20.022005316546657,1137
10010,20.024005716718158,1156
10011,20.026006116889658,1180
10012,20.028006517061158,1190
10013,20.030006917232658,1183
10014,20.032007317404158,1177
10015,20.03400771757566,1181
10016,20.03600811774716,1187
10017,20.03800851791866,1185
10018,20.04000891809016,1184
10019,20.04200931826166,1192
10020,20.04400971843316,1197
10021,20.04601011860466,1188
10022,20.04801051877616,1173
10023,20.05001091894766,1170
10024,20.05201131911916,1182
10025,20.05401171929066,1195
10026,20.05601211946216,1194
10027,20.05801251963366,1183
10028,20.06001291980516,1172
10029,20.06201331997666,1164
10030,20.06401372014816,1158
10031,20.06601412031966,1155
10032,20.068014520491165,1155
10033,20.070014920662665,1151
10034,20.072015320834165,1143
10035,20.074015721005665,1129
10036,20.076016121177165,1117
10037,20.078016521348665,1115
10038,20.080016921520166,1130
10039,20.082017321691666,1150
10040,20.084017721863166,1159
10041,20.086018122034666,1156
10042,20.088018522206166,1161
10043,20.090018922377666,1177
10044,20.092019322549167,1191
10045,20.094019722720667,1200
10046,20.096020122892167,1203
10047,20.098020523063667,1196
10048,20.100020923235167,1182
10049,20.102021323406667,1170
10050,20.104021723578168,1160
10051,20.106022123749668,1146
10052,20.108022523921168,1137
10053,20.110022924092668,1143
10054,20.112023324264168,1157
10055,20.114023724435672,1162
10056,20.116024124607172,1156
10057,20.118024524778672,1148
10058,20.120024924950172,1147
10059,20.122025325121673,1151
10060,20.124025725293173,1158
10061,20.126026125464673,1161
10062,20.128026525636173,1155
10063,20.130026925807673,1141
10064,20.132027325979173,1133
10065,20.134027726150673,1137
10066,20.136028126322174,1149
10067,20.138028526493674,1164
10068,20.140028926665174,1178
10069,20.142029326836674,1185
10070,20.144029727008174,1181
10071,20.146030127179674,1167
10072,20.148030527351175,1155
10073,20.150030927522675,1157
10074,20.152031327694175,1168
10075,20.154031727865675,1181
10076,20.156032128037175,1188
10077,20.158032528208675,1186
10078,20.16003292838018,1176
10079,20.16203332855168,1165
10080,20.16403372872318,1156
10081,20.16603412889468,1155
10082,20.16803452906618,1169
10083,20.17003492923768,1187
10084,20.17203532940918,1184
10085,20.17403572958068,1162
10086,20.17603612975218,1141
10087,20.17803652992368,1135
10088,20.18003693009518,1143
10089,20.18203733026668,1156
10090,20.18403773043818,1169
10091,20.18603813060968,1174
10092,20.18803853078118,1165
10093,20.19003893095268,1147
10094,20.19203933112418,1139
10095,20.194039731295682,1144
10096,20.196040131467182,1155
10097,20.198040531638682,1161
10098,20.200040931810182,1162
10099,20.202041331981683,1161
10100,20.204041732153183,1160
10101,20.206042132324686,1162
10102,20.208042532496187,1171
10103,20.210042932667687,1183
10104,20.212043332839187,1184
10105,20.214043733010687,1177
10106,20.216044133182187,1174
10107,20.218044533353687,1176
10108,20.220044933525188,1174
10109,20.222045333696688,1166
10110,20.224045733868188,1163
10111,20.226046134039688,1166
10112,20.228046534211188,1169
10113,20.23004693438269,1165
10114,20.23204733455419,1161
10115,20.23404773472569,1162
10116,20.23604813489719,1172
10117,20.23804853506869,1184
10118,20.24004893524019,1187
10119,20.24204933541169,1176
10120,20.24404973558319,1159
10121,20.24605013575469,1154
10122,20.24805053592619,1160
10123,20.25005093609769,1166
10124,20.252051336269194,1165
10125,20.254051736440694,1161
10126,20.256052136612194,1160
10127,20.258052536783694,1166
10128,20.260052936955194,1173
10129,20.262053337126694,1176
10130,20.264053737298195,1175
10131,20.266054137469695,1180
10132,20.268054537641195,1190
10133,20.270054937812695,1197
10134,20.272055337984195,1193
10135,20.274055738155695,1180
10136,20.276056138327196,1168
10137,20.278056538498696,1168
10138,20.280056938670196,1177
10139,20.282057338841696,1181
10140,20.284057739013196,1175
10141,20.286058139184696,1169
10142,20.288058539356197,1168
10143,20.290058939527697,1170
10144,20.292059339699197,1170
10145,20.294059739870697,1174
10146,20.296060140042197,1182
10147,20.2980605402137,1184
10148,20.3000609403852,1175
10149,20.3020613405567,1163
10150,20.3040617407282,1155
10151,20.3060621408997,1152
10152,20.3080625410712,1156
10153,20.310062941242702,1158
10154,20.312063341414202,1153
10155,20.314063741585702,1144
10156,20.316064141757202,1137
10157,20.318064541928702,1138
10158,20.320064942100203,1146
10159,20.322065342271703,1158
10160,20.324065742443203,1166
10161,20.326066142614703,1164
10162,20.328066542786203,1157
10163,20.330066942957703,1162
10164,20.332067343129204,1176
10165,20.334067743300704,1180
10166,20.336068143472204,1171
10167,20.338068543643704,1166
10168,20.340068943815204,1173
10169,20.342069343986704,1178
10170,20.344069744158208,1166
10171,20.34607014432971,1148
10172,20.34807054450121,1140
10173,20.35007094467271,1139
10174,20.35207134484421,1139
10175,20.35407174501571,1139
10176,20.35607214518721,1139
10177,20.35807254535871,1135
10178,20.36007294553021,1132
10179,20.36207334570171,1134
10180,20.36407374587321,1140
10181,20.36607414604471,1145
10182,20.36807454621621,1148
10183,20.37007494638771,1153
10184,20.37207534655921,1154
10185,20.37407574673071,1145
10186,20.37607614690221,1134
10187,20.37807654707371,1131
10188,20.38007694724521,1135
10189,20.38207734741671,1143
10190,20.38407774758821,1154
10191,20.38607814775971,1164
10192,20.38807854793121,1165
10193,20.390078948102715,1158
10194,20.392079348274216,1151
10195,20.394079748445716,1156
10196,20.396080148617216,1163
10197,20.398080548788716,1161
10198,20.400080948960216,1151
10199,20.402081349131716,1144
10200,20.404081749303216,1147
10201,20.406082149474717,1160
10202,20.408082549646217,1172
10203,20.410082949817717,1174
10204,20.412083349989217,1168
10205,20.414083750160717,1161
10206,20.416084150332217,1158
10207,20.418084550503718,1156
10208,20.420084950675218,1155
10209,20.422085350846718,1157
10210,20.424085751018218,1153
10211,20.42608615118972,1142
10212,20.42808655136122,1132
10213,20.43008695153272,1131
10214,20.43208735170422,1139
10215,20.43408775187572,1152
10216,20.436088152047223,1162
10217,20.438088552218723,1162
10218,20.440088952390223,1158
10219,20.442089352561723,1158
10220,20.444089752733223,1155
10221,20.446090152904723,1148
10222,20.448090553076224,1145
10223,20.450090953247724,1146
10224,20.452091353419224,1141
10225,20.454091753590724,1134
10226,20.456092153762224,1137
10227,20.458092553933724,1145
10228,20.460092954105225,1143
10229,20.462093354276725,1130
10230,20.464093754448225,1121
10231,20.466094154619725,1123
10232,20.468094554791225,1123
10233,20.470094954962725,1112
10234,20.472095355134226,1100
10235,20.474095755305726,1101
10236,20.476096155477226,1112
10237,20.478096555648726,1122
10238,20.48009695582023,1126
10239,20.48209735599173,1131
10240,20.48409775616323,1139
10241,20.48609815633473,1145
10242,20.48809855650623,1149
10243,20.49009895667773,1158
10244,20.49209935684923,1172
10245,20.49409975702073,1179
10246,20.49610015719223,1171
10247,20.49810055736373,1156
10248,20.50010095753523,1148
10249,20.50210135770673,1151
10250,20.50410175787823,1157
10251,20.506102158049732,1157
10252,20.508102558221232,1153
10253,20.510102958392732,1147
10254,20.512103358564232,1139
10255,20.514103758735732,1127
10256,20.516104158907233,1120
10257,20.518104559078733,1117
10258,20.520104959250233,1117
10259,20.522105359421733,1119
10260,20.524105759593233,1122
10261,20.526106159764737,1125
10262,20.528106559936237,1125
10263,20.530106960107737,1127
10264,20.532107360279237,1132
10265,20.534107760450738,1136
10266,20.536108160622238,1140
10267,20.538108560793738,1147
10268,20.540108960965238,1154
10269,20.54210936113674,1151
10270,20.54410976130824,1135
10271,20.54611016147974,1116
10272,20.54811056165124,1111
10273,20.55011096182274,1120
10274,20.55211136199424,1128
10275,20.55411176216574,1123
10276,20.55611216233724,1107
10277,20.55811256250874,1094
10278,20.56011296268024,1099
10279,20.56211336285174,1119
10280,20.56411376302324,1137
10281,20.56611416319474,1142
10282,20.56811456336624,1135
10283,20.57011496353774,1123
10284,20.572115363709244,1118
10285,20.574115763880744,1126
10286,20.576116164052245,1138
10287,20.578116564223745,1144
10288,20.580116964395245,1143
10289,20.582117364566745,1138
10290,20.584117764738245,1132
10291,20.586118164909745,1130
10292,20.588118565081245,1137
10293,20.590118965252746,1144
10294,20.592119365424246,1141
10295,20.594119765595746,1127
10296,20.596120165767246,1115
10297,20.598120565938746,1116
10298,20.600120966110246,1133
10299,20.602121366281747,1153
10300,20.604121766453247,1159
10301,20.606122166624747,1149
10302,20.608122566796247,1140
10303,20.610122966967747,1149
10304,20.612123367139247,1169
10305,20.614123767310748,1180
10306,20.616124167482248,1171
10307,20.61812456765375,1152
10308,20.62012496782525,1142
10309,20.622125367996752,1144
10310,20.624125768168252,1148
10311,20.626126168339752,1147
10312,20.628126568511252,1141
10313,20.630126968682752,1131
10314,20.632127368854253,1127
10315,20.634127769025753,1132
10316,20.636128169197253,1135
10317,20.638128569368753,1128
10318,20.640128969540253,1123
10319,20.642129369711753,1129
10320,20.644129769883254,1135
10321,20.646130170054754,1128
10322,20.648130570226254,1114
10323,20.650130970397754,1104
10324,20.652131370569254,1110
10325,20.654131770740754,1132
10326,20.656132170912255,1154
10327,20.658132571083755,1156
10328,20.660132971255255,1136
10329,20.662133371426755,1115
10330,20.66413377159826,1109
10331,20.66613417176976,1118
10332,20.66813457194126,1132
10333,20.67013497211276,1139
10334,20.67213537228426,1134
10335,20.67413577245576,1123
10336,20.67613617262726,1120
10337,20.67813657279876,1130
10338,20.68013697297026,1145
10339,20.68213737314176,1148
10340,20.68413777331326,1136
10341,20.68613817348476,1117
10342,20.68813857365626,1110
10343,20.69013897382776,1122
10344,20.69213937399926,1132
10345,20.69413977417076,1123
10346,20.69614017434226,1107
10347,20.69814057451376,1102
10348,20.70014097468526,1107
10349,20.70214137485676,1118
10350,20.704141775028262,1134
10351,20.706142175199762,1149
10352,20.708142575371262,1156
10353,20.710142975542766,1153
10354,20.712143375714266,1146
10355,20.714143775885766,1135
10356,20.716144176057266,1125
10357,20.718144576228767,1114
10358,20.720144976400267,1104
10359,20.722145376571767,1099
10360,20.724145776743267,1101
10361,20.726146176914767,1105
10362,20.728146577086267,1104
10363,20.730146977257768,1106
10364,20.732147377429268,1109
10365,20.734147777600768,1108
10366,20.736148177772268,1102
10367,20.738148577943768,1098
10368,20.74014897811527,1101
10369,20.74214937828677,1109
10370,20.74414977845827,1114
10371,20.74615017862977,1117
10372,20.74815057880127,1116
10373,20.75015097897277,1115
10374,20.75215137914427,1122
10375,20.75415177931577,1136
10376,20.756152179487273,1148
10377,20.758152579658773,1147
10378,20.760152979830274,1140
10379,20.762153380001774,1139
10380,20.764153780173274,1141
10381,20.766154180344774,1138
10382,20.768154580516274,1132
10383,20.770154980687774,1131
10384,20.772155380859274,1133
10385,20.774155781030775,1134
10386,20.776156181202275,1135
10387,20.778156581373775,1138
10388,20.780156981545275,1138
10389,20.782157381716775,1135
10390,20.784157781888275,1135
10391,20.786158182059776,1138
10392,20.788158582231276,1141
10393,20.790158982402776,1139
10394,20.792159382574276,1134
10395,20.794159782745776,1131
10396,20.796160182917276,1132
10397,20.798160583088777,1128
10398,20.800160983260277,1119
10399,20.80216138343178,1118
10400,20.80416178360328,1124
10401,20.80616218377478,1122
10402,20.80816258394628,1111
10403,20.81016298411778,1102
10404,20.81216338428928,1105
10405,20.81416378446078,1116
10406,20.81616418463228,1127
10407,20.81816458480378,1133
10408,20.820164984975282,1138
10409,20.822165385146782,1141
10410,20.824165785318282,1137
10411,20.826166185489782,1128
10412,20.828166585661283,1121
10413,20.830166985832783,1116
10414,20.832167386004283,1115
10415,20.834167786175783,1122
10416,20.836168186347283,1133
10417,20.838168586518783,1142
10418,20.840168986690284,1145
10419,20.842169386861784,1142
10420,20.844169787033284,1134
10421,20.846170187204784,1124
10422,20.848170587376288,1118
10423,20.850170987547788,1118
10424,20.852171387719288,1121
10425,20.854171787890788,1123
10426,20.85617218806229,1123
10427,20.85817258823379,1123
10428,20.86017298840529,1130
10429,20.86217338857679,1143
10430,20.86417378874829,1156
10431,20.86617418891979,1160
10432,20.86817458909129,1152
10433,20.87017498926279,1142
10434,20.87217538943429,1140
10435,20.87417578960579,1152
10436,20.87617618977729,1164
10437,20.87817658994879,1164
10438,20.88017699012029,1147
10439,20.88217739029179,1125
10440,20.88417779046329,1115
10441,20.88617819063479,1120
10442,20.88817859080629,1127
10443,20.89017899097779,1129
10444,20.89217939114929,1130
10445,20.894179791320795,1134
10446,20.896180191492295,1129
10447,20.898180591663795,1117
10448,20.900180991835295,1112
10449,20.902181392006796,1123
10450,20.904181792178296,1141
10451,20.906182192349796,1151
10452,20.908182592521296,1146
10453,20.910182992692796,1136
10454,20.912183392864296,1130
10455,20.914183793035797,1130
10456,20.916184193207297,1131
10457,20.918184593378797,1131
10458,20.920184993550297,1129
10459,20.922185393721797,1126
10460,20.924185793893297,1125
10461,20.926186194064798,1127
10462,20.928186594236298,1133
10463,20.930186994407798,1140
10464,20.932187394579298,1148
10465,20.934187794750798,1157
10466,20.9361881949223,1159
10467,20.9381885950938,1152
10468,20.940188995265302,1139
10469,20.942189395436802,1132
10470,20.944189795608303,1130
10471,20.946190195779803,1132
10472,20.948190595951303,1138
10473,20.950190996122803,1142
10474,20.952191396294303,1132
10475,20.954191796465803,1115
10476,20.956192196637303,1110
10477,20.958192596808804,1124
10478,20.960192996980304,1146
10479,20.962193397151804,1160
10480,20.964193797323304,1155
10481,20.966194197494804,1136
10482,20.968194597666304,1128
10483,20.970194997837805,1143
10484,20.972195398009305,1165
10485,20.974195798180805,1170
10486,20.976196198352305,1157
10487,20.978196598523805,1143
10488,20.980196998695305,1145
10489,20.982197398866806,1161
10490,20.984197799038306,1175
10491,20.98619819920981,1176
10492,20.98819859938131,1165
10493,20.99019899955281,1153
10494,20.99219939972431,1152
10495,20.99419979989581,1164
10496,20.99620020006731,1170
10497,20.99820060023881,1157
10498,21.00020100041031,1139
10499,21.00220140058181,1135
10500,21.00420180075331,1143
10501,21.00620220092481,1149
10502,21.00820260109631,1148
10503,21.01020300126781,1148
10504,21.01220340143931,1156
10505,21.01420380161081,1160
10506,21.016204201782312,1153
10507,21.018204601953812,1143
10508,21.020205002125312,1141
10509,21.022205402296812,1143
10510,21.024205802468312,1143
10511,21.026206202639813,1139
10512,21.028206602811313,1139
10513,21.030207002982813,1140
10514,21.032207403154317,1142
10515,21.034207803325817,1143
10516,21.036208203497317,1145
10517,21.038208603668817,1147
10518,21.040209003840317,1147
10519,21.042209404011817,1151
10520,21.044209804183318,1163
10521,21.046210204354818,1171
10522,21.048210604526318,1166
10523,21.050211004697818,1157
10524,21.05221140486932,1154
10525,21.05421180504082,1149
10526,21.05621220521232,1133
10527,21.05821260538382,1124
10528,21.06021300555532,1141
10529,21.06221340572682,1173
10530,21.06421380589832,1190
10531,21.06621420606982,1178
10532,21.06821460624132,1151
10533,21.07021500641282,1138
10534,21.07221540658432,1150
10535,21.07421580675582,1169
10536,21.07621620692732,1170
10537,21.078216607098824,1151
10538,21.080217007270324,1133
10539,21.082217407441824,1135
10540,21.084217807613324,1146
10541,21.086218207784825,1148
10542,21.088218607956325,1145
10543,21.090219008127825,1156
10544,21.092219408299325,1176
10545,21.094219808470825,1181
10546,21.096220208642325,1165
10547,21.098220608813826,1148
10548,21.100221008985326,1141
10549,21.102221409156826,1137
10550,21.104221809328326,1127
10551,21.106222209499826,1119
10552,21.108222609671326,1127
10553,21.110223009842827,1149
10554,21.112223410014327,1165
10555,21.114223810185827,1158
10556,21.116224210357327,1139
10557,21.118224610528827,1137
10558,21.120225010700327,1154
10559,21.122225410871827,1169
10560,21.12422581104333,1168
10561,21.12622621121483,1162
10562,21.12822661138633,1161
10563,21.13022701155783,1158
10564,21.132227411729332,1153
10565,21.134227811900832,1151
10566,21.136228212072332,1155
10567,21.138228612243832,1161
10568,21.140229012415332,1166
10569,21.142229412586833,1173
10570,21.144229812758333,1179
10571,21.146230212929833,1172
10572,21.148230613101333,1158
10573,21.150231013272833,1152
10574,21.152231413444333,1159
10575,21.154231813615834,1167
10576,21.156232213787334,1170
10577,21.158232613958834,1172
10578,21.160233014130334,1166
10579,21.162233414301834,1151
10580,21.164233814473334,1141
10581,21.166234214644835,1142
10582,21.168234614816335,1145
10583,21.17023501498784,1140
10584,21.17223541515934,1131
10585,21.17423581533084,1125
10586,21.17623621550234,1125
10587,21.17823661567384,1125
10588,21.18023701584534,1120
10589,21.18223741601684,1116
10590,21.18423781618834,1122
10591,21.18623821635984,1134
10592,21.18823861653134,1140
10593,21.19023901670284,1139
10594,21.19223941687434,1140
10595,21.19423981704584,1147
10596,21.19624021721734,1159
10597,21.19824061738884,1172
10598,21.20024101756034,1176
10599,21.20224141773184,1167
10600,21.20424181790334,1153
10601,21.20624221807484,1146
10602,21.20824261824634,1150
10603,21.21024301841784,1157
10604,21.212243418589342,1163
10605,21.214243818760842,1163
10606,21.216244218932346,1152
10607,21.218244619103846,1137
10608,21.220245019275346,1131
10609,21.222245419446846,1133
10610,21.224245819618346,1132
10611,21.226246219789846,1129
10612,21.228246619961347,1127
10613,21.230247020132847,1130
10614,21.232247420304347,1135
10615,21.234247820475847,1139
10616,21.236248220647347,1138
10617,21.238248620818847,1129
10618,21.240249020990348,1125
10619,21.242249421161848,1137
10620,21.244249821333348,1157
10621,21.246250221504848,1163
10622,21.24825062167635,1153
10623,21.25025102184785,1142
10624,21.25225142201935,1140
10625,21.25425182219085,1139
10626,21.25625222236235,1132
10627,21.25825262253385,1126
10628,21.26025302270535,1132
10629,21.262253422876853,1147
10630,21.264253823048353,1156
10631,21.266254223219853,1150
10632,21.268254623391353,1139
10633,21.270255023562854,1137
10634,21.272255423734354,1145
10635,21.274255823905854,1153
10636,21.276256224077354,1152
10637,21.278256624248854,1141
10638,21.280257024420354,1130
10639,21.282257424591855,1127
10640,21.284257824763355,1131
10641,21.286258224934855,1140
10642,21.288258625106355,1149
10643,21.290259025277855,1156
10644,21.292259425449355,1160
10645,21.294259825620856,1161
10646,21.296260225792356,1163
10647,21.298260625963856,1167
10648,21.300261026135356,1172
10649,21.302261426306856,1174
10650,21.304261826478356,1167
10651,21.306262226649856,1157
10652,21.30826262682136,1155
10653,21.31026302699286,1156
10654,21.31226342716436,1156
10655,21.31426382733586,1157
10656,21.31626422750736,1159
10657,21.31826462767886,1157
10658,21.32026502785036,1147
10659,21.32226542802186,1134
10660,21.32426582819336,1123
10661,21.32626622836486,1122
10662,21.328266628536362,1127
10663,21.330267028707862,1129
10664,21.332267428879362,1125
10665,21.334267829050862,1119
10666,21.336268229222362,1121
10667,21.338268629393863,1130
10668,21.340269029565363,1136
10669,21.342269429736863,1139
10670,21.344269829908363,1144
10671,21.346270230079863,1151
10672,21.348270630251363,1156
10673,21.350271030422864,1157
10674,21.352271430594364,1152
10675,21.354271830765867,1142
10676,21.356272230937368,1134
10677,21.358272631108868,1133
10678,21.360273031280368,1142
10679,21.362273431451868,1155
10680,21.36427383162337,1163
10681,21.36627423179487,1160
10682,21.36827463196637,1147
10683,21.37027503213787,1132
10684,21.37227543230937,1121
10685,21.37427583248087,1115
10686,21.37627623265237,1116
10687,21.37827663282387,1126
10688,21.38027703299537,1141
10689,21.38227743316687,1155
10690,21.38427783333837,1162
10691,21.38627823350987,1160
10692,21.38827863368137,1156
10693,21.39027903385287,1150
10694,21.39227943402437,1139
10695,21.39427983419587,1128
10696,21.39628023436737,1123
10697,21.39828063453887,1128
10698,21.400281034710375,1133
10699,21.402281434881875,1128
10700,21.404281835053375,1112
10701,21.406282235224875,1095
10702,21.408282635396375,1090
10703,21.410283035567875,1107
10704,21.412283435739376,1136
10705,21.414283835910876,1153
10706,21.416284236082376,1146
10707,21.418284636253876,1131
10708,21.420285036425376,1123
10709,21.422285436596876,1122
10710,21.424285836768377,1120
10711,21.426286236939877,1116
10712,21.428286637111377,1113
10713,21.430287037282877,1117
10714,21.432287437454377,1126
10715,21.434287837625877,1135
10716,21.436288237797378,1139
10717,21.438288637968878,1131
10718,21.440289038140378,1115
10719,21.442289438311878,1107
10720,21.444289838483378,1115
10721,21.446290238654882,1128
10722,21.448290638826382,1131
10723,21.450291038997882,1127
10724,21.452291439169382,1128
10725,21.454291839340883,1133
10726,21.456292239512383,1136
10727,21.458292639683883,1139
10728,21.460293039855383,1142
10729,21.462293440026883,1137
10730,21.464293840198383,1123
10731,21.466294240369884,1113
10732,21.468294640541384,1115
10733,21.470295040712884,1122
10734,21.472295440884384,1121
10735,21.474295841055884,1117
10736,21.476296241227384,1122
10737,21.478296641398885,1138
10738,21.480297041570385,1152
10739,21.482297441741885,1156
10740,21.484297841913385,1154
10741,21.486298242084885,1154
10742,21.488298642256385,1159
10743,21.490299042427885,1163
10744,21.49229944259939,1165
10745,21.49429984277089,1165
10746,21.49630024294239,1162
10747,21.49830064311389,1149
10748,21.50030104328539,1137
10749,21.50230144345689,1139
10750,21.50430184362839,1149
10751,21.50630224379989,1149
10752,21.50830264397139,1138
10753,21.51030304414289,1131
10754,21.51230344431439,1142
10755,21.51430384448589,1158
10756,21.51630424465739,1164
10757,21.51830464482889,1156
10758,21.52030504500039,1147
10759,21.52230544517189,1148
10760,21.52430584534339,1154
10761,21.526306245514892,1154
10762,21.528306645686392,1144
10763,21.530307045857892,1134
10764,21.532307446029392,1128
10765,21.534307846200893,1125
10766,21.536308246372393,1125
10767,21.538308646543896,1127
10768,21.540309046715397,1133
10769,21.542309446886897,1142
10770,21.544309847058397,1153
10771,21.546310247229897,1160
10772,21.548310647401397,1162
10773,21.550311047572897,1158
10774,21.552311447744398,1149
10775,21.554311847915898,1145
10776,21.556312248087398,1151
10777,21.558312648258898,1164
10778,21.560313048430398,1169
10779,21.5623134486019,1156
10780,21.5643138487734,1139
10781,21.5663142489449,1139
10782,21.5683146491164,1152
10783,21.5703150492879,1156
10784,21.5723154494594,1144
10785,21.5743158496309,1132
10786,21.5763162498024,1127
10787,21.5783166499739,1126
10788,21.5803170501454,1131
10789,21.5823174503169,1142
10790,21.584317850488404,1154
10791,21.586318250659904,1156
10792,21.588318650831404,1146
10793,21.590319051002904,1130
10794,21.592319451174404,1119
10795,21.594319851345904,1120
10796,21.596320251517405,1124
10797,21.598320651688905,1123
10798,21.600321051860405,1122
10799,21.602321452031905,1126
10800,21.604321852203405,1134
10801,21.606322252374905,1137
10802,21.608322652546406,1130
10803,21.610323052717906,1122
10804,21.612323452889406,1123
10805,21.614323853060906,1133
10806,21.616324253232406,1141
10807,21.618324653403906,1132
10808,21.620325053575407,1117
10809,21.622325453746907,1115
10810,21.624325853918407,1126
10811,21.626326254089907,1140
10812,21.628326654261407,1149
10813,21.63032705443291,1150
10814,21.63232745460441,1148
10815,21.63432785477591,1149
10816,21.63632825494741,1149
10817,21.63832865511891,1151
10818,21.64032905529041,1154
10819,21.642329455461912,1154
10820,21.644329855633412,1149
10821,21.646330255804912,1140
10822,21.648330655976412,1132
10823,21.650331056147913,1130
10824,21.652331456319413,1134
10825,21.654331856490913,1143
10826,21.656332256662413,1152
10827,21.658332656833913,1155
10828,21.660333057005413,1151
10829,21.662333457176913,1146
10830,21.664333857348414,1144
10831,21.666334257519914,1140
10832,21.668334657691414,1137
10833,21.670335057862914,1139
10834,21.672335458034414,1145
10835,21.674335858205914,1151
10836,21.676336258377418,1153
10837,21.67833665854892,1152
10838,21.68033705872042,1153
10839,21.68233745889192,1155
10840,21.68433785906342,1154
10841,21.68633825923492,1152
10842,21.68833865940642,1156
10843,21.69033905957792,1163
10844,21.69233945974942,1164
10845,21.69433985992092,1160
10846,21.69634026009242,1160
10847,21.69834066026392,1162
10848,21.70034106043542,1158
10849,21.70234146060692,1156
10850,21.70434186077842,1164
10851,21.70634226094992,1173
10852,21.70834266112142,1169
10853,21.71034306129292,1153
10854,21.71234346146442,1139
10855,21.71434386163592,1136
10856,21.71634426180742,1140
10857,21.71834466197892,1142
10858,21.72034506215042,1139
10859,21.722345462321925,1136
10860,21.724345862493426,1139
10861,21.726346262664926,1145
10862,21.728346662836426,1150
10863,21.730347063007926,1154
10864,21.732347463179426,1162
10865,21.734347863350926,1164
10866,21.736348263522427,1154
10867,21.738348663693927,1140
10868,21.740349063865427,1138
10869,21.742349464036927,1148
10870,21.744349864208427,1156
10871,21.746350264379927,1152
10872,21.748350664551428,1146
10873,21.750351064722928,1149
10874,21.752351464894428,1162
10875,21.754351865065928,1170
10876,21.756352265237428,1164
10877,21.75835266540893,1146
10878,21.76035306558043,1133
10879,21.76235346575193,1133
10880,21.76435386592343,1140
10881,21.76635426609493,1143
10882,21.768354666266433,1139
10883,21.770355066437933,1131
10884,21.772355466609433,1121
10885,21.774355866780933,1115
10886,21.776356266952433,1119
10887,21.778356667123933,1130
10888,21.780357067295434,1138
10889,21.782357467466934,1136
10890,21.784357867638434,1127
10891,21.786358267809934,1117
10892,21.788358667981434,1109
10893,21.790359068152934,1106
10894,21.792359468324435,1107
10895,21.794359868495935,1109
10896,21.796360268667435,1118
10897,21.798360668838935,1131
10898,21.800361069010435,1143
10899,21.802361469181935,1143
10900,21.804361869353436,1130
10901,21.806362269524936,1119
10902,21.808362669696436,1120
10903,21.810363069867936,1131
10904,21.812363470039436,1137
10905,21.81436387021094,1134
10906,21.81636427038244,1126
10907,21.81836467055394,1118
10908,21.82036507072544,1113
10909,21.82236547089694,1116
10910,21.82436587106844,1126
10911,21.82636627123994,1133
10912,21.82836667141144,1131
10913,21.83036707158294,1121
10914,21.83236747175444,1109
10915,21.83436787192594,1108
10916,21.83636827209744,1121
10917,21.838368672268942,1131
10918,21.840369072440442,1126
10919,21.842369472611942,1111
10920,21.844369872783442,1098
10921,21.846370272954942,1095
10922,21.848370673126443,1102
10923,21.850371073297943,1108
10924,21.852371473469443,1109
10925,21.854371873640943,1103
10926,21.856372273812443,1090
10927,21.858372673983943,1079
10928,21.860373074155447,1085
10929,21.862373474326947,1102
10930,21.864373874498447,1110
10931,21.866374274669948,1105
10932,21.868374674841448,1100
10933,21.870375075012948,1105
10934,21.872375475184448,1109
10935,21.87437587535595,1110
10936,21.87637627552745,1110
10937,21.87837667569895,1112
10938,21.88037707587045,1114
10939,21.88237747604195,1113
10940,21.88437787621345,1108
10941,21.88637827638495,1099
10942,21.88837867655645,1100
10943,21.89037907672795,1117
10944,21.89237947689945,1139
10945,21.89437987707095,1146
10946,21.89638027724245,1138
10947,21.89838067741395,1128
10948,21.90038107758545,1128
10949,21.90238147775695,1132
10950,21.90438187792845,1135
10951,21.906382278099954,1139
10952,21.908382678271455,1144
10953,21.910383078442955,1147
10954,21.912383478614455,1146
10955,21.914383878785955,1148
10956,21.916384278957455,1154
10957,21.918384679128955,1161
10958,21.920385079300456,1161
10959,21.922385479471956,1154
10960,21.924385879643456,1150
10961,21.926386279814956,1147
10962,21.928386679986456,1135
10963,21.930387080157956,1114
10964,21.932387480329457,1100
10965,21.934387880500957,1098
10966,21.936388280672457,1104
10967,21.938388680843957,1108
10968,21.940389081015457,1106
10969,21.942389481186957,1105
10970,21.944389881358457,1111
10971,21.946390281529958,1120
10972,21.948390681701458,1123
10973,21.950391081872958,1126
10974,21.95239148204446,1134
10975,21.954391882215962,1142
10976,21.956392282387462,1134
10977,21.958392682558962,1118
10978,21.960393082730462,1117
10979,21.962393482901962,1128
10980,21.964393883073463,1133
10981,21.966394283244963,1129
10982,21.968394683416463,1126
10983,21.970395083587963,1130
10984,21.972395483759463,1138
10985,21.974395883930963,1144
10986,21.976396284102464,1148
10987,21.978396684273964,1152
10988,21.980397084445464,1153
10989,21.982397484616964,1145
10990,21.984397884788464,1134
10991,21.986398284959964,1131
10992,21.988398685131465,1139
10993,21.990399085302965,1145
10994,21.992399485474465,1145
10995,21.994399885645965,1145
10996,21.996400285817465,1150
10997,21.99840068598897,1157
10998,22.00040108616047,1157
10999,22.00240148633197,1149
11000,22.00440188650347,1141
11001,22.00640228667497,1136
11002,22.00840268684647,1136
11003,22.01040308701797,1143
11004,22.01240348718947,1160
11005,22.01440388736097,1171
11006,22.01640428753247,1164
11007,22.01840468770397,1146
11008,22.02040508787547,1139
11009,22.02240548804697,1149
11010,22.02440588821847,1164
11011,22.02640628838997,1167
11012,22.02840668856147,1159
11013,22.03040708873297,1149
11014,22.03240748890447,1142
11015,22.034407889075972,1136
11016,22.036408289247472,1133
11017,22.038408689418972,1132
11018,22.040409089590472,1129
11019,22.042409489761972,1128
11020,22.044409889933476,1133
11021,22.046410290104976,1141
11022,22.048410690276476,1143
11023,22.050411090447977,1138
11024,22.052411490619477,1136
11025,22.054411890790977,1137
11026,22.056412290962477,1135
11027,22.058412691133977,1130
11028,22.060413091305477,1128
11029,22.062413491476978,1127
11030,22.064413891648478,1126
11031,22.066414291819978,1128
11032,22.068414691991478,1129
11033,22.07041509216298,1127
11034,22.07241549233448,1120
11035,22.07441589250598,1117
11036,22.07641629267748,1120
11037,22.07841669284898,1118
11038,22.08041709302048,1105
11039,22.08241749319198,1096
11040,22.08441789336348,1106
11041,22.08641829353498,1126
11042,22.08841869370648,1135
11043,22.090419093877983,1128
11044,22.092419494049484,1117
11045,22.094419894220984,1117
11046,22.096420294392484,1128
11047,22.098420694563984,1139
11048,22.100421094735484,1143
11049,22.102421494906984,1140
11050,22.104421895078485,1136
11051,22.106422295249985,1136
11052,22.108422695421485,1142
11053,22.110423095592985,1148
11054,22.112423495764485,1147
11055,22.114423895935985,1144
11056,22.116424296107486,1144
11057,22.118424696278986,1150
11058,22.120425096450486,1154
11059,22.122425496621986,1148
11060,22.124425896793486,1134
11061,22.126426296964986,1118
11062,22.128426697136486,1104
11063,22.130427097307987,1095
11064,22.132427497479487,1096
11065,22.134427897650987,1101
11066,22.13642829782249,1104
11067,22.13842869799399,1106
11068,22.14042909816549,1111
11069,22.14242949833699,1115
11070,22.14442989850849,1117
11071,22.14643029867999,1122
11072,22.14843069885149,1129
11073,22.150431099022992,1131
11074,22.152431499194492,1126
11075,22.154431899365992,1123
11076,22.156432299537492,1122
11077,22.158432699708992,1118
11078,22.160433099880493,1114
11079,22.162433500051993,1122
11080,22.164433900223493,1144
11081,22.166434300394993,1161
11082,22.168434700566493,1159
11083,22.170435100737993,1145
11084,22.172435500909494,1132
11085,22.174435901080994,1125
11086,22.176436301252494,1125
11087,22.178436701423994,1131
11088,22.180437101595494,1136
11089,22.182437501766998,1133
11090,22.184437901938498,1128
11091,22.18643830211,1126
11092,22.1884387022815,1126
11093,22.190439102453,1122
11094,22.1924395026245,1117
11095,22.194439902796,1115
11096,22.1964403029675,1113
11097,22.198440703139,1112
11098,22.2004411033105,1118
11099,22.202441503482,1126
11100,22.2044419036535,1122
11101,22.206442303825,1106
11102,22.2084427039965,1097
11103,22.210443104168,1103
11104,22.2124435043395,1115
11105,22.214443904511,1121
11106,22.2164443046825,1122
11107,22.218444704854,1119
11108,22.2204451050255,1113
11109,22.222445505197,1111
11110,22.2244459053685,1121
11111,22.22644630554,1133
11112,22.228446705711505,1138
11113,22.230447105883005,1135
11114,22.232447506054505,1132
11115,22.234447906226006,1125
11116,22.236448306397506,1115
11117,22.238448706569006,1116
11118,22.240449106740506,1127
11119,22.242449506912006,1137
11120,22.244449907083506,1134
11121,22.246450307255007,1121
11122,22.248450707426507,1109
11123,22.250451107598007,1106
11124,22.252451507769507,1113
11125,22.254451907941007,1126
11126,22.256452308112507,1131
11127,22.258452708284008,1124
11128,22.260453108455508,1115
11129,22.262453508627008,1116
11130,22.264453908798508,1126
11131,22.266454308970008,1135
11132,22.26845470914151,1136
11133,22.27045510931301,1133
11134,22.27245550948451,1132
11135,22.274455909656012,1136
11136,22.276456309827513,1141
11137,22.278456709999013,1144
11138,22.280457110170513,1144
11139,22.282457510342013,1141
11140,22.284457910513513,1138
11141,22.286458310685013,1140
11142,22.288458710856514,1150
11143,22.290459111028014,1159
11144,22.292459511199514,1160
11145,22.294459911371014,1153
11146,22.296460311542514,1146
11147,22.298460711714014,1141
11148,22.300461111885514,1133
11149,22.302461512057015,1121
11150,22.304461912228515,1111
11151,22.306462312400015,1112
11152,22.308462712571515,1120
11153,22.310463112743015,1125
11154,22.312463512914515,1118
11155,22.314463913086016,1112
11156,22.316464313257516,1115
11157,22.318464713429016,1122
11158,22.32046511360052,1120
11159,22.32246551377202,1110
11160,22.32446591394352,1103
11161,22.32646631411502,1107
11162,22.32846671428652,1116
11163,22.33046711445802,1123
11164,22.33246751462952,1125
11165,22.33446791480102,1126
11166,22.33646831497252,1130
11167,22.33846871514402,1136
11168,22.34046911531552,1142
11169,22.34246951548702,1145
11170,22.34446991565852,1137
11171,22.34647031583002,1116
11172,22.348470716001522,1100
11173,22.350471116173022,1108
11174,22.352471516344522,1131
11175,22.354471916516022,1146
11176,22.356472316687523,1139
11177,22.358472716859023,1126
11178,22.360473117030523,1122
11179,22.362473517202023,1130
11180,22.364473917373523,1139
11181,22.366474317545027,1143
11182,22.368474717716527,1141
11183,22.370475117888027,1138
11184,22.372475518059527,1134
11185,22.374475918231028,1131
11186,22.376476318402528,1132
11187,22.378476718574028,1140
11188,22.380477118745528,1148
11189,22.382477518917028,1147
11190,22.38447791908853,1137
11191,22.38647831926003,1127
11192,22.38847871943153,1120
11193,22.39047911960303,1117
11194,22.39247951977453,1117
11195,22.39447991994603,1122
11196,22.39648032011753,1128
11197,22.39848072028903,1129
11198,22.40048112046053,1124
11199,22.40248152063203,1122
11200,22.40448192080353,1123
11201,22.40648232097503,1119
11202,22.40848272114653,1110
11203,22.41048312131803,1110
11204,22.412483521489534,1123
11205,22.414483921661034,1128
11206,22.416484321832534,1117
11207,22.418484722004035,1105
11208,22.420485122175535,1112
11209,22.422485522347035,1127
11210,22.424485922518535,1128
11211,22.426486322690035,1118
11212,22.428486722861535,1120
11213,22.430487123033036,1135
11214,22.432487523204536,1139
11215,22.434487923376036,1124
11216,22.436488323547536,1114
11217,22.438488723719036,1126
11218,22.440489123890536,1144
11219,22.442489524062037,1146
11220,22.444489924233537,1137
11221,22.446490324405037,1137
11222,22.448490724576537,1149
11223,22.450491124748037,1159
11224,22.452491524919537,1157
11225,22.454491925091038,1143
11226,22.456492325262538,1127
11227,22.45849272543404,1126
11228,22.46049312560554,1137
11229,22.46249352577704,1145
11230,22.464493925948542,1143
11231,22.466494326120042,1140
11232,22.468494726291542,1144
11233,22.470495126463042,1146
11234,22.472495526634543,1136
11235,22.474495926806043,1128
11236,22.476496326977543,1132
11237,22.478496727149043,1141
11238,22.480497127320543,1137
11239,22.482497527492043,1122
11240,22.484497927663543,1113
11241,22.486498327835044,1119
11242,22.488498728006544,1133
11243,22.490499128178044,1142
11244,22.492499528349544,1140
11245,22.494499928521044,1134
11246,22.496500328692544,1130
11247,22.498500728864045,1129
11248,22.500501129035545,1133
11249,22.502501529207045,1142
11250,22.50450192937855,1145
11251,22.50650232955005,1132
11252,22.50850272972155,1117
11253,22.51050312989305,1118
11254,22.51250353006455,1127
11255,22.51450393023605,1126
11256,22.51650433040755,1115
11257,22.51850473057905,1111
11258,22.52050513075055,1121
11259,22.52250553092205,1129
11260,22.52450593109355,1124
11261,22.52650633126505,1114
11262,22.52850673143655,1116
11263,22.53050713160805,1130
11264,22.53250753177955,1142
11265,22.53450793195105,1147
11266,22.53650833212255,1150
11267,22.53850873229405,1150
11268,22.54050913246555,1141
11269,22.54250953263705,1125
11270,22.544509932808552,1112
11271,22.546510332980052,1113
11272,22.548510733151552,1121
11273,22.550511133323056,1128
11274,22.552511533494556,1130
11275,22.554511933666056,1132
11276,22.556512333837556,1132
11277,22.558512734009057,1129
11278,22.560513134180557,1125
11279,22.562513534352057,1123
11280,22.564513934523557,1121
11281,22.566514334695057,1116
11282,22.568514734866557,1110
11283,22.570515135038058,1107
11284,22.572515535209558,1104
11285,22.574515935381058,1101
11286,22.576516335552558,1097
11287,22.578516735724058,1094
11288,22.58051713589556,1099
11289,22.58251753606706,1112
11290,22.58451793623856,1131
11291,22.58651833641006,1144
11292,22.58851873658156,1138
11293,22.59051913675306,1114
11294,22.59251953692456,1093
11295,22.59451993709606,1090
11296,22.596520337267563,1100
11297,22.598520737439063,1110
11298,22.600521137610563,1111
11299,22.602521537782064,1111
11300,22.604521937953564,1115
11301,22.606522338125064,1121
11302,22.608522738296564,1126
11303,22.610523138468064,1128
11304,22.612523538639564,1128
11305,22.614523938811065,1129
11306,22.616524338982565,1132
11307,22.618524739154065,1129
11308,22.620525139325565,1121
11309,22.622525539497065,1114
11310,22.624525939668565,1109
11311,22.626526339840066,1109
11312,22.628526740011566,1114
11313,22.630527140183066,1122
11314,22.632527540354566,1123
11315,22.634527940526066,1117
11316,22.636528340697566,1111
11317,22.638528740869067,1114
11318,22.640529141040567,1118
11319,22.64252954121207,1122
11320,22.64452994138357,1122
11321,22.64653034155507,1119
11322,22.64853074172657,1111
11323,22.65053114189807,1105
11324,22.65253154206957,1107
11325,22.65453194224107,1114
11326,22.65653234241257,1118
11327,22.65853274258407,1118
11328,22.660533142755572,1119
11329,22.662533542927072,1122
11330,22.664533943098572,1121
11331,22.666534343270072,1121
11332,22.668534743441572,1129
11333,22.670535143613073,1140
11334,22.672535543784573,1142
11335,22.674535943956073,1130
11336,22.676536344127573,1116
11337,22.678536744299073,1109
11338,22.680537144470573,1112
11339,22.682537544642074,1122
11340,22.684537944813574,1131
11341,22.686538344985074,1134
11342,22.688538745156578,1134
11343,22.690539145328078,1137
11344,22.692539545499578,1144
11345,22.694539945671078,1151
11346,22.69654034584258,1149
11347,22.69854074601408,1138
11348,22.70054114618558,1126
11349,22.70254154635708,1121
11350,22.70454194652858,1119
11351,22.70654234670008,1110
11352,22.70854274687158,1096
11353,22.71054314704308,1089
11354,22.71254354721458,1094
11355,22.71454394738608,1099
11356,22.71654434755758,1098
11357,22.71854474772908,1097
11358,22.72054514790058,1101
11359,22.72254554807208,1103
11360,22.72454594824358,1100
11361,22.72654634841508,1097
11362,22.72854674858658,1091
11363,22.73054714875808,1081
11364,22.73254754892958,1073
11365,22.734547949101085,1079
11366,22.736548349272585,1097
11367,22.738548749444085,1111
11368,22.740549149615585,1113
11369,22.742549549787086,1111
11370,22.744549949958586,1113
11371,22.746550350130086,1114
11372,22.748550750301586,1110
11373,22.750551150473086,1108
11374,22.752551550644586,1111
11375,22.754551950816087,1118
11376,22.756552350987587,1125
11377,22.758552751159087,1128
11378,22.760553151330587,1130
11379,22.762553551502087,1130
11380,22.764553951673587,1130
11381,22.766554351845087,1136
11382,22.768554752016588,1149
11383,22.770555152188088,1158
11384,22.772555552359588,1154
11385,22.774555952531088,1142
11386,22.77655635270259,1135
11387,22.77855675287409,1134
11388,22.780557153045592,1130
11389,22.782557553217092,1120
11390,22.784557953388592,1118
11391,22.786558353560093,1130
11392,22.788558753731593,1143
11393,22.790559153903093,1143
11394,22.792559554074593,1132
11395,22.794559954246093,1123
11396,22.796560354417593,1130
11397,22.798560754589094,1145
11398,22.800561154760594,1153
11399,22.802561554932094,1146
11400,22.804561955103594,1132
11401,22.806562355275094,1129
11402,22.808562755446594,1143
11403,22.810563155618095,1155
11404,22.812563555789595,1151
11405,22.814563955961095,1138
11406,22.816564356132595,1129
11407,22.818564756304095,1127
11408,22.820565156475595,1131
11409,22.822565556647096,1138
11410,22.824565956818596,1138
11411,22.8265663569901,1132
11412,22.8285667571616,1128
11413,22.8305671573331,1125
11414,22.8325675575046,1128
11415,22.8345679576761,1137
11416,22.8365683578476,1143
11417,22.8385687580191,1142
11418,22.8405691581906,1146
11419,22.8425695583621,1161
11420,22.8445699585336,1173
11421,22.8465703587051,1174
11422,22.8485707588766,1171
11423,22.8505711590481,1168
11424,22.8525715592196,1163
11425,22.8545719593911,1154
11426,22.856572359562602,1146
11427,22.858572759734102,1139
11428,22.860573159905602,1128
11429,22.862573560077102,1120
11430,22.864573960248602,1120
11431,22.866574360420103,1117
11432,22.868574760591603,1105
11433,22.870575160763103,1101
11434,22.872575560934607,1108
11435,22.874575961106107,1121
11436,22.876576361277607,1138
11437,22.878576761449107,1153
11438,22.880577161620607,1158
11439,22.882577561792107,1151
11440,22.884577961963608,1144
11441,22.886578362135108,1142
11442,22.888578762306608,1138
11443,22.890579162478108,1136
11444,22.89257956264961,1144
11445,22.89457996282111,1156
11446,22.89658036299261,1156
11447,22.89858076316411,1145
11448,22.90058116333561,1139
11449,22.90258156350711,1147
11450,22.90458196367861,1159
11451,22.90658236385011,1167
11452,22.90858276402161,1168
11453,22.91058316419311,1167
11454,22.91258356436461,1165
11455,22.91458396453611,1158
11456,22.916584364707614,1149
11457,22.918584764879114,1141
11458,22.920585165050614,1138
11459,22.922585565222114,1139
11460,22.924585965393614,1142
11461,22.926586365565115,1141
11462,22.928586765736615,1137
11463,22.930587165908115,1135
11464,22.932587566079615,1137
11465,22.934587966251115,1141
11466,22.936588366422615,1148
11467,22.938588766594115,1155
11468,22.940589166765616,1158
11469,22.942589566937116,1157
11470,22.944589967108616,1160
11471,22.946590367280116,1166
11472,22.948590767451616,1165
11473,22.950591167623116,1154
11474,22.952591567794617,1146
11475,22.954591967966117,1150
11476,22.956592368137617,1156
11477,22.958592768309117,1152
11478,22.960593168480617,1139
11479,22.96259356865212,1131
11480,22.96459396882362,1136
11481,22.96659436899512,1148
11482,22.96859476916662,1155
11483,22.97059516933812,1155
11484,22.972595569509622,1150
11485,22.974595969681122,1141
11486,22.976596369852622,1135
11487,22.978596770024122,1136
11488,22.980597170195622,1138
11489,22.982597570367123,1137
11490,22.984597970538623,1138
11491,22.986598370710123,1143
11492,22.988598770881623,1150
11493,22.990599171053123,1151
11494,22.992599571224623,1148
11495,22.994599971396124,1144
11496,22.996600371567624,1140
11497,22.998600771739124,1133
11498,23.000601171910624,1130
11499,23.002601572082124,1136
11500,23.004601972253624,1149
11501,23.006602372425125,1161
11502,23.00860277259663,1169
11503,23.01060317276813,1172
11504,23.01260357293963,1175
11505,23.01460397311113,1177
11506,23.01660437328263,1176
11507,23.01860477345413,1170
11508,23.02060517362563,1161
11509,23.02260557379713,1153
11510,23.02460597396863,1152
11511,23.02660637414013,1152
11512,23.02860677431163,1143
11513,23.03060717448313,1128
11514,23.03260757465463,1114
11515,23.03460797482613,1108
11516,23.03660837499763,1112
11517,23.03860877516913,1121
11518,23.04060917534063,1124
11519,23.04260957551213,1117
11520,23.04460997568363,1105
11521,23.04661037585513,1095
11522,23.04861077602663,1096
11523,23.05061117619813,1105
11524,23.05261157636963,1117
11525,23.054611976541135,1130
11526,23.056612376712636,1140
11527,23.058612776884136,1141
11528,23.060613177055636,1134
11529,23.062613577227136,1131
11530,23.064613977398636,1137
11531,23.066614377570136,1136
11532,23.068614777741637,1121
11533,23.070615177913137,1108
11534,23.072615578084637,1113
11535,23.074615978256137,1131
11536,23.076616378427637,1141
11537,23.078616778599137,1142
11538,23.080617178770638,1140
11539,23.082617578942138,1139
11540,23.084617979113638,1134
11541,23.086618379285138,1121
11542,23.088618779456638,1109
11543,23.09061917962814,1106
11544,23.09261957979964,1104
11545,23.09461997997114,1091
11546,23.09662038014264,1075
11547,23.09862078031414,1072
11548,23.100621180485643,1084
11549,23.102621580657143,1099
11550,23.104621980828643,1107
11551,23.106622381000143,1105
11552,23.108622781171643,1101
11553,23.110623181343144,1102
11554,23.112623581514644,1111
11555,23.114623981686144,1118
11556,23.116624381857644,1115
11557,23.118624782029144,1110
11558,23.120625182200644,1108
11559,23.122625582372144,1107
11560,23.124625982543645,1107
11561,23.126626382715145,1108
11562,23.128626782886645,1115
11563,23.130627183058145,1132
11564,23.132627583229645,1152
11565,23.134627983401145,1163
11566,23.136628383572646,1164
11567,23.138628783744146,1159
11568,23.140629183915646,1155
11569,23.142629584087146,1155
11570,23.144629984258646,1157
11571,23.14663038443015,1157
11572,23.14863078460165,1149
11573,23.15063118477315,1134
11574,23.15263158494465,1120
11575,23.15463198511615,1116
11576,23.15663238528765,1125
11577,23.15863278545915,1133
11578,23.16063318563065,1128
11579,23.16263358580215,1116
11580,23.16463398597365,1107
11581,23.16663438614515,1105
11582,23.16863478631665,1107
11583,23.170635186488152,1110
11584,23.172635586659652,1116
11585,23.174635986831152,1126
11586,23.176636387002652,1133
11587,23.178636787174153,1132
11588,23.180637187345653,1123
11589,23.182637587517153,1115
11590,23.184637987688653,1112
11591,23.186638387860153,1114
11592,23.188638788031653,1121
11593,23.190639188203154,1126
11594,23.192639588374657,1122
11595,23.194639988546157,1113
11596,23.196640388717658,1106
11597,23.198640788889158,1110
11598,23.200641189060658,1122
11599,23.202641589232158,1132
11600,23.204641989403658,1136
11601,23.20664238957516,1139
11602,23.20864278974666,1145
11603,23.21064318991816,1148
11604,23.21264359008966,1141
11605,23.21464399026116,1129
11606,23.21664439043266,1124
11607,23.21864479060416,1129
11608,23.22064519077566,1138
11609,23.22264559094716,1139
11610,23.22464599111866,1129
11611,23.22664639129016,1115
11612,23.22864679146166,1107
11613,23.23064719163316,1109
11614,23.23264759180466,1117
11615,23.23464799197616,1125
11616,23.23664839214766,1127
11617,23.238648792319164,1123
11618,23.240649192490665,1114
11619,23.242649592662165,1105
11620,23.244649992833665,1099
11621,23.246650393005165,1099
11622,23.248650793176665,1108
11623,23.250651193348165,1121
11624,23.252651593519666,1129
11625,23.254651993691166,1128
11626,23.256652393862666,1125
11627,23.258652794034166,1124
11628,23.260653194205666,1120
11629,23.262653594377166,1119
11630,23.264653994548667,1127
11631,23.266654394720167,1139
11632,23.268654794891667,1140
11633,23.270655195063167,1126
11634,23.272655595234667,1109
11635,23.274655995406167,1103
11636,23.276656395577668,1108
11637,23.278656795749168,1115
11638,23.280657195920668,1116
11639,23.282657596092168,1115
11640,23.28465799626367,1127
11641,23.286658396435172,1153
11642,23.288658796606672,1177
11643,23.290659196778172,1180
11644,23.292659596949672,1161
11645,23.294659997121173,1141
11646,23.296660397292673,1141
11647,23.298660797464173,1152
11648,23.300661197635673,1155
11649,23.302661597807173,1142
11650,23.304661997978673,1124
11651,23.306662398150173,1112
11652,23.308662798321674,1108
11653,23.310663198493174,1106
11654,23.312663598664674,1104
11655,23.314663998836174,1101
11656,23.316664399007674,1098
11657,23.318664799179174,1099
11658,23.320665199350675,1107
11659,23.322665599522175,1115
11660,23.324665999693675,1117
11661,23.326666399865175,1113
11662,23.328666800036675,1110
11663,23.33066720020818,1115
11664,23.33266760037968,1128
11665,23.33466800055118,1141
11666,23.33666840072268,1147
11667,23.33866880089418,1151
11668,23.34066920106568,1151
11669,23.34266960123718,1143
11670,23.34467000140868,1129
11671,23.34667040158018,1119
11672,23.34867080175168,1126
11673,23.35067120192318,1141
11674,23.35267160209468,1147
11675,23.35467200226618,1139
11676,23.35667240243768,1129
11677,23.35867280260918,1129
11678,23.36067320278068,1137
11679,23.36267360295218,1139
11680,23.36467400312368,1137
11681,23.366674403295182,1142
11682,23.368674803466682,1152
11683,23.370675203638182,1156
11684,23.372675603809682,1148
11685,23.374676003981183,1128
11686,23.376676404152686,1108
11687,23.378676804324186,1104
11688,23.380677204495687,1121
11689,23.382677604667187,1142
11690,23.384678004838687,1149
11691,23.386678405010187,1140
11692,23.388678805181687,1133
11693,23.390679205353187,1139
11694,23.392679605524688,1149
11695,23.394680005696188,1152
11696,23.396680405867688,1150
11697,23.398680806039188,1154
11698,23.400681206210688,1165
11699,23.40268160638219,1173
11700,23.40468200655369,1165
11701,23.40668240672519,1147
11702,23.40868280689669,1138
11703,23.41068320706819,1144
11704,23.41268360723969,1152
11705,23.41468400741119,1152
11706,23.41668440758269,1145
11707,23.41868480775419,1142
11708,23.42068520792569,1141
11709,23.422685608097193,1141
11710,23.424686008268694,1141
11711,23.426686408440194,1144
11712,23.428686808611694,1150
11713,23.430687208783194,1151
11714,23.432687608954694,1141
11715,23.434688009126194,1127
11716,23.436688409297695,1122
11717,23.438688809469195,1127
11718,23.440689209640695,1135
11719,23.442689609812195,1138
11720,23.444690009983695,1139
11721,23.446690410155195,1146
11722,23.448690810326696,1159
11723,23.450691210498196,1169
11724,23.452691610669696,1164
11725,23.454692010841196,1150
11726,23.456692411012696,1143
11727,23.458692811184196,1148
11728,23.460693211355697,1157
11729,23.462693611527197,1166
11730,23.464694011698697,1172
11731,23.466694411870197,1175
11732,23.4686948120417,1173
11733,23.4706952122132,1170
11734,23.4726956123847,1169
11735,23.4746960125562,1173
11736,23.4766964127277,1181
11737,23.4786968128992,1184
11738,23.4806972130707,1178
11739,23.482697613242202,1167
11740,23.484698013413702,1160
11741,23.486698413585202,1155
11742,23.488698813756702,1149
11743,23.490699213928202,1145
11744,23.492699614099703,1152
11745,23.494700014271203,1170
11746,23.496700414442703,1186
11747,23.498700814614203,1183
11748,23.500701214785703,1165
11749,23.502701614957203,1153
11750,23.504702015128704,1155
11751,23.506702415300204,1163
11752,23.508702815471704,1169
11753,23.510703215643204,1170
11754,23.512703615814704,1169
11755,23.514704015986208,1168
11756,23.516704416157708,1173
11757,23.51870481632921,1177
11758,23.52070521650071,1176
11759,23.52270561667221,1176
11760,23.52470601684371,1179
11761,23.52670641701521,1187
11762,23.52870681718671,1200
11763,23.53070721735821,1211
11764,23.53270761752971,1212
11765,23.53470801770121,1207
11766,23.53670841787271,1207
11767,23.53870881804421,1210
11768,23.54070921821571,1209
11769,23.54270961838721,1200
11770,23.54471001855871,1185
11771,23.54671041873021,1167
11772,23.54871081890171,1155
11773,23.55071121907321,1157
11774,23.55271161924471,1162
11775,23.55471201941621,1159
11776,23.55671241958771,1154
11777,23.55871281975921,1158
11778,23.560713219930715,1169
11779,23.562713620102215,1174
11780,23.564714020273716,1172
11781,23.566714420445216,1172
11782,23.568714820616716,1173
11783,23.570715220788216,1167
11784,23.572715620959716,1157
11785,23.574716021131216,1151
11786,23.576716421302716,1153
11787,23.578716821474217,1160
11788,23.580717221645717,1164
11789,23.582717621817217,1161
11790,23.584718021988717,1153
11791,23.586718422160217,1144
11792,23.588718822331717,1140
11793,23.590719222503218,1142
11794,23.592719622674718,1140
11795,23.594720022846218,1131
11796,23.596720423017718,1123
11797,23.59872082318922,1123
11798,23.60072122336072,1127
11799,23.60272162353222,1127
11800,23.60472202370372,1122
11801,23.606722423875222,1113
11802,23.608722824046723,1108
11803,23.610723224218223,1108
11804,23.612723624389723,1112
11805,23.614724024561223,1114
11806,23.616724424732723,1107
11807,23.618724824904223,1095
11808,23.620725225075724,1093
11809,23.622725625247224,1101
11810,23.624726025418724,1107
11811,23.626726425590224,1111
11812,23.628726825761724,1116
11813,23.630727225933224,1123
11814,23.632727626104725,1129
11815,23.634728026276225,1133
11816,23.636728426447725,1135
11817,23.638728826619225,1142
11818,23.640729226790725,1157
11819,23.642729626962225,1168
11820,23.644730027133726,1163
11821,23.646730427305226,1151
11822,23.648730827476726,1150
11823,23.650731227648226,1161
11824,23.65273162781973,1170
11825,23.65473202799123,1169
11826,23.65673242816273,1163
11827,23.65873282833423,1163
11828,23.66073322850573,1167
11829,23.66273362867723,1167
11830,23.66473402884873,1161
11831,23.66673442902023,1159
11832,23.66873482919173,1164
11833,23.67073522936323,1165
11834,23.67273562953473,1157
11835,23.67473602970623,1149
11836,23.67673642987773,1147
11837,23.678736830049232,1151
11838,23.680737230220732,1156
11839,23.682737630392232,1159
11840,23.684738030563732,1158
11841,23.686738430735232,1153
11842,23.688738830906733,1146
11843,23.690739231078233,1144
11844,23.692739631249733,1151
11845,23.694740031421233,1161
11846,23.696740431592733,1165
11847,23.698740831764237,1164
11848,23.700741231935737,1163
11849,23.702741632107237,1164
11850,23.704742032278737,1164
11851,23.706742432450238,1161
11852,23.708742832621738,1157
11853,23.710743232793238,1158
11854,23.712743632964738,1162
11855,23.71474403313624,1168
11856,23.71674443330774,1170
11857,23.71874483347924,1169
11858,23.72074523365074,1164
11859,23.72274563382224,1159
11860,23.72474603399374,1156
11861,23.72674643416524,1160
11862,23.72874683433674,1172
11863,23.73074723450824,1181
11864,23.73274763467974,1177
11865,23.73474803485124,1163
11866,23.73674843502274,1149
11867,23.73874883519424,1142
11868,23.74074923536574,1139
11869,23.74274963553724,1138
11870,23.744750035708744,1145
11871,23.746750435880244,1156
11872,23.748750836051745,1159
11873,23.750751236223245,1157
11874,23.752751636394745,1159
11875,23.754752036566245,1163
11876,23.756752436737745,1161
11877,23.758752836909245,1157
11878,23.760753237080745,1159
11879,23.762753637252246,1164
11880,23.764754037423746,1156
11881,23.766754437595246,1141
11882,23.768754837766746,1142
11883,23.770755237938246,1162
11884,23.772755638109746,1176
11885,23.774756038281247,1169
11886,23.776756438452747,1153
11887,23.778756838624247,1150
11888,23.780757238795747,1158
11889,23.782757638967247,1157
11890,23.784758039138747,1149
11891,23.786758439310248,1145
11892,23.788758839481748,1149
11893,23.79075923965325,1152
11894,23.79275963982475,1150
11895,23.794760039996252,1147
11896,23.796760440167752,1147
11897,23.798760840339252,1149
11898,23.800761240510752,1154
11899,23.802761640682252,1161
11900,23.804762040853753,1165
11901,23.806762441025253,1162
11902,23.808762841196753,1155
11903,23.810763241368253,1146
11904,23.812763641539753,1135
11905,23.814764041711253,1127
11906,23.816764441882754,1130
11907,23.818764842054254,1138
11908,23.820765242225754,1145
11909,23.822765642397254,1153
11910,23.824766042568754,1164
11911,23.826766442740254,1173
11912,23.828766842911755,1176
11913,23.830767243083255,1172
11914,23.832767643254755,1166
11915,23.834768043426255,1161
11916,23.83676844359776,1159
11917,23.83876884376926,1159
11918,23.84076924394076,1160
11919,23.84276964411226,1161
11920,23.84477004428376,1162
11921,23.84677044445526,1161
11922,23.84877084462676,1160
11923,23.85077124479826,1159
11924,23.85277164496976,1156
11925,23.85477204514126,1152
11926,23.85677244531276,1151
11927,23.85877284548426,1157
11928,23.86077324565576,1164
11929,23.86277364582726,1161
11930,23.86477404599876,1153
11931,23.86677444617026,1152
11932,23.86877484634176,1155
11933,23.87077524651326,1151
11934,23.87277564668476,1144
11935,23.87477604685626,1148
11936,23.876776447027762,1163
11937,23.878776847199262,1172
11938,23.880777247370762,1169
11939,23.882777647542266,1158
11940,23.884778047713766,1145
11941,23.886778447885266,1135
11942,23.888778848056766,1129
11943,23.890779248228267,1134
11944,23.892779648399767,1148
11945,23.894780048571267,1157
11946,23.896780448742767,1150
11947,23.898780848914267,1133
11948,23.900781249085767,1124
11949,23.902781649257268,1126
11950,23.904782049428768,1132
11951,23.906782449600268,1133
11952,23.908782849771768,1132
11953,23.910783249943268,1130
11954,23.91278365011477,1131
11955,23.91478405028627,1136
11956,23.91678445045777,1139
11957,23.91878485062927,1134
11958,23.92078525080077,1127
11959,23.92278565097227,1125
11960,23.92478605114377,1127
11961,23.92678645131527,1133
11962,23.928786851486773,1137
11963,23.930787251658273,1135
11964,23.932787651829774,1129
11965,23.934788052001274,1126
11966,23.936788452172774,1129
11967,23.938788852344274,1137
11968,23.940789252515774,1144
11969,23.942789652687274,1140
11970,23.944790052858774,1132
11971,23.946790453030275,1134
11972,23.948790853201775,1143
11973,23.950791253373275,1150
11974,23.952791653544775,1154
11975,23.954792053716275,1148
11976,23.956792453887775,1133
11977,23.958792854059276,1122
11978,23.960793254230776,1128
11979,23.962793654402276,1140
11980,23.964794054573776,1143
11981,23.966794454745276,1141
11982,23.968794854916776,1140
11983,23.970795255088277,1138
11984,23.972795655259777,1132
11985,23.97479605543128,1127
11986,23.97679645560278,1136
11987,23.97879685577428,1157
11988,23.98079725594578,1174
11989,23.98279765611728,1176
11990,23.98479805628878,1164
11991,23.98679845646028,1148
11992,23.98879885663178,1135
11993,23.99079925680328,1126
11994,23.992799656974782,1122
11995,23.994800057146282,1124
11996,23.996800457317782,1130
11997,23.998800857489282,1132
11998,24.000801257660783,1126
11999,24.002801657832283,1114
12000,24.004802058003783,1112
12001,24.006802458175283,1129
12002,24.008802858346783,1158
12003,24.010803258518283,1173
12004,24.012803658689784,1168
12005,24.014804058861284,1156
12006,24.016804459032784,1155
12007,24.018804859204284,1163
12008,24.020805259375788,1173
12009,24.022805659547288,1175
12010,24.024806059718788,1169
12011,24.026806459890288,1161
12012,24.02880686006179,1155
12013,24.03080726023329,1148
12014,24.03280766040479,1145
12015,24.03480806057629,1149
12016,24.03680846074779,1156
12017,24.03880886091929,1150
12018,24.04080926109079,1132
12019,24.04280966126229,1121
12020,24.04481006143379,1131
12021,24.04681046160529,1149
12022,24.04881086177679,1159
12023,24.05081126194829,1154
12024,24.05281166211979,1145
12025,24.05481206229129,1141
12026,24.05681246246279,1144
12027,24.05881286263429,1149
12028,24.06081326280579,1155
12029,24.06281366297729,1159
12030,24.06481406314879,1159
12031,24.066814463320295,1151
12032,24.068814863491795,1144
12033,24.070815263663295,1141
12034,24.072815663834795,1140
12035,24.074816064006296,1137
12036,24.076816464177796,1135
12037,24.078816864349296,1136
12038,24.080817264520796,1136
12039,24.082817664692296,1133
12040,24.084818064863796,1132
12041,24.086818465035297,1134
12042,24.088818865206797,1137
12043,24.090819265378297,1140
12044,24.092819665549797,1144
12045,24.094820065721297,1147
12046,24.096820465892797,1148
12047,24.098820866064298,1148
12048,24.100821266235798,1143
12049,24.102821666407298,1139
12050,24.104822066578798,1144
12051,24.106822466750298,1153
12052,24.1088228669218,1157
12053,24.1108232670933,1156
12054,24.112823667264802,1151
12055,24.114824067436302,1148
12056,24.116824467607803,1155
12057,24.118824867779303,1165
12058,24.120825267950803,1168
12059,24.122825668122303,1164
12060,24.124826068293803,1163
12061,24.126826468465303,1162
12062,24.128826868636803,1154
12063,24.130827268808304,1144
12064,24.132827668979804,1145
12065,24.134828069151304,1156
12066,24.136828469322804,1163
12067,24.138828869494304,1156
12068,24.140829269665804,1139
12069,24.142829669837305,1122
12070,24.144830070008805,1117
12071,24.146830470180305,1124
12072,24.148830870351805,1135
12073,24.150831270523305,1143
12074,24.152831670694805,1141
12075,24.154832070866306,1126
12076,24.156832471037806,1111
12077,24.15883287120931,1111
12078,24.16083327138081,1124
12079,24.16283367155231,1136
12080,24.16483407172381,1138
12081,24.16683447189531,1137
12082,24.16883487206681,1142
12083,24.17083527223831,1154
12084,24.17283567240981,1161
12085,24.17483607258131,1157
12086,24.17683647275281,1150
12087,24.17883687292431,1146
12088,24.18083727309581,1146
12089,24.18283767326731,1156
12090,24.18483807343881,1168
12091,24.18683847361031,1169
12092,24.188838873781812,1159
12093,24.190839273953312,1144
12094,24.192839674124812,1129
12095,24.194840074296312,1123
12096,24.196840474467812,1133
12097,24.198840874639313,1148
12098,24.200841274810813,1153
12099,24.202841674982313,1140
12100,24.204842075153817,1118
12101,24.206842475325317,1105
12102,24.208842875496817,1111
12103,24.210843275668317,1127
12104,24.212843675839817,1139
12105,24.214844076011317,1146
12106,24.216844476182818,1151
12107,24.218844876354318,1150
12108,24.220845276525818,1144
12109,24.222845676697318,1142
12110,24.22484607686882,1152
12111,24.22684647704032,1167
12112,24.22884687721182,1170
12113,24.23084727738332,1159
12114,24.23284767755482,1150
12115,24.23484807772632,1151
12116,24.23684847789782,1157
12117,24.23884887806932,1162
12118,24.24084927824082,1162
12119,24.24284967841232,1155
12120,24.24485007858382,1148
12121,24.24685047875532,1143
12122,24.24885087892682,1144
12123,24.250851279098324,1151
12124,24.252851679269824,1162
12125,24.254852079441324,1169
12126,24.256852479612824,1170
12127,24.258852879784325,1167
12128,24.260853279955825,1162
12129,24.262853680127325,1152
12130,24.264854080298825,1144
12131,24.266854480470325,1147
12132,24.268854880641825,1153
12133,24.270855280813326,1156
12134,24.272855680984826,1152
12135,24.274856081156326,1144
12136,24.276856481327826,1137
12137,24.278856881499326,1140
12138,24.280857281670826,1150
12139,24.282857681842327,1156
12140,24.284858082013827,1155
12141,24.286858482185327,1156
12142,24.288858882356827,1159
12143,24.290859282528327,1164
12144,24.292859682699827,1169
12145,24.294860082871327,1172
12146,24.29686048304283,1171
12147,24.29886088321433,1171
12148,24.30086128338583,1177
12149,24.30286168355733,1182
12150,24.304862083728832,1179
12151,24.306862483900332,1174
12152,24.308862884071832,1174
12153,24.310863284243332,1177
12154,24.312863684414832,1172
12155,24.314864084586333,1162
12156,24.316864484757833,1155
12157,24.318864884929333,1154
12158,24.320865285100833,1158
12159,24.322865685272333,1159
12160,24.324866085443833,1156
12161,24.326866485615334,1152
12162,24.328866885786834,1154
12163,24.330867285958334,1161
12164,24.332867686129834,1166
12165,24.334868086301334,1160
12166,24.336868486472834,1151
12167,24.338868886644335,1153
12168,24.340869286815835,1163
12169,24.34286968698734,1168
12170,24.34487008715884,1169
12171,24.34687048733034,1174
12172,24.34887088750184,1187
12173,24.35087128767334,1195
12174,24.35287168784484,1183
12175,24.35487208801634,1160
12176,24.35687248818784,1149
12177,24.35887288835934,1157
12178,24.36087328853084,1169
12179,24.36287368870234,1171
12180,24.36487408887384,1162
12181,24.36687448904534,1154
12182,24.36887488921684,1155
12183,24.37087528938834,1163
12184,24.37287568955984,1170
12185,24.37487608973134,1167
12186,24.37687648990284,1158
12187,24.37887689007434,1153
12188,24.38087729024584,1157
12189,24.38287769041734,1161
12190,24.384878090588842,1157
12191,24.386878490760342,1148
12192,24.388878890931846,1143
12193,24.390879291103346,1143
12194,24.392879691274846,1141
12195,24.394880091446346,1137
12196,24.396880491617846,1139
12197,24.398880891789346,1145
12198,24.400881291960847,1147
12199,24.402881692132347,1140
12200,24.404882092303847,1133
12201,24.406882492475347,1132
12202,24.408882892646847,1136
12203,24.410883292818347,1140
12204,24.412883692989848,1139
12205,24.414884093161348,1135
12206,24.416884493332848,1140
12207,24.418884893504348,1148
12208,24.42088529367585,1147
12209,24.42288569384735,1138
12210,24.42488609401885,1133
12211,24.42688649419035,1135
12212,24.42888689436185,1139
12213,24.43088729453335,1139
12214,24.43288769470485,1143
12215,24.434888094876353,1155
12216,24.436888495047853,1165
12217,24.438888895219353,1161
12218,24.440889295390853,1150
12219,24.442889695562354,1142
12220,24.444890095733854,1141
12221,24.446890495905354,1147
12222,24.448890896076854,1157
12223,24.450891296248354,1158
12224,24.452891696419854,1145
12225,24.454892096591355,1130
12226,24.456892496762855,1125
12227,24.458892896934355,1129
12228,24.460893297105855,1131
12229,24.462893697277355,1128
12230,24.464894097448855,1128
12231,24.466894497620356,1132
12232,24.468894897791856,1129
12233,24.470895297963356,1118
12234,24.472895698134856,1111
12235,24.474896098306356,1118
12236,24.476896498477856,1135
12237,24.478896898649356,1150
12238,24.48089729882086,1161
12239,24.48289769899236,1167
12240,24.48489809916386,1163
12241,24.48689849933536,1147
12242,24.48889889950686,1135
12243,24.49089929967836,1139
12244,24.49289969984986,1152
12245,24.49490010002136,1158
12246,24.49690050019286,1155
12247,24.49890090036436,1150
12248,24.500901300535862,1157
12249,24.502901700707362,1168
12250,24.504902100878862,1169
12251,24.506902501050362,1158
12252,24.508902901221862,1150
12253,24.510903301393363,1154
12254,24.512903701564863,1168
12255,24.514904101736363,1186
12256,24.516904501907863,1193
12257,24.518904902079363,1183
12258,24.520905302250863,1163
12259,24.522905702422364,1148
12260,24.524906102593864,1140
12261,24.526906502765367,1141
12262,24.528906902936868,1155
12263,24.530907303108368,1175
12264,24.532907703279868,1186
12265,24.534908103451368,1174
12266,24.53690850362287,1141
12267,24.53890890379437,1107
12268,24.54090930396587,1096
12269,24.54290970413737,1111
12270,24.54491010430887,1133
12271,24.54691050448037,1138
12272,24.54891090465187,1123
12273,24.55091130482337,1101
12274,24.55291170499487,1085
12275,24.55491210516637,1084
12276,24.55691250533787,1096
12277,24.55891290550937,1109
12278,24.56091330568087,1115
12279,24.56291370585237,1115
12280,24.56491410602387,1115
12281,24.56691450619537,1115
12282,24.56891490636687,1111
12283,24.57091530653837,1104
12284,24.572915706709875,1097
12285,24.574916106881375,1097
12286,24.576916507052875,1107
12287,24.578916907224375,1125
12288,24.580917307395875,1140
12289,24.582917707567375,1141
12290,24.584918107738876,1126
12291,24.586918507910376,1111
12292,24.588918908081876,1109
12293,24.590919308253376,1120
12294,24.592919708424876,1127
12295,24.594920108596376,1122
12296,24.596920508767877,1116
12297,24.598920908939377,1118
12298,24.600921309110877,1126
12299,24.602921709282377,1127
12300,24.604922109453877,1119
12301,24.606922509625377,1111
12302,24.608922909796878,1105
12303,24.610923309968378,1101
12304,24.612923710139878,1100
12305,24.614924110311378,1102
12306,24.616924510482878,1107
12307,24.618924910654382,1106
12308,24.620925310825882,1102
12309,24.622925710997382,1109
12310,24.624926111168882,1132
12311,24.626926511340383,1153
12312,24.628926911511883,1158
12313,24.630927311683383,1152
12314,24.632927711854883,1148
12315,24.634928112026383,1144
12316,24.636928512197883,1138
12317,24.638928912369384,1134
12318,24.640929312540884,1139
12319,24.642929712712384,1144
12320,24.644930112883884,1142
12321,24.646930513055384,1137
12322,24.648930913226884,1141
12323,24.650931313398385,1152
12324,24.652931713569885,1161
12325,24.654932113741385,1165
12326,24.656932513912885,1167
12327,24.658932914084385,1168
12328,24.660933314255885,1163
12329,24.662933714427385,1151
12330,24.66493411459889,1136
12331,24.66693451477039,1128
12332,24.66893491494189,1133
12333,24.67093531511339,1149
12334,24.67293571528489,1158
12335,24.67493611545639,1149
12336,24.67693651562789,1131
12337,24.67893691579939,1117
12338,24.68093731597089,1117
12339,24.68293771614239,1127
12340,24.68493811631389,1139
12341,24.68693851648539,1144
12342,24.68893891665689,1136
12343,24.69093931682839,1122
12344,24.69293971699989,1113
12345,24.69494011717139,1113
12346,24.69694051734289,1116
12347,24.698940917514392,1114
12348,24.700941317685892,1110
12349,24.702941717857392,1108
12350,24.704942118028892,1105
12351,24.706942518200393,1099
12352,24.708942918371893,1100
12353,24.710943318543396,1109
12354,24.712943718714897,1118
12355,24.714944118886397,1120
12356,24.716944519057897,1122
12357,24.718944919229397,1129
12358,24.720945319400897,1137
12359,24.722945719572397,1137
12360,24.724946119743898,1131
12361,24.726946519915398,1125
12362,24.728946920086898,1120
12363,24.730947320258398,1115
12364,24.732947720429898,1109
12365,24.7349481206014,1099
12366,24.7369485207729,1093
12367,24.7389489209444,1098
12368,24.7409493211159,1115
12369,24.7429497212874,1134
12370,24.7449501214589,1142
12371,24.7469505216304,1141
12372,24.7489509218019,1141
12373,24.7509513219734,1138
12374,24.7529517221449,1129
12375,24.7549521223164,1123
12376,24.756952522487904,1126
12377,24.758952922659404,1132
12378,24.760953322830904,1129
12379,24.762953723002404,1120
12380,24.764954123173904,1119
12381,24.766954523345404,1126
12382,24.768954923516905,1131
12383,24.770955323688405,1134
12384,24.772955723859905,1140
12385,24.774956124031405,1150
12386,24.776956524202905,1161
12387,24.778956924374405,1162
12388,24.780957324545906,1153
12389,24.782957724717406,1139
12390,24.784958124888906,1128
12391,24.786958525060406,1120
12392,24.788958925231906,1113
12393,24.790959325403406,1106
12394,24.792959725574907,1099
12395,24.794960125746407,1098
12396,24.796960525917907,1103
12397,24.798960926089407,1108
12398,24.800961326260907,1108
12399,24.80296172643241,1108
12400,24.80496212660391,1114
12401,24.80696252677541,1126
12402,24.80896292694691,1140
12403,24.81096332711841,1146
12404,24.81296372728991,1144
12405,24.814964127461412,1139
12406,24.816964527632912,1134
12407,24.818964927804412,1127
12408,24.820965327975912,1121
12409,24.822965728147413,1119
12410,24.824966128318913,1117
12411,24.826966528490413,1113
12412,24.828966928661913,1109
12413,24.830967328833413,1109
12414,24.832967729004913,1115
12415,24.834968129176413,1124
12416,24.836968529347914,1132
12417,24.838968929519414,1136
12418,24.840969329690914,1135
12419,24.842969729862414,1133
12420,24.844970130033914,1130
12421,24.846970530205414,1129
12422,24.848970930376918,1132
12423,24.85097133054842,1137
12424,24.85297173071992,1133
12425,24.85497213089142,1120
12426,24.85697253106292,1109
12427,24.85897293123442,1107
12428,24.86097333140592,1109
12429,24.86297373157742,1106
12430,24.86497413174892,1099
12431,24.86697453192042,1098
12432,24.86897493209192,1106
12433,24.87097533226342,1117
12434,24.87297573243492,1122
12435,24.87497613260642,1124
12436,24.87697653277792,1128
12437,24.87897693294942,1134
12438,24.88097733312092,1133
12439,24.88297773329242,1119
12440,24.88497813346392,1098
12441,24.88697853363542,1087
12442,24.88897893380692,1094
12443,24.89097933397842,1111
12444,24.89297973414992,1124
12445,24.894980134321425,1129
12446,24.896980534492926,1126
12447,24.898980934664426,1119
12448,24.900981334835926,1116
12449,24.902981735007426,1122
12450,24.904982135178926,1134
12451,24.906982535350426,1145
12452,24.908982935521927,1151
12453,24.910983335693427,1148
12454,24.912983735864927,1136
12455,24.914984136036427,1125
12456,24.916984536207927,1121
12457,24.918984936379427,1126
12458,24.920985336550928,1139
12459,24.922985736722428,1151
12460,24.924986136893928,1155
12461,24.926986537065428,1149
12462,24.928986937236928,1143
12463,24.93098733740843,1143
12464,24.93298773757993,1144
12465,24.93498813775143,1134
12466,24.93698853792293,1122
12467,24.93898893809443,1123
12468,24.940989338265933,1136
12469,24.942989738437433,1136
12470,24.944990138608933,1120
12471,24.946990538780433,1109
12472,24.948990938951933,1115
12473,24.950991339123433,1128
12474,24.952991739294934,1135
12475,24.954992139466434,1138
12476,24.956992539637934,1140
12477,24.958992939809434,1137
12478,24.960993339980934,1131
12479,24.962993740152434,1128
12480,24.964994140323935,1130
12481,24.966994540495435,1134
12482,24.968994940666935,1139
12483,24.970995340838435,1145
12484,24.972995741009935,1155
12485,24.974996141181435,1166
12486,24.976996541352936,1170
12487,24.978996941524436,1166
12488,24.980997341695936,1158
12489,24.982997741867436,1151
12490,24.984998142038936,1153
12491,24.98699854221044,1166
12492,24.98899894238194,1176
12493,24.99099934255344,1170
12494,24.99299974272494,1152
12495,24.99500014289644,1138
12496,24.99700054306794,1135
12497,24.99900094323944,1136
12498,25.00100134341094,1138
12499,25.00300174358244,1145
12500,25.00500214375394,1160
12501,25.00700254392544,1178
12502,25.00900294409694,1184
12503,25.011003344268442,1174
12504,25.013003744439942,1164
12505,25.015004144611442,1165
12506,25.017004544782942,1173
12507,25.019004944954442,1177
12508,25.021005345125943,1180
12509,25.023005745297443,1179
12510,25.025006145468943,1176
12511,25.027006545640443,1171
12512,25.029006945811943,1166
12513,25.031007345983443,1163
12514,25.033007746154947,1162
12515,25.035008146326447,1163
12516,25.037008546497947,1160
12517,25.039008946669448,1155
12518,25.041009346840948,1154
12519,25.043009747012448,1162
12520,25.045010147183948,1182
12521,25.04701054735545,1203
12522,25.04901094752695,1206
12523,25.05101134769845,1192
12524,25.05301174786995,1178
12525,25.05501214804145,1176
12526,25.05701254821295,1184
12527,25.05901294838445,1194
12528,25.06101334855595,1193
12529,25.06301374872745,1179
12530,25.06501414889895,1159
12531,25.06701454907045,1146
12532,25.06901494924195,1139
12533,25.07101534941345,1139
12534,25.07301574958495,1145
12535,25.07501614975645,1153
12536,25.07701654992795,1159
12537,25.079016950099454,1164
12538,25.081017350270955,1165
12539,25.083017750442455,1162
12540,25.085018150613955,1154
12541,25.087018550785455,1146
12542,25.089018950956955,1145
12543,25.091019351128455,1148
12544,25.093019751299956,1148
12545,25.095020151471456,1147
12546,25.097020551642956,1152
12547,25.099020951814456,1161
12548,25.101021351985956,1161
12549,25.103021752157456,1150
12550,25.105022152328957,1136
12551,25.107022552500457,1128
12552,25.109022952671957,1129
12553,25.111023352843457,1136
12554,25.113023753014957,1138
12555,25.115024153186457,1130
12556,25.117024553357957,1115
12557,25.119024953529458,1102
12558,25.121025353700958,1101
12559,25.123025753872458,1116
12560,25.12502615404396,1132
12561,25.127026554215462,1137
12562,25.129026954386962,1132
12563,25.131027354558462,1128
12564,25.133027754729962,1131
12565,25.135028154901462,1134
12566,25.137028555072963,1132
12567,25.139028955244463,1125
12568,25.141029355415963,1121
12569,25.143029755587463,1124
12570,25.145030155758963,1129
12571,25.147030555930463,1131
12572,25.149030956101964,1134
12573,25.151031356273464,1140
12574,25.153031756444964,1141
12575,25.155032156616464,1137
12576,25.157032556787964,1136
12577,25.159032956959464,1134
12578,25.161033357130965,1129
12579,25.163033757302465,1127
12580,25.165034157473965,1129
12581,25.167034557645465,1130
12582,25.169034957816965,1128
12583,25.17103535798847,1121
12584,25.17303575815997,1108
12585,25.17503615833147,1097
12586,25.17703655850297,1096
12587,25.17903695867447,1100
12588,25.18103735884597,1103
12589,25.18303775901747,1105
12590,25.18503815918897,1109
12591,25.18703855936047,1111
12592,25.18903895953197,1112
12593,25.19103935970347,1116
12594,25.19303975987497,1123
12595,25.19504016004647,1132
12596,25.19704056021797,1144
12597,25.19904096038947,1155
12598,25.20104136056097,1156
12599,25.20304176073247,1147
12600,25.20504216090397,1140
12601,25.207042561075472,1144
12602,25.209042961246972,1151
12603,25.211043361418472,1152
12604,25.213043761589972,1141
12605,25.215044161761472,1128
12606,25.217044561932976,1125
12607,25.219044962104476,1135
12608,25.221045362275976,1146
12609,25.223045762447477,1146
12610,25.225046162618977,1137
12611,25.227046562790477,1125
12612,25.229046962961977,1121
12613,25.231047363133477,1131
12614,25.233047763304977,1140
12615,25.235048163476478,1136
12616,25.237048563647978,1121
12617,25.239048963819478,1108
12618,25.241049363990978,1099
12619,25.24304976416248,1086
12620,25.24505016433398,1074
12621,25.24705056450548,1071
12622,25.24905096467698,1084
12623,25.25105136484848,1105
12624,25.25305176501998,1116
12625,25.25505216519148,1108
12626,25.25705256536298,1095
12627,25.25905296553448,1094
12628,25.26105336570598,1108
12629,25.263053765877483,1119
12630,25.265054166048984,1116
12631,25.267054566220484,1103
12632,25.269054966391984,1087
12633,25.271055366563484,1081
12634,25.273055766734984,1089
12635,25.275056166906484,1101
12636,25.277056567077985,1107
12637,25.279056967249485,1115
12638,25.281057367420985,1130
12639,25.283057767592485,1143
12640,25.285058167763985,1147
12641,25.287058567935485,1148
12642,25.289058968106986,1147
12643,25.291059368278486,1141
12644,25.293059768449986,1131
12645,25.295060168621486,1123
12646,25.297060568792986,1117
12647,25.299060968964486,1109
12648,25.301061369135986,1102
12649,25.303061769307487,1103
12650,25.305062169478987,1110
12651,25.30706256965049,1113
12652,25.30906296982199,1109
12653,25.31106336999349,1103
12654,25.31306377016499,1102
12655,25.31506417033649,1109
12656,25.31706457050799,1122
12657,25.31906497067949,1133
12658,25.32106537085099,1128
12659,25.323065771022492,1106
12660,25.325066171193992,1091
12661,25.327066571365492,1097
12662,25.329066971536992,1114
12663,25.331067371708492,1121
12664,25.333067771879993,1111
12665,25.335068172051493,1091
12666,25.337068572222993,1074
12667,25.339068972394493,1071
12668,25.341069372565993,1080
12669,25.343069772737493,1090
12670,25.345070172908994,1091
12671,25.347070573080494,1083
12672,25.349070973251994,1073
12673,25.351071373423494,1067
12674,25.353071773594998,1067
12675,25.355072173766498,1075
12676,25.357072573937998,1089
12677,25.3590729741095,1104
12678,25.361073374281,1111
12679,25.3630737744525,1111
12680,25.365074174624,1116
12681,25.3670745747955,1123
12682,25.369074974967,1117
12683,25.3710753751385,1098
12684,25.37307577531,1086
12685,25.3750761754815,1094
12686,25.377076575653,1116
12687,25.3790769758245,1130
12688,25.381077375996,1131
12689,25.3830777761675,1131
12690,25.385078176339,1136
12691,25.3870785765105,1141
12692,25.389078976682,1143
12693,25.3910793768535,1146
12694,25.393079777025,1149
12695,25.3950801771965,1157
12696,25.397080577368,1171
12697,25.399080977539505,1183
12698,25.401081377711005,1177
12699,25.403081777882505,1156
12700,25.405082178054005,1136
12701,25.407082578225506,1135
12702,25.409082978397006,1146
12703,25.411083378568506,1150
12704,25.413083778740006,1141
12705,25.415084178911506,1132
12706,25.417084579083006,1133
12707,25.419084979254507,1137
12708,25.421085379426007,1140
12709,25.423085779597507,1138
12710,25.425086179769007,1137
12711,25.427086579940507,1133
12712,25.429086980112007,1125
12713,25.431087380283508,1119
12714,25.433087780455008,1123
12715,25.435088180626508,1133
12716,25.437088580798008,1137
12717,25.439088980969508,1134
12718,25.44108938114101,1129
12719,25.44308978131251,1120
12720,25.445090181484012,1108
12721,25.447090581655512,1099
12722,25.449090981827013,1101
12723,25.451091381998513,1114
12724,25.453091782170013,1124
12725,25.455092182341513,1121
12726,25.457092582513013,1107
12727,25.459092982684513,1094
12728,25.461093382856014,1091
12729,25.463093783027514,1091
12730,25.465094183199014,1093
12731,25.467094583370514,1101
12732,25.469094983542014,1106
12733,25.471095383713514,1098
12734,25.473095783885014,1086
12735,25.475096184056515,1084
12736,25.477096584228015,1096
12737,25.479096984399515,1104
12738,25.481097384571015,1099
12739,25.483097784742515,1090
12740,25.485098184914015,1091
12741,25.487098585085516,1099
12742,25.489098985257016,1104
12743,25.49109938542852,1106
12744,25.49309978560002,1105
12745,25.49510018577152,1101
12746,25.49710058594302,1093
12747,25.49910098611452,1078
12748,25.50110138628602,1067
12749,25.50310178645752,1073
12750,25.50510218662902,1091
12751,25.50710258680052,1102
12752,25.50910298697202,1097
12753,25.51110338714352,1087
12754,25.51310378731502,1087
12755,25.51510418748652,1101
12756,25.51710458765802,1113
12757,25.51910498782952,1111
12758,25.521105388001022,1099
12759,25.523105788172522,1093
12760,25.525106188344022,1096
12761,25.527106588515522,1103
12762,25.529106988687023,1105
12763,25.531107388858523,1096
12764,25.533107789030023,1081
12765,25.535108189201523,1069
12766,25.537108589373027,1069
12767,25.539108989544527,1086
12768,25.541109389716027,1108
12769,25.543109789887527,1117
12770,25.545110190059027,1113
12771,25.547110590230528,1108
12772,25.549110990402028,1108
12773,25.551111390573528,1111
12774,25.553111790745028,1116
12775,25.555112190916528,1121
12776,25.55711259108803,1120
12777,25.55911299125953,1111
12778,25.56111339143103,1097
12779,25.56311379160253,1085
12780,25.56511419177403,1077
12781,25.56711459194553,1081
12782,25.56911499211703,1093
12783,25.57111539228853,1100
12784,25.57311579246003,1102
12785,25.57511619263153,1101
12786,25.57711659280303,1096
12787,25.57911699297453,1092
12788,25.58111739314603,1093
12789,25.583117793317534,1098
12790,25.585118193489034,1102
12791,25.587118593660534,1098
12792,25.589118993832034,1085
12793,25.591119394003535,1071
12794,25.593119794175035,1068
12795,25.595120194346535,1078
12796,25.597120594518035,1088
12797,25.599120994689535,1090
12798,25.601121394861035,1085
12799,25.603121795032536,1082
12800,25.605122195204036,1085
12801,25.607122595375536,1090
12802,25.609122995547036,1095
12803,25.611123395718536,1101
12804,25.613123795890036,1110
12805,25.615124196061537,1114
12806,25.617124596233037,1114
12807,25.619124996404537,1119
12808,25.621125396576037,1136
12809,25.623125796747537,1151
12810,25.625126196919037,1152
12811,25.627126597090538,1145
12812,25.62912699726204,1142
12813,25.63112739743354,1141
12814,25.63312779760504,1139
12815,25.63512819777654,1136
12816,25.637128597948042,1135
12817,25.639128998119542,1135
12818,25.641129398291042,1137
12819,25.643129798462542,1143
12820,25.645130198634043,1152
12821,25.647130598805543,1157
12822,25.649130998977043,1153
12823,25.651131399148543,1143
12824,25.653131799320043,1136
12825,25.655132199491543,1138
12826,25.657132599663043,1143
12827,25.659132999834544,1142
12828,25.661133400006044,1136
12829,25.663133800177544,1139
12830,25.665134200349044,1154
12831,25.667134600520544,1171
12832,25.669135000692044,1182
12833,25.671135400863545,1185
12834,25.673135801035045,1184
12835,25.67513620120655,1180
12836,25.67713660137805,1177
12837,25.67913700154955,1173
12838,25.68113740172105,1167
12839,25.68313780189255,1157
12840,25.68513820206405,1147
12841,25.68713860223555,1143
12842,25.68913900240705,1141
12843,25.69113940257855,1140
12844,25.69313980275005,1136
12845,25.69514020292155,1130
12846,25.69714060309305,1120
12847,25.69914100326455,1114
12848,25.70114140343605,1110
12849,25.70314180360755,1108
12850,25.70514220377905,1105
12851,25.70714260395055,1100
12852,25.70914300412205,1099
12853,25.71114340429355,1106
12854,25.71314380446505,1120
12855,25.71514420463655,1133
12856,25.717144604808052,1136
12857,25.719145004979552,1137
12858,25.721145405151056,1144
12859,25.723145805322556,1149
12860,25.725146205494056,1148
12861,25.727146605665556,1143
12862,25.729147005837056,1138
12863,25.731147406008557,1135
12864,25.733147806180057,1135
12865,25.735148206351557,1137
12866,25.737148606523057,1135
12867,25.739149006694557,1134
12868,25.741149406866057,1140
12869,25.743149807037558,1147
12870,25.745150207209058,1154
12871,25.747150607380558,1156
12872,25.749151007552058,1154
12873,25.751151407723558,1149
12874,25.75315180789506,1147
12875,25.75515220806656,1149
12876,25.75715260823806,1155
12877,25.75915300840956,1158
12878,25.76115340858106,1150
12879,25.76315380875256,1143
12880,25.76515420892406,1148
12881,25.767154609095563,1161
12882,25.769155009267063,1168
12883,25.771155409438563,1169
12884,25.773155809610063,1168
12885,25.775156209781564,1162
12886,25.777156609953064,1149
12887,25.779157010124564,1141
12888,25.781157410296064,1142
12889,25.783157810467564,1145
12890,25.785158210639064,1136
12891,25.787158610810565,1122
12892,25.789159010982065,1121
12893,25.791159411153565,1137
12894,25.793159811325065,1152
12895,25.795160211496565,1146
12896,25.797160611668065,1127
12897,25.799161011839566,1117
12898,25.801161412011066,1124
12899,25.803161812182566,1138
12900,25.805162212354066,1145
12901,25.807162612525566,1138
12902,25.809163012697066,1125
12903,25.811163412868567,1116
12904,25.81316381304007,1109
12905,25.81516421321157,1100
12906,25.81716461338307,1095
12907,25.81916501355457,1101
12908,25.82116541372607,1111
12909,25.82316581389757,1110
12910,25.82516621406907,1099
12911,25.82716661424057,1095
12912,25.82916701441207,1107
12913,25.83116741458357,1125
12914,25.833167814755072,1137
12915,25.835168214926572,1140
12916,25.837168615098072,1139
12917,25.839169015269572,1137
12918,25.841169415441072,1131
12919,25.843169815612573,1117
12920,25.845170215784073,1104
12921,25.847170615955573,1106
12922,25.849171016127073,1119
12923,25.851171416298573,1128
12924,25.853171816470073,1130
12925,25.855172216641574,1132
12926,25.857172616813074,1131
12927,25.859173016984577,1128
12928,25.861173417156078,1133
12929,25.863173817327578,1151
12930,25.865174217499078,1165
12931,25.867174617670578,1162
12932,25.86917501784208,1147
12933,25.87117541801358,1140
12934,25.87317581818508,1145
12935,25.87517621835658,1149
12936,25.87717661852808,1141
12937,25.87917701869958,1127
12938,25.88117741887108,1120
12939,25.88317781904258,1120
12940,25.88517821921408,1118
12941,25.88717861938558,1110
12942,25.88917901955708,1106
12943,25.89117941972858,1113
12944,25.89317981990008,1128
12945,25.89518022007158,1137
12946,25.89718062024308,1130
12947,25.89918102041458,1119
12948,25.90118142058608,1127
12949,25.90318182075758,1152
12950,25.905182220929085,1170
12951,25.907182621100585,1167
12952,25.909183021272085,1153
12953,25.911183421443585,1139
12954,25.913183821615085,1125
12955,25.915184221786586,1120
12956,25.917184621958086,1129
12957,25.919185022129586,1145
12958,25.921185422301086,1154
12959,25.923185822472586,1155
12960,25.925186222644086,1158
12961,25.927186622815587,1169
12962,25.929187022987087,1180
12963,25.931187423158587,1185
12964,25.933187823330087,1184
12965,25.935188223501587,1182
12966,25.937188623673087,1182
12967,25.939189023844587,1179
12968,25.941189424016088,1168
12969,25.943189824187588,1156
12970,25.945190224359088,1150
12971,25.947190624530588,1144
12972,25.94919102470209,1131
12973,25.951191424873592,1122
12974,25.953191825045092,1123
12975,25.955192225216592,1127
12976,25.957192625388092,1130
12977,25.959193025559593,1134
12978,25.961193425731093,1137
12979,25.963193825902593,1133
12980,25.965194226074093,1125
12981,25.967194626245593,1124
12982,25.969195026417093,1134
12983,25.971195426588594,1148
12984,25.973195826760094,1154
12985,25.975196226931594,1158
12986,25.977196627103094,1161
12987,25.979197027274594,1164
12988,25.981197427446094,1164
12989,25.983197827617595,1159
12990,25.985198227789095,1150
12991,25.987198627960595,1145
12992,25.989199028132095,1150
12993,25.991199428303595,1162
12994,25.993199828475095,1169
12995,25.995200228646596,1163
12996,25.9972006288181,1150
12997,25.9992010289896,1140
12998,26.0012014291611,1141
12999,26.0032018293326,1147
13000,26.0052022295041,1150
13001,26.0072026296756,1148
13002,26.0092030298471,1141
13003,26.0112034300186,1132
13004,26.0132038301901,1126
13005,26.0152042303616,1129
13006,26.0172046305331,1140
13007,26.0192050307046,1157
13008,26.0212054308761,1170
13009,26.0232058310476,1171
13010,26.0252062312191,1159
13011,26.0272066313906,1147
13012,26.029207031562102,1147
13013,26.031207431733602,1151
13014,26.033207831905102,1150
13015,26.035208232076602,1144
13016,26.037208632248102,1142
13017,26.039209032419603,1147
13018,26.041209432591103,1151
13019,26.043209832762606,1153
13020,26.045210232934107,1159
13021,26.047210633105607,1167
13022,26.049211033277107,1167
13023,26.051211433448607,1158
13024,26.053211833620107,1151
13025,26.055212233791607,1148
13026,26.057212633963108,1145
13027,26.059213034134608,1138
13028,26.061213434306108,1131
13029,26.063213834477608,1127
13030,26.06521423464911,1126
13031,26.06721463482061,1131
13032,26.06921503499211,1142
13033,26.07121543516361,1157
13034,26.07321583533511,1169
13035,26.07521623550661,1171
13036,26.07721663567811,1160
13037,26.07921703584961,1142
13038,26.08121743602111,1130
13039,26.08321783619261,1133
13040,26.08521823636411,1142
13041,26.08721863653561,1141
13042,26.089219036707114,1128
13043,26.091219436878614,1118
13044,26.093219837050114,1118
13045,26.095220237221614,1128
13046,26.097220637393114,1136
13047,26.099221037564615,1138
13048,26.101221437736115,1137
13049,26.103221837907615,1135
13050,26.105222238079115,1133
13051,26.107222638250615,1130
13052,26.109223038422115,1127
13053,26.111223438593615,1124
13054,26.113223838765116,1119
13055,26.115224238936616,1114
13056,26.117224639108116,1114
13057,26.119225039279616,1122
13058,26.121225439451116,1129
13059,26.123225839622616,1131
13060,26.125226239794117,1131
13061,26.127226639965617,1131
13062,26.129227040137117,1134
13063,26.131227440308617,1141
13064,26.133227840480117,1145
13065,26.13522824065162,1143
13066,26.13722864082312,1140
13067,26.13922904099462,1140
13068,26.14122944116612,1143
13069,26.14322984133762,1145
13070,26.145230241509122,1142
13071,26.147230641680622,1132
13072,26.149231041852122,1122
13073,26.151231442023622,1121
13074,26.153231842195122,1133
13075,26.155232242366623,1152
13076,26.157232642538123,1165
13077,26.159233042709623,1173
13078,26.161233442881123,1175
13079,26.163233843052623,1171
13080,26.165234243224123,1164
13081,26.167234643395624,1158
13082,26.169235043567124,1157
13083,26.171235443738624,1158
13084,26.173235843910124,1158
13085,26.175236244081624,1161
13086,26.177236644253124,1169
13087,26.179237044424625,1174
13088,26.18123744459613,1170
13089,26.18323784476763,1162
13090,26.18523824493913,1154
13091,26.18723864511063,1145
13092,26.18923904528213,1133
13093,26.19123944545363,1118
13094,26.19323984562513,1109
13095,26.19524024579663,1116
13096,26.19724064596813,1129
13097,26.19924104613963,1126
13098,26.20124144631113,1105
13099,26.20324184648263,1085
13100,26.20524224665413,1089
13101,26.20724264682563,1111
13102,26.20924304699713,1133
13103,26.21124344716863,1138
13104,26.21324384734013,1125
13105,26.21524424751163,1107
13106,26.21724464768313,1104
13107,26.21924504785463,1117
13108,26.22124544802613,1132
13109,26.22324584819763,1141
13110,26.22524624836913,1151
13111,26.227246648540635,1162
13112,26.229247048712136,1162
13113,26.231247448883636,1153
13114,26.233247849055136,1146
13115,26.235248249226636,1142
13116,26.237248649398136,1137
13117,26.239249049569636,1134
13118,26.241249449741137,1143
13119,26.243249849912637,1159
13120,26.245250250084137,1170
13121,26.247250650255637,1169
13122,26.249251050427137,1164
13123,26.251251450598637,1164
13124,26.253251850770138,1168
13125,26.255252250941638,1172
13126,26.257252651113138,1174
13127,26.259253051284638,1171
13128,26.261253451456138,1163
13129,26.26325385162764,1157
13130,26.26525425179914,1161
13131,26.26725465197064,1175
13132,26.26925505214214,1182
13133,26.27125545231364,1176
13134,26.273255852485143,1162
13135,26.275256252656643,1152
13136,26.277256652828143,1149
13137,26.279257052999643,1152
13138,26.281257453171143,1156
13139,26.283257853342644,1157
13140,26.285258253514144,1156
13141,26.287258653685644,1156
13142,26.289259053857144,1159
13143,26.291259454028644,1161
13144,26.293259854200144,1156
13145,26.295260254371644,1148
13146,26.297260654543145,1145
13147,26.299261054714645,1147
13148,26.301261454886145,1146
13149,26.303261855057645,1137
13150,26.305262255229145,1127
13151,26.307262655400645,1125
13152,26.309263055572146,1135
13153,26.311263455743646,1148
13154,26.313263855915146,1154
13155,26.315264256086646,1156
13156,26.317264656258146,1162
13157,26.31926505642965,1170
13158,26.32126545660115,1177
13159,26.32326585677265,1181
13160,26.32526625694415,1177
13161,26.32726665711565,1164
13162,26.32926705728715,1148
13163,26.33126745745865,1143
13164,26.33326785763015,1152
13165,26.33526825780165,1164
13166,26.33726865797315,1163
13167,26.33926905814465,1149
13168,26.34126945831615,1131
13169,26.343269858487652,1122
13170,26.345270258659152,1127
13171,26.347270658830652,1139
13172,26.349271059002152,1146
13173,26.351271459173653,1143
13174,26.353271859345153,1137
13175,26.355272259516653,1138
13176,26.357272659688153,1142
13177,26.359273059859653,1139
13178,26.361273460031153,1130
13179,26.363273860202654,1122
13180,26.365274260374157,1120
13181,26.367274660545657,1127
13182,26.369275060717158,1136
13183,26.371275460888658,1139
13184,26.373275861060158,1135
13185,26.375276261231658,1129
13186,26.377276661403158,1128
13187,26.37927706157466,1130
13188,26.38127746174616,1130
13189,26.38327786191766,1128
13190,26.38527826208916,1125
13191,26.38727866226066,1125
13192,26.38927906243216,1126
13193,26.39127946260366,1129
13194,26.39327986277516,1129
13195,26.39528026294666,1129
13196,26.39728066311816,1131
13197,26.39928106328966,1136
13198,26.40128146346116,1143
13199,26.40328186363266,1151
13200,26.40528226380416,1160
13201,26.40728266397566,1161
13202,26.40928306414716,1152
13203,26.411283464318664,1146
13204,26.413283864490165,1149
13205,26.415284264661665,1158
13206,26.417284664833165,1160
13207,26.419285065004665,1150
13208,26.421285465176165,1130
13209,26.423285865347665,1114
13210,26.425286265519166,1113
13211,26.427286665690666,1125
13212,26.429287065862166,1135
13213,26.431287466033666,1130
13214,26.433287866205166,1116
13215,26.435288266376666,1108
13216,26.437288666548167,1112
13217,26.439289066719667,1120
13218,26.441289466891167,1126
13219,26.443289867062667,1129
13220,26.445290267234167,1132
13221,26.447290667405667,1136
13222,26.449291067577168,1136
13223,26.451291467748668,1129
13224,26.453291867920168,1116
13225,26.455292268091668,1106
13226,26.45729266826317,1106
13227,26.459293068434672,1112
13228,26.461293468606172,1117
13229,26.463293868777672,1115
13230,26.465294268949172,1109
13231,26.467294669120673,1101
13232,26.469295069292173,1092
13233,26.471295469463673,1089
13234,26.473295869635173,1093
13235,26.475296269806673,1101
13236,26.477296669978173,1108
13237,26.479297070149673,1106
13238,26.481297470321174,1091
13239,26.483297870492674,1071
13240,26.485298270664174,1067
13241,26.487298670835674,1080
13242,26.489299071007174,1090
13243,26.491299471178674,1086
13244,26.493299871350175,1079
13245,26.495300271521675,1083
13246,26.497300671693175,1092
13247,26.499301071864675,1096
13248,26.501301472036175,1098
13249,26.50330187220768,1110
13250,26.50530227237918,1123
13251,26.50730267255068,1125
13252,26.50930307272218,1118
13253,26.51130347289368,1112
13254,26.51330387306518,1116
13255,26.51530427323668,1128
13256,26.51730467340818,1137
13257,26.51930507357968,1141
13258,26.52130547375118,1135
13259,26.52330587392268,1119
13260,26.52530627409418,1105
13261,26.52730667426568,1102
13262,26.52930707443718,1111
13263,26.53130747460868,1127
13264,26.53330787478018,1139
13265,26.53530827495168,1134
13266,26.53730867512318,1123
13267,26.539309075294682,1126
13268,26.541309475466182,1143
13269,26.543309875637682,1153
13270,26.545310275809182,1146
13271,26.547310675980683,1136
13272,26.549311076152186,1135
13273,26.551311476323686,1145
13274,26.553311876495187,1152
13275,26.555312276666687,1144
13276,26.557312676838187,1126
13277,26.559313077009687,1117
13278,26.561313477181187,1125
13279,26.563313877352687,1142
13280,26.565314277524188,1153
13281,26.567314677695688,1152
13282,26.569315077867188,1142
13283,26.571315478038688,1131
13284,26.573315878210188,1127
13285,26.57531627838169,1133
13286,26.57731667855319,1138
13287,26.57931707872469,1133
13288,26.58131747889619,1120
13289,26.58331787906769,1112
13290,26.58531827923919,1112
13291,26.58731867941069,1118
13292,26.58931907958219,1119
13293,26.59131947975369,1109
13294,26.59331987992519,1090
13295,26.595320280096693,1077
13296,26.597320680268194,1080
13297,26.599321080439694,1095
13298,26.601321480611194,1107
13299,26.603321880782694,1109
13300,26.605322280954194,1104
13301,26.607322681125694,1098
13302,26.609323081297195,1098
13303,26.611323481468695,1105
13304,26.613323881640195,1116
13305,26.615324281811695,1124
13306,26.617324681983195,1125
13307,26.619325082154695,1126
13308,26.621325482326196,1130
13309,26.623325882497696,1135
13310,26.625326282669196,1135
13311,26.627326682840696,1136
13312,26.629327083012196,1145
13313,26.631327483183696,1154
13314,26.633327883355197,1151
13315,26.635328283526697,1140
13316,26.637328683698197,1134
13317,26.639329083869697,1136
13318,26.6413294840412,1139
13319,26.6433298842127,1141
13320,26.6453302843842,1146
13321,26.6473306845557,1155
13322,26.6493310847272,1157
13323,26.6513314848987,1146
13324,26.6533318850702,1134
13325,26.655332285241702,1139
13326,26.657332685413202,1157
13327,26.659333085584702,1169
13328,26.661333485756202,1162
13329,26.663333885927702,1146
13330,26.665334286099203,1142
13331,26.667334686270703,1153
13332,26.669335086442203,1169
13333,26.671335486613703,1179
13334,26.673335886785203,1178
13335,26.675336286956703,1169
13336,26.677336687128204,1160
13337,26.679337087299704,1160
13338,26.681337487471204,1172
13339,26.683337887642704,1182
13340,26.685338287814204,1181
13341,26.687338687985708,1174
13342,26.689339088157208,1168
13343,26.69133948832871,1167
13344,26.69333988850021,1170
13345,26.69534028867171,1175
13346,26.69734068884321,1185
13347,26.69934108901471,1196
13348,26.70134148918621,1195
13349,26.70334188935771,1180
13350,26.70534228952921,1161
13351,26.70734268970071,1152
13352,26.70934308987221,1158
13353,26.71134349004371,1173
13354,26.71334389021521,1181
13355,26.71534429038671,1172
13356,26.71734469055821,1149
13357,26.71934509072971,1131
13358,26.72134549090121,1127
13359,26.72334589107271,1139
13360,26.72534629124421,1156
13361,26.72734669141571,1165
13362,26.72934709158721,1162
13363,26.73134749175871,1152
13364,26.733347891930215,1142
13365,26.735348292101715,1135
13366,26.737348692273216,1134
13367,26.739349092444716,1137
13368,26.741349492616216,1131
13369,26.743349892787716,1115
13370,26.745350292959216,1103
13371,26.747350693130716,1104
13372,26.749351093302216,1115
13373,26.751351493473717,1126
13374,26.753351893645217,1131
13375,26.755352293816717,1134
13376,26.757352693988217,1148
13377,26.759353094159717,1170
13378,26.761353494331217,1182
13379,26.763353894502718,1177
13380,26.765354294674218,1168
13381,26.767354694845718,1171
13382,26.769355095017218,1177
13383,26.77135549518872,1174
13384,26.77335589536022,1163
13385,26.77535629553172,1158
13386,26.77735669570322,1169
13387,26.779357095874722,1187
13388,26.781357496046223,1200
13389,26.783357896217723,1207
13390,26.785358296389223,1208
13391,26.787358696560723,1201
13392,26.789359096732223,1188
13393,26.791359496903723,1176
13394,26.793359897075224,1174
13395,26.795360297246724,1178
13396,26.797360697418224,1178
13397,26.799361097589724,1165
13398,26.801361497761224,1147
13399,26.803361897932724,1137
13400,26.805362298104225,1137
13401,26.807362698275725,1141
13402,26.809363098447225,1147
13403,26.811363498618725,1151
13404,26.813363898790225,1151
13405,26.815364298961725,1148
13406,26.817364699133226,1146
13407,26.819365099304726,1147
13408,26.821365499476226,1152
13409,26.823365899647726,1156
13410,26.82536629981923,1153
13411,26.82736669999073,1142
13412,26.82936710016223,1135
13413,26.83136750033373,1140
13414,26.83336790050523,1155
13415,26.83536830067673,1167
13416,26.83736870084823,1165
13417,26.83936910101973,1150
13418,26.84136950119123,1129
13419,26.84336990136273,1115
13420,26.84537030153423,1118
13421,26.84737070170573,1133
13422,26.84937110187723,1143
13423,26.851371502048732,1136
13424,26.853371902220232,1114
13425,26.855372302391732,1091
13426,26.857372702563232,1088
13427,26.859373102734732,1110
13428,26.861373502906233,1137
13429,26.863373903077733,1146
13430,26.865374303249233,1139
13431,26.867374703420733,1129
13432,26.869375103592233,1118
13433,26.871375503763737,1111
13434,26.873375903935237,1114
13435,26.875376304106737,1130
13436,26.877376704278237,1147
13437,26.879377104449738,1154
13438,26.881377504621238,1157
13439,26.883377904792738,1162
13440,26.885378304964238,1165
13441,26.88737870513574,1163
13442,26.88937910530724,1158
13443,26.89137950547874,1158
13444,26.89337990565024,1159
13445,26.89538030582174,1149
13446,26.89738070599324,1129
13447,26.89938110616474,1115
13448,26.90138150633624,1119
13449,26.90338190650774,1131
13450,26.90538230667924,1134
13451,26.90738270685074,1128
13452,26.90938310702224,1125
13453,26.91138350719374,1134
13454,26.91338390736524,1149
13455,26.91538430753674,1153
13456,26.917384707708244,1141
13457,26.919385107879744,1126
13458,26.921385508051245,1123
13459,26.923385908222745,1127
13460,26.925386308394245,1128
13461,26.927386708565745,1123
13462,26.929387108737245,1121
13463,26.931387508908745,1128
13464,26.933387909080245,1142
13465,26.935388309251746,1147
13466,26.937388709423246,1134
13467,26.939389109594746,1110
13468,26.941389509766246,1097
13469,26.943389909937746,1101
13470,26.945390310109246,1112
13471,26.947390710280747,1129
13472,26.949391110452247,1145
13473,26.951391510623747,1147
13474,26.953391910795247,1141
13475,26.955392310966747,1144
13476,26.957392711138247,1161
13477,26.959393111309748,1176
13478,26.961393511481248,1175
13479,26.96339391165275,1165
13480,26.96539431182425,1160
13481,26.967394711995752,1157
13482,26.969395112167252,1145
13483,26.971395512338752,1129
13484,26.973395912510252,1124
13485,26.975396312681752,1131
13486,26.977396712853253,1144
13487,26.979397113024753,1154
13488,26.981397513196253,1158
13489,26.983397913367753,1159
13490,26.985398313539253,1160
13491,26.987398713710753,1163
13492,26.989399113882254,1163
13493,26.991399514053754,1163
13494,26.993399914225254,1167
13495,26.995400314396754,1176
13496,26.997400714568254,1176
13497,26.999401114739754,1166
13498,27.001401514911255,1156
13499,27.003401915082755,1157
13500,27.005402315254255,1164
13501,27.007402715425755,1166
13502,27.00940311559726,1161
13503,27.01140351576876,1157
13504,27.01340391594026,1154
13505,27.01540431611176,1148
13506,27.01740471628326,1141
13507,27.01940511645476,1140
13508,27.02140551662626,1143
13509,27.02340591679776,1150
13510,27.02540631696926,1157
13511,27.02740671714076,1157
13512,27.02940711731226,1148
13513,27.03140751748376,1144
13514,27.03340791765526,1152
13515,27.03540831782676,1162
13516,27.03740871799826,1160
13517,27.03940911816976,1145
13518,27.04140951834126,1128
13519,27.04340991851276,1125
13520,27.04541031868426,1138
13521,27.04741071885576,1153
13522,27.049411119027262,1158
13523,27.051411519198762,1151
13524,27.053411919370262,1147
13525,27.055412319541766,1158
13526,27.057412719713266,1184
13527,27.059413119884766,1205
13528,27.061413520056266,1207
13529,27.063413920227767,1193
13530,27.065414320399267,1178
13531,27.067414720570767,1169
13532,27.069415120742267,1162
13533,27.071415520913767,1156
13534,27.073415921085267,1155
13535,27.075416321256768,1158
13536,27.077416721428268,1158
13537,27.079417121599768,1152
13538,27.081417521771268,1143
13539,27.083417921942768,1137
13540,27.08541832211427,1139
13541,27.08741872228577,1149
13542,27.08941912245727,1159
13543,27.09141952262877,1157
13544,27.09341992280027,1145
13545,27.09542032297177,1133
13546,27.09742072314327,1128
13547,27.09942112331477,1130
13548,27.101421523486273,1136
13549,27.103421923657773,1139
13550,27.105422323829274,1140
13551,27.107422724000774,1144
13552,27.109423124172274,1154
13553,27.111423524343774,1166
13554,27.113423924515274,1175
13555,27.115424324686774,1179
13556,27.117424724858274,1176
13557,27.119425125029775,1169
13558,27.121425525201275,1163
13559,27.123425925372775,1165
13560,27.125426325544275,1170
13561,27.127426725715775,1173
13562,27.129427125887275,1176
13563,27.131427526058776,1178
13564,27.133427926230276,1180
13565,27.135428326401776,1180
13566,27.137428726573276,1179
13567,27.139429126744776,1178
13568,27.141429526916276,1181
13569,27.143429927087777,1182
13570,27.145430327259277,1179
13571,27.14743072743078,1177
13572,27.14943112760228,1177
13573,27.15143152777378,1175
13574,27.15343192794528,1170
13575,27.15543232811678,1169
13576,27.15743272828828,1175
13577,27.15943312845978,1189
13578,27.16143352863128,1203
13579,27.16343392880278,1203
13580,27.165434328974282,1189
13581,27.167434729145782,1173
13582,27.169435129317282,1164
13583,27.171435529488782,1162
13584,27.173435929660283,1168
13585,27.175436329831783,1175
13586,27.177436730003283,1172
13587,27.179437130174783,1159
13588,27.181437530346283,1144
13589,27.183437930517783,1134
13590,27.185438330689284,1132
13591,27.187438730860784,1137
13592,27.189439131032284,1144
13593,27.191439531203784,1144
13594,27.193439931375288,1133
13595,27.195440331546788,1122
13596,27.197440731718288,1126
13597,27.199441131889788,1142
13598,27.20144153206129,1155
13599,27.20344193223279,1159
13600,27.20544233240429,1159
13601,27.20744273257579,1165
13602,27.20944313274729,1173
13603,27.21144353291879,1173
13604,27.21344393309029,1166
13605,27.21544433326179,1159
13606,27.21744473343329,1157
13607,27.21944513360479,1159
13608,27.22144553377629,1162
13609,27.22344593394779,1162
13610,27.22544633411929,1154
13611,27.22744673429079,1142
13612,27.22944713446229,1138
13613,27.23144753463379,1145
13614,27.23344793480529,1156
13615,27.23544833497679,1162
13616,27.23744873514829,1155
13617,27.239449135319795,1140
13618,27.241449535491295,1132
13619,27.243449935662795,1137
13620,27.245450335834295,1148
13621,27.247450736005796,1148
13622,27.249451136177296,1138
13623,27.251451536348796,1131
13624,27.253451936520296,1138
13625,27.255452336691796,1152
13626,27.257452736863296,1157
13627,27.259453137034797,1153
13628,27.261453537206297,1156
13629,27.263453937377797,1167
13630,27.265454337549297,1171
13631,27.267454737720797,1161
13632,27.269455137892297,1152
13633,27.271455538063798,1158
13634,27.273455938235298,1169
13635,27.275456338406798,1169
13636,27.277456738578298,1161
13637,27.279457138749798,1153
13638,27.2814575389213,1143
13639,27.2834579390928,1137
13640,27.285458339264302,1148
13641,27.287458739435802,1165
13642,27.289459139607303,1165
13643,27.291459539778803,1142
13644,27.293459939950303,1123
13645,27.295460340121803,1126
13646,27.297460740293303,1136
13647,27.299461140464803,1133
13648,27.301461540636303,1125
13649,27.303461940807804,1128
13650,27.305462340979304,1141
13651,27.307462741150804,1150
13652,27.309463141322304,1150
13653,27.311463541493804,1149
13654,27.313463941665304,1154
13655,27.315464341836805,1163
13656,27.317464742008305,1164
13657,27.319465142179805,1156
13658,27.321465542351305,1146
13659,27.323465942522805,1142
13660,27.325466342694305,1146
13661,27.327466742865806,1156
13662,27.329467143037306,1160
13663,27.33146754320881,1152
13664,27.33346794338031,1144
13665,27.33546834355181,1148
13666,27.33746874372331,1159
13667,27.33946914389481,1161
13668,27.34146954406631,1150
13669,27.34346994423781,1138
13670,27.34547034440931,1137
13671,27.34747074458081,1146
13672,27.34947114475231,1148
13673,27.35147154492381,1131
13674,27.35347194509531,1105
13675,27.35547234526681,1092
13676,27.35747274543831,1099
13677,27.35947314560981,1119
13678,27.361473545781312,1136
13679,27.363473945952812,1140
13680,27.365474346124312,1130
13681,27.367474746295812,1119
13682,27.369475146467312,1119
13683,27.371475546638813,1126
13684,27.373475946810313,1126
13685,27.375476346981813,1120
13686,27.377476747153317,1122
13687,27.379477147324817,1130
13688,27.381477547496317,1128
13689,27.383477947667817,1111
13690,27.385478347839317,1096
13691,27.387478748010817,1098
13692,27.389479148182318,1114
13693,27.391479548353818,1127
13694,27.393479948525318,1124
13695,27.395480348696818,1118
13696,27.39748074886832,1118
13697,27.39948114903982,1117
13698,27.40148154921132,1113
13699,27.40348194938282,1111
13700,27.40548234955432,1115
13701,27.40748274972582,1116
13702,27.40948314989732,1111
13703,27.41148355006882,1108
13704,27.41348395024032,1109
13705,27.41548435041182,1111
13706,27.41748475058332,1117
13707,27.41948515075482,1131
13708,27.42148555092632,1146
13709,27.423485951097824,1149
13710,27.425486351269324,1137
13711,27.427486751440824,1125
13712,27.429487151612324,1122
13713,27.431487551783825,1123
13714,27.433487951955325,1120
13715,27.435488352126825,1114
13716,27.437488752298325,1108
13717,27.439489152469825,1107
13718,27.441489552641325,1113
13719,27.443489952812826,1119
13720,27.445490352984326,1120
13721,27.447490753155826,1122
13722,27.449491153327326,1132
13723,27.451491553498826,1143
13724,27.453491953670326,1148
13725,27.455492353841827,1148
13726,27.457492754013327,1147
13727,27.459493154184827,1147
13728,27.461493554356327,1149
13729,27.463493954527827,1159
13730,27.465494354699327,1174
13731,27.467494754870827,1182
13732,27.46949515504233,1180
13733,27.47149555521383,1169
13734,27.47349595538533,1156
13735,27.47549635555683,1142
13736,27.477496755728332,1126
13737,27.479497155899832,1117
13738,27.481497556071332,1116
13739,27.483497956242832,1118
13740,27.485498356414332,1118
13741,27.487498756585833,1120
13742,27.489499156757333,1132
13743,27.491499556928833,1149
13744,27.493499957100333,1160
13745,27.495500357271833,1161
13746,27.497500757443333,1159
13747,27.499501157614834,1156
13748,27.501501557786334,1150
13749,27.503501957957834,1143
13750,27.505502358129334,1137
13751,27.507502758300834,1131
13752,27.509503158472334,1124
13753,27.511503558643835,1117
13754,27.513503958815335,1115
13755,27.51550435898684,1122
13756,27.51750475915834,1129
13757,27.51950515932984,1133
13758,27.52150555950134,1132
13759,27.52350595967284,1123
13760,27.52550635984434,1109
13761,27.52750676001584,1100
13762,27.52950716018734,1105
13763,27.53150756035884,1112
13764,27.53350796053034,1108
13765,27.53550836070184,1097
13766,27.53750876087334,1091
13767,27.53950916104484,1097
13768,27.54150956121634,1101
13769,27.54350996138784,1095
13770,27.54551036155934,1088
13771,27.54751076173084,1092
13772,27.54951116190234,1105
13773,27.55151156207384,1113
13774,27.55351196224534,1110
13775,27.55551236241684,1109
13776,27.557512762588342,1111
13777,27.559513162759842,1112
13778,27.561513562931346,1110
13779,27.563513963102846,1111
13780,27.565514363274346,1116
13781,27.567514763445846,1123
13782,27.569515163617346,1129
13783,27.571515563788846,1132
13784,27.573515963960347,1127
13785,27.575516364131847,1122
13786,27.577516764303347,1127
13787,27.579517164474847,1141
13788,27.581517564646347,1151
13789,27.583517964817847,1145
13790,27.585518364989348,1133
13791,27.587518765160848,1132
13792,27.589519165332348,1148
13793,27.591519565503848,1166
13794,27.59351996567535,1170
13795,27.59552036584685,1156
13796,27.59752076601835,1140
13797,27.59952116618985,1140
13798,27.60152156636135,1159
13799,27.60352196653285,1177
13800,27.60552236670435,1174
13801,27.607522766875853,1154
13802,27.609523167047353,1133
13803,27.611523567218853,1125
13804,27.613523967390353,1130
13805,27.615524367561854,1136
13806,27.617524767733354,1132
13807,27.619525167904854,1118
13808,27.621525568076354,1101
13809,27.623525968247854,1093
13810,27.625526368419354,1097
13811,27.627526768590855,1103
13812,27.629527168762355,1103
13813,27.631527568933855,1097
13814,27.633527969105355,1090
13815,27.635528369276855,1091
13816,27.637528769448355,1097
13817,27.639529169619856,1105
13818,27.641529569791356,1108
13819,27.643529969962856,1103
13820,27.645530370134356,1097
13821,27.647530770305856,1095
13822,27.649531170477356,1099
13823,27.651531570648856,1110
13824,27.65353197082036,1118
13825,27.65553237099186,1114
13826,27.65753277116336,1107
13827,27.65953317133486,1110
13828,27.66153357150636,1115
13829,27.66353397167786,1109
13830,27.66553437184936,1100
13831,27.66753477202086,1097
13832,27.66953517219236,1102
13833,27.67153557236386,1112
13834,27.673535972535362,1124
13835,27.675536372706862,1131
13836,27.677536772878362,1128
13837,27.679537173049862,1124
13838,27.681537573221362,1124
13839,27.683537973392863,1127
13840,27.685538373564363,1127
13841,27.687538773735863,1125
13842,27.689539173907363,1126
13843,27.691539574078863,1131
13844,27.693539974250363,1131
13845,27.695540374421864,1125
13846,27.697540774593367,1119
13847,27.699541174764867,1123
13848,27.701541574936368,1138
13849,27.703541975107868,1153
13850,27.705542375279368,1156
13851,27.707542775450868,1149
13852,27.70954317562237,1143
13853,27.71154357579387,1141
13854,27.71354397596537,1139
13855,27.71554437613687,1134
13856,27.71754477630837,1129
13857,27.71954517647987,1129
13858,27.72154557665137,1129
13859,27.72354597682287,1126
13860,27.72554637699437,1127
13861,27.72754677716587,1135
13862,27.72954717733737,1142
13863,27.73154757750887,1142
13864,27.73354797768037,1137
13865,27.73554837785187,1134
13866,27.73754877802337,1139
13867,27.73954917819487,1150
13868,27.74154957836637,1158
13869,27.743549978537875,1160
13870,27.745550378709375,1161
13871,27.747550778880875,1158
13872,27.749551179052375,1150
13873,27.751551579223875,1145
13874,27.753551979395375,1150
13875,27.755552379566875,1157
13876,27.757552779738376,1160
13877,27.759553179909876,1163
13878,27.761553580081376,1165
13879,27.763553980252876,1160
13880,27.765554380424376,1155
13881,27.767554780595876,1159
13882,27.769555180767377,1170
13883,27.771555580938877,1175
13884,27.773555981110377,1169
13885,27.775556381281877,1162
13886,27.777556781453377,1165
13887,27.779557181624877,1175
13888,27.781557581796378,1174
13889,27.783557981967878,1160
13890,27.785558382139378,1146
13891,27.787558782310878,1142
13892,27.78955918248238,1144
13893,27.791559582653882,1145
13894,27.793559982825382,1147
13895,27.795560382996882,1157
13896,27.797560783168382,1164
13897,27.799561183339883,1159
13898,27.801561583511383,1151
13899,27.803561983682883,1151
13900,27.805562383854383,1161
13901,27.807562784025883,1172
13902,27.809563184197383,1173
13903,27.811563584368884,1167
13904,27.813563984540384,1162
13905,27.815564384711884,1156
13906,27.817564784883384,1148
13907,27.819565185054884,1143
13908,27.821565585226384,1145
13909,27.823565985397885,1151
13910,27.825566385569385,1153
13911,27.827566785740885,1151
13912,27.829567185912385,1150
13913,27.831567586083885,1149
13914,27.833567986255385,1140
13915,27.83556838642689,1129
13916,27.83756878659839,1128
13917,27.83956918676989,1136
13918,27.84156958694139,1142
13919,27.84356998711289,1140
13920,27.84557038728439,1134
13921,27.84757078745589,1129
13922,27.84957118762739,1131
13923,27.85157158779889,1142
13924,27.85357198797039,1154
13925,27.85557238814189,1158
13926,27.85757278831339,1151
13927,27.85957318848489,1139
13928,27.86157358865639,1134
13929,27.86357398882789,1137
13930,27.86557438899939,1138
13931,27.86757478917089,1137
13932,27.86957518934239,1138
13933,27.871575589513892,1143
13934,27.873575989685392,1147
13935,27.875576389856892,1148
13936,27.877576790028392,1149
13937,27.879577190199893,1152
13938,27.881577590371396,1156
13939,27.883577990542896,1154
13940,27.885578390714397,1148
13941,27.887578790885897,1142
13942,27.889579191057397,1141
13943,27.891579591228897,1139
13944,27.893579991400397,1135
13945,27.895580391571897,1134
13946,27.897580791743398,1137
13947,27.899581191914898,1141
13948,27.901581592086398,1142
13949,27.903581992257898,1142
13950,27.905582392429398,1140
13951,27.9075827926009,1140
13952,27.9095831927724,1138
13953,27.9115835929439,1128
13954,27.9135839931154,1114
13955,27.9155843932869,1105
13956,27.9175847934584,1107
13957,27.9195851936299,1112
13958,27.9215855938014,1114
13959,27.9235859939729,1117
13960,27.9255863941444,1122
13961,27.927586794315904,1130
13962,27.929587194487404,1135
13963,27.931587594658904,1136
13964,27.933587994830404,1139
13965,27.935588395001904,1141
13966,27.937588795173404,1130
13967,27.939589195344904,1108
13968,27.941589595516405,1091
13969,27.943589995687905,1090
13970,27.945590395859405,1103
13971,27.947590796030905,1124
13972,27.949591196202405,1138
13973,27.951591596373905,1137
13974,27.953591996545406,1121
13975,27.955592396716906,1107
13976,27.957592796888406,1110
13977,27.959593197059906,1124
13978,27.961593597231406,1132
13979,27.963593997402906,1125
13980,27.965594397574407,1112
13981,27.967594797745907,1109
13982,27.969595197917407,1114
13983,27.971595598088907,1117
13984,27.97359599826041,1113
13985,27.97559639843191,1112
13986,27.97759679860341,1120
13987,27.97959719877491,1130
13988,27.98159759894641,1131
13989,27.98359799911791,1123
13990,27.98559839928941,1114
13991,27.987598799460912,1113
13992,27.989599199632412,1124
13993,27.991599599803912,1135
13994,27.993599999975412,1140
13995,27.995600400146913,1138
13996,27.997600800318413,1135
13997,27.999601200489913,1130
13998,28.001601600661413,1122
13999,28.003602000832913,1111
14000,28.005602401004413,1100
14001,28.007602801175913,1094
14002,28.009603201347414,1090
14003,28.011603601518914,1088
14004,28.013604001690414,1093
14005,28.015604401861914,1102
14006,28.017604802033414,1105
14007,28.019605202204918,1104
14008,28.021605602376418,1109
14009,28.02360600254792,1116
14010,28.02560640271942,1121
14011,28.02760680289092,1123
14012,28.02960720306242,1125
14013,28.03160760323392,1120
14014,28.03360800340542,1104
14015,28.03560840357692,1088
14016,28.03760880374842,1089
14017,28.03960920391992,1105
14018,28.04160960409142,1120
14019,28.04361000426292,1124
14020,28.04561040443442,1121
14021,28.04761080460592,1119
14022,28.04961120477742,1122
14023,28.05161160494892,1132
14024,28.05361200512042,1143
14025,28.05561240529192,1147
14026,28.05761280546342,1141
14027,28.05961320563492,1134
14028,28.06161360580642,1135
14029,28.06361400597792,1135
14030,28.065614406149425,1128
14031,28.067614806320925,1116
14032,28.069615206492426,1111
14033,28.071615606663926,1120
14034,28.073616006835426,1136
14035,28.075616407006926,1147
14036,28.077616807178426,1149
14037,28.079617207349926,1144
14038,28.081617607521427,1140
14039,28.083618007692927,1145
14040,28.085618407864427,1155
14041,28.087618808035927,1159
14042,28.089619208207427,1155
14043,28.091619608378927,1146
14044,28.093620008550428,1138
14045,28.095620408721928,1134
14046,28.097620808893428,1135
14047,28.099621209064928,1133
14048,28.101621609236428,1125
14049,28.10362200940793,1118
14050,28.10562240957943,1121
14051,28.10762280975093,1135
14052,28.10962320992243,1147
14053,28.111623610093933,1146
14054,28.113624010265433,1139
14055,28.115624410436933,1141
14056,28.117624810608433,1156
14057,28.119625210779933,1169
14058,28.121625610951433,1169
14059,28.123626011122933,1164
14060,28.125626411294434,1164
14061,28.127626811465934,1165
14062,28.129627211637434,1163
14063,28.131627611808934,1155
14064,28.133628011980434,1147
14065,28.135628412151934,1146
14066,28.137628812323435,1153
14067,28.139629212494935,1160
14068,28.141629612666435,1161
14069,28.143630012837935,1156
14070,28.145630413009435,1146
14071,28.147630813180935,1137
14072,28.149631213352436,1136
14073,28.151631613523936,1141
14074,28.153632013695436,1142
14075,28.155632413866936,1135
14076,28.15763281403844,1127
14077,28.15963321420994,1122
14078,28.16163361438144,1123
14079,28.16363401455294,1128
14080,28.16563441472444,1131
14081,28.16763481489594,1128
14082,28.16963521506744,1125
14083,28.17163561523894,1129
14084,28.17363601541044,1135
14085,28.17563641558194,1136
14086,28.17763681575344,1130
14087,28.17963721592494,1121
14088,28.18163761609644,1114
14089,28.183638016267942,1116
14090,28.185638416439442,1125
14091,28.187638816610942,1133
14092,28.189639216782442,1136
14093,28.191639616953942,1132
14094,28.193640017125443,1119
14095,28.195640417296943,1108
14096,28.197640817468443,1110
14097,28.199641217639943,1125
14098,28.201641617811443,1139
14099,28.203642017982947,1140
14100,28.205642418154447,1135
14101,28.207642818325947,1134
14102,28.209643218497447,1145
14103,28.211643618668948,1160
14104,28.213644018840448,1163
14105,28.215644419011948,1148
14106,28.217644819183448,1134
14107,28.21964521935495,1140
14108,28.22164561952645,1158
14109,28.22364601969795,1166
14110,28.22564641986945,1151
14111,28.22764682004095,1128
14112,28.22964722021245,1117
14113,28.23164762038395,1119
14114,28.23364802055545,1122
14115,28.23564842072695,1121
14116,28.23764882089845,1119
14117,28.23964922106995,1114
14118,28.24164962124145,1108
14119,28.24365002141295,1105
14120,28.24565042158445,1112
14121,28.24765082175595,1128
14122,28.249651221927454,1146
14123,28.251651622098954,1155
14124,28.253652022270455,1155
14125,28.255652422441955,1152
14126,28.257652822613455,1154
14127,28.259653222784955,1161
14128,28.261653622956455,1168
14129,28.263654023127955,1165
14130,28.265654423299456,1151
14131,28.267654823470956,1138
14132,28.269655223642456,1133
14133,28.271655623813956,1133
14134,28.273656023985456,1136
14135,28.275656424156956,1143
14136,28.277656824328457,1155
14137,28.279657224499957,1160
14138,28.281657624671457,1155
14139,28.283658024842957,1147
14140,28.285658425014457,1148
14141,28.287658825185957,1154
14142,28.289659225357457,1151
14143,28.291659625528958,1141
14144,28.293660025700458,1130
14145,28.29566042587196,1125
14146,28.29766082604346,1130
14147,28.299661226214962,1142
14148,28.301661626386462,1150
14149,28.303662026557962,1148
14150,28.305662426729462,1139
14151,28.307662826900962,1131
14152,28.309663227072463,1125
14153,28.311663627243963,1120
14154,28.313664027415463,1117
14155,28.315664427586963,1116
14156,28.317664827758463,1120
14157,28.319665227929963,1135
14158,28.321665628101464,1151
14159,28.323666028272964,1156
14160,28.325666428444464,1147
14161,28.327666828615964,1136
14162,28.329667228787464,1133
14163,28.331667628958964,1134
14164,28.333668029130465,1128
14165,28.335668429301965,1120
14166,28.337668829473465,1117
14167,28.339669229644965,1115
14168,28.34166962981647,1103
14169,28.34367002998797,1090
14170,28.34567043015947,1088
14171,28.34767083033097,1099
14172,28.34967123050247,1111
14173,28.35167163067397,1119
14174,28.35367203084547,1126
14175,28.35567243101697,1130
14176,28.35767283118847,1125
14177,28.35967323135997,1106
14178,28.36167363153147,1087
14179,28.36367403170297,1084
14180,28.36567443187447,1099
14181,28.36767483204597,1116
14182,28.36967523221747,1120
14183,28.37167563238897,1115
14184,28.37367603256047,1109
14185,28.37567643273197,1110
14186,28.37767683290347,1120
14187,28.379677233074972,1134
14188,28.381677633246472,1137
14189,28.383678033417972,1128
14190,28.385678433589472,1123
14191,28.387678833760976,1130
14192,28.389679233932476,1142
14193,28.391679634103976,1144
14194,28.393680034275476,1135
14195,28.395680434446977,1122
14196,28.397680834618477,1115
14197,28.399681234789977,1113
14198,28.401681634961477,1113
14199,28.403682035132977,1116
14200,28.405682435304477,1122
14201,28.407682835475978,1128
14202,28.409683235647478,1128
14203,28.411683635818978,1124
14204,28.413684035990478,1119
14205,28.41568443616198,1117
14206,28.41768483633348,1119
14207,28.41968523650498,1125
14208,28.42168563667648,1129
14209,28.42368603684798,1125
14210,28.42568643701948,1116
14211,28.42768683719098,1108
14212,28.42968723736248,1106
14213,28.43168763753398,1111
14214,28.433688037705483,1124
14215,28.435688437876983,1138
14216,28.437688838048484,1137
14217,28.439689238219984,1120
14218,28.441689638391484,1109
14219,28.443690038562984,1116
14220,28.445690438734484,1125
14221,28.447690838905984,1123
14222,28.449691239077485,1116
14223,28.451691639248985,1119
14224,28.453692039420485,1130
14225,28.455692439591985,1131
14226,28.457692839763485,1115
14227,28.459693239934985,1102
14228,28.461693640106486,1112
14229,28.463694040277986,1134
14230,28.465694440449486,1149
14231,28.467694840620986,1146
14232,28.469695240792486,1130
14233,28.471695640963986,1117
14234,28.473696041135486,1117
14235,28.475696441306987,1127
14236,28.477696841478487,1132
14237,28.47969724164999,1131
14238,28.48169764182149,1126
14239,28.48369804199299,1119
14240,28.48569844216449,1114
14241,28.48769884233599,1113
14242,28.48969924250749,1116
14243,28.49169964267899,1122
14244,28.49370004285049,1125
14245,28.495700443021992,1124
14246,28.497700843193492,1123
14247,28.499701243364992,1131
14248,28.501701643536492,1147
14249,28.503702043707992,1156
14250,28.505702443879493,1157
14251,28.507702844050993,1157
14252,28.509703244222493,1157
14253,28.511703644393993,1158
14254,28.513704044565493,1161
14255,28.515704444736993,1164
14256,28.517704844908494,1154
14257,28.519705245079994,1133
14258,28.521705645251494,1117
14259,28.523706045422994,1112
14260,28.525706445594498,1109
14261,28.527706845765998,1102
14262,28.529707245937498,1100
14263,28.531707646109,1103
14264,28.5337080462805,1102
14265,28.535708446452,1098
14266,28.5377088466235,1102
14267,28.539709246795,1109
14268,28.5417096469665,1105
14269,28.543710047138,1090
14270,28.5457104473095,1079
14271,28.547710847481,1078
14272,28.5497112476525,1084
14273,28.551711647824,1093
14274,28.5537120479955,1105
14275,28.555712448167,1119
14276,28.5577128483385,1129
14277,28.55971324851,1136
14278,28.5617136486815,1141
14279,28.563714048853,1141
14280,28.5657144490245,1135
14281,28.567714849196,1130
14282,28.5697152493675,1129
14283,28.571715649539005,1120
14284,28.573716049710505,1101
14285,28.575716449882005,1085
14286,28.577716850053505,1084
14287,28.579717250225006,1088
14288,28.581717650396506,1087
14289,28.583718050568006,1084
14290,28.585718450739506,1084
14291,28.587718850911006,1085
14292,28.589719251082506,1086
14293,28.591719651254007,1093
14294,28.593720051425507,1105
14295,28.595720451597007,1111
14296,28.597720851768507,1108
14297,28.599721251940007,1100
14298,28.601721652111507,1101
14299,28.603722052283008,1117
14300,28.605722452454508,1134
14301,28.607722852626008,1136
14302,28.609723252797508,1126
14303,28.611723652969008,1120
14304,28.61372405314051,1120
14305,28.61572445331201,1122
14306,28.617724853483512,1125
14307,28.619725253655012,1127
14308,28.621725653826513,1125
14309,28.623726053998013,1117
14310,28.625726454169513,1107
14311,28.627726854341013,1099
14312,28.629727254512513,1092
14313,28.631727654684013,1087
14314,28.633728054855514,1082
14315,28.635728455027014,1083
14316,28.637728855198514,1087
14317,28.639729255370014,1090
14318,28.641729655541514,1090
14319,28.643730055713014,1090
14320,28.645730455884514,1090
14321,28.647730856056015,1089
14322,28.649731256227515,1088
14323,28.651731656399015,1090
14324,28.653732056570515,1096
14325,28.655732456742015,1102
14326,28.657732856913515,1099
14327,28.659733257085016,1090
14328,28.661733657256516,1083
14329,28.66373405742802,1089
14330,28.66573445759952,1104
14331,28.66773485777102,1118
14332,28.66973525794252,1120
14333,28.67173565811402,1112
14334,28.67373605828552,1103
14335,28.67573645845702,1099
14336,28.67773685862852,1102
14337,28.67973725880002,1111
14338,28.68173765897152,1125
14339,28.68373805914302,1136
14340,28.68573845931452,1131
14341,28.68773885948602,1115
14342,28.68973925965752,1107
14343,28.69173965982902,1117
14344,28.693740060000522,1131
14345,28.695740460172022,1134
14346,28.697740860343522,1123
14347,28.699741260515022,1108
14348,28.701741660686523,1099
14349,28.703742060858023,1099
14350,28.705742461029523,1103
14351,28.707742861201023,1106
14352,28.709743261372527,1109
14353,28.711743661544027,1114
14354,28.713744061715527,1119
14355,28.715744461887027,1123
14356,28.717744862058527,1123
14357,28.719745262230028,1121
14358,28.721745662401528,1116
14359,28.723746062573028,1117
14360,28.725746462744528,1128
14361,28.727746862916028,1140
14362,28.72974726308753,1143
14363,28.73174766325903,1137
14364,28.73374806343053,1134
14365,28.73574846360203,1138
14366,28.73774886377353,1135
14367,28.73974926394503,1126
14368,28.74174966411653,1121
14369,28.74375006428803,1128
14370,28.74575046445953,1141
14371,28.74775086463103,1152
14372,28.74975126480253,1151
14373,28.75175166497403,1136
14374,28.75375206514553,1128
14375,28.755752465317034,1136
14376,28.757752865488534,1150
14377,28.759753265660034,1152
14378,28.761753665831534,1139
14379,28.763754066003035,1122
14380,28.765754466174535,1114
14381,28.767754866346035,1109
14382,28.769755266517535,1105
14383,28.771755666689035,1106
14384,28.773756066860535,1112
14385,28.775756467032036,1118
14386,28.777756867203536,1121
14387,28.779757267375036,1129
14388,28.781757667546536,1142
14389,28.783758067718036,1153
14390,28.785758467889536,1156
14391,28.787758868061037,1154
14392,28.789759268232537,1153
14393,28.791759668404037,1152
14394,28.793760068575537,1144
14395,28.795760468747037,1129
14396,28.797760868918537,1111
14397,28.799761269090038,1102
14398,28.80176166926154,1110
14399,28.80376206943304,1129
14400,28.80576246960454,1145
14401,28.80776286977604,1149
14402,28.809763269947542,1139
14403,28.811763670119042,1123
14404,28.813764070290542,1120
14405,28.815764470462042,1136
14406,28.817764870633543,1152
14407,28.819765270805043,1155
14408,28.821765670976543,1152
14409,28.823766071148043,1147
14410,28.825766471319543,1136
14411,28.827766871491043,1121
14412,28.829767271662543,1110
14413,28.831767671834044,1111
14414,28.833768072005544,1122
14415,28.835768472177044,1134
14416,28.837768872348544,1143
14417,28.839769272520044,1146
14418,28.841769672691544,1144
14419,28.843770072863045,1139
14420,28.845770473034545,1130
14421,28.84777087320605,1118
14422,28.84977127337755,1104
14423,28.85177167354905,1099
14424,28.85377207372055,1105
14425,28.85577247389205,1121
14426,28.85777287406355,1135
14427,28.85977327423505,1139
14428,28.86177367440655,1133
14429,28.86377407457805,1130
14430,28.86577447474955,1138
14431,28.86777487492105,1149
14432,28.86977527509255,1151
14433,28.87177567526405,1144
14434,28.87377607543555,1142
14435,28.87577647560705,1144
14436,28.87777687577855,1145
14437,28.87977727595005,1138
14438,28.88177767612155,1132
14439,28.88377807629305,1129
14440,28.88577847646455,1126
14441,28.88777887663605,1125
14442,28.889779276807552,1126
14443,28.891779676979052,1123
14444,28.893780077150556,1119
14445,28.895780477322056,1122
14446,28.897780877493556,1130
14447,28.899781277665056,1136
14448,28.901781677836556,1140
14449,28.903782078008057,1146
14450,28.905782478179557,1155
14451,28.907782878351057,1163
14452,28.909783278522557,1171
14453,28.911783678694057,1181
14454,28.913784078865557,1189
14455,28.915784479037058,1188
14456,28.917784879208558,1176
14457,28.919785279380058,1164
14458,28.921785679551558,1157
14459,28.923786079723058,1150
14460,28.92578647989456,1140
14461,28.92778688006606,1133
14462,28.92978728023756,1130
14463,28.93178768040906,1127
14464,28.93378808058056,1122
14465,28.93578848075206,1116
14466,28.93778888092356,1114
14467,28.939789281095063,1117
14468,28.941789681266563,1122
14469,28.943790081438063,1125
14470,28.945790481609563,1133
14471,28.947790881781064,1145
14472,28.949791281952564,1146
14473,28.951791682124064,1133
14474,28.953792082295564,1117
14475,28.955792482467064,1110
14476,28.957792882638564,1111
14477,28.959793282810065,1114
14478,28.961793682981565,1112
14479,28.963794083153065,1109
14480,28.965794483324565,1119
14481,28.967794883496065,1142
14482,28.969795283667565,1160
14483,28.971795683839066,1159
14484,28.973796084010566,1149
14485,28.975796484182066,1148
14486,28.977796884353566,1155
14487,28.979797284525066,1159
14488,28.981797684696566,1151
14489,28.983798084868067,1135
14490,28.98579848503957,1126
14491,28.98779888521107,1132
14492,28.98979928538257,1146
14493,28.99179968555407,1156
14494,28.99380008572557,1159
14495,28.99580048589707,1155
14496,28.99780088606857,1150
14497,28.99980128624007,1151
14498,29.00180168641157,1159
14499,29.00380208658307,1168
14500,29.005802486754572,1170
14501,29.007802886926072,1163
14502,29.009803287097572,1147
14503,29.011803687269072,1135
14504,29.013804087440572,1135
14505,29.015804487612073,1144
14506,29.017804887783573,1149
14507,29.019805287955073,1146
14508,29.021805688126573,1137
14509,29.023806088298073,1132
14510,29.025806488469573,1137
14511,29.027806888641074,1145
14512,29.029807288812574,1145
14513,29.031807688984077,1139
14514,29.033808089155578,1139
14515,29.035808489327078,1149
14516,29.037808889498578,1159
14517,29.039809289670078,1157
14518,29.04180968984158,1144
14519,29.04381009001308,1131
14520,29.04581049018458,1130
14521,29.04781089035608,1142
14522,29.04981129052758,1160
14523,29.05181169069908,1174
14524,29.05381209087058,1178
14525,29.05581249104208,1174
14526,29.05781289121358,1168
14527,29.05981329138508,1165
14528,29.06181369155658,1159
14529,29.06381409172808,1151
14530,29.06581449189958,1146
14531,29.06781489207108,1154
14532,29.06981529224258,1171
14533,29.07181569241408,1176
14534,29.07381609258558,1158
14535,29.07581649275708,1135
14536,29.077816892928585,1128
14537,29.079817293100085,1136
14538,29.081817693271585,1143
14539,29.083818093443085,1143
14540,29.085818493614585,1141
14541,29.087818893786086,1143
14542,29.089819293957586,1149
14543,29.091819694129086,1151
14544,29.093820094300586,1145
14545,29.095820494472086,1137
14546,29.097820894643586,1138
14547,29.099821294815087,1150
14548,29.101821694986587,1162
14549,29.103822095158087,1159
14550,29.105822495329587,1145
14551,29.107822895501087,1138
14552,29.109823295672587,1152
14553,29.111823695844087,1176
14554,29.113824096015588,1183
14555,29.115824496187088,1169
14556,29.117824896358588,1156
14557,29.119825296530088,1157
14558,29.12182569670159,1165
14559,29.123826096873092,1166
14560,29.125826497044592,1157
14561,29.127826897216092,1147
14562,29.129827297387592,1140
14563,29.131827697559093,1133
14564,29.133828097730593,1121
14565,29.135828497902093,1108
14566,29.137828898073593,1104
14567,29.139829298245093,1114
14568,29.141829698416593,1129
14569,29.143830098588094,1139
14570,29.145830498759594,1142
14571,29.147830898931094,1142
14572,29.149831299102594,1142
14573,29.151831699274094,1147
14574,29.153832099445594,1157
14575,29.155832499617095,1162
14576,29.157832899788595,1153
14577,29.159833299960095,1140
14578,29.161833700131595,1132
14579,29.163834100303095,1132
14580,29.165834500474595,1145
14581,29.167834900646096,1158
14582,29.1698353008176,1155
14583,29.1718357009891,1140
14584,29.1738361011606,1127
14585,29.1758365013321,1123
14586,29.1778369015036,1127
14587,29.1798373016751,1130
14588,29.1818377018466,1130
14589,29.1838381020181,1127
14590,29.1858385021896,1127
14591,29.1878389023611,1131
14592,29.1898393025326,1135
14593,29.1918397027041,1141
14594,29.1938401028756,1152
14595,29.1958405030471,1164
14596,29.1978409032186,1173
14597,29.1998413033901,1172
14598,29.201841703561602,1166
14599,29.203842103733102,1160
14600,29.205842503904602,1151
14601,29.207842904076102,1140
14602,29.209843304247602,1129
14603,29.211843704419103,1122
14604,29.213844104590603,1121
14605,29.215844504762106,1125
14606,29.217844904933607,1135
14607,29.219845305105107,1150
14608,29.221845705276607,1158
14609,29.223846105448107,1152
14610,29.225846505619607,1146
14611,29.227846905791107,1148
14612,29.229847305962608,1149
14613,29.231847706134108,1148
14614,29.233848106305608,1154
14615,29.235848506477108,1163
14616,29.23784890664861,1169
14617,29.23984930682011,1175
14618,29.24184970699161,1186
14619,29.24385010716311,1192
14620,29.24585050733461,1181
14621,29.24785090750611,1163
14622,29.24985130767761,1153
14623,29.25185170784911,1155
14624,29.25385210802061,1158
14625,29.25585250819211,1156
14626,29.25785290836361,1156
14627,29.25985330853511,1165
14628,29.261853708706614,1172
14629,29.263854108878114,1167
14630,29.265854509049614,1150
14631,29.267854909221114,1133
14632,29.269855309392614,1130
14633,29.271855709564115,1144
14634,29.273856109735615,1168
14635,29.275856509907115,1180
14636,29.277856910078615,1173
14637,29.279857310250115,1154
14638,29.281857710421615,1140
14639,29.283858110593115,1143
14640,29.285858510764616,1151
14641,29.287858910936116,1150
14642,29.289859311107616,1143
14643,29.291859711279116,1144
14644,29.293860111450616,1157
14645,29.295860511622116,1163
14646,29.297860911793617,1152
14647,29.299861311965117,1137
14648,29.301861712136617,1139
14649,29.303862112308117,1155
14650,29.305862512479617,1167
14651,29.30786291265112,1167
14652,29.30986331282262,1162
14653,29.31186371299412,1159
14654,29.31386411316562,1162
14655,29.31586451333712,1169
14656,29.317864913508622,1172
14657,29.319865313680122,1167
14658,29.321865713851622,1158
14659,29.323866114023122,1154
14660,29.325866514194622,1155
14661,29.327866914366123,1154
14662,29.329867314537623,1151
14663,29.331867714709123,1153
14664,29.333868114880623,1158
14665,29.335868515052123,1158
14666,29.337868915223623,1149
14667,29.339869315395124,1137
14668,29.341869715566624,1134
14669,29.343870115738124,1139
14670,29.345870515909624,1148
14671,29.347870916081124,1155
14672,29.349871316252624,1157
14673,29.351871716424125,1156
14674,29.35387211659563,1156
14675,29.35587251676713,1158
14676,29.35787291693863,1160
14677,29.35987331711013,1158
14678,29.36187371728163,1154
14679,29.36387411745313,1159
14680,29.36587451762463,1169
14681,29.36787491779613,1172
14682,29.36987531796763,1164
14683,29.37187571813913,1153
14684,29.37387611831063,1148
14685,29.37587651848213,1151
14686,29.37787691865363,1164
14687,29.37987731882513,1176
14688,29.38187771899663,1174
14689,29.38387811916813,1165
14690,29.38587851933963,1165
14691,29.38787891951113,1174
14692,29.38987931968263,1176
14693,29.39187971985413,1165
14694,29.39388012002563,1153
14695,29.39588052019713,1150
14696,29.39788092036863,1155
14697,29.399881320540135,1158
14698,29.401881720711636,1150
14699,29.403882120883136,1140
14700,29.405882521054636,1147
14701,29.407882921226136,1167
14702,29.409883321397636,1174
14703,29.411883721569136,1167
14704,29.413884121740637,1160
14705,29.415884521912137,1156
14706,29.417884922083637,1149
14707,29.419885322255137,1139
14708,29.421885722426637,1137
14709,29.423886122598137,1148
14710,29.425886522769638,1157
14711,29.427886922941138,1150
14712,29.429887323112638,1137
14713,29.431887723284138,1135
14714,29.433888123455638,1142
14715,29.43588852362714,1145
14716,29.43788892379864,1144
14717,29.43988932397014,1145
14718,29.44188972414164,1149
14719,29.44389012431314,1150
14720,29.445890524484643,1146
14721,29.447890924656143,1142
14722,29.449891324827643,1140
14723,29.451891724999143,1140
14724,29.453892125170643,1136
14725,29.455892525342144,1132
14726,29.457892925513644,1130
14727,29.459893325685144,1125
14728,29.461893725856644,1123
14729,29.463894126028144,1131
14730,29.465894526199644,1143
14731,29.467894926371144,1149
14732,29.469895326542645,1146
14733,29.471895726714145,1139
14734,29.473896126885645,1134
14735,29.475896527057145,1136
14736,29.477896927228645,1138
14737,29.479897327400145,1137
14738,29.481897727571646,1136
14739,29.483898127743146,1137
14740,29.485898527914646,1139
14741,29.487898928086146,1139
14742,29.489899328257646,1128
14743,29.49189972842915,1111
14744,29.49390012860065,1105
14745,29.49590052877215,1115
14746,29.49790092894365,1129
14747,29.49990132911515,1139
14748,29.50190172928665,1141
14749,29.50390212945815,1136
14750,29.50590252962965,1128
14751,29.50790292980115,1122
14752,29.50990332997265,1124
14753,29.51190373014415,1131
14754,29.51390413031565,1142
14755,29.515904530487152,1152
14756,29.517904930658652,1155
14757,29.519905330830152,1150
14758,29.521905731001652,1147
14759,29.523906131173153,1149
14760,29.525906531344653,1153
14761,29.527906931516153,1154
14762,29.529907331687653,1151
14763,29.531907731859153,1151
14764,29.533908132030653,1156
14765,29.535908532202154,1161
14766,29.537908932373657,1158
14767,29.539909332545157,1149
14768,29.541909732716658,1148
14769,29.543910132888158,1159
14770,29.545910533059658,1168
14771,29.547910933231158,1165
14772,29.549911333402658,1160
14773,29.55191173357416,1163
14774,29.55391213374566,1168
14775,29.55591253391716,1167
14776,29.55791293408866,1161
14777,29.55991333426016,1157
14778,29.56191373443166,1155
14779,29.56391413460316,1151
14780,29.56591453477466,1151
14781,29.56791493494616,1160
14782,29.56991533511766,1173
14783,29.57191573528916,1170
14784,29.57391613546066,1151
14785,29.57591653563216,1135
14786,29.57791693580366,1136
14787,29.57991733597516,1148
14788,29.58191773614666,1162
14789,29.583918136318164,1172
14790,29.585918536489665,1176
14791,29.587918936661165,1182
14792,29.589919336832665,1192
14793,29.591919737004165,1196
14794,29.593920137175665,1192
14795,29.595920537347165,1190
14796,29.597920937518666,1193
14797,29.599921337690166,1185
14798,29.601921737861666,1165
14799,29.603922138033166,1149
14800,29.605922538204666,1148
14801,29.607922938376166,1152
14802,29.609923338547667,1144
14803,29.611923738719167,1127
14804,29.613924138890667,1117
14805,29.615924539062167,1122
14806,29.617924939233667,1136
14807,29.619925339405167,1143
14808,29.621925739576668,1136
14809,29.623926139748168,1125
14810,29.625926539919668,1128
14811,29.627926940091168,1146
14812,29.62992734026267,1159
14813,29.631927740434172,1155
14814,29.633928140605672,1142
14815,29.635928540777172,1138
14816,29.637928940948672,1145
14817,29.639929341120173,1151
14818,29.641929741291673,1145
14819,29.643930141463173,1138
14820,29.645930541634673,1143
14821,29.647930941806173,1157
14822,29.649931341977673,1164
14823,29.651931742149173,1157
14824,29.653932142320674,1147
14825,29.655932542492174,1143
14826,29.657932942663674,1141
14827,29.659933342835174,1133
14828,29.661933743006674,1121
14829,29.663934143178174,1110
14830,29.665934543349675,1102
14831,29.667934943521175,1093
14832,29.669935343692675,1087
14833,29.671935743864175,1088
14834,29.673936144035675,1098
14835,29.67593654420718,1110
14836,29.67793694437868,1124
14837,29.67993734455018,1138
14838,29.68193774472168,1145
14839,29.68393814489318,1146
14840,29.68593854506468,1147
14841,29.68793894523618,1151
14842,29.68993934540768,1152
14843,29.69193974557918,1150
14844,29.69394014575068,1150
14845,29.69594054592218,1159
14846,29.69794094609368,1170
14847,29.69994134626518,1169
14848,29.70194174643668,1154
14849,29.70394214660818,1139
14850,29.70594254677968,1138
14851,29.70794294695118,1153
14852,29.70994334712268,1169
14853,29.711943747294182,1175
14854,29.713944147465682,1169
14855,29.715944547637182,1155
14856,29.717944947808682,1142
14857,29.719945347980183,1139
14858,29.721945748151686,1142
14859,29.723946148323186,1140
14860,29.725946548494687,1137
14861,29.727946948666187,1139
14862,29.729947348837687,1144
14863,29.731947749009187,1147
14864,29.733948149180687,1152
14865,29.735948549352187,1157
14866,29.737948949523688,1155
14867,29.739949349695188,1148
14868,29.741949749866688,1147
14869,29.743950150038188,1152
14870,29.745950550209688,1155
14871,29.74795095038119,1150
14872,29.74995135055269,1146
14873,29.75195175072419,1147
14874,29.75395215089569,1151
14875,29.75595255106719,1161
14876,29.75795295123869,1181
14877,29.75995335141019,1203
14878,29.76195375158169,1210
14879,29.76395415175319,1196
14880,29.76595455192469,1174
14881,29.767954952096193,1162
14882,29.769955352267694,1161
14883,29.771955752439194,1163
14884,29.773956152610694,1161
14885,29.775956552782194,1158
14886,29.777956952953694,1156
14887,29.779957353125194,1156
14888,29.781957753296695,1163
14889,29.783958153468195,1171
14890,29.785958553639695,1172
14891,29.787958953811195,1169
14892,29.789959353982695,1164
14893,29.791959754154195,1161
14894,29.793960154325696,1167
14895,29.795960554497196,1174
14896,29.797960954668696,1170
14897,29.799961354840196,1159
14898,29.801961755011696,1149
14899,29.803962155183196,1147
14900,29.805962555354697,1154
14901,29.807962955526197,1167
14902,29.809963355697697,1170
14903,29.811963755869197,1160
14904,29.8139641560407,1149
14905,29.8159645562122,1143
14906,29.8179649563837,1141
14907,29.8199653565552,1145
14908,29.8219657567267,1155
14909,29.8239661568982,1162
14910,29.8259665570697,1164
14911,29.827966957241202,1163
14912,29.829967357412702,1157
14913,29.831967757584202,1151
14914,29.833968157755702,1154
14915,29.835968557927202,1162
14916,29.837968958098703,1166
14917,29.839969358270203,1160
14918,29.841969758441703,1149
14919,29.843970158613203,1146
14920,29.845970558784703,1154
14921,29.847970958956203,1159
14922,29.849971359127704,1151
14923,29.851971759299204,1137
14924,29.853972159470704,1129
14925,29.855972559642204,1127
14926,29.857972959813704,1124
14927,29.859973359985208,1117
14928,29.861973760156708,1115
14929,29.86397416032821,1125
14930,29.86597456049971,1142
14931,29.86797496067121,1151
14932,29.86997536084271,1146
14933,29.87197576101421,1136
14934,29.87397616118571,1134
14935,29.87597656135721,1144
14936,29.87797696152871,1157
14937,29.87997736170021,1162
14938,29.88197776187171,1159
14939,29.88397816204321,1154
14940,29.88597856221471,1152
14941,29.88797896238621,1153
14942,29.88997936255771,1152
14943,29.89197976272921,1150
14944,29.89398016290071,1152
14945,29.89598056307221,1157
14946,29.89798096324371,1152
14947,29.89998136341521,1135
14948,29.90198176358671,1116
14949,29.90398216375821,1106
14950,29.905982563929715,1114
14951,29.907982964101215,1131
14952,29.909983364272716,1143
14953,29.911983764444216,1147
14954,29.913984164615716,1155
14955,29.915984564787216,1164
14956,29.917984964958716,1165
14957,29.919985365130216,1155
14958,29.921985765301716,1144
14959,29.923986165473217,1140
14960,29.925986565644717,1140
14961,29.927986965816217,1140
14962,29.929987365987717,1135
14963,29.931987766159217,1128
14964,29.933988166330717,1127
14965,29.935988566502218,1132
14966,29.937988966673718,1142
14967,29.939989366845218,1156
14968,29.941989767016718,1165
14969,29.94399016718822,1166
14970,29.94599056735972,1165
14971,29.94799096753122,1167
14972,29.94999136770272,1168
14973,29.951991767874222,1163
14974,29.953992168045723,1160
14975,29.955992568217223,1163
14976,29.957992968388723,1165
14977,29.959993368560223,1162
14978,29.961993768731723,1159
14979,29.963994168903223,1164
14980,29.965994569074724,1172
14981,29.967994969246224,1175
14982,29.969995369417724,1171
14983,29.971995769589224,1168
14984,29.973996169760724,1167
14985,29.975996569932224,1165
14986,29.977996970103725,1156
14987,29.979997370275225,1148
14988,29.981997770446725,1151
14989,29.983998170618225,1165
14990,29.985998570789725,1175
14991,29.987998970961225,1172
14992,29.989999371132726,1162
14993,29.991999771304226,1159
14994,29.994000171475726,1161
14995,29.996000571647226,1160
14996,29.99800097181873,1162
14997,30.00000137199023,1165
14998,30.00200177216173,1161
14999,30.00400217233323,1147
15000,30.00600257250473,1136
15001,30.00800297267623,1138
15002,30.01000337284773,1148
15003,30.01200377301923,1150
15004,30.01400417319073,1145
15005,30.01600457336223,1141
15006,30.01800497353373,1142
15007,30.02000537370523,1146
15008,30.02200577387673,1152
15009,30.024006174048232,1159
15010,30.026006574219732,1158
15011,30.028006974391232,1145
15012,30.030007374562732,1129
15013,30.032007774734232,1123
15014,30.034008174905733,1131
15015,30.036008575077233,1139
15016,30.038008975248733,1143
15017,30.040009375420233,1147
15018,30.042009775591733,1147
15019,30.044010175763237,1137
15020,30.046010575934737,1126
15021,30.048010976106237,1128
15022,30.050011376277737,1139
15023,30.052011776449238,1141
15024,30.054012176620738,1133
15025,30.056012576792238,1135
15026,30.058012976963738,1150
15027,30.06001337713524,1160
15028,30.06201377730674,1155
15029,30.06401417747824,1140
15030,30.06601457764974,1134
15031,30.06801497782124,1143
15032,30.07001537799274,1153
15033,30.07201577816424,1146
15034,30.07401617833574,1135
15035,30.07601657850724,1137
15036,30.07801697867874,1147
15037,30.08001737885024,1148
15038,30.08201777902174,1140
15039,30.08401817919324,1139
15040,30.08601857936474,1149
15041,30.08801897953624,1157
15042,30.090019379707744,1150
15043,30.092019779879244,1136
15044,30.094020180050745,1128
15045,30.096020580222245,1125
15046,30.098020980393745,1122
15047,30.100021380565245,1121
15048,30.102021780736745,1123
15049,30.104022180908245,1123
15050,30.106022581079745,1122
15051,30.108022981251246,1125
15052,30.110023381422746,1129
15053,30.112023781594246,1130
15054,30.114024181765746,1129
15055,30.116024581937246,1125
15056,30.118024982108746,1119
15057,30.120025382280247,1113
15058,30.122025782451747,1112
15059,30.124026182623247,1117
15060,30.126026582794747,1120
15061,30.128026982966247,1117
15062,30.130027383137747,1109
15063,30.132027783309248,1101
15064,30.13402818348075,1098
15065,30.13602858365225,1101
15066,30.13802898382375,1109
15067,30.140029383995252,1122
15068,30.142029784166752,1141
15069,30.144030184338252,1158
15070,30.146030584509752,1164
15071,30.148030984681252,1158
15072,30.150031384852753,1153
15073,30.152031785024253,1159
15074,30.154032185195753,1167
15075,30.156032585367253,1165
15076,30.158032985538753,1153
15077,30.160033385710253,1137
15078,30.162033785881754,1123
15079,30.164034186053254,1117
15080,30.166034586224754,1120
15081,30.168034986396254,1129
15082,30.170035386567754,1143
15083,30.172035786739254,1157
15084,30.174036186910755,1163
15085,30.176036587082255,1161
15086,30.178036987253755,1154
15087,30.18003738742526,1143
15088,30.18203778759676,1133
15089,30.18403818776826,1126
15090,30.18603858793976,1118
15091,30.18803898811126,1109
15092,30.19003938828276,1104
15093,30.19203978845426,1107
15094,30.19404018862576,1113
15095,30.19604058879726,1120
15096,30.19804098896876,1125
15097,30.20004138914026,1126
15098,30.20204178931176,1124
15099,30.20404218948326,1120
15100,30.20604258965476,1118
15101,30.20804298982626,1123
15102,30.21004338999776,1132
15103,30.21204379016926,1138
15104,30.21404419034076,1142
15105,30.21604459051226,1141
15106,30.21804499068376,1132
15107,30.22004539085526,1119
15108,30.222045791026762,1119
15109,30.224046191198262,1136
15110,30.226046591369766,1148
15111,30.228046991541266,1136
15112,30.230047391712766,1114
15113,30.232047791884266,1107
15114,30.234048192055766,1116
15115,30.236048592227267,1127
15116,30.238048992398767,1134
15117,30.240049392570267,1134
15118,30.242049792741767,1124
15119,30.244050192913267,1110
15120,30.246050593084767,1104
15121,30.248050993256268,1108
15122,30.250051393427768,1111
15123,30.252051793599268,1105
15124,30.254052193770768,1092
15125,30.256052593942268,1080
15126,30.25805299411377,1080
15127,30.26005339428527,1092
15128,30.26205379445677,1105
15129,30.26405419462827,1109
15130,30.26605459479977,1105
15131,30.26805499497127,1102
15132,30.27005539514277,1103
15133,30.272055795314273,1104
15134,30.274056195485773,1104
15135,30.276056595657273,1109
15136,30.278056995828774,1116
15137,30.280057396000274,1121
15138,30.282057796171774,1120
15139,30.284058196343274,1115
15140,30.286058596514774,1105
15141,30.288058996686274,1099
15142,30.290059396857774,1107
15143,30.292059797029275,1120
15144,30.294060197200775,1121
15145,30.296060597372275,1108
15146,30.298060997543775,1093
15147,30.300061397715275,1090
15148,30.302061797886775,1099
15149,30.304062198058276,1112
15150,30.306062598229776,1117
15151,30.308062998401276,1112
15152,30.310063398572776,1103
15153,30.312063798744276,1099
15154,30.314064198915776,1107
15155,30.316064599087277,1120
15156,30.31806499925878,1120
15157,30.32006539943028,1107
15158,30.32206579960178,1095
15159,30.32406619977328,1097
15160,30.32606659994478,1110
15161,30.32806700011628,1123
15162,30.33006740028778,1124
15163,30.33206780045928,1117
15164,30.33406820063078,1119
15165,30.33606860080228,1133
15166,30.338069000973782,1141
15167,30.340069401145282,1130
15168,30.342069801316782,1110
15169,30.344070201488282,1105
15170,30.346070601659783,1117
15171,30.348071001831283,1129
15172,30.350071402002783,1128
15173,30.352071802174283,1116
15174,30.354072202345783,1108
15175,30.356072602517283,1113
15176,30.358073002688784,1129
15177,30.360073402860284,1139
15178,30.362073803031784,1137
15179,30.364074203203288,1126
15180,30.366074603374788,1120
15181,30.368075003546288,1120
15182,30.370075403717788,1122
15183,30.372075803889288,1124
15184,30.37407620406079,1125
15185,30.37607660423229,1123
15186,30.37807700440379,1122
15187,30.38007740457529,1125
15188,30.38207780474679,1132
15189,30.38407820491829,1140
15190,30.38607860508979,1152
15191,30.38807900526129,1164
15192,30.39007940543279,1167
15193,30.39207980560429,1157
15194,30.39408020577579,1146
15195,30.39608060594729,1145
15196,30.39808100611879,1150
15197,30.40008140629029,1149
15198,30.40208180646179,1145
15199,30.40408220663329,1149
15200,30.40608260680479,1157
15201,30.40808300697629,1160
15202,30.410083407147795,1160
15203,30.412083807319295,1167
15204,30.414084207490795,1174
15205,30.416084607662295,1172
15206,30.418085007833795,1163
15207,30.420085408005296,1161
15208,30.422085808176796,1168
15209,30.424086208348296,1177
15210,30.426086608519796,1178
15211,30.428087008691296,1167
15212,30.430087408862796,1146
15213,30.432087809034297,1130
15214,30.434088209205797,1129
15215,30.436088609377297,1138
15216,30.438089009548797,1147
15217,30.440089409720297,1144
15218,30.442089809891797,1129
15219,30.444090210063298,1111
15220,30.446090610234798,1107
15221,30.448091010406298,1120
15222,30.450091410577798,1134
15223,30.452091810749298,1139
15224,30.4540922109208,1137
15225,30.456092611092302,1133
15226,30.458093011263802,1127
15227,30.460093411435302,1122
15228,30.462093811606803,1120
15229,30.464094211778303,1117
15230,30.466094611949803,1116
15231,30.468095012121303,1124
15232,30.470095412292803,1136
15233,30.472095812464303,1143
15234,30.474096212635803,1141
15235,30.476096612807304,1132
15236,30.478097012978804,1125
15237,30.480097413150304,1122
15238,30.482097813321804,1122
15239,30.484098213493304,1122
15240,30.486098613664804,1122
15241,30.488099013836305,1123
15242,30.490099414007805,1125
15243,30.492099814179305,1126
15244,30.494100214350805,1130
15245,30.496100614522305,1139
15246,30.498101014693805,1150
15247,30.500101414865306,1154
15248,30.50210181503681,1150
15249,30.50410221520831,1147
15250,30.50610261537981,1149
15251,30.50810301555131,1150
15252,30.51010341572281,1144
15253,30.51210381589431,1140
15254,30.51410421606581,1143
15255,30.51610461623731,1148
15256,30.51810501640881,1143
15257,30.52010541658031,1130
15258,30.52210581675181,1122
15259,30.52410621692331,1125
15260,30.52610661709481,1128
15261,30.52810701726631,1129
15262,30.53010741743781,1131
15263,30.53210781760931,1131
15264,30.534108217780812,1127
15265,30.536108617952312,1124
15266,30.538109018123812,1131
15267,30.540109418295312,1143
15268,30.542109818466812,1148
15269,30.544110218638313,1139
15270,30.546110618809813,1127
15271,30.548111018981317,1125
15272,30.550111419152817,1132
15273,30.552111819324317,1134
15274,30.554112219495817,1131
15275,30.556112619667317,1127
15276,30.558113019838817,1129
15277,30.560113420010317,1140
15278,30.562113820181818,1161
15279,30.564114220353318,1180
15280,30.566114620524818,1179
15281,30.568115020696318,1159
15282,30.57011542086782,1141
15283,30.57211582103932,1135
15284,30.57411622121082,1135
15285,30.57611662138232,1138
15286,30.57811702155382,1145
15287,30.58011742172532,1155
15288,30.58211782189682,1158
15289,30.58411822206832,1152
15290,30.58611862223982,1141
15291,30.58811902241132,1140
15292,30.59011942258282,1150
15293,30.59211982275432,1163
15294,30.594120222925824,1169
15295,30.596120623097324,1164
15296,30.598121023268824,1155
15297,30.600121423440324,1146
15298,30.602121823611824,1140
15299,30.604122223783325,1143
15300,30.606122623954825,1156
15301,30.608123024126325,1163
15302,30.610123424297825,1156
15303,30.612123824469325,1142
15304,30.614124224640825,1133
15305,30.616124624812326,1133
15306,30.618125024983826,1141
15307,30.620125425155326,1155
15308,30.622125825326826,1169
15309,30.624126225498326,1177
15310,30.626126625669826,1176
15311,30.628127025841327,1173
15312,30.630127426012827,1173
15313,30.632127826184327,1174
15314,30.634128226355827,1171
15315,30.636128626527327,1169
15316,30.638129026698827,1176
15317,30.64012942687033,1181
15318,30.64212982704183,1171
15319,30.64413022721333,1149
15320,30.64613062738483,1136
15321,30.64813102755633,1141
15322,30.650131427727832,1153
15323,30.652131827899332,1158
15324,30.654132228070832,1154
15325,30.656132628242332,1148
15326,30.658133028413832,1143
15327,30.660133428585333,1141
15328,30.662133828756833,1144
15329,30.664134228928333,1151
15330,30.666134629099833,1160
15331,30.668135029271333,1169
15332,30.670135429442833,1170
15333,30.672135829614334,1160
15334,30.674136229785834,1148
15335,30.676136629957334,1145
15336,30.678137030128834,1152
15337,30.680137430300334,1158
15338,30.682137830471834,1155
15339,30.684138230643335,1148
15340,30.68613863081484,1142
15341,30.68813903098634,1138
15342,30.69013943115784,1138
15343,30.69213983132934,1140
15344,30.69414023150084,1141
15345,30.69614063167234,1141
15346,30.69814103184384,1143
15347,30.70014143201534,1147
15348,30.70214183218684,1148
15349,30.70414223235834,1145
15350,30.70614263252984,1147
15351,30.70814303270134,1155
15352,30.71014343287284,1168
15353,30.71214383304434,1179
15354,30.71414423321584,1183
15355,30.71614463338734,1171
15356,30.71814503355884,1151
15357,30.72014543373034,1141
15358,30.72214583390184,1144
15359,30.72414623407334,1149
15360,30.72614663424484,1150
15361,30.72814703441634,1149
15362,30.730147434587842,1146
15363,30.732147834759346,1145
15364,30.734148234930846,1147
15365,30.736148635102346,1151
15366,30.738149035273846,1150
15367,30.740149435445346,1149
15368,30.742149835616846,1154
15369,30.744150235788346,1161
15370,30.746150635959847,1155
15371,30.748151036131347,1137
15372,30.750151436302847,1121
15373,30.752151836474347,1121
15374,30.754152236645847,1135
15375,30.756152636817347,1144
15376,30.758153036988848,1146
15377,30.760153437160348,1151
15378,30.762153837331848,1162
15379,30.764154237503348,1163
15380,30.76615463767485,1149
15381,30.76815503784635,1130
15382,30.77015543801785,1121
15383,30.77215583818935,1124
15384,30.77415623836085,1134
15385,30.77615663853235,1142
15386,30.778157038703853,1145
15387,30.780157438875353,1140
15388,30.782157839046853,1133
15389,30.784158239218353,1130
15390,30.786158639389853,1135
15391,30.788159039561354,1147
15392,30.790159439732854,1159
15393,30.792159839904354,1165
15394,30.794160240075854,1162
15395,30.796160640247354,1154
15396,30.798161040418854,1143
15397,30.800161440590355,1138
15398,30.802161840761855,1138
15399,30.804162240933355,1135
15400,30.806162641104855,1128
15401,30.808163041276355,1125
15402,30.810163441447855,1132
15403,30.812163841619356,1142
15404,30.814164241790856,1139
15405,30.816164641962356,1126
15406,30.818165042133856,1124
15407,30.820165442305356,1139
15408,30.822165842476856,1152
15409,30.82416624264836,1143
15410,30.82616664281986,1120
15411,30.82816704299136,1108
15412,30.83016744316286,1114
15413,30.83216784333436,1131
15414,30.83416824350586,1146
15415,30.83616864367736,1143
15416,30.83816904384886,1126
15417,30.84016944402036,1115
15418,30.84216984419186,1121
15419,30.84417024436336,1132
15420,30.846170644534862,1137
15421,30.848171044706362,1135
15422,30.850171444877862,1137
15423,30.852171845049362,1146
15424,30.854172245220862,1153
15425,30.856172645392363,1153
15426,30.858173045563863,1148
15427,30.860173445735363,1148
15428,30.862173845906863,1151
15429,30.864174246078363,1152
15430,30.866174646249863,1152
15431,30.868175046421364,1154
15432,30.870175446592867,1156
15433,30.872175846764367,1149
15434,30.874176246935868,1128
15435,30.876176647107368,1105
15436,30.878177047278868,1096
15437,30.880177447450368,1105
15438,30.88217784762187,1122
15439,30.88417824779337,1132
15440,30.88617864796487,1136
15441,30.88817904813637,1138
15442,30.89017944830787,1143
15443,30.89217984847937,1143
15444,30.89418024865087,1139
15445,30.89618064882237,1133
15446,30.89818104899387,1130
15447,30.90018144916537,1129
15448,30.90218184933687,1130
15449,30.90418224950837,1135
15450,30.90618264967987,1144
15451,30.90818304985137,1150
15452,30.91018345002287,1151
15453,30.91218385019437,1149
15454,30.91418425036587,1149
15455,30.916184650537375,1150
15456,30.918185050708875,1148
15457,30.920185450880375,1142
15458,30.922185851051875,1137
15459,30.924186251223375,1128
15460,30.926186651394875,1107
15461,30.928187051566375,1084
15462,30.930187451737876,1077
15463,30.932187851909376,1087
15464,30.934188252080876,1102
15465,30.936188652252376,1121
15466,30.938189052423876,1137
15467,30.940189452595376,1141
15468,30.942189852766877,1139
15469,30.944190252938377,1137
15470,30.946190653109877,1138
15471,30.948191053281377,1140
15472,30.950191453452877,1139
15473,30.952191853624377,1133
15474,30.954192253795878,1120
15475,30.956192653967378,1104
15476,30.958193054138878,1097
15477,30.960193454310378,1104
15478,30.96219385448188,1112
15479,30.964194254653382,1114
15480,30.966194654824882,1113
15481,30.968195054996382,1111
15482,30.970195455167882,1112
15483,30.972195855339383,1120
15484,30.974196255510883,1132
15485,30.976196655682383,1143
15486,30.978197055853883,1152
15487,30.980197456025383,1157
15488,30.982197856196883,1154
15489,30.984198256368384,1140
15490,30.986198656539884,1129
15491,30.988199056711384,1134
15492,30.990199456882884,1149
15493,30.992199857054384,1153
15494,30.994200257225884,1136
15495,30.996200657397385,1113
15496,30.998201057568885,1103
15497,31.000201457740385,1115
15498,31.002201857911885,1133
15499,31.004202258083385,1137
15500,31.006202658254885,1123
15501,31.00820305842639,1110
15502,31.01020345859789,1109
15503,31.01220385876939,1116
15504,31.01420425894089,1122
15505,31.01620465911239,1124
15506,31.01820505928389,1121
15507,31.02020545945539,1121
15508,31.02220585962689,1128
15509,31.02420625979839,1138
15510,31.02620665996989,1144
15511,31.02820706014139,1145
15512,31.03020746031289,1143
15513,31.03220786048439,1138
15514,31.03420826065589,1133
15515,31.03620866082739,1129
15516,31.03820906099889,1127
15517,31.04020946117039,1127
15518,31.04220986134189,1125
15519,31.044210261513392,1115
15520,31.046210661684892,1102
15521,31.048211061856392,1099
15522,31.050211462027892,1105
15523,31.052211862199393,1109
15524,31.054212262370896,1108
15525,31.056212662542396,1104
15526,31.058213062713897,1100
15527,31.060213462885397,1098
15528,31.062213863056897,1104
15529,31.064214263228397,1119
15530,31.066214663399897,1134
15531,31.068215063571397,1142
15532,31.070215463742898,1139
15533,31.072215863914398,1130
15534,31.074216264085898,1122
15535,31.076216664257398,1121
15536,31.078217064428898,1125
15537,31.0802174646004,1126
15538,31.0822178647719,1118
15539,31.0842182649434,1113
15540,31.0862186651149,1121
15541,31.0882190652864,1132
15542,31.0902194654579,1135
15543,31.0922198656294,1128
15544,31.0942202658009,1120
15545,31.0962206659724,1117
15546,31.0982210661439,1121
15547,31.100221466315404,1128
15548,31.102221866486904,1131
15549,31.104222266658404,1121
15550,31.106222666829904,1101
15551,31.108223067001404,1089
15552,31.110223467172904,1090
15553,31.112223867344404,1099
15554,31.114224267515905,1111
15555,31.116224667687405,1118
15556,31.118225067858905,1116
15557,31.120225468030405,1109
15558,31.122225868201905,1104
15559,31.124226268373405,1104
15560,31.126226668544906,1107
15561,31.128227068716406,1108
15562,31.130227468887906,1100
15563,31.132227869059406,1088
15564,31.134228269230906,1089
15565,31.136228669402406,1109
15566,31.138229069573907,1132
15567,31.140229469745407,1138
15568,31.142229869916907,1133
15569,31.144230270088407,1134
15570,31.14623067025991,1148
15571,31.14823107043141,1164
15572,31.15023147060291,1170
15573,31.15223187077441,1166
15574,31.15423227094591,1156
15575,31.15623267111741,1147
15576,31.15823307128891,1139
15577,31.160233471460412,1128
15578,31.162233871631912,1120
15579,31.164234271803412,1122
15580,31.166234671974912,1130
15581,31.168235072146413,1133
15582,31.170235472317913,1130
15583,31.172235872489413,1127
15584,31.174236272660913,1129
15585,31.176236672832413,1136
15586,31.178237073003913,1144
15587,31.180237473175413,1150
15588,31.182237873346914,1154
15589,31.184238273518414,1157
15590,31.186238673689914,1160
15591,31.188239073861414,1159
15592,31.190239474032914,1155
15593,31.192239874204418,1154
15594,31.194240274375918,1154
15595,31.19624067454742,1149
15596,31.19824107471892,1141
15597,31.20024147489042,1134
15598,31.20224187506192,1129
15599,31.20424227523342,1124
15600,31.20624267540492,1121
15601,31.20824307557642,1121
15602,31.21024347574792,1123
15603,31.21224387591942,1129
15604,31.21424427609092,1133
15605,31.21624467626242,1130
15606,31.21824507643392,1119
15607,31.22024547660542,1110
15608,31.22224587677692,1106
15609,31.22424627694842,1102
15610,31.22624667711992,1099
15611,31.22824707729142,1102
15612,31.23024747746292,1111
15613,31.23224787763442,1121
15614,31.23424827780592,1130
15615,31.23624867797742,1138
15616,31.238249078148925,1149
15617,31.240249478320425,1157
15618,31.242249878491926,1150
15619,31.244250278663426,1136
15620,31.246250678834926,1134
15621,31.248251079006426,1145
15622,31.250251479177926,1150
15623,31.252251879349426,1145
15624,31.254252279520927,1139
15625,31.256252679692427,1139
15626,31.258253079863927,1143
15627,31.260253480035427,1147
15628,31.262253880206927,1151
15629,31.264254280378427,1151
15630,31.266254680549928,1144
15631,31.268255080721428,1139
15632,31.270255480892928,1144
15633,31.272255881064428,1150
15634,31.274256281235928,1144
15635,31.27625668140743,1128
15636,31.27825708157893,1120
15637,31.28025748175043,1130
15638,31.28225788192193,1144
15639,31.284258282093433,1145
15640,31.286258682264933,1130
15641,31.288259082436433,1116
15642,31.290259482607933,1116
15643,31.292259882779433,1125
15644,31.294260282950933,1133
15645,31.296260683122433,1137
15646,31.298261083293934,1136
15647,31.300261483465434,1135
15648,31.302261883636934,1134
15649,31.304262283808434,1135
15650,31.306262683979934,1137
15651,31.308263084151434,1145
15652,31.310263484322935,1153
15653,31.312263884494435,1158
15654,31.314264284665935,1162
15655,31.316264684837435,1171
15656,31.318265085008935,1178
15657,31.320265485180435,1177
15658,31.322265885351936,1172
15659,31.324266285523436,1172
15660,31.326266685694936,1178
15661,31.328267085866436,1178
15662,31.33026748603794,1169
15663,31.33226788620944,1160
15664,31.33426828638094,1157
15665,31.33626868655244,1156
15666,31.33826908672394,1153
15667,31.34026948689544,1152
15668,31.34226988706694,1152
15669,31.34427028723844,1153
15670,31.34627068740994,1152
15671,31.34827108758144,1145
15672,31.35027148775294,1132
15673,31.35227188792444,1124
15674,31.35427228809594,1129
15675,31.356272688267442,1138
15676,31.358273088438942,1143
15677,31.360273488610442,1140
15678,31.362273888781942,1140
15679,31.364274288953442,1147
15680,31.366274689124943,1154
15681,31.368275089296443,1156
15682,31.370275489467943,1155
15683,31.372275889639443,1154
15684,31.374276289810943,1152
15685,31.376276689982447,1150
15686,31.378277090153947,1150
15687,31.380277490325447,1153
15688,31.382277890496947,1154
15689,31.384278290668448,1152
15690,31.386278690839948,1147
15691,31.388279091011448,1142
15692,31.390279491182948,1139
15693,31.39227989135445,1138
15694,31.39428029152595,1141
15695,31.39628069169745,1143
15696,31.39828109186895,1139
15697,31.40028149204045,1129
15698,31.40228189221195,1119
15699,31.40428229238345,1116
15700,31.40628269255495,1119
15701,31.40828309272645,1127
15702,31.41028349289795,1133
15703,31.41228389306945,1130
15704,31.41428429324095,1117
15705,31.41628469341245,1106
15706,31.41828509358395,1107
15707,31.42028549375545,1114
15708,31.422285893926954,1117
15709,31.424286294098454,1114
15710,31.426286694269955,1111
15711,31.428287094441455,1117
15712,31.430287494612955,1123
15713,31.432287894784455,1121
15714,31.434288294955955,1115
15715,31.436288695127455,1119
15716,31.438289095298956,1125
15717,31.440289495470456,1121
15718,31.442289895641956,1115
15719,31.444290295813456,1118
15720,31.446290695984956,1125
15721,31.448291096156456,1120
15722,31.450291496327957,1102
15723,31.452291896499457,1087
15724,31.454292296670957,1094
15725,31.456292696842457,1122
15726,31.458293097013957,1146
15727,31.460293497185457,1150
15728,31.462293897356957,1141
15729,31.464294297528458,1136
15730,31.466294697699958,1143
15731,31.46829509787146,1155
15732,31.47029549804296,1157
15733,31.472295898214462,1141
15734,31.474296298385962,1117
15735,31.476296698557462,1100
15736,31.478297098728962,1097
15737,31.480297498900462,1106
15738,31.482297899071963,1115
15739,31.484298299243463,1116
15740,31.486298699414963,1117
15741,31.488299099586463,1127
15742,31.490299499757963,1135
15743,31.492299899929463,1129
15744,31.494300300100964,1122
15745,31.496300700272464,1125
15746,31.498301100443964,1126
15747,31.500301500615464,1116
15748,31.502301900786964,1108
15749,31.504302300958464,1110
15750,31.506302701129965,1119
15751,31.508303101301465,1129
15752,31.510303501472965,1138
15753,31.512303901644465,1136
15754,31.51430430181597,1126
15755,31.51630470198747,1126
15756,31.51830510215897,1141
15757,31.52030550233047,1153
15758,31.52230590250197,1147
15759,31.52430630267347,1135
15760,31.52630670284497,1137
15761,31.52830710301647,1151
15762,31.53030750318797,1158
15763,31.53230790335947,1155
15764,31.53430830353097,1153
15765,31.53630870370247,1163
15766,31.53830910387397,1178
15767,31.54030950404547,1184
15768,31.54230990421697,1177
15769,31.54431030438847,1168
15770,31.54631070455997,1165
15771,31.54831110473147,1168
15772,31.55031150490297,1173
15773,31.552311905074472,1180
15774,31.554312305245972,1181
15775,31.556312705417472,1168
15776,31.558313105588972,1153
15777,31.560313505760476,1155
15778,31.562313905931976,1168
15779,31.564314306103476,1173
15780,31.566314706274976,1168
15781,31.568315106446477,1165
15782,31.570315506617977,1171
15783,31.572315906789477,1181
15784,31.574316306960977,1183
15785,31.576316707132477,1171
15786,31.578317107303977,1154
15787,31.580317507475478,1145
15788,31.582317907646978,1148
15789,31.584318307818478,1157
15790,31.586318707989978,1155
15791,31.58831910816148,1138
15792,31.59031950833298,1122
15793,31.59231990850448,1120
15794,31.59432030867598,1127
15795,31.59632070884748,1132
15796,31.59832110901898,1135
15797,31.60032150919048,1141
15798,31.60232190936198,1149
15799,31.60432230953348,1155
15800,31.606322709704983,1155
15801,31.608323109876483,1153
15802,31.610323510047984,1156
15803,31.612323910219484,1163
15804,31.614324310390984,1169
15805,31.616324710562484,1173
15806,31.618325110733984,1174
15807,31.620325510905484,1168
15808,31.622325911076985,1157
15809,31.624326311248485,1148
15810,31.626326711419985,1143
15811,31.628327111591485,1140
15812,31.630327511762985,1141
15813,31.632327911934485,1143
15814,31.634328312105986,1143
15815,31.636328712277486,1150
15816,31.638329112448986,1166
15817,31.640329512620486,1176
15818,31.642329912791986,1168
15819,31.644330312963486,1155
15820,31.646330713134986,1150
15821,31.648331113306487,1152
15822,31.650331513477987,1158
15823,31.65233191364949,1167
15824,31.65433231382099,1172
15825,31.65633271399249,1165
15826,31.65833311416399,1140
15827,31.66033351433549,1110
15828,31.66233391450699,1098
15829,31.66433431467849,1106
15830,31.66633471484999,1111
15831,31.668335115021492,1100
15832,31.670335515192992,1085
15833,31.672335915364492,1077
15834,31.674336315535992,1073
15835,31.676336715707492,1076
15836,31.678337115878993,1089
15837,31.680337516050493,1105
15838,31.682337916221993,1112
15839,31.684338316393493,1113
15840,31.686338716564993,1118
15841,31.688339116736493,1124
15842,31.690339516907994,1125
15843,31.692339917079494,1124
15844,31.694340317250994,1128
15845,31.696340717422494,1137
15846,31.698341117593998,1142
15847,31.700341517765498,1137
15848,31.702341917936998,1130
15849,31.7043423181085,1134
15850,31.70634271828,1147
15851,31.7083431184515,1160
15852,31.710343518623,1165
15853,31.7123439187945,1160
15854,31.714344318966,1150
15855,31.7163447191375,1143
15856,31.718345119309,1144
15857,31.7203455194805,1144
15858,31.722345919652,1139
15859,31.7243463198235,1133
15860,31.726346719995,1137
15861,31.7283471201665,1149
15862,31.730347520338,1156
15863,31.7323479205095,1153
15864,31.734348320681,1143
15865,31.7363487208525,1136
15866,31.738349121024,1138
15867,31.7403495211955,1150
15868,31.742349921367,1160
15869,31.744350321538505,1158
15870,31.746350721710005,1151
15871,31.748351121881505,1152
15872,31.750351522053005,1160
15873,31.752351922224506,1164
15874,31.754352322396006,1164
15875,31.756352722567506,1163
15876,31.758353122739006,1163
15877,31.760353522910506,1163
15878,31.762353923082006,1159
15879,31.764354323253507,1154
15880,31.766354723425007,1151
15881,31.768355123596507,1156
15882,31.770355523768007,1160
15883,31.772355923939507,1154
15884,31.774356324111007,1143
15885,31.776356724282508,1137
15886,31.778357124454008,1142
15887,31.780357524625508,1155
15888,31.782357924797008,1167
15889,31.784358324968508,1170
15890,31.78635872514001,1167
15891,31.78835912531151,1167
15892,31.790359525483012,1171
15893,31.792359925654512,1175
15894,31.794360325826013,1177
15895,31.796360725997513,1177
15896,31.798361126169013,1179
15897,31.800361526340513,1187
15898,31.802361926512013,1196
15899,31.804362326683513,1193
15900,31.806362726855014,1176
15901,31.808363127026514,1161
15902,31.810363527198014,1159
15903,31.812363927369514,1162
15904,31.814364327541014,1160
15905,31.816364727712514,1151
15906,31.818365127884014,1141
15907,31.820365528055515,1137
15908,31.822365928227015,1137
15909,31.824366328398515,1140
15910,31.826366728570015,1151
15911,31.828367128741515,1168
15912,31.830367528913015,1175
15913,31.832367929084516,1160
15914,31.834368329256016,1139
15915,31.83636872942752,1132
15916,31.83836912959902,1143
15917,31.84036952977052,1166
15918,31.84236992994202,1187
15919,31.84437033011352,1188
15920,31.84637073028502,1164
15921,31.84837113045652,1140
15922,31.85037153062802,1143
15923,31.85237193079952,1171
15924,31.85437233097102,1195
15925,31.85637273114252,1195
15926,31.85837313131402,1178
15927,31.86037353148552,1161
15928,31.86237393165702,1160
15929,31.86437433182852,1172
15930,31.866374732000022,1184
15931,31.868375132171522,1181
15932,31.870375532343022,1167
15933,31.872375932514522,1156
15934,31.874376332686023,1161
15935,31.876376732857523,1177
15936,31.878377133029023,1186
15937,31.880377533200523,1179
15938,31.882377933372027,1166
15939,31.884378333543527,1162
15940,31.886378733715027,1171
15941,31.888379133886527,1186
15942,31.890379534058027,1199
15943,31.892379934229528,1206
15944,31.894380334401028,1210
15945,31.896380734572528,1210
15946,31.898381134744028,1203
15947,31.900381534915528,1190
15948,31.90238193508703,1180
15949,31.90438233525853,1178
15950,31.90638273543003,1180
15951,31.90838313560153,1183
15952,31.91038353577303,1184
15953,31.91238393594453,1180
15954,31.91438433611603,1176
15955,31.91638473628753,1173
15956,31.91838513645903,1165
15957,31.92038553663053,1159
15958,31.92238593680203,1163
15959,31.92438633697353,1171
15960,31.92638673714503,1169
15961,31.928387137316534,1159
15962,31.930387537488034,1151
15963,31.932387937659534,1151
15964,31.934388337831034,1160
15965,31.936388738002535,1176
15966,31.938389138174035,1184
15967,31.940389538345535,1179
15968,31.942389938517035,1173
15969,31.944390338688535,1175
15970,31.946390738860035,1176
15971,31.948391139031536,1172
15972,31.950391539203036,1168
15973,31.952391939374536,1173
15974,31.954392339546036,1183
15975,31.956392739717536,1191
15976,31.958393139889036,1186
15977,31.960393540060537,1171
15978,31.962393940232037,1154
15979,31.964394340403537,1145
15980,31.966394740575037,1142
15981,31.968395140746537,1142
15982,31.970395540918037,1148
15983,31.972395941089538,1158
15984,31.97439634126104,1163
15985,31.97639674143254,1154
15986,31.97839714160404,1141
15987,31.98039754177554,1137
15988,31.982397941947042,1145
15989,31.984398342118542,1147
15990,31.986398742290042,1139
15991,31.988399142461542,1129
15992,31.990399542633043,1132
15993,31.992399942804543,1147
15994,31.994400342976043,1165
15995,31.996400743147543,1172
15996,31.998401143319043,1167
15997,32.00040154349055,1159
15998,32.00240194366204,1156
15999,32.00440234383355,1158
16000,32.006402744005044,1160
16001,32.00840314417655,1156
16002,32.010403544348044,1147
16003,32.01240394451955,1145
16004,32.014404344691044,1151
16005,32.01640474486255,1156
16006,32.018405145034045,1153
16007,32.02040554520555,1152
16008,32.022405945377045,1160
16009,32.02440634554855,1175
16010,32.026406745720045,1186
16011,32.02840714589155,1183
16012,32.030407546063046,1168
16013,32.03240794623455,1153
16014,32.034408346406046,1151
16015,32.03640874657755,1157
16016,32.038409146749046,1166
16017,32.04040954692055,1171
16018,32.042409947092054,1172
16019,32.04441034726355,1179
16020,32.046410747435054,1190
16021,32.04841114760655,1194
16022,32.050411547778054,1184
16023,32.05241194794955,1170
16024,32.054412348121055,1158
16025,32.05641274829255,1153
16026,32.058413148464055,1152
16027,32.06041354863555,1154
16028,32.062413948807055,1154
16029,32.06441434897855,1148
16030,32.066414749150056,1139
16031,32.06841514932155,1127
16032,32.070415549493056,1119
16033,32.07241594966455,1120
16034,32.074416349836056,1132
16035,32.07641675000755,1153
16036,32.07841715017906,1175
16037,32.08041755035055,1186
16038,32.08241795052206,1177
16039,32.084418350693554,1161
16040,32.08641875086506,1153
16041,32.08841915103656,1151
16042,32.09041955120806,1149
16043,32.09241995137956,1148
16044,32.09442035155106,1150
16045,32.09642075172256,1141
16046,32.09842115189406,1122
16047,32.10042155206556,1107
16048,32.10242195223706,1107
16049,32.10442235240856,1120
16050,32.10642275258006,1134
16051,32.10842315275156,1141
16052,32.11042355292306,1140
16053,32.11242395309456,1134
16054,32.11442435326606,1129
16055,32.11642475343756,1133
16056,32.11842515360906,1142
16057,32.120425553780564,1148
16058,32.12242595395206,1150
16059,32.124426354123564,1158
16060,32.12642675429506,1172
16061,32.128427154466564,1181
16062,32.13042755463806,1181
16063,32.132427954809565,1173
16064,32.13442835498107,1156
16065,32.136428755152565,1136
16066,32.13842915532407,1124
16067,32.140429555495565,1123
16068,32.14242995566707,1126
16069,32.144430355838566,1120
16070,32.14643075601007,1111
16071,32.148431156181566,1111
16072,32.15043155635307,1122
16073,32.152431956524566,1133
16074,32.15443235669607,1139
16075,32.15643275686757,1141
16076,32.15843315703907,1143
16077,32.16043355721057,1152
16078,32.16243395738207,1165
16079,32.16443435755357,1173
16080,32.16643475772507,1170
16081,32.16843515789657,1156
16082,32.17043555806807,1134
16083,32.17243595823957,1115
16084,32.17443635841107,1110
16085,32.17643675858257,1118
16086,32.17843715875407,1131
16087,32.180437558925576,1141
16088,32.18243795909707,1144
16089,32.184438359268576,1139
16090,32.18643875944007,1135
16091,32.188439159611576,1134
16092,32.19043955978307,1132
16093,32.19243995995458,1133
16094,32.19444036012607,1144
16095,32.19644076029758,1157
16096,32.19844116046907,1155
16097,32.20044156064058,1136
16098,32.202441960812074,1120
16099,32.20444236098358,1123
16100,32.206442761155074,1139
16101,32.20844316132658,1148
16102,32.210443561498074,1139
16103,32.21244396166958,1125
16104,32.214444361841075,1120
16105,32.21644476201258,1124
16106,32.218445162184075,1127
16107,32.22044556235558,1130
16108,32.222445962527075,1135
16109,32.22444636269858,1145
16110,32.22644676287008,1157
16111,32.22844716304158,1164
16112,32.23044756321308,1162
16113,32.23244796338458,1156
16114,32.23444836355608,1154
16115,32.23644876372758,1153
16116,32.238449163899084,1147
16117,32.24044956407058,1137
16118,32.242449964242084,1130
16119,32.24445036441358,1130
16120,32.246450764585084,1132
16121,32.24845116475658,1131
16122,32.250451564928085,1131
16123,32.25245196509958,1139
16124,32.254452365271085,1151
16125,32.25645276544258,1156
16126,32.258453165614085,1149
16127,32.26045356578558,1136
16128,32.262453965957086,1130
16129,32.26445436612858,1138
16130,32.266454766300086,1149
16131,32.26845516647158,1148
16132,32.270455566643086,1137
16133,32.27245596681459,1128
16134,32.27445636698609,1132
16135,32.27645676715759,1147
16136,32.27845716732909,1161
16137,32.28045756750059,1162
16138,32.28245796767209,1150
16139,32.28445836784359,1134
16140,32.28645876801509,1130
16141,32.28845916818659,1143
16142,32.29045956835809,1160
16143,32.29245996852959,1167
16144,32.29446036870109,1160
16145,32.29646076887259,1147
16146,32.29846116904409,1137
16147,32.30046156921559,1134
16148,32.30246196938709,1136
16149,32.30446236955859,1139
16150,32.30646276973009,1143
16151,32.30846316990159,1142
16152,32.31046357007309,1134
16153,32.31246397024459,1124
16154,32.31446437041609,1123
16155,32.316464770587594,1136
16156,32.3184651707591,1155
16157,32.320465570930594,1162
16158,32.3224659711021,1152
16159,32.324466371273594,1138
16160,32.3264667714451,1136
16161,32.328467171616595,1145
16162,32.3304675717881,1153
16163,32.332467971959595,1152
16164,32.3344683721311,1142
16165,32.336468772302595,1127
16166,32.3384691724741,1108
16167,32.340469572645596,1096
16168,32.3424699728171,1095
16169,32.344470372988596,1103
16170,32.3464707731601,1114
16171,32.348471173331596,1118
16172,32.3504715735031,1112
16173,32.3524719736746,1105
16174,32.3544723738461,1110
16175,32.3564727740176,1127
16176,32.3584731741891,1147
16177,32.3604735743606,1154
16178,32.3624739745321,1145
16179,32.364474374703605,1133
16180,32.3664747748751,1134
16181,32.368475175046605,1145
16182,32.3704755752181,1149
16183,32.372475975389605,1141
16184,32.3744763755611,1131
16185,32.376476775732606,1125
16186,32.3784771759041,1120
16187,32.380477576075606,1115
16188,32.3824779762471,1114
16189,32.384478376418606,1119
16190,32.3864787765901,1125
16191,32.38847917676161,1125
16192,32.3904795769331,1115
16193,32.39247997710461,1102
16194,32.3944803772761,1100
16195,32.39648077744761,1114
16196,32.398481177619104,1133
16197,32.40048157779061,1133
16198,32.402481977962104,1111
16199,32.40448237813361,1087
16200,32.406482778305104,1082
16201,32.40848317847661,1095
16202,32.41048357864811,1109
16203,32.41248397881961,1115
16204,32.41448437899111,1116
16205,32.41648477916261,1117
16206,32.41848517933411,1120
16207,32.42048557950561,1121
16208,32.42248597967711,1113
16209,32.42448637984861,1097
16210,32.42648678002011,1087
16211,32.42848718019161,1092
16212,32.43048758036311,1102
16213,32.43248798053461,1098
16214,32.434488380706114,1083
16215,32.43648878087761,1071
16216,32.438489181049114,1069
16217,32.44048958122061,1072
16218,32.442489981392114,1081
16219,32.44449038156361,1096
16220,32.446490781735115,1109
16221,32.44849118190661,1110
16222,32.450491582078115,1100
16223,32.45249198224961,1090
16224,32.454492382421115,1088
16225,32.45649278259262,1089
16226,32.458493182764116,1090
16227,32.46049358293562,1095
16228,32.462493983107116,1103
16229,32.46449438327862,1113
16230,32.466494783450116,1120
16231,32.46849518362162,1126
16232,32.47049558379312,1133
16233,32.47249598396462,1140
16234,32.47449638413612,1137
16235,32.47649678430762,1126
16236,32.47849718447912,1115
16237,32.48049758465062,1112
16238,32.48249798482212,1110
16239,32.48449838499362,1107
16240,32.48649878516512,1100
16241,32.48849918533662,1095
16242,32.49049958550812,1098
16243,32.49249998567962,1110
16244,32.49450038585112,1120
16245,32.49650078602262,1120
16246,32.49850118619412,1114
16247,32.50050158636562,1114
16248,32.502501986537126,1117
16249,32.50450238670862,1112
16250,32.50650278688013,1105
16251,32.50850318705162,1104
16252,32.51050358722313,1107
16253,32.51250398739462,1106
16254,32.51450438756613,1099
16255,32.516504787737624,1092
16256,32.51850518790913,1093
16257,32.520505588080624,1102
16258,32.52250598825213,1111
16259,32.524506388423625,1110
16260,32.52650678859513,1097
16261,32.528507188766625,1081
16262,32.53050758893813,1075
16263,32.532507989109625,1085
16264,32.53450838928113,1101
16265,32.536508789452625,1108
16266,32.53850918962413,1106
16267,32.540509589795626,1101
16268,32.54250998996713,1098
16269,32.544510390138626,1097
16270,32.54651079031013,1095
16271,32.54851119048163,1093
16272,32.55051159065313,1095
16273,32.552511990824634,1102
16274,32.55451239099613,1110
16275,32.556512791167634,1110
16276,32.55851319133913,1103
16277,32.560513591510635,1099
16278,32.56251399168213,1105
16279,32.564514391853635,1113
16280,32.56651479202513,1119
16281,32.568515192196635,1124
16282,32.57051559236813,1121
16283,32.572515992539635,1107
16284,32.57451639271113,1096
16285,32.576516792882636,1094
16286,32.57851719305413,1097
16287,32.580517593225636,1099
16288,32.58251799339713,1100
16289,32.584518393568636,1098
16290,32.58651879374013,1090
16291,32.58851919391164,1084
16292,32.59051959408313,1087
16293,32.59251999425464,1099
16294,32.59452039442614,1111
16295,32.59652079459764,1114
16296,32.59852119476914,1108
16297,32.60052159494064,1106
16298,32.60252199511214,1116
16299,32.60452239528364,1124
16300,32.60652279545514,1119
16301,32.60852319562664,1104
16302,32.61052359579814,1097
16303,32.61252399596964,1101
16304,32.61452439614114,1110
16305,32.61652479631264,1109
16306,32.61852519648414,1100
16307,32.62052559665564,1093
16308,32.62252599682714,1097
16309,32.62452639699864,1112
16310,32.62652679717014,1125
16311,32.62852719734164,1126
16312,32.630527597513144,1111
16313,32.63252799768464,1095
16314,32.634528397856144,1094
16315,32.63652879802764,1107
16316,32.638529198199144,1120
16317,32.64052959837065,1124
16318,32.642529998542145,1124
16319,32.64453039871365,1126
16320,32.646530798885145,1133
16321,32.64853119905665,1137
16322,32.650531599228145,1132
16323,32.65253199939965,1122
16324,32.654532399571146,1123
16325,32.65653279974265,1136
16326,32.658533199914146,1144
16327,32.66053360008565,1129
16328,32.662534000257146,1101
16329,32.66453440042865,1086
16330,32.66653480060015,1100
16331,32.66853520077165,1122
16332,32.67053560094315,1127
16333,32.67253600111465,1114
16334,32.67453640128615,1100
16335,32.67653680145765,1097
16336,32.67853720162915,1104
16337,32.68053760180065,1110
16338,32.68253800197215,1114
16339,32.68453840214365,1122
16340,32.686538802315155,1128
16341,32.68853920248665,1126
16342,32.690539602658156,1120
16343,32.69254000282965,1123
16344,32.694540403001156,1131
16345,32.69654080317265,1131
16346,32.698541203344156,1121
16347,32.70054160351565,1109
16348,32.70254200368716,1106
16349,32.70454240385865,1111
16350,32.70654280403016,1112
16351,32.70854320420165,1100
16352,32.71054360437316,1086
16353,32.712544004544654,1086
16354,32.71454440471616,1102
16355,32.716544804887654,1124
16356,32.71854520505916,1142
16357,32.720545605230654,1156
16358,32.72254600540216,1166
16359,32.724546405573655,1168
16360,32.72654680574516,1157
16361,32.728547205916655,1139
16362,32.73054760608816,1130
16363,32.73254800625966,1136
16364,32.73454840643116,1146
16365,32.73654880660266,1145
16366,32.73854920677416,1137
16367,32.74054960694566,1132
16368,32.74255000711716,1129
16369,32.74455040728866,1120
16370,32.74655080746016,1113
16371,32.748551207631664,1117
16372,32.75055160780316,1131
16373,32.752552007974664,1137
16374,32.75455240814616,1134
16375,32.756552808317664,1127
16376,32.75855320848916,1121
16377,32.760553608660665,1116
16378,32.76255400883216,1114
16379,32.764554409003665,1110
16380,32.76655480917516,1099
16381,32.768555209346665,1082
16382,32.77055560951816,1072
16383,32.772556009689666,1074
16384,32.77455640986116,1085
16385,32.776556810032666,1098
16386,32.77855721020417,1102
16387,32.780557610375666,1094
16388,32.78255801054717,1086
16389,32.78455841071867,1089
16390,32.78655881089017,1100
16391,32.78855921106167,1113
16392,32.79055961123317,1121
16393,32.79256001140467,1115
16394,32.79456041157617,1098
16395,32.79656081174767,1087
16396,32.79856121191917,1093
16397,32.80056161209067,1105
16398,32.80256201226217,1111
16399,32.80456241243367,1108
16400,32.80656281260517,1108
16401,32.80856321277667,1117
16402,32.81056361294817,1127
16403,32.81256401311967,1130
16404,32.81456441329117,1134
16405,32.81656481346267,1143
16406,32.81856521363417,1145
16407,32.82056561380567,1137
16408,32.82256601397717,1132
16409,32.82456641414868,1138
16410,32.826566814320174,1151
16411,32.82856721449168,1160
16412,32.830567614663174,1159
16413,32.83256801483468,1148
16414,32.834568415006174,1134
16415,32.83656881517768,1124
16416,32.838569215349175,1116
16417,32.84056961552068,1112
16418,32.842570015692175,1113
16419,32.84457041586368,1117
16420,32.846570816035175,1119
16421,32.84857121620668,1120
16422,32.850571616378176,1121
16423,32.85257201654968,1120
16424,32.854572416721176,1116
16425,32.85657281689268,1108
16426,32.858573217064176,1103
16427,32.86057361723568,1101
16428,32.86257401740718,1108
16429,32.86457441757868,1123
16430,32.86657481775018,1135
16431,32.86857521792168,1132
16432,32.870575618093184,1116
16433,32.87257601826468,1101
16434,32.874576418436185,1100
16435,32.87657681860768,1108
16436,32.878577218779185,1109
16437,32.88057761895068,1102
16438,32.882578019122185,1100
16439,32.88457841929368,1104
16440,32.886578819465186,1102
16441,32.88857921963668,1093
16442,32.890579619808186,1097
16443,32.89258001997968,1119
16444,32.894580420151186,1138
16445,32.89658082032268,1138
16446,32.89858122049419,1124
16447,32.90058162066568,1109
16448,32.90258202083719,1100
16449,32.90458242100868,1101
16450,32.90658282118019,1107
16451,32.908583221351684,1110
16452,32.91058362152319,1103
16453,32.912584021694684,1091
16454,32.91458442186619,1084
16455,32.91658482203769,1086
16456,32.91858522220919,1088
16457,32.92058562238069,1089
16458,32.92258602255219,1092
16459,32.92458642272369,1096
16460,32.92658682289519,1094
16461,32.92858722306669,1085
16462,32.93058762323819,1081
16463,32.93258802340969,1086
16464,32.93458842358119,1092
16465,32.93658882375269,1097
16466,32.93858922392419,1096
16467,32.94058962409569,1091
16468,32.94259002426719,1082
16469,32.944590424438694,1072
16470,32.94659082461019,1067
16471,32.948591224781694,1071
16472,32.95059162495319,1080
16473,32.952592025124694,1081
16474,32.95459242529619,1071
16475,32.956592825467695,1061
16476,32.95859322563919,1067
16477,32.960593625810695,1087
16478,32.9625940259822,1109
16479,32.964594426153695,1118
16480,32.9665948263252,1115
16481,32.968595226496696,1112
16482,32.9705956266682,1112
16483,32.972596026839696,1109
16484,32.9745964270112,1102
16485,32.976596827182696,1096
16486,32.9785972273542,1097
16487,32.9805976275257,1106
16488,32.9825980276972,1118
16489,32.9845984278687,1123
16490,32.9865988280402,1118
16491,32.9885992282117,1108
16492,32.9905996283832,1099
16493,32.9926000285547,1092
16494,32.9946004287262,1092
16495,32.9966008288977,1098
16496,32.9986012290692,1104
16497,33.0006016292407,1103
16498,33.0026020294122,1096
16499,33.0046024295837,1091
16500,33.0066028297552,1092
16501,33.008603229926706,1094
16502,33.0106036300982,1096
16503,33.012604030269706,1101
16504,33.0146044304412,1116
16505,33.01660483061271,1136
16506,33.0186052307842,1147
16507,33.02060563095571,1144
16508,33.022606031127204,1133
16509,33.02460643129871,1120
16510,33.026606831470204,1104
16511,33.02860723164171,1094
16512,33.030607631813204,1095
16513,33.03260803198471,1098
16514,33.034608432156205,1090
16515,33.03660883232771,1070
16516,33.038609232499205,1050
16517,33.04060963267071,1045
16518,33.042610032842205,1054
16519,33.04461043301371,1064
16520,33.046610833185206,1069
16521,33.04861123335671,1074
16522,33.050611633528206,1081
16523,33.05261203369971,1082
16524,33.05461243387121,1079
16525,33.05661283404271,1077
16526,33.058613234214214,1075
16527,33.06061363438571,1069
16528,33.062614034557214,1062
16529,33.06461443472871,1058
16530,33.066614834900214,1058
16531,33.06861523507171,1063
16532,33.070615635243215,1071
16533,33.07261603541471,1079
16534,33.074616435586215,1080
16535,33.07661683575771,1073
16536,33.078617235929215,1073
16537,33.08061763610071,1085
16538,33.082618036272216,1094
16539,33.08461843644371,1090
16540,33.086618836615216,1082
16541,33.08861923678671,1079
16542,33.090619636958216,1079
16543,33.09262003712971,1074
16544,33.09462043730122,1067
16545,33.09662083747271,1067
16546,33.09862123764422,1074
16547,33.10062163781572,1081
16548,33.10262203798722,1075
16549,33.10462243815872,1062
16550,33.10662283833022,1060
16551,33.10862323850172,1073
16552,33.11062363867322,1090
16553,33.11262403884472,1099
16554,33.11462443901622,1100
16555,33.11662483918772,1091
16556,33.11862523935922,1074
16557,33.12062563953072,1056
16558,33.12262603970222,1052
16559,33.12462643987372,1065
16560,33.12662684004522,1088
16561,33.12862724021672,1105
16562,33.13062764038822,1105
16563,33.13262804055972,1090
16564,33.13462844073122,1074
16565,33.13662884090272,1078
16566,33.13862924107422,1099
16567,33.140629641245724,1121
16568,33.14263004141722,1131
16569,33.144630441588724,1122
16570,33.14663084176023,1105
16571,33.148631241931724,1095
16572,33.15063164210323,1100
16573,33.152632042274725,1111
16574,33.15463244244623,1116
16575,33.156632842617725,1113
16576,33.15863324278923,1111
16577,33.160633642960725,1113
16578,33.16263404313223,1116
16579,33.164634443303726,1117
16580,33.16663484347523,1114
16581,33.168635243646726,1110
16582,33.17063564381823,1114
16583,33.172636043989726,1128
16584,33.17463644416123,1140
16585,33.17663684433273,1144
16586,33.17863724450423,1139
16587,33.18063764467573,1133
16588,33.18263804484723,1128
16589,33.18463844501873,1120
16590,33.18663884519023,1106
16591,33.18863924536173,1095
16592,33.19063964553323,1094
16593,33.192640045704735,1101
16594,33.19464044587623,1104
16595,33.196640846047735,1094
16596,33.19864124621923,1083
16597,33.200641646390736,1084
16598,33.20264204656223,1100
16599,33.204642446733736,1113
16600,33.20664284690523,1112
16601,33.208643247076736,1103
16602,33.21064364724823,1100
16603,33.21264404741974,1106
16604,33.21464444759123,1117
16605,33.21664484776274,1122
16606,33.218645247934234,1118
16607,33.22064564810574,1108
16608,33.222646048277234,1099
16609,33.22464644844874,1099
16610,33.226646848620234,1105
16611,33.22864724879174,1112
16612,33.230647648963235,1116
16613,33.23264804913474,1114
16614,33.234648449306235,1109
16615,33.23664884947774,1104
16616,33.23864924964924,1101
16617,33.24064964982074,1102
16618,33.24265004999224,1104
16619,33.24465045016374,1103
16620,33.24665085033524,1098
16621,33.24865125050674,1091
16622,33.25065165067824,1086
16623,33.25265205084974,1090
16624,33.254652451021244,1098
16625,33.25665285119274,1104
16626,33.258653251364244,1105
16627,33.26065365153574,1102
16628,33.262654051707244,1100
16629,33.26465445187874,1103
16630,33.266654852050245,1112
16631,33.26865525222174,1120
16632,33.270655652393245,1114
16633,33.27265605256474,1098
16634,33.274656452736245,1089
16635,33.27665685290774,1096
16636,33.278657253079245,1106
16637,33.28065765325074,1104
16638,33.282658053422246,1093
16639,33.28465845359375,1090
16640,33.286658853765246,1098
16641,33.28865925393675,1104
16642,33.29065965410825,1102
16643,33.29266005427975,1098
16644,33.29466045445125,1098
16645,33.29666085462275,1099
16646,33.29866125479425,1104
16647,33.30066165496575,1110
16648,33.30266205513725,1111
16649,33.30466245530875,1109
16650,33.30666285548025,1115
16651,33.30866325565175,1129
16652,33.31066365582325,1134
16653,33.31266405599475,1122
16654,33.31466445616625,1105
16655,33.31666485633775,1102
16656,33.31866525650925,1109
16657,33.32066565668075,1109
16658,33.32266605685225,1099
16659,33.32466645702375,1088
16660,33.32666685719525,1087
16661,33.32866725736675,1093
16662,33.33066765753826,1095
16663,33.33266805770975,1085
16664,33.33466845788126,1071
16665,33.336668858052754,1071
16666,33.33866925822426,1085
16667,33.340669658395754,1099
16668,33.34267005856726,1105
16669,33.344670458738754,1107
16670,33.34667085891026,1110
16671,33.348671259081755,1114
16672,33.35067165925326,1123
16673,33.352672059424755,1136
16674,33.35467245959626,1140
16675,33.356672859767755,1125
16676,33.35867325993926,1100
16677,33.360673660110756,1087
16678,33.36267406028226,1094
16679,33.364674460453756,1108
16680,33.36667486062526,1112
16681,33.368675260796756,1108
16682,33.37067566096826,1105
16683,33.37267606113976,1107
16684,33.37467646131126,1110
16685,33.376676861482764,1116
16686,33.37867726165426,1125
16687,33.380677661825764,1124
16688,33.38267806199726,1111
16689,33.384678462168765,1098
16690,33.38667886234026,1097
16691,33.388679262511765,1102
16692,33.39067966268326,1106
16693,33.392680062854765,1108
16694,33.39468046302626,1113
16695,33.396680863197766,1119
16696,33.39868126336926,1125
16697,33.400681663540766,1132
16698,33.40268206371226,1139
16699,33.404682463883766,1138
16700,33.40668286405526,1126
16701,33.40868326422677,1117
16702,33.41068366439826,1114
16703,33.41268406456977,1110
16704,33.41468446474126,1103
16705,33.41668486491277,1103
16706,33.418685265084264,1110
16707,33.42068566525577,1117
16708,33.42268606542727,1122
16709,33.42468646559877,1124
16710,33.42668686577027,1122
16711,33.42868726594177,1122
16712,33.43068766611327,1124
16713,33.43268806628477,1121
16714,33.43468846645627,1114
16715,33.43668886662777,1115
16716,33.43868926679927,1125
16717,33.44068966697077,1135
16718,33.44269006714227,1135
16719,33.44469046731377,1123
16720,33.44669086748527,1107
16721,33.44869126765677,1101
16722,33.45069166782827,1110
16723,33.45269206799977,1123
16724,33.454692468171274,1130
16725,33.45669286834277,1130
16726,33.458693268514274,1131
16727,33.46069366868577,1133
16728,33.462694068857274,1132
16729,33.46469446902877,1130
16730,33.466694869200275,1128
16731,33.46869526937178,1127
16732,33.470695669543275,1126
16733,33.47269606971478,1116
16734,33.474696469886275,1098
16735,33.47669687005778,1088
16736,33.478697270229276,1098
16737,33.48069767040078,1115
16738,33.482698070572276,1123
16739,33.48469847074378,1118
16740,33.486698870915276,1114
16741,33.48869927108678,1117
16742,33.49069967125828,1126
16743,33.49270007142978,1135
16744,33.49470047160128,1139
16745,33.49670087177278,1137
16746,33.49870127194428,1135
16747,33.50070167211578,1141
16748,33.50270207228728,1153
16749,33.50470247245878,1158
16750,33.50670287263028,1153
16751,33.50870327280178,1144
16752,33.51070367297328,1144
16753,33.51270407314478,1157
16754,33.514704473316286,1166
16755,33.51670487348778,1167
16756,33.518705273659286,1171
16757,33.52070567383078,1182
16758,33.522706074002286,1187
16759,33.52470647417378,1180
16760,33.52670687434529,1175
16761,33.52870727451678,1180
16762,33.53070767468829,1184
16763,33.532708074859784,1183
16764,33.53470847503129,1182
16765,33.536708875202784,1183
16766,33.53870927537429,1183
16767,33.540709675545784,1178
16768,33.54271007571729,1172
16769,33.544710475888785,1168
16770,33.54671087606029,1162
16771,33.548711276231785,1156
16772,33.55071167640329,1152
16773,33.552712076574785,1150
16774,33.55471247674629,1149
16775,33.556712876917786,1153
16776,33.55871327708929,1159
16777,33.56071367726079,1157
16778,33.56271407743229,1144
16779,33.56471447760379,1130
16780,33.56671487777529,1127
16781,33.568715277946794,1139
16782,33.57071567811829,1151
16783,33.572716078289794,1155
16784,33.57471647846129,1150
16785,33.576716878632794,1139
16786,33.57871727880429,1125
16787,33.580717678975795,1115
16788,33.58271807914729,1117
16789,33.584718479318795,1132
16790,33.58671887949029,1146
16791,33.588719279661795,1150
16792,33.59071967983329,1147
16793,33.592720080004796,1142
16794,33.59472048017629,1135
16795,33.596720880347796,1130
16796,33.59872128051929,1129
16797,33.600721680690796,1131
16798,33.60272208086229,1129
16799,33.6047224810338,1120
16800,33.6067228812053,1114
16801,33.6087232813768,1120
16802,33.6107236815483,1127
16803,33.6127240817198,1122
16804,33.6147244818913,1110
16805,33.6167248820628,1109
16806,33.6187252822343,1121
16807,33.6207256824058,1131
16808,33.6227260825773,1135
16809,33.6247264827488,1134
16810,33.6267268829203,1129
16811,33.6287272830918,1122
16812,33.6307276832633,1117
16813,33.6327280834348,1127
16814,33.6347284836063,1147
16815,33.6367288837778,1159
16816,33.6387292839493,1152
16817,33.6407296841208,1147
16818,33.6427300842923,1161
16819,33.6447304844638,1177
16820,33.6467308846353,1178
16821,33.6487312848068,1167
16822,33.650731684978304,1158
16823,33.65273208514981,1153
16824,33.654732485321304,1149
16825,33.65673288549281,1143
16826,33.658733285664304,1131
16827,33.66073368583581,1115
16828,33.662734086007305,1106
16829,33.66473448617881,1114
16830,33.666734886350305,1131
16831,33.66873528652181,1142
16832,33.670735686693305,1143
16833,33.67273608686481,1139
16834,33.674736487036306,1137
16835,33.67673688720781,1133
16836,33.678737287379306,1125
16837,33.68073768755081,1117
16838,33.682738087722306,1114
16839,33.68473848789381,1114
16840,33.68673888806531,1115
16841,33.68873928823681,1114
16842,33.69073968840831,1112
16843,33.69274008857981,1110
16844,33.69474048875131,1112
16845,33.69674088892281,1118
16846,33.698741289094315,1126
16847,33.70074168926581,1131
16848,33.702742089437315,1133
16849,33.70474248960881,1135
16850,33.706742889780315,1139
16851,33.70874328995181,1138
16852,33.710743690123316,1130
16853,33.71274409029481,1122
16854,33.714744490466316,1129
16855,33.71674489063781,1146
16856,33.718745290809316,1158
16857,33.72074569098081,1157
16858,33.72274609115232,1149
16859,33.72474649132381,1141
16860,33.72674689149532,1133
16861,33.728747291666814,1124
16862,33.73074769183832,1119
16863,33.732748092009814,1117
16864,33.73474849218132,1117
16865,33.736748892352814,1117
16866,33.73874929252432,1113
16867,33.740749692695815,1105
16868,33.74275009286732,1098
16869,33.74475049303882,1098
16870,33.74675089321032,1108
16871,33.74875129338182,1119
16872,33.75075169355332,1123
16873,33.75275209372482,1114
16874,33.75475249389632,1098
16875,33.75675289406782,1083
16876,33.75875329423932,1074
16877,33.76075369441082,1074
16878,33.76275409458232,1083
16879,33.764754494753824,1097
16880,33.76675489492532,1110
16881,33.768755295096824,1116
16882,33.77075569526832,1115
16883,33.772756095439824,1112
16884,33.77475649561132,1113
16885,33.776756895782825,1116
16886,33.77875729595432,1119
16887,33.780757696125825,1122
16888,33.78275809629732,1122
16889,33.784758496468825,1119
16890,33.78675889664032,1114
16891,33.788759296811826,1112
16892,33.79075969698333,1118
16893,33.792760097154826,1130
16894,33.79476049732633,1138
16895,33.796760897497826,1137
16896,33.79876129766933,1139
16897,33.80076169784083,1147
16898,33.80276209801233,1150
16899,33.80476249818383,1141
16900,33.80676289835533,1126
16901,33.80876329852683,1114
16902,33.81076369869833,1109
16903,33.81276409886983,1111
16904,33.81476449904133,1121
16905,33.81676489921283,1133
16906,33.81876529938433,1141
16907,33.82076569955583,1142
16908,33.82276609972733,1138
16909,33.82476649989883,1137
16910,33.82676690007033,1141
16911,33.82876730024183,1142
16912,33.83076770041333,1131
16913,33.83276810058483,1114
16914,33.83476850075633,1111
16915,33.83676890092784,1126
16916,33.83876930109933,1138
16917,33.84076970127084,1137
16918,33.84277010144233,1130
16919,33.84477050161384,1129
16920,33.846770901785334,1130
16921,33.84877130195684,1125
16922,33.850771702128334,1118
16923,33.85277210229984,1123
16924,33.854772502471334,1139
16925,33.85677290264284,1151
16926,33.858773302814335,1147
16927,33.86077370298584,1130
16928,33.862774103157335,1113
16929,33.86477450332884,1108
16930,33.866774903500335,1117
16931,33.86877530367184,1129
16932,33.870775703843336,1133
16933,33.87277610401484,1136
16934,33.874776504186336,1146
16935,33.87677690435784,1158
16936,33.878777304529336,1155
16937,33.88077770470084,1136
16938,33.882778104872344,1114
16939,33.88477850504384,1107
16940,33.886778905215344,1118
16941,33.88877930538684,1128
16942,33.890779705558344,1124
16943,33.89278010572984,1111
16944,33.894780505901345,1102
16945,33.89678090607284,1100
16946,33.898781306244345,1101
16947,33.90078170641584,1104
16948,33.902782106587345,1114
16949,33.90478250675884,1128
16950,33.906782906930346,1137
16951,33.90878330710184,1136
16952,33.910783707273346,1132
16953,33.91278410744484,1133
16954,33.914784507616346,1137
16955,33.91678490778784,1137
16956,33.91878530795935,1132
16957,33.92078570813084,1131
16958,33.92278610830235,1135
16959,33.924786508473844,1138
16960,33.92678690864535,1135
16961,33.92878730881685,1132
16962,33.93078770898835,1129
16963,33.93278810915985,1120
16964,33.93478850933135,1107
16965,33.93678890950285,1100
16966,33.93878930967435,1105
16967,33.94078970984585,1116
16968,33.94279011001735,1126
16969,33.94479051018885,1126
16970,33.94679091036035,1123
16971,33.94879131053185,1123
16972,33.95079171070335,1129
16973,33.95279211087485,1141
16974,33.95479251104635,1151
16975,33.95679291121785,1150
16976,33.95879331138935,1140
16977,33.960793711560854,1132
16978,33.96279411173235,1130
16979,33.964794511903854,1127
16980,33.96679491207535,1121
16981,33.968795312246854,1119
16982,33.97079571241835,1125
16983,33.972796112589855,1136
16984,33.97479651276136,1142
16985,33.976796912932855,1139
16986,33.97879731310436,1133
16987,33.980797713275855,1132
16988,33.98279811344736,1136
16989,33.984798513618856,1140
16990,33.98679891379036,1139
16991,33.988799313961856,1135
16992,33.99079971413336,1138
16993,33.992800114304856,1148
16994,33.99480051447636,1153
16995,33.99680091464786,1142
16996,33.99880131481936,1130
16997,34.00080171499086,1134
16998,34.00280211516236,1153
16999,34.00480251533386,1172
17000,34.00680291550536,1183
17001,34.00880331567686,1188
17002,34.01080371584836,1191
17003,34.01280411601986,1186
17004,34.01480451619136,1178
17005,34.01680491636286,1171
17006,34.01880531653436,1167
17007,34.020805716705866,1166
17008,34.02280611687736,1164
17009,34.024806517048866,1153
17010,34.02680691722036,1139
17011,34.028807317391866,1131
17012,34.03080771756336,1130
17013,34.03280811773487,1127
17014,34.03480851790636,1129
17015,34.03680891807787,1141
17016,34.03880931824936,1150
17017,34.04080971842087,1149
17018,34.042810118592364,1146
17019,34.04481051876387,1147
17020,34.046810918935364,1145
17021,34.04881131910687,1138
17022,34.050811719278364,1138
17023,34.05281211944987,1148
17024,34.054812519621365,1155
17025,34.05681291979287,1144
17026,34.058813319964365,1122
17027,34.06081372013587,1107
17028,34.062814120307365,1104
17029,34.06481452047887,1102
17030,34.06681492065037,1095
17031,34.06881532082187,1088
17032,34.07081572099337,1082
17033,34.07281612116487,1073
17034,34.07481652133637,1063
17035,34.07681692150787,1060
17036,34.078817321679374,1069
17037,34.08081772185087,1084
17038,34.082818122022374,1098
17039,34.08481852219387,1105
17040,34.086818922365374,1106
17041,34.08881932253687,1104
17042,34.090819722708375,1099
17043,34.09282012287987,1094
17044,34.094820523051375,1092
17045,34.09682092322287,1090
17046,34.098821323394375,1087
17047,34.10082172356587,1085
17048,34.102822123737376,1090
17049,34.10482252390887,1095
17050,34.106822924080376,1096
17051,34.10882332425187,1094
17052,34.110823724423376,1091
17053,34.11282412459488,1089
17054,34.11482452476638,1084
17055,34.11682492493788,1079
17056,34.11882532510938,1078
17057,34.12082572528088,1081
17058,34.12282612545238,1085
17059,34.12482652562388,1086
17060,34.12682692579538,1084
17061,34.12882732596688,1083
17062,34.13082772613838,1081
17063,34.13282812630988,1077
17064,34.13482852648138,1077
17065,34.13682892665288,1082
17066,34.13882932682438,1087
17067,34.14082972699588,1084
17068,34.14283012716738,1077
17069,34.14483052733888,1077
17070,34.14683092751038,1085
17071,34.14883132768188,1090
17072,34.15083172785338,1095
17073,34.15283212802488,1109
17074,34.15483252819638,1127
17075,34.15683292836788,1134
17076,34.15883332853939,1129
17077,34.160833728710884,1121
17078,34.16283412888239,1112
17079,34.164834529053884,1102
17080,34.16683492922539,1096
17081,34.168835329396885,1094
17082,34.17083572956839,1091
17083,34.172836129739885,1087
17084,34.17483652991139,1089
17085,34.176836930082885,1099
17086,34.17883733025439,1112
17087,34.180837730425885,1124
17088,34.18283813059739,1131
17089,34.184838530768886,1129
17090,34.18683893094039,1126
17091,34.188839331111886,1130
17092,34.19083973128339,1136
17093,34.192840131454886,1134
17094,34.19484053162639,1120
17095,34.19684093179789,1105
17096,34.19884133196939,1101
17097,34.20084173214089,1108
17098,34.20284213231239,1117
17099,34.204842532483895,1118
17100,34.20684293265539,1111
17101,34.208843332826895,1110
17102,34.21084373299839,1126
17103,34.212844133169895,1145
17104,34.21484453334139,1147
17105,34.216844933512895,1129
17106,34.21884533368439,1110
17107,34.220845733855896,1104
17108,34.22284613402739,1107
17109,34.224846534198896,1109
17110,34.22684693437039,1102
17111,34.228847334541896,1089
17112,34.23084773471339,1083
17113,34.2328481348849,1090
17114,34.23484853505639,1104
17115,34.2368489352279,1112
17116,34.238849335399394,1110
17117,34.2408497355709,1111
17118,34.242850135742394,1119
17119,34.2448505359139,1123
17120,34.246850936085394,1118
17121,34.2488513362569,1116
17122,34.2508517364284,1120
17123,34.2528521365999,1123
17124,34.2548525367714,1118
17125,34.2568529369429,1106
17126,34.2588533371144,1098
17127,34.2608537372859,1104
17128,34.2628541374574,1124
17129,34.2648545376289,1141
17130,34.2668549378004,1138
17131,34.2688553379719,1120
17132,34.2708557381434,1103
17133,34.2728561383149,1100
17134,34.274856538486404,1108
17135,34.2768569386579,1117
17136,34.278857338829404,1119
17137,34.2808577390009,1113
17138,34.282858139172404,1104
17139,34.2848585393439,1100
17140,34.286858939515405,1104
17141,34.2888593396869,1110
17142,34.290859739858405,1106
17143,34.2928601400299,1097
17144,34.294860540201405,1098
17145,34.29686094037291,1108
17146,34.298861340544406,1113
17147,34.30086174071591,1104
17148,34.302862140887406,1092
17149,34.30486254105891,1091
17150,34.306862941230406,1101
17151,34.30886334140191,1110
17152,34.31086374157341,1108
17153,34.31286414174491,1101
17154,34.31486454191641,1097
17155,34.31686494208791,1095
17156,34.31886534225941,1091
17157,34.32086574243091,1085
17158,34.32286614260241,1078
17159,34.32486654277391,1073
17160,34.32686694294541,1078
17161,34.32886734311691,1090
17162,34.33086774328841,1105
17163,34.33286814345991,1113
17164,34.33486854363141,1110
17165,34.33686894380291,1104
17166,34.33886934397441,1105
17167,34.34086974414591,1112
17168,34.342870144317416,1114
17169,34.34487054448891,1108
17170,34.34687094466042,1101
17171,34.34887134483191,1095
17172,34.35087174500342,1091
17173,34.35287214517491,1092
17174,34.35487254534642,1099
17175,34.356872945517914,1108
17176,34.35887334568942,1113
17177,34.360873745860914,1113
17178,34.36287414603242,1108
17179,34.364874546203914,1094
17180,34.36687494637542,1082
17181,34.368875346546915,1083
17182,34.37087574671842,1094
17183,34.372876146889915,1101
17184,34.37487654706142,1100
17185,34.376876947232915,1101
17186,34.37887734740442,1101
17187,34.380877747575916,1095
17188,34.38287814774742,1086
17189,34.384878547918916,1086
17190,34.38687894809042,1094
17191,34.38887934826192,1098
17192,34.39087974843342,1095
17193,34.392880148604924,1088
17194,34.39488054877642,1082
17195,34.396880948947924,1083
17196,34.39888134911942,1091
17197,34.400881749290924,1097
17198,34.40288214946242,1100
17199,34.404882549633925,1103
17200,34.40688294980542,1105
17201,34.408883349976925,1102
17202,34.41088375014842,1094
17203,34.412884150319925,1087
17204,34.41488455049142,1078
17205,34.416884950662926,1070
17206,34.41888535083442,1065
17207,34.420885751005926,1061
17208,34.42288615117742,1059
17209,34.424886551348926,1065
17210,34.42688695152042,1071
17211,34.42888735169193,1073
17212,34.43088775186342,1072
17213,34.43288815203493,1076
17214,34.43488855220643,1085
17215,34.43688895237793,1092
17216,34.43888935254943,1097
17217,34.44088975272093,1102
17218,34.44289015289243,1107
17219,34.44489055306393,1106
17220,34.44689095323543,1110
17221,34.44889135340693,1123
17222,34.45089175357843,1138
17223,34.45289215374993,1145
17224,34.45489255392143,1142
17225,34.45689295409293,1133
17226,34.45889335426443,1126
17227,34.46089375443593,1125
17228,34.46289415460743,1131
17229,34.46489455477893,1138
17230,34.46689495495043,1138
17231,34.46889535512193,1131
17232,34.470895755293434,1125
17233,34.47289615546493,1128
17234,34.474896555636434,1136
17235,34.47689695580793,1138
17236,34.478897355979434,1132
17237,34.48089775615094,1128
17238,34.482898156322435,1127
17239,34.48489855649394,1128
17240,34.486898956665435,1129
17241,34.48889935683694,1131
17242,34.490899757008435,1132
17243,34.49290015717994,1127
17244,34.494900557351436,1116
17245,34.49690095752294,1108
17246,34.498901357694436,1112
17247,34.50090175786594,1126
17248,34.502902158037436,1141
17249,34.50490255820894,1144
17250,34.50690295838044,1132
17251,34.50890335855194,1113
17252,34.51090375872344,1096
17253,34.51290415889494,1090
17254,34.51490455906644,1099
17255,34.51690495923794,1110
17256,34.51890535940944,1113
17257,34.52090575958094,1109
17258,34.52290615975244,1109
17259,34.52490655992394,1117
17260,34.526906960095445,1124
17261,34.52890736026694,1124
17262,34.530907760438446,1121
17263,34.53290816060994,1124
17264,34.534908560781446,1129
17265,34.53690896095294,1130
17266,34.538909361124446,1124
17267,34.54090976129594,1117
17268,34.54291016146745,1114
17269,34.54491056163894,1114
17270,34.54691096181045,1115
17271,34.54891136198194,1116
17272,34.55091176215345,1119
17273,34.552912162324944,1128
17274,34.55491256249645,1140
17275,34.556912962667944,1150
17276,34.55891336283945,1153
17277,34.560913763010944,1149
17278,34.56291416318245,1137
17279,34.564914563353945,1123
17280,34.56691496352545,1121
17281,34.568915363696945,1129
17282,34.57091576386845,1138
17283,34.57291616403995,1137
17284,34.57491656421145,1126
17285,34.57691696438295,1111
17286,34.57891736455445,1104
17287,34.58091776472595,1105
17288,34.58291816489745,1112
17289,34.58491856506895,1122
17290,34.58691896524045,1132
17291,34.588919365411954,1130
17292,34.59091976558345,1113
17293,34.592920165754954,1095
17294,34.59492056592645,1095
17295,34.596920966097954,1113
17296,34.59892136626945,1131
17297,34.600921766440955,1128
17298,34.60292216661245,1104
17299,34.604922566783955,1087
17300,34.60692296695545,1092
17301,34.608923367126955,1107
17302,34.61092376729845,1117
17303,34.612924167469956,1116
17304,34.61492456764145,1105
17305,34.616924967812956,1096
17306,34.61892536798446,1105
17307,34.620925768155956,1128
17308,34.62292616832746,1139
17309,34.62492656849896,1127
17310,34.62692696867046,1110
17311,34.62892736884196,1102
17312,34.63092776901346,1099
17313,34.63292816918496,1097
17314,34.63492856935646,1101
17315,34.63692896952796,1107
17316,34.63892936969946,1105
17317,34.64092976987096,1095
17318,34.64293017004246,1089
17319,34.64493057021396,1100
17320,34.64693097038546,1120
17321,34.64893137055696,1132
17322,34.65093177072846,1131
17323,34.65293217089996,1122
17324,34.65493257107146,1115
17325,34.65693297124296,1114
17326,34.65893337141446,1120
17327,34.66093377158596,1127
17328,34.66293417175746,1126
17329,34.66493457192897,1118
17330,34.666934972100464,1113
17331,34.66893537227197,1112
17332,34.670935772443464,1114
17333,34.67293617261497,1122
17334,34.674936572786464,1134
17335,34.67693697295797,1140
17336,34.678937373129465,1134
17337,34.68093777330097,1122
17338,34.682938173472465,1109
17339,34.68493857364397,1102
17340,34.686938973815465,1100
17341,34.68893937398697,1106
17342,34.690939774158466,1117
17343,34.69294017432997,1127
17344,34.694940574501466,1124
17345,34.69694097467297,1108
17346,34.698941374844466,1095
17347,34.70094177501597,1100
17348,34.70294217518747,1115
17349,34.70494257535897,1124
17350,34.70694297553047,1126
17351,34.70894337570197,1128
17352,34.710943775873474,1136
17353,34.71294417604497,1143
17354,34.714944576216475,1143
17355,34.71694497638797,1144
17356,34.718945376559475,1149
17357,34.72094577673097,1151
17358,34.722946176902475,1141
17359,34.72494657707397,1128
17360,34.726946977245476,1122
17361,34.72894737741697,1120
17362,34.730947777588476,1117
17363,34.73294817775997,1114
17364,34.734948577931476,1111
17365,34.73694897810297,1105
17366,34.73894937827448,1095
17367,34.74094977844597,1090
17368,34.74295017861748,1103
17369,34.74495057878897,1132
17370,34.74695097896048,1159
17371,34.748951379131974,1169
17372,34.75095177930348,1160
17373,34.752952179474974,1144
17374,34.75495257964648,1138
17375,34.75695297981798,1144
17376,34.75895337998948,1156
17377,34.76095378016098,1162
17378,34.76295418033248,1158
17379,34.76495458050398,1145
17380,34.76695498067548,1121
17381,34.76895538084698,1093
17382,34.77095578101848,1077
17383,34.77295618118998,1083
17384,34.77495658136148,1100
17385,34.77695698153298,1113
17386,34.77895738170448,1116
17387,34.78095778187598,1111
17388,34.78295818204748,1110
17389,34.784958582218984,1121
17390,34.78695898239048,1138
17391,34.788959382561984,1149
17392,34.79095978273348,1150
17393,34.792960182904984,1151
17394,34.79496058307648,1156
17395,34.796960983247985,1157
17396,34.79896138341948,1150
17397,34.800961783590985,1139
17398,34.80296218376249,1128
17399,34.804962583933985,1124
17400,34.80696298410549,1129
17401,34.808963384276986,1136
17402,34.81096378444849,1136
17403,34.812964184619986,1127
17404,34.81496458479149,1114
17405,34.816964984962986,1104
17406,34.81896538513449,1102
17407,34.82096578530599,1111
17408,34.82296618547749,1123
17409,34.82496658564899,1125
17410,34.82696698582049,1111
17411,34.82896738599199,1097
17412,34.83096778616349,1104
17413,34.83296818633499,1128
17414,34.83496858650649,1146
17415,34.83696898667799,1147
17416,34.83896938684949,1141
17417,34.84096978702099,1143
17418,34.84297018719249,1148
17419,34.84497058736399,1142
17420,34.84697098753549,1132
17421,34.848971387706996,1131
17422,34.85097178787849,1132
17423,34.852972188049996,1124
17424,34.85497258822149,1107
17425,34.856972988393,1092
17426,34.85897338856449,1091
17427,34.860973788736,1100
17428,34.862974188907494,1114
17429,34.864974589079,1125
17430,34.866974989250494,1125
17431,34.868975389422,1113
17432,34.870975789593494,1100
17433,34.872976189765,1097
17434,34.874976589936495,1105
17435,34.876976990108,1113
17436,34.878977390279495,1114
17437,34.880977790451,1109
17438,34.882978190622495,1108
17439,34.884978590794,1107
17440,34.886978990965495,1105
17441,34.888979391137,1108
17442,34.890979791308496,1120
17443,34.89298019148,1131
17444,34.8949805916515,1134
17445,34.896980991823,1126
17446,34.898981391994504,1110
17447,34.900981792166,1095
17448,34.902982192337504,1094
17449,34.904982592509,1112
17450,34.906982992680504,1134
17451,34.908983392852,1142
17452,34.910983793023505,1134
17453,34.912984193195,1123
17454,34.914984593366505,1118
17455,34.916984993538,1130
17456,34.918985393709505,1156
17457,34.920985793881,1172
17458,34.922986194052505,1164
17459,34.924986594224,1146
17460,34.926986994395506,1141
17461,34.928987394567,1150
17462,34.930987794738506,1157
17463,34.93298819491,1155
17464,34.934988595081506,1150
17465,34.936988995253,1148
17466,34.93898939542451,1151
17467,34.94098979559601,1153
17468,34.94299019576751,1146
17469,34.94499059593901,1135
17470,34.94699099611051,1130
17471,34.94899139628201,1134
17472,34.95099179645351,1138
17473,34.95299219662501,1135
17474,34.95499259679651,1126
17475,34.95699299696801,1118
17476,34.95899339713951,1115
17477,34.96099379731101,1118
17478,34.96299419748251,1118
17479,34.96499459765401,1116
17480,34.96699499782551,1111
17481,34.96899539799701,1108
17482,34.97099579816851,1111
17483,34.97299619834001,1118
17484,34.97499659851151,1123
17485,34.97699699868301,1121
17486,34.97899739885451,1120
17487,34.980997799026014,1121
17488,34.98299819919751,1122
17489,34.984998599369014,1124
17490,34.98699899954052,1127
17491,34.988999399712014,1125
17492,34.99099979988352,1119
17493,34.993000200055015,1111
17494,34.99500060022652,1106
17495,34.997001000398015,1105
17496,34.99900140056952,1110
17497,35.001001800741015,1116
17498,35.00300220091252,1117
17499,35.005002601084016,1112
17500,35.00700300125552,1107
17501,35.009003401427016,1108
17502,35.01100380159852,1114
17503,35.013004201770016,1113
17504,35.01500460194152,1101
17505,35.01700500211302,1096
17506,35.01900540228452,1100
17507,35.02100580245602,1102
17508,35.02300620262752,1101
17509,35.02500660279902,1103
17510,35.02700700297052,1104
17511,35.02900740314202,1101
17512,35.03100780331352,1105
17513,35.033008203485025,1119
17514,35.03500860365652,1125
17515,35.037009003828025,1109
17516,35.03900940399952,1089
17517,35.041009804171026,1086
17518,35.04301020434252,1100
17519,35.045010604514026,1114
17520,35.04701100468552,1117
17521,35.049011404857026,1117
17522,35.05101180502852,1124
17523,35.05301220520003,1134
17524,35.05501260537152,1137
17525,35.05701300554303,1128
17526,35.05901340571452,1116
17527,35.06101380588603,1112
17528,35.063014206057524,1114
17529,35.06501460622903,1112
17530,35.067015006400524,1097
17531,35.06901540657203,1084
17532,35.071015806743524,1088
17533,35.07301620691503,1106
17534,35.075016607086525,1122
17535,35.07701700725803,1128
17536,35.07901740742953,1126
17537,35.08101780760103,1127
17538,35.08301820777253,1135
17539,35.08501860794403,1140
17540,35.08701900811553,1136
17541,35.08901940828703,1125
17542,35.09101980845853,1121
17543,35.09302020863003,1134
17544,35.09502060880153,1158
17545,35.09702100897303,1170
17546,35.099021409144534,1157
17547,35.10102180931603,1140
17548,35.103022209487534,1139
17549,35.10502260965903,1147
17550,35.107023009830534,1147
17551,35.10902341000203,1146
17552,35.111023810173535,1146
17553,35.11302421034503,1140
17554,35.115024610516535,1124
17555,35.11702501068803,1107
17556,35.119025410859535,1103
17557,35.12102581103103,1114
17558,35.123026211202536,1129
17559,35.12502661137404,1138
17560,35.127027011545536,1136
17561,35.12902741171704,1130
17562,35.131027811888536,1128
17563,35.13302821206004,1132
17564,35.13502861223154,1136
17565,35.13702901240304,1133
17566,35.13902941257454,1126
17567,35.14102981274604,1119
17568,35.14303021291754,1117
17569,35.14503061308904,1121
17570,35.14703101326054,1127
17571,35.14903141343204,1128
17572,35.15103181360354,1125
17573,35.15303221377504,1123
17574,35.15503261394654,1126
17575,35.15703301411804,1135
17576,35.15903341428954,1145
17577,35.16103381446104,1149
17578,35.16303421463254,1143
17579,35.16503461480404,1129
17580,35.16703501497554,1122
17581,35.16903541514704,1131
17582,35.17103581531855,1145
17583,35.17303621549004,1147
17584,35.17503661566155,1136
17585,35.177037015833044,1129
17586,35.17903741600455,1141
17587,35.181037816176044,1160
17588,35.18303821634755,1168
17589,35.185038616519044,1165
17590,35.18703901669055,1152
17591,35.189039416862045,1128
17592,35.19103981703355,1105
17593,35.193040217205045,1095
17594,35.19504061737655,1097
17595,35.197041017548045,1098
17596,35.19904141771955,1093
17597,35.201041817891046,1086
17598,35.20304221806255,1084
17599,35.205042618234046,1090
17600,35.20704301840555,1103
17601,35.209043418577046,1118
17602,35.21104381874855,1128
17603,35.21304421892005,1129
17604,35.21504461909155,1123
17605,35.217045019263054,1118
17606,35.21904541943455,1121
17607,35.221045819606054,1131
17608,35.22304621977755,1139
17609,35.225046619949055,1138
17610,35.22704702012055,1128
17611,35.229047420292055,1121
17612,35.23104782046355,1124
17613,35.233048220635055,1127
17614,35.23504862080655,1125
17615,35.237049020978056,1120
17616,35.23904942114955,1118
17617,35.241049821321056,1115
17618,35.24305022149255,1115
17619,35.245050621664056,1121
17620,35.24705102183555,1134
17621,35.24905142200706,1140
17622,35.25105182217855,1134
17623,35.25305222235006,1128
17624,35.25505262252155,1133
17625,35.25705302269306,1143
17626,35.259053422864554,1145
17627,35.26105382303606,1139
17628,35.26305422320756,1129
17629,35.26505462337906,1119
17630,35.26705502355056,1112
17631,35.26905542372206,1111
17632,35.27105582389356,1115
17633,35.27305622406506,1125
17634,35.27505662423656,1138
17635,35.27705702440806,1147
17636,35.27905742457956,1151
17637,35.28105782475106,1147
17638,35.28305822492256,1139
17639,35.28505862509406,1132
17640,35.28705902526556,1130
17641,35.28905942543706,1132
17642,35.29105982560856,1135
17643,35.29306022578006,1137
17644,35.295060625951564,1135
17645,35.29706102612306,1126
17646,35.299061426294564,1112
17647,35.30106182646606,1105
17648,35.303062226637564,1115
17649,35.30506262680906,1138
17650,35.307063026980565,1156
17651,35.30906342715207,1157
17652,35.311063827323565,1145
17653,35.31306422749507,1134
17654,35.315064627666565,1130
17655,35.31706502783807,1124
17656,35.319065428009566,1113
17657,35.32106582818107,1102
17658,35.323066228352566,1100
17659,35.32506662852407,1107
17660,35.327067028695566,1112
17661,35.32906742886707,1109
17662,35.33106782903857,1109
17663,35.33306822921007,1123
17664,35.33506862938157,1140
17665,35.33706902955307,1147
17666,35.33906942972457,1140
17667,35.34106982989607,1131
17668,35.34307023006757,1126
17669,35.34507063023907,1128
17670,35.34707103041057,1133
17671,35.34907143058207,1133
17672,35.35107183075357,1128
17673,35.35307223092507,1124
17674,35.355072631096576,1122
17675,35.35707303126807,1122
17676,35.359073431439576,1127
17677,35.36107383161107,1136
17678,35.363074231782576,1140
17679,35.36507463195407,1138
17680,35.36707503212558,1129
17681,35.36907543229707,1120
17682,35.37107583246858,1110
17683,35.373076232640074,1104
17684,35.37507663281158,1107
17685,35.377077032983074,1120
17686,35.37907743315458,1137
17687,35.381077833326074,1147
17688,35.38307823349758,1145
17689,35.385078633669075,1133
17690,35.38707903384058,1115
17691,35.389079434012075,1103
17692,35.39107983418358,1104
17693,35.393080234355075,1111
17694,35.39508063452658,1112
17695,35.397081034698076,1106
17696,35.39908143486958,1103
17697,35.40108183504108,1106
17698,35.40308223521258,1109
17699,35.40508263538408,1115
17700,35.40708303555558,1130
17701,35.409083435727084,1140
17702,35.41108383589858,1132
17703,35.413084236070084,1114
17704,35.41508463624158,1099
17705,35.417085036413084,1091
17706,35.41908543658458,1086
17707,35.421085836756085,1087
17708,35.42308623692758,1100
17709,35.425086637099085,1119
17710,35.42708703727058,1127
17711,35.429087437442085,1122
17712,35.43108783761358,1118
17713,35.433088237785086,1125
17714,35.43508863795658,1130
17715,35.437089038128086,1123
17716,35.43908943829958,1109
17717,35.441089838471086,1105
17718,35.44309023864258,1112
17719,35.44509063881409,1121
17720,35.44709103898559,1124
17721,35.44909143915709,1124
17722,35.45109183932859,1121
17723,35.45309223950009,1117
17724,35.45509263967159,1114
17725,35.45709303984309,1115
17726,35.45909344001459,1120
17727,35.46109384018609,1124
17728,35.46309424035759,1120
17729,35.46509464052909,1106
17730,35.46709504070059,1086
17731,35.46909544087209,1073
17732,35.47109584104359,1078
17733,35.47309624121509,1096
17734,35.47509664138659,1110
17735,35.47709704155809,1115
17736,35.47909744172959,1107
17737,35.48109784190109,1091
17738,35.48309824207259,1081
17739,35.48509864224409,1087
17740,35.48709904241559,1103
17741,35.48909944258709,1113
17742,35.491099842758594,1110
17743,35.4931002429301,1105
17744,35.495100643101594,1111
17745,35.4971010432731,1125
17746,35.499101443444594,1131
17747,35.5011018436161,1125
17748,35.503102243787595,1120
17749,35.5051026439591,1126
17750,35.507103044130595,1132
17751,35.5091034443021,1127
17752,35.511103844473595,1118
17753,35.5131042446451,1116
17754,35.515104644816596,1118
17755,35.5171050449881,1119
17756,35.519105445159596,1121
17757,35.5211058453311,1122
17758,35.523106245502596,1115
17759,35.5251066456741,1099
17760,35.5271070458456,1083
17761,35.5291074460171,1072
17762,35.5311078461886,1065
17763,35.5331082463601,1061
17764,35.5351086465316,1067
17765,35.5371090467031,1086
17766,35.539109446874605,1108
17767,35.5411098470461,1123
17768,35.543110247217605,1128
17769,35.5451106473891,1130
17770,35.547111047560605,1134
17771,35.5491114477321,1139
17772,35.551111847903606,1147
17773,35.5531122480751,1157
17774,35.555112648246606,1159
17775,35.5571130484181,1144
17776,35.559113448589606,1124
17777,35.5611138487611,1115
17778,35.56311424893261,1123
17779,35.5651146491041,1135
17780,35.56711504927561,1139
17781,35.569115449447104,1133
17782,35.57111584961861,1125
17783,35.573116249790104,1123
17784,35.57511664996161,1129
17785,35.577117050133104,1137
17786,35.57911745030461,1136
17787,35.581117850476105,1127
17788,35.58311825064761,1120
17789,35.58511865081911,1123
17790,35.58711905099061,1130
17791,35.58911945116211,1131
17792,35.59111985133361,1130
17793,35.59312025150511,1129
17794,35.59512065167661,1122
17795,35.59712105184811,1101
17796,35.59912145201961,1077
17797,35.60112185219111,1070
17798,35.60312225236261,1081
17799,35.605122652534114,1088
17800,35.60712305270561,1079
17801,35.609123452877114,1063
17802,35.61112385304861,1057
17803,35.613124253220114,1072
17804,35.61512465339161,1098
17805,35.617125053563115,1109
17806,35.61912545373461,1100
17807,35.621125853906115,1092
17808,35.62312625407761,1101
17809,35.625126654249115,1107
17810,35.62712705442061,1099
17811,35.629127454592115,1094
17812,35.63112785476362,1099
17813,35.633128254935116,1104
17814,35.63512865510662,1107
17815,35.637129055278116,1114
17816,35.63912945544962,1119
17817,35.64112985562112,1115
17818,35.64313025579262,1110
17819,35.64513065596412,1121
17820,35.64713105613562,1140
17821,35.64913145630712,1147
17822,35.65113185647862,1142
17823,35.65313225665012,1139
17824,35.65513265682162,1143
17825,35.65713305699312,1149
17826,35.65913345716462,1150
17827,35.66113385733612,1150
17828,35.66313425750762,1149
17829,35.66513465767912,1149
17830,35.66713505785062,1148
17831,35.66913545802212,1144
17832,35.67113585819362,1138
17833,35.67313625836512,1131
17834,35.67513665853662,1129
17835,35.67713705870813,1128
17836,35.67913745887962,1125
17837,35.68113785905113,1121
17838,35.68313825922262,1115
17839,35.68513865939413,1110
17840,35.687139059565624,1107
17841,35.68913945973713,1111
17842,35.691139859908624,1117
17843,35.69314026008013,1117
17844,35.695140660251624,1107
17845,35.69714106042313,1099
17846,35.699141460594625,1099
17847,35.70114186076613,1101
17848,35.703142260937625,1104
17849,35.70514266110913,1111
17850,35.707143061280625,1121
17851,35.70914346145213,1125
17852,35.711143861623626,1119
17853,35.71314426179513,1109
17854,35.715144661966626,1105
17855,35.71714506213813,1106
17856,35.719145462309626,1105
17857,35.72114586248113,1094
17858,35.723146262652634,1079
17859,35.72514666282413,1073
17860,35.727147062995634,1080
17861,35.72914746316713,1092
17862,35.731147863338634,1103
17863,35.73314826351013,1114
17864,35.735148663681635,1125
17865,35.73714906385313,1134
17866,35.739149464024635,1135
17867,35.74114986419613,1132
17868,35.743150264367635,1131
17869,35.74515066453913,1131
17870,35.747151064710636,1133
17871,35.74915146488213,1143
17872,35.751151865053636,1159
17873,35.75315226522513,1165
17874,35.755152665396636,1151
17875,35.75715306556813,1128
17876,35.75915346573964,1117
17877,35.76115386591113,1120
17878,35.76315426608264,1124
17879,35.76515466625413,1120
17880,35.76715506642564,1113
17881,35.76915546659714,1108
17882,35.77115586676864,1108
17883,35.77315626694014,1113
17884,35.77515666711164,1129
17885,35.77715706728314,1152
17886,35.77915746745464,1169
17887,35.78115786762614,1171
17888,35.78315826779764,1172
17889,35.78515866796914,1185
17890,35.78715906814064,1194
17891,35.78915946831214,1183
17892,35.79115986848364,1156
17893,35.79316026865514,1135
17894,35.79516066882664,1127
17895,35.79716106899814,1130
17896,35.79916146916964,1140
17897,35.80116186934114,1152
17898,35.80316226951264,1163
17899,35.805162669684144,1164
17900,35.80716306985564,1155
17901,35.809163470027144,1143
17902,35.81116387019864,1139
17903,35.813164270370144,1137
17904,35.81516467054165,1130
17905,35.817165070713145,1120
17906,35.81916547088465,1114
17907,35.821165871056145,1118
17908,35.82316627122765,1127
17909,35.825166671399145,1129
17910,35.82716707157065,1120
17911,35.829167471742146,1114
17912,35.83116787191365,1122
17913,35.833168272085146,1140
17914,35.83516867225665,1147
17915,35.837169072428146,1140
17916,35.83916947259965,1133
17917,35.84116987277115,1135
17918,35.84317027294265,1139
17919,35.84517067311415,1138
17920,35.84717107328565,1134
17921,35.84917147345715,1136
17922,35.85117187362865,1143
17923,35.85317227380015,1147
17924,35.85517267397165,1138
17925,35.85717307414315,1120
17926,35.85917347431465,1111
17927,35.861173874486155,1116
17928,35.86317427465765,1124
17929,35.865174674829156,1121
17930,35.86717507500065,1115
17931,35.869175475172156,1116
17932,35.87117587534365,1128
17933,35.873176275515156,1140
17934,35.87517667568665,1147
17935,35.87717707585816,1148
17936,35.87917747602965,1142
17937,35.88117787620116,1138
17938,35.883178276372654,1144
17939,35.88517867654416,1153
17940,35.887179076715654,1148
17941,35.88917947688716,1125
17942,35.891179877058654,1101
17943,35.89318027723016,1095
17944,35.895180677401655,1106
17945,35.89718107757316,1116
17946,35.899181477744655,1114
17947,35.90118187791616,1105
17948,35.903182278087655,1100
17949,35.90518267825916,1101
17950,35.90718307843066,1109
17951,35.90918347860216,1120
17952,35.91118387877366,1133
17953,35.91318427894516,1145
17954,35.91518467911666,1154
17955,35.91718507928816,1159
17956,35.919185479459664,1160
17957,35.92118587963116,1157
17958,35.923186279802664,1156
17959,35.92518667997416,1158
17960,35.927187080145664,1161
17961,35.92918748031716,1162
17962,35.931187880488665,1158
17963,35.93318828066016,1154
17964,35.935188680831665,1156
17965,35.93718908100316,1160
17966,35.939189481174665,1160
17967,35.94118988134616,1161
17968,35.943190281517666,1164
17969,35.94519068168916,1163
17970,35.947191081860666,1155
17971,35.94919148203216,1145
17972,35.951191882203666,1136
17973,35.95319228237517,1133
17974,35.95519268254667,1137
17975,35.95719308271817,1145
17976,35.95919348288967,1152
17977,35.96119388306117,1156
17978,35.96319428323267,1157
17979,35.96519468340417,1157
17980,35.96719508357567,1158
17981,35.96919548374717,1163
17982,35.97119588391867,1172
17983,35.97319628409017,1180
17984,35.97519668426167,1176
17985,35.97719708443317,1164
17986,35.97919748460467,1158
17987,35.98119788477617,1157
17988,35.98319828494767,1155
17989,35.98519868511917,1150
17990,35.98719908529067,1149
17991,35.98919948546217,1151
17992,35.99119988563367,1150
17993,35.99320028580517,1141
17994,35.99520068597667,1126
17995,35.99720108614817,1111
17996,35.99920148631968,1106
17997,36.001201886491174,1114
17998,36.00320228666268,1123
17999,36.005202686834174,1126
18000,36.00720308700568,1130
18001,36.009203487177174,1143
18002,36.01120388734868,1156
18003,36.013204287520175,1155
18004,36.01520468769168,1139
18005,36.017205087863175,1130
18006,36.01920548803468,1136
18007,36.021205888206175,1149
18008,36.02320628837768,1153
18009,36.025206688549176,1146
18010,36.02720708872068,1137
18011,36.029207488892176,1129
18012,36.03120788906368,1126
18013,36.033208289235176,1127
18014,36.03520868940668,1128
18015,36.03720908957818,1122
18016,36.03920948974968,1112
18017,36.04120988992118,1110
18018,36.04321029009268,1119
18019,36.045210690264184,1128
18020,36.04721109043568,1126
18021,36.049211490607185,1117
18022,36.05121189077868,1110
18023,36.053212290950185,1108
18024,36.05521269112168,1117
18025,36.057213091293185,1130
18026,36.05921349146468,1133
18027,36.061213891636186,1123
18028,36.06321429180768,1114
18029,36.065214691979186,1111
18030,36.06721509215068,1105
18031,36.069215492322186,1099
18032,36.07121589249368,1102
18033,36.07321629266519,1108
18034,36.07521669283668,1114
18035,36.07721709300819,1118
18036,36.079217493179684,1119
18037,36.08121789335119,1115
18038,36.083218293522684,1107
18039,36.08521869369419,1099
18040,36.087219093865684,1097
18041,36.08921949403719,1101
18042,36.09121989420869,1104
18043,36.09322029438019,1107
18044,36.09522069455169,1111
18045,36.09722109472319,1118
18046,36.09922149489469,1122
18047,36.10122189506619,1123
18048,36.10322229523769,1122
18049,36.10522269540919,1121
18050,36.10722309558069,1115
18051,36.10922349575219,1107
18052,36.11122389592369,1104
18053,36.11322429609519,1107
18054,36.115224696266694,1110
18055,36.11722509643819,1110
18056,36.119225496609694,1112
18057,36.12122589678119,1121
18058,36.123226296952694,1126
18059,36.12522669712419,1120
18060,36.127227097295695,1114
18061,36.12922749746719,1123
18062,36.131227897638695,1138
18063,36.1332282978102,1137
18064,36.135228697981695,1116
18065,36.1372290981532,1094
18066,36.139229498324696,1088
18067,36.1412298984962,1101
18068,36.143230298667696,1119
18069,36.1452306988392,1124
18070,36.147231099010696,1114
18071,36.1492314991822,1108
18072,36.1512318993537,1116
18073,36.1532322995252,1127
18074,36.1552326996967,1129
18075,36.1572330998682,1123
18076,36.1592335000397,1112
18077,36.1612339002112,1101
18078,36.1632343003827,1097
18079,36.1652347005542,1099
18080,36.1672351007257,1100
18081,36.1692355008972,1098
18082,36.1712359010687,1101
18083,36.1732363012402,1109
18084,36.1752367014117,1117
18085,36.1772371015832,1124
18086,36.179237501754706,1133
18087,36.1812379019262,1140
18088,36.183238302097706,1138
18089,36.1852387022692,1131
18090,36.18723910244071,1126
18091,36.1892395026122,1124
18092,36.19123990278371,1123
18093,36.1932403029552,1121
18094,36.19524070312671,1121
18095,36.197241103298204,1125
18096,36.19924150346971,1122
18097,36.201241903641204,1106
18098,36.20324230381271,1093
18099,36.205242703984204,1100
18100,36.20724310415571,1124
18101,36.209243504327205,1146
18102,36.21124390449871,1150
18103,36.213244304670205,1137
18104,36.21524470484171,1124
18105,36.217245105013205,1124
18106,36.21924550518471,1133
18107,36.221245905356206,1140
18108,36.22324630552771,1136
18109,36.22524670569921,1123
18110,36.22724710587071,1114
18111,36.22924750604221,1114
18112,36.23124790621371,1120
18113,36.233248306385214,1126
18114,36.23524870655671,1122
18115,36.237249106728214,1106
18116,36.23924950689971,1094
18117,36.241249907071214,1097
18118,36.24325030724271,1109
18119,36.245250707414215,1114
18120,36.24725110758571,1111
18121,36.249251507757215,1103
18122,36.25125190792871,1096
18123,36.253252308100215,1099
18124,36.25525270827171,1112
18125,36.257253108443216,1125
18126,36.25925350861471,1129
18127,36.261253908786216,1128
18128,36.26325430895771,1131
18129,36.265254709129216,1135
18130,36.26725510930071,1135
18131,36.26925550947222,1132
18132,36.27125590964372,1128
18133,36.27325630981522,1121
18134,36.27525670998672,1117
18135,36.27725711015822,1119
18136,36.27925751032972,1124
18137,36.28125791050122,1128
18138,36.28325831067272,1129
18139,36.28525871084422,1124
18140,36.28725911101572,1115
18141,36.28925951118722,1110
18142,36.29125991135872,1113
18143,36.29326031153022,1119
18144,36.29526071170172,1117
18145,36.29726111187322,1112
18146,36.29926151204472,1115
18147,36.30126191221622,1126
18148,36.30326231238772,1134
18149,36.30526271255922,1137
18150,36.30726311273072,1132
18151,36.30926351290222,1123
18152,36.311263913073724,1115
18153,36.31326431324522,1112
18154,36.315264713416724,1113
18155,36.31726511358823,1119
18156,36.319265513759724,1127
18157,36.32126591393123,1130
18158,36.323266314102725,1122
18159,36.32526671427423,1112
18160,36.327267114445725,1110
18161,36.32926751461723,1115
18162,36.331267914788725,1119
18163,36.33326831496023,1119
18164,36.335268715131726,1120
18165,36.33726911530323,1119
18166,36.339269515474726,1115
18167,36.34126991564623,1114
18168,36.343270315817726,1124
18169,36.34527071598923,1136
18170,36.34727111616073,1136
18171,36.34927151633223,1125
18172,36.35127191650373,1115
18173,36.35327231667523,1119
18174,36.35527271684673,1127
18175,36.35727311701823,1127
18176,36.35927351718973,1119
18177,36.36127391736123,1117
18178,36.363274317532735,1121
18179,36.36527471770423,1124
18180,36.367275117875735,1127
18181,36.36927551804723,1133
18182,36.371275918218736,1141
18183,36.37327631839023,1146
18184,36.375276718561736,1144
18185,36.37727711873323,1133
18186,36.379277518904736,1122
18187,36.38127791907623,1119
18188,36.38327831924774,1126
18189,36.38527871941923,1135
18190,36.38727911959074,1136
18191,36.38927951976223,1133
18192,36.39127991993374,1134
18193,36.393280320105234,1145
18194,36.39528072027674,1155
18195,36.397281120448234,1150
18196,36.39928152061974,1137
18197,36.401281920791234,1133
18198,36.40328232096274,1141
18199,36.405282721134235,1151
18200,36.40728312130574,1152
18201,36.40928352147724,1145
18202,36.41128392164874,1143
18203,36.41328432182024,1152
18204,36.41528472199174,1165
18205,36.41728512216324,1171
18206,36.41928552233474,1167
18207,36.42128592250624,1159
18208,36.42328632267774,1155
18209,36.42528672284924,1149
18210,36.42728712302074,1131
18211,36.429287523192244,1110
18212,36.43128792336374,1105
18213,36.433288323535244,1119
18214,36.43528872370674,1133
18215,36.437289123878244,1134
18216,36.43928952404974,1130
18217,36.441289924221245,1129
18218,36.44329032439274,1136
18219,36.445290724564245,1151
18220,36.44729112473574,1169
18221,36.449291524907245,1178
18222,36.45129192507874,1179
18223,36.453292325250246,1175
18224,36.45529272542175,1165
18225,36.457293125593246,1150
18226,36.45929352576475,1142
18227,36.461293925936246,1143
18228,36.46329432610775,1143
18229,36.46529472627925,1136
18230,36.46729512645075,1130
18231,36.46929552662225,1128
18232,36.47129592679375,1126
18233,36.47329632696525,1118
18234,36.47529672713675,1110
18235,36.47729712730825,1111
18236,36.47929752747975,1124
18237,36.48129792765125,1135
18238,36.48329832782275,1136
18239,36.48529872799425,1130
18240,36.48729912816575,1125
18241,36.48929952833725,1121
18242,36.49129992850875,1117
18243,36.49330032868025,1116
18244,36.49530072885175,1121
18245,36.49730112902325,1132
18246,36.49930152919475,1144
18247,36.50130192936626,1146
18248,36.50330232953775,1137
18249,36.50530272970926,1129
18250,36.50730312988075,1130
18251,36.50930353005226,1136
18252,36.511303930223754,1138
18253,36.51330433039526,1133
18254,36.515304730566754,1127
18255,36.51730513073826,1124
18256,36.519305530909755,1124
18257,36.52130593108126,1120
18258,36.523306331252755,1109
18259,36.52530673142426,1100
18260,36.527307131595755,1110
18261,36.52930753176726,1138
18262,36.531307931938755,1163
18263,36.53330833211026,1171
18264,36.535308732281756,1167
18265,36.53730913245326,1161
18266,36.539309532624756,1158
18267,36.54130993279626,1162
18268,36.543310332967756,1177
18269,36.54531073313926,1193
18270,36.547311133310764,1198
18271,36.54931153348226,1188
18272,36.551311933653764,1172
18273,36.55331233382526,1161
18274,36.555312733996765,1152
18275,36.55731313416826,1141
18276,36.559313534339765,1131
18277,36.56131393451126,1132
18278,36.563314334682765,1140
18279,36.56531473485426,1137
18280,36.567315135025765,1122
18281,36.56931553519726,1111
18282,36.571315935368766,1115
18283,36.57331633554026,1125
18284,36.575316735711766,1131
18285,36.57731713588326,1134
18286,36.579317536054766,1131
18287,36.58131793622626,1118
18288,36.58331833639777,1104
18289,36.58531873656926,1103
18290,36.58731913674077,1111
18291,36.589319536912264,1122
18292,36.59131993708377,1130
18293,36.59332033725527,1131
18294,36.59532073742677,1121
18295,36.59732113759827,1112
18296,36.59932153776977,1118
18297,36.60132193794127,1135
18298,36.60332233811277,1147
18299,36.60532273828427,1150
18300,36.60732313845577,1151
18301,36.60932353862727,1153
18302,36.61132393879877,1152
18303,36.61332433897027,1147
18304,36.61532473914177,1150
18305,36.61732513931327,1167
18306,36.61932553948477,1188
18307,36.62132593965627,1193
18308,36.62332633982777,1178
18309,36.625326739999274,1157
18310,36.62732714017077,1147
18311,36.629327540342274,1147
18312,36.63132794051377,1145
18313,36.633328340685274,1136
18314,36.63532874085677,1126
18315,36.637329141028275,1127
18316,36.63932954119978,1135
18317,36.641329941371275,1137
18318,36.64333034154278,1127
18319,36.645330741714275,1117
18320,36.64733114188578,1118
18321,36.649331542057276,1125
18322,36.65133194222878,1131
18323,36.653332342400276,1135
18324,36.65533274257178,1137
18325,36.657333142743276,1143
18326,36.65933354291478,1153
18327,36.66133394308628,1163
18328,36.66333434325778,1168
18329,36.66533474342928,1170
18330,36.66733514360078,1168
18331,36.66933554377228,1162
18332,36.67133594394378,1160
18333,36.67333634411528,1166
18334,36.67533674428678,1168
18335,36.67733714445828,1154
18336,36.67933754462978,1131
18337,36.68133794480128,1116
18338,36.68333834497278,1120
18339,36.685338745144286,1137
18340,36.68733914531578,1154
18341,36.689339545487286,1157
18342,36.69133994565878,1145
18343,36.693340345830286,1130
18344,36.69534074600178,1128
18345,36.69734114617329,1142
18346,36.69934154634478,1162
18347,36.70134194651629,1175
18348,36.70334234668778,1170
18349,36.70534274685929,1147
18350,36.707343147030784,1122
18351,36.70934354720229,1116
18352,36.711343947373784,1128
18353,36.71334434754529,1137
18354,36.715344747716784,1132
18355,36.71734514788829,1129
18356,36.719345548059785,1139
18357,36.72134594823129,1153
18358,36.723346348402785,1163
18359,36.72534674857429,1161
18360,36.727347148745785,1147
18361,36.72934754891729,1131
18362,36.73134794908879,1123
18363,36.73334834926029,1127
18364,36.73534874943179,1135
18365,36.73734914960329,1135
18366,36.73934954977479,1126
18367,36.74134994994629,1116
18368,36.743350350117794,1113
18369,36.74535075028929,1116
18370,36.747351150460794,1123
18371,36.74935155063229,1132
18372,36.751351950803794,1135
18373,36.75335235097529,1132
18374,36.755352751146795,1127
18375,36.75735315131829,1124
18376,36.759353551489795,1125
18377,36.76135395166129,1124
18378,36.763354351832795,1112
18379,36.76535475200429,1094
18380,36.767355152175796,1097
18381,36.76935555234729,1123
18382,36.771355952518796,1145
18383,36.77335635269029,1143
18384,36.775356752861796,1123
18385,36.7773571530333,1101
18386,36.7793575532048,1088
18387,36.7813579533763,1088
18388,36.7833583535478,1102
18389,36.7853587537193,1120
18390,36.7873591538908,1127
18391,36.7893595540623,1120
18392,36.7913599542338,1113
18393,36.7933603544053,1117
18394,36.7953607545768,1127
18395,36.7973611547483,1130
18396,36.7993615549198,1127
18397,36.8013619550913,1126
18398,36.8033623552628,1131
18399,36.8053627554343,1144
18400,36.8073631556058,1157
18401,36.8093635557773,1158
18402,36.8113639559488,1145
18403,36.8133643561203,1139
18404,36.8153647562918,1150
18405,36.8173651564633,1162
18406,36.8193655566348,1159
18407,36.821365956806304,1144
18408,36.82336635697781,1129
18409,36.825366757149304,1127
18410,36.82736715732081,1135
18411,36.829367557492304,1140
18412,36.83136795766381,1137
18413,36.833368357835305,1136
18414,36.83536875800681,1141
18415,36.837369158178305,1148
18416,36.83936955834981,1156
18417,36.841369958521305,1160
18418,36.84337035869281,1159
18419,36.845370758864306,1156
18420,36.84737115903581,1154
18421,36.849371559207306,1154
18422,36.85137195937881,1156
18423,36.853372359550306,1153
18424,36.85537275972181,1145
18425,36.85737315989331,1144
18426,36.85937356006481,1154
18427,36.86137396023631,1163
18428,36.86337436040781,1160
18429,36.86537476057931,1149
18430,36.86737516075081,1146
18431,36.869375560922315,1156
18432,36.87137596109381,1166
18433,36.873376361265315,1163
18434,36.87537676143681,1153
18435,36.877377161608315,1148
18436,36.87937756177981,1154
18437,36.881377961951316,1159
18438,36.88337836212281,1158
18439,36.885378762294316,1157
18440,36.88737916246581,1159
18441,36.889379562637316,1162
18442,36.89137996280881,1158
18443,36.89338036298032,1144
18444,36.89538076315181,1129
18445,36.89738116332332,1126
18446,36.89938156349481,1134
18447,36.90138196366632,1134
18448,36.903382363837814,1120
18449,36.90538276400932,1108
18450,36.907383164180814,1113
18451,36.90938356435232,1128
18452,36.911383964523814,1145
18453,36.91338436469532,1155
18454,36.91538476486682,1152
18455,36.91738516503832,1135
18456,36.91938556520982,1119
18457,36.92138596538132,1117
18458,36.92338636555282,1130
18459,36.92538676572432,1141
18460,36.92738716589582,1137
18461,36.92938756606732,1122
18462,36.93138796623882,1111
18463,36.93338836641032,1108
18464,36.93538876658182,1115
18465,36.93738916675332,1129
18466,36.939389566924824,1137
18467,36.94138996709632,1132
18468,36.943390367267824,1123
18469,36.94539076743932,1118
18470,36.947391167610824,1113
18471,36.94939156778232,1108
18472,36.951391967953825,1109
18473,36.95339236812532,1116
18474,36.955392768296825,1122
18475,36.95739316846832,1121
18476,36.959393568639825,1113
18477,36.96139396881133,1103
18478,36.963394368982826,1101
18479,36.96539476915433,1109
18480,36.967395169325826,1120
18481,36.96939556949733,1123
18482,36.971395969668826,1120
18483,36.97339636984033,1119
18484,36.97539677001183,1126
18485,36.97739717018333,1138
18486,36.97939757035483,1153
18487,36.98139797052633,1165
18488,36.98339837069783,1168
18489,36.98539877086933,1162
18490,36.98739917104083,1154
18491,36.98939957121233,1151
18492,36.99139997138383,1154
18493,36.99340037155533,1155
18494,36.99540077172683,1150
18495,36.99740117189833,1144
18496,36.99940157206983,1143
18497,37.00140197224133,1145
18498,37.00340237241283,1144
18499,37.00540277258433,1142
18500,37.007403172755836,1139
18501,37.00940357292733,1137
18502,37.01140397309884,1137
18503,37.01340437327033,1141
18504,37.01540477344184,1146
18505,37.017405173613334,1144
18506,37.01940557378484,1135
18507,37.021405973956334,1126
18508,37.02340637412784,1125
18509,37.025406774299334,1134
18510,37.02740717447084,1147
18511,37.029407574642335,1158
18512,37.03140797481384,1162
18513,37.033408374985335,1159
18514,37.03540877515684,1158
18515,37.037409175328335,1165
18516,37.03940957549984,1170
18517,37.041409975671336,1162
18518,37.04341037584284,1149
18519,37.045410776014336,1146
18520,37.04741117618584,1151
18521,37.049411576357336,1149
18522,37.05141197652884,1137
18523,37.053412376700344,1128
18524,37.05541277687184,1127
18525,37.057413177043344,1126
18526,37.05941357721484,1127
18527,37.061413977386344,1135
18528,37.06341437755784,1139
18529,37.065414777729345,1134
18530,37.06741517790084,1128
18531,37.069415578072345,1129
18532,37.07141597824384,1130
18533,37.073416378415345,1123
18534,37.07541677858684,1111
18535,37.077417178758346,1106
18536,37.07941757892984,1105
18537,37.081417979101346,1104
18538,37.08341837927284,1103
18539,37.085418779444346,1108
18540,37.08741917961584,1115
18541,37.08941957978735,1114
18542,37.09141997995884,1106
18543,37.09342038013035,1104
18544,37.09542078030184,1116
18545,37.09742118047335,1133
18546,37.09942158064485,1146
18547,37.10142198081635,1146
18548,37.10342238098785,1135
18549,37.10542278115935,1120
18550,37.10742318133085,1112
18551,37.10942358150235,1112
18552,37.11142398167385,1112
18553,37.11342438184535,1109
18554,37.11542478201685,1106
18555,37.11742518218835,1104
18556,37.11942558235985,1104
18557,37.12142598253135,1103
18558,37.12342638270285,1103
18559,37.12542678287435,1110
18560,37.12742718304585,1126
18561,37.12942758321735,1144
18562,37.13142798338885,1155
18563,37.13342838356035,1145
18564,37.135428783731854,1119
18565,37.13742918390335,1100
18566,37.139429584074854,1105
18567,37.14142998424635,1121
18568,37.143430384417854,1128
18569,37.14543078458936,1127
18570,37.147431184760855,1132
18571,37.14943158493236,1141
18572,37.151431985103855,1138
18573,37.15343238527536,1117
18574,37.155432785446855,1100
18575,37.15743318561836,1105
18576,37.159433585789856,1131
18577,37.16143398596136,1155
18578,37.163434386132856,1158
18579,37.16543478630436,1139
18580,37.167435186475856,1121
18581,37.16943558664736,1118
18582,37.17143598681886,1129
18583,37.17343638699036,1141
18584,37.17543678716186,1144
18585,37.17743718733336,1137
18586,37.17943758750486,1131
18587,37.18143798767636,1125
18588,37.18343838784786,1115
18589,37.18543878801936,1112
18590,37.18743918819086,1121
18591,37.18943958836236,1133
18592,37.191439988533865,1137
18593,37.19344038870536,1140
18594,37.195440788876866,1142
18595,37.19744118904836,1135
18596,37.199441589219866,1118
18597,37.20144198939136,1105
18598,37.203442389562866,1110
18599,37.20544278973436,1126
18600,37.20744318990587,1131
18601,37.20944359007736,1119
18602,37.21144399024887,1108
18603,37.213444390420364,1112
18604,37.21544479059187,1123
18605,37.217445190763364,1123
18606,37.21944559093487,1117
18607,37.221445991106364,1124
18608,37.22344639127787,1141
18609,37.225446791449365,1146
18610,37.22744719162087,1139
18611,37.229447591792365,1135
18612,37.23144799196387,1136
18613,37.233448392135365,1130
18614,37.23544879230687,1117
18615,37.23744919247837,1107
18616,37.23944959264987,1107
18617,37.24144999282137,1108
18618,37.24345039299287,1103
18619,37.24545079316437,1091
18620,37.24745119333587,1077
18621,37.249451593507374,1079
18622,37.25145199367887,1104
18623,37.253452393850374,1135
18624,37.25545279402187,1147
18625,37.257453194193374,1141
18626,37.25945359436487,1137
18627,37.261453994536375,1146
18628,37.26345439470787,1158
18629,37.265454794879375,1161
18630,37.26745519505087,1158
18631,37.269455595222375,1155
18632,37.27145599539387,1154
18633,37.273456395565375,1151
18634,37.27545679573687,1152
18635,37.277457195908376,1161
18636,37.27945759607987,1168
18637,37.281457996251376,1163
18638,37.28345839642288,1155
18639,37.28545879659438,1152
18640,37.28745919676588,1150
18641,37.28945959693738,1141
18642,37.29145999710888,1128
18643,37.29346039728038,1119
18644,37.29546079745188,1116
18645,37.29746119762338,1116
18646,37.29946159779488,1122
18647,37.30146199796638,1134
18648,37.30346239813788,1149
18649,37.30546279830938,1161
18650,37.30746319848088,1164
18651,37.30946359865238,1154
18652,37.31146399882388,1142
18653,37.31346439899538,1144
18654,37.31546479916688,1161
18655,37.31746519933838,1182
18656,37.31946559950988,1192
18657,37.32146599968138,1185
18658,37.32346639985288,1167
18659,37.32546680002438,1156
18660,37.32746720019588,1165
18661,37.32946760036739,1181
18662,37.331468000538884,1184
18663,37.33346840071039,1172
18664,37.335468800881884,1162
18665,37.33746920105339,1162
18666,37.339469601224884,1165
18667,37.34147000139639,1159
18668,37.343470401567885,1143
18669,37.34547080173939,1127
18670,37.347471201910885,1124
18671,37.34947160208239,1141
18672,37.351472002253885,1158
18673,37.35347240242539,1160
18674,37.355472802596886,1150
18675,37.35747320276839,1144
18676,37.359473602939886,1144
18677,37.36147400311139,1146
18678,37.363474403282886,1148
18679,37.36547480345439,1154
18680,37.36747520362589,1163
18681,37.36947560379739,1170
18682,37.37147600396889,1175
18683,37.37347640414039,1182
18684,37.375476804311894,1182
18685,37.37747720448339,1174
18686,37.379477604654895,1168
18687,37.38147800482639,1169
18688,37.383478404997895,1168
18689,37.38547880516939,1163
18690,37.387479205340895,1161
18691,37.38947960551239,1161
18692,37.391480005683896,1158
18693,37.39348040585539,1152
18694,37.395480806026896,1148
18695,37.39748120619839,1148
18696,37.399481606369896,1155
18697,37.40148200654139,1164
18698,37.4034824067129,1165
18699,37.40548280688439,1157
18700,37.4074832070559,1154
18701,37.40948360722739,1164
18702,37.4114840073989,1182
18703,37.413484407570394,1197
18704,37.4154848077419,1199
18705,37.417485207913394,1183
18706,37.4194856080849,1161
18707,37.4214860082564,1151
18708,37.4234864084279,1153
18709,37.4254868085994,1162
18710,37.4274872087709,1166
18711,37.4294876089424,1158
18712,37.4314880091139,1141
18713,37.4334884092854,1129
18714,37.4354888094569,1133
18715,37.4374892096284,1148
18716,37.4394896097999,1159
18717,37.4414900099714,1158
18718,37.4434904101429,1151
18719,37.4454908103144,1147
18720,37.4474912104859,1148
18721,37.449491610657404,1145
18722,37.4514920108289,1142
18723,37.453492411000404,1147
18724,37.4554928111719,1156
18725,37.457493211343404,1155
18726,37.4594936115149,1148
18727,37.461494011686405,1149
18728,37.4634944118579,1159
18729,37.465494812029405,1162
18730,37.46749521220091,1152
18731,37.469495612372405,1142
18732,37.47149601254391,1140
18733,37.473496412715406,1143
18734,37.47549681288691,1144
18735,37.477497213058406,1144
18736,37.47949761322991,1149
18737,37.481498013401406,1159
18738,37.48349841357291,1164
18739,37.48549881374441,1157
18740,37.48749921391591,1147
18741,37.48949961408741,1149
18742,37.49150001425891,1163
18743,37.49350041443041,1175
18744,37.49550081460191,1176
18745,37.49750121477341,1168
18746,37.49950161494491,1154
18747,37.50150201511641,1144
18748,37.50350241528791,1143
18749,37.50550281545941,1146
18750,37.50750321563091,1140
18751,37.50950361580241,1124
18752,37.51150401597391,1113
18753,37.513504416145416,1116
18754,37.51550481631691,1125
18755,37.517505216488416,1128
18756,37.51950561665991,1128
18757,37.52150601683142,1133
18758,37.52350641700291,1137
18759,37.52550681717442,1131
18760,37.527507217345914,1118
18761,37.52950761751742,1116
18762,37.531508017688914,1129
18763,37.53350841786042,1145
18764,37.535508818031914,1147
18765,37.53750921820342,1132
18766,37.539509618374915,1119
18767,37.54151001854642,1122
18768,37.543510418717915,1137
18769,37.54551081888942,1147
18770,37.547511219060915,1150
18771,37.54951161923242,1151
18772,37.551512019403916,1152
18773,37.55351241957542,1149
18774,37.555512819746916,1140
18775,37.55751321991842,1126
18776,37.55951362008992,1116
18777,37.56151402026142,1115
18778,37.563514420432924,1119
18779,37.56551482060442,1128
18780,37.567515220775924,1139
18781,37.56951562094742,1144
18782,37.571516021118924,1138
18783,37.57351642129042,1129
18784,37.575516821461925,1127
18785,37.57751722163342,1135
18786,37.579517621804925,1148
18787,37.58151802197642,1163
18788,37.583518422147925,1174
18789,37.58551882231942,1177
18790,37.587519222490926,1174
18791,37.58951962266242,1173
18792,37.591520022833926,1180
18793,37.59352042300542,1189
18794,37.595520823176926,1192
18795,37.59752122334842,1191
18796,37.59952162351993,1189
18797,37.60152202369142,1185
18798,37.60352242386293,1179
18799,37.60552282403443,1168
18800,37.60752322420593,1149
18801,37.60952362437743,1126
18802,37.61152402454893,1114
18803,37.61352442472043,1116
18804,37.61552482489193,1127
18805,37.61752522506343,1133
18806,37.61952562523493,1129
18807,37.62152602540643,1125
18808,37.62352642557793,1126
18809,37.62552682574943,1130
18810,37.62752722592093,1131
18811,37.62952762609243,1130
18812,37.63152802626393,1130
18813,37.63352842643543,1128
18814,37.63552882660693,1120
18815,37.63752922677843,1113
18816,37.63952962694993,1115
18817,37.64153002712143,1119
18818,37.64353042729293,1113
18819,37.645530827464434,1105
18820,37.64753122763593,1113
18821,37.649531627807434,1132
18822,37.65153202797894,1139
18823,37.653532428150434,1126
18824,37.65553282832194,1112
18825,37.657533228493435,1115
18826,37.65953362866494,1131
18827,37.661534028836435,1145
18828,37.66353442900794,1147
18829,37.665534829179435,1138
18830,37.66753522935094,1129
18831,37.669535629522436,1122
18832,37.67153602969394,1112
18833,37.673536429865436,1106
18834,37.67553683003694,1110
18835,37.677537230208436,1120
18836,37.67953763037994,1127
18837,37.68153803055144,1128
18838,37.68353843072294,1126
18839,37.68553883089444,1124
18840,37.68753923106594,1131
18841,37.68953963123744,1147
18842,37.69154003140894,1164
18843,37.69354043158044,1167
18844,37.69554083175194,1151
18845,37.697541231923445,1128
18846,37.69954163209494,1122
18847,37.701542032266445,1140
18848,37.70354243243794,1157
18849,37.705542832609446,1159
18850,37.70754323278094,1148
18851,37.709543632952446,1136
18852,37.71154403312394,1129
18853,37.713544433295446,1125
18854,37.71554483346694,1124
18855,37.71754523363845,1124
18856,37.71954563380994,1124
18857,37.72154603398145,1121
18858,37.723546434152944,1118
18859,37.72554683432445,1123
18860,37.727547234495944,1138
18861,37.72954763466745,1155
18862,37.731548034838944,1160
18863,37.73354843501045,1150
18864,37.735548835181945,1131
18865,37.73754923535345,1123
18866,37.739549635524945,1136
18867,37.74155003569645,1156
18868,37.74355043586795,1159
18869,37.74555083603945,1142
18870,37.74755123621095,1120
18871,37.74955163638245,1107
18872,37.75155203655395,1112
18873,37.75355243672545,1128
18874,37.75555283689695,1142
18875,37.75755323706845,1142
18876,37.759553637239954,1132
18877,37.76155403741145,1124
18878,37.763554437582954,1124
18879,37.76555483775445,1125
18880,37.767555237925954,1122
18881,37.76955563809745,1115
18882,37.771556038268955,1112
18883,37.77355643844045,1117
18884,37.775556838611955,1120
18885,37.77755723878345,1114
18886,37.779557638954955,1107
18887,37.78155803912645,1107
18888,37.783558439297956,1115
18889,37.78555883946945,1130
18890,37.787559239640956,1150
18891,37.78955963981246,1165
18892,37.791560039983956,1166
18893,37.79356044015546,1159
18894,37.79556084032696,1153
18895,37.79756124049846,1157
18896,37.79956164066996,1163
18897,37.80156204084146,1160
18898,37.80356244101296,1149
18899,37.80556284118446,1137
18900,37.80756324135596,1134
18901,37.80956364152746,1139
18902,37.81156404169896,1145
18903,37.81356444187046,1149
18904,37.81556484204196,1156
18905,37.81756524221346,1166
18906,37.81956564238496,1165
18907,37.82156604255646,1149
18908,37.82356644272796,1129
18909,37.82556684289946,1122
18910,37.82756724307096,1122
18911,37.82956764324246,1121
18912,37.83156804341396,1119
18913,37.83356844358546,1117
18914,37.83556884375697,1113
18915,37.83756924392846,1110
18916,37.83956964409997,1109
18917,37.841570044271464,1110
18918,37.84357044444297,1114
18919,37.845570844614464,1115
18920,37.84757124478597,1112
18921,37.849571644957464,1111
18922,37.85157204512897,1117
18923,37.853572445300465,1123
18924,37.85557284547197,1123
18925,37.857573245643465,1121
18926,37.85957364581497,1123
18927,37.861574045986465,1130
18928,37.86357444615797,1139
18929,37.865574846329466,1146
18930,37.86757524650097,1146
18931,37.869575646672466,1142
18932,37.87157604684397,1141
18933,37.873576447015466,1140
18934,37.87557684718697,1139
18935,37.87757724735847,1140
18936,37.87957764752997,1143
18937,37.881578047701474,1142
18938,37.88357844787297,1133
18939,37.885578848044474,1124
18940,37.88757924821597,1123
18941,37.889579648387475,1131
18942,37.89158004855897,1145
18943,37.893580448730475,1154
18944,37.89558084890197,1151
18945,37.897581249073475,1136
18946,37.89958164924497,1124
18947,37.901582049416476,1120
18948,37.90358244958797,1120
18949,37.905582849759476,1123
18950,37.90758324993097,1127
18951,37.909583650102476,1129
18952,37.91158405027397,1127
18953,37.91358445044548,1124
18954,37.91558485061697,1126
18955,37.91758525078848,1134
18956,37.919585650959974,1143
18957,37.92158605113148,1147
18958,37.923586451302974,1145
18959,37.92558685147448,1142
18960,37.92758725164598,1139
18961,37.92958765181748,1136
18962,37.93158805198898,1137
18963,37.93358845216048,1142
18964,37.93558885233198,1143
18965,37.93758925250348,1135
18966,37.93958965267498,1126
18967,37.94159005284648,1126
18968,37.94359045301798,1133
18969,37.94559085318948,1137
18970,37.94759125336098,1132
18971,37.94959165353248,1123
18972,37.95159205370398,1115
18973,37.95359245387548,1118
18974,37.955592854046984,1132
18975,37.95759325421848,1146
18976,37.959593654389984,1151
18977,37.96159405456148,1144
18978,37.963594454732984,1131
18979,37.96559485490448,1124
18980,37.967595255075985,1127
18981,37.96959565524748,1132
18982,37.971596055418985,1126
18983,37.97359645559049,1110
18984,37.975596855761985,1101
18985,37.97759725593349,1110
18986,37.979597656104986,1128
18987,37.98159805627649,1137
18988,37.983598456447986,1134
18989,37.98559885661949,1132
18990,37.987599256790986,1140
18991,37.98959965696249,1155
18992,37.99160005713399,1168
18993,37.99360045730549,1175
18994,37.99560085747699,1176
18995,37.99760125764849,1171
18996,37.99960165781999,1163
18997,38.00160205799149,1163
18998,38.00360245816299,1173
18999,38.00560285833449,1184
19000,38.00760325850599,1190
19001,38.00960365867749,1190
19002,38.01160405884899,1185
19003,38.01360445902049,1175
19004,38.01560485919199,1168
19005,38.01760525936349,1165
19006,38.019605659534996,1165
19007,38.02160605970649,1164
19008,38.023606459877996,1162
19009,38.02560686004949,1160
19010,38.027607260221,1159
19011,38.02960766039249,1164
19012,38.031608060564,1172
19013,38.03360846073549,1175
19014,38.035608860907,1167
19015,38.037609261078494,1152
19016,38.03960966125,1146
19017,38.041610061421494,1154
19018,38.043610461593,1167
19019,38.045610861764494,1171
19020,38.047611261936,1158
19021,38.049611662107495,1140
19022,38.051612062279,1133
19023,38.053612462450495,1143
19024,38.055612862622,1161
19025,38.057613262793495,1171
19026,38.059613662965,1166
19027,38.061614063136496,1156
19028,38.063614463308,1147
19029,38.0656148634795,1143
19030,38.067615263651,1141
19031,38.0696156638225,1140
19032,38.071616063994,1139
19033,38.073616464165504,1136
19034,38.075616864337,1136
19035,38.077617264508504,1145
19036,38.07961766468,1154
19037,38.081618064851504,1148
19038,38.083618465023,1131
19039,38.085618865194505,1123
19040,38.087619265366,1131
19041,38.089619665537505,1138
19042,38.091620065709,1131
19043,38.093620465880505,1120
19044,38.095620866052,1120
19045,38.097621266223506,1130
19046,38.099621666395,1134
19047,38.101622066566506,1128
19048,38.103622466738,1125
19049,38.105622866909506,1132
19050,38.107623267081,1144
19051,38.10962366725251,1150
19052,38.11162406742401,1149
19053,38.11362446759551,1150
19054,38.11562486776701,1160
19055,38.11762526793851,1167
19056,38.11962566811001,1155
19057,38.12162606828151,1136
19058,38.12362646845301,1128
19059,38.12562686862451,1138
19060,38.12762726879601,1154
19061,38.12962766896751,1160
19062,38.13162806913901,1151
19063,38.13362846931051,1137
19064,38.13562886948201,1126
19065,38.13762926965351,1124
19066,38.13962966982501,1130
19067,38.14163006999651,1145
19068,38.14363047016801,1163
19069,38.14563087033951,1174
19070,38.14763127051101,1174
19071,38.14963167068251,1167
19072,38.15163207085401,1157
19073,38.15363247102551,1151
19074,38.155632871197014,1162
19075,38.15763327136852,1179
19076,38.159633671540014,1181
19077,38.16163407171152,1159
19078,38.163634471883014,1129
19079,38.16563487205452,1115
19080,38.167635272226015,1121
19081,38.16963567239752,1130
19082,38.171636072569015,1128
19083,38.17363647274052,1121
19084,38.175636872912015,1121
19085,38.17763727308352,1129
19086,38.179637673255016,1136
19087,38.18163807342652,1139
19088,38.183638473598016,1139
19089,38.18563887376952,1141
19090,38.187639273941016,1149
19091,38.18963967411252,1159
19092,38.19164007428402,1161
19093,38.19364047445552,1151
19094,38.19564087462702,1139
19095,38.19764127479852,1135
19096,38.19964167497002,1143
19097,38.20164207514152,1152
19098,38.203642475313025,1151
19099,38.20564287548452,1139
19100,38.207643275656025,1131
19101,38.20964367582752,1140
19102,38.211644075999025,1161
19103,38.21364447617052,1173
19104,38.215644876342026,1172
19105,38.21764527651352,1165
19106,38.219645676685026,1166
19107,38.22164607685652,1179
19108,38.223646477028026,1191
19109,38.22564687719952,1188
19110,38.22764727737103,1175
19111,38.22964767754252,1164
19112,38.23164807771403,1163
19113,38.233648477885524,1169
19114,38.23564887805703,1174
19115,38.237649278228524,1170
19116,38.23964967840003,1163
19117,38.241650078571524,1166
19118,38.24365047874303,1178
19119,38.245650878914525,1187
19120,38.24765127908603,1184
19121,38.24965167925753,1178
19122,38.25165207942903,1176
19123,38.25365247960053,1174
19124,38.25565287977203,1164
19125,38.25765327994353,1153
19126,38.25965368011503,1150
19127,38.26165408028653,1150
19128,38.26365448045803,1144
19129,38.26565488062953,1139
19130,38.26765528080103,1144
19131,38.269655680972534,1152
19132,38.27165608114403,1146
19133,38.273656481315534,1134
19134,38.27565688148703,1136
19135,38.277657281658534,1151
19136,38.27965768183003,1168
19137,38.281658082001535,1176
19138,38.28365848217303,1177
19139,38.285658882344535,1177
19140,38.28765928251603,1180
19141,38.289659682687535,1181
19142,38.29166008285903,1178
19143,38.293660483030536,1180
19144,38.29566088320204,1194
19145,38.297661283373536,1209
19146,38.29966168354504,1209
19147,38.301662083716536,1200
19148,38.30366248388804,1196
19149,38.30566288405954,1197
19150,38.30766328423104,1193
19151,38.30966368440254,1187
19152,38.31166408457404,1187
19153,38.31366448474554,1191
19154,38.31566488491704,1191
19155,38.31766528508854,1185
19156,38.31966568526004,1177
19157,38.32166608543154,1176
19158,38.32366648560304,1175
19159,38.32566688577454,1166
19160,38.32766728594604,1156
19161,38.32966768611754,1158
19162,38.33166808628904,1165
19163,38.33366848646054,1166
19164,38.33566888663204,1159
19165,38.33766928680354,1146
19166,38.33966968697504,1130
19167,38.34167008714655,1118
19168,38.34367048731804,1124
19169,38.34567088748955,1142
19170,38.34767128766104,1152
19171,38.34967168783255,1144
19172,38.351672088004044,1126
19173,38.35367248817555,1117
19174,38.355672888347044,1124
19175,38.35767328851855,1137
19176,38.359673688690044,1142
19177,38.36167408886155,1134
19178,38.363674489033045,1121
19179,38.36567488920455,1120
19180,38.367675289376045,1130
19181,38.36967568954755,1139
19182,38.371676089719045,1138
19183,38.37367648989055,1130
19184,38.375676890062046,1128
19185,38.37767729023355,1135
19186,38.379677690405046,1145
19187,38.38167809057655,1146
19188,38.383678490748046,1140
19189,38.38567889091955,1136
19190,38.387679291091054,1140
19191,38.38967969126255,1143
19192,38.391680091434054,1141
19193,38.39368049160555,1136
19194,38.395680891777054,1134
19195,38.39768129194855,1135
19196,38.399681692120055,1136
19197,38.40168209229155,1136
19198,38.403682492463055,1136
19199,38.40568289263455,1128
19200,38.407683292806055,1109
19201,38.40968369297755,1085
19202,38.411684093149056,1073
19203,38.41368449332055,1078
19204,38.415684893492056,1092
19205,38.41768529366355,1106
19206,38.419685693835056,1113
19207,38.42168609400655,1114
19208,38.42368649417806,1114
19209,38.42568689434955,1114
19210,38.42768729452106,1116
19211,38.429687694692554,1114
19212,38.43168809486406,1106
19213,38.43368849503556,1099
19214,38.43568889520706,1098
19215,38.43768929537856,1096
19216,38.43968969555006,1094
19217,38.44169009572156,1099
19218,38.44369049589306,1110
19219,38.44569089606456,1114
19220,38.44769129623606,1110
19221,38.44969169640756,1105
19222,38.45169209657906,1106
19223,38.45369249675056,1111
19224,38.45569289692206,1114
19225,38.45769329709356,1113
19226,38.45969369726506,1106
19227,38.46169409743656,1095
19228,38.46369449760806,1089
19229,38.465694897779564,1090
19230,38.46769529795106,1094
19231,38.469695698122564,1093
19232,38.47169609829406,1088
19233,38.473696498465564,1082
19234,38.47569689863706,1084
19235,38.477697298808565,1093
19236,38.47969769898007,1098
19237,38.481698099151565,1090
19238,38.48369849932307,1079
19239,38.485698899494565,1076
19240,38.48769929966607,1083
19241,38.489699699837566,1099
19242,38.49170010000907,1115
19243,38.493700500180566,1116
19244,38.49570090035207,1108
19245,38.497701300523566,1106
19246,38.49970170069507,1118
19247,38.50170210086657,1138
19248,38.50370250103807,1151
19249,38.50570290120957,1147
19250,38.50770330138107,1130
19251,38.50970370155257,1121
19252,38.51170410172407,1130
19253,38.51370450189557,1147
19254,38.51570490206707,1151
19255,38.51770530223857,1136
19256,38.51970570241007,1115
19257,38.52170610258157,1104
19258,38.52370650275307,1108
19259,38.525706902924576,1119
19260,38.52770730309607,1125
19261,38.529707703267576,1124
19262,38.53170810343907,1127
19263,38.533708503610576,1137
19264,38.53570890378207,1140
19265,38.53770930395358,1135
19266,38.53970970412507,1134
19267,38.54171010429658,1147
19268,38.54371050446807,1164
19269,38.54571090463958,1173
19270,38.547711304811074,1172
19271,38.54971170498258,1166
19272,38.551712105154074,1159
19273,38.55371250532558,1155
19274,38.555712905497074,1151
19275,38.55771330566858,1147
19276,38.559713705840075,1141
19277,38.56171410601158,1126
19278,38.563714506183075,1102
19279,38.56571490635458,1087
19280,38.567715306526075,1098
19281,38.56971570669758,1126
19282,38.57171610686908,1146
19283,38.57371650704058,1147
19284,38.57571690721208,1138
19285,38.57771730738358,1134
19286,38.57971770755508,1136
19287,38.58171810772658,1129
19288,38.583718507898084,1115
19289,38.58571890806958,1114
19290,38.587719308241084,1131
19291,38.58971970841258,1146
19292,38.591720108584084,1145
19293,38.59372050875558,1138
19294,38.595720908927085,1134
19295,38.59772130909858,1135
19296,38.599721709270085,1139
19297,38.60172210944158,1141
19298,38.603722509613085,1136
19299,38.60572290978458,1125
19300,38.607723309956086,1114
19301,38.60972371012758,1109
19302,38.611724110299086,1108
19303,38.61372451047058,1104
19304,38.615724910642086,1095
19305,38.61772531081359,1093
19306,38.61972571098509,1106
19307,38.62172611115659,1125
19308,38.62372651132809,1134
19309,38.62572691149959,1131
19310,38.62772731167109,1125
19311,38.62972771184259,1119
19312,38.63172811201409,1117
19313,38.63372851218559,1123
19314,38.63572891235709,1133
19315,38.63772931252859,1138
19316,38.63972971270009,1136
19317,38.64173011287159,1136
19318,38.64373051304309,1140
19319,38.64573091321459,1146
19320,38.64773131338609,1146
19321,38.64973171355759,1139
19322,38.65173211372909,1141
19323,38.65373251390059,1156
19324,38.65573291407209,1171
19325,38.65773331424359,1177
19326,38.65973371441509,1174
19327,38.661734114586594,1162
19328,38.6637345147581,1147
19329,38.665734914929594,1141
19330,38.6677353151011,1154
19331,38.669735715272594,1175
19332,38.6717361154441,1178
19333,38.673736515615595,1158
19334,38.6757369157871,1134
19335,38.677737315958595,1127
19336,38.6797377161301,1138
19337,38.681738116301595,1149
19338,38.6837385164731,1157
19339,38.685738916644596,1161
19340,38.6877393168161,1162
19341,38.689739716987596,1156
19342,38.6917401171591,1149
19343,38.693740517330596,1149
19344,38.6957409175021,1156
19345,38.6977413176736,1165
19346,38.6997417178451,1168
19347,38.7017421180166,1167
19348,38.7037425181881,1166
19349,38.7057429183596,1165
19350,38.7077433185311,1159
19351,38.709743718702605,1152
19352,38.7117441188741,1148
19353,38.713744519045605,1139
19354,38.7157449192171,1121
19355,38.717745319388605,1102
19356,38.7197457195601,1095
19357,38.721746119731606,1099
19358,38.7237465199031,1106
19359,38.725746920074606,1115
19360,38.7277473202461,1122
19361,38.729747720417606,1129
19362,38.7317481205891,1133
19363,38.73374852076061,1132
19364,38.7357489209321,1133
19365,38.73774932110361,1138
19366,38.7397497212751,1139
19367,38.74175012144661,1131
19368,38.743750521618104,1128
19369,38.74575092178961,1138
19370,38.747751321961104,1149
19371,38.74975172213261,1146
19372,38.751752122304104,1135
19373,38.75375252247561,1133
19374,38.75575292264711,1142
19375,38.75775332281861,1151
19376,38.75975372299011,1153
19377,38.76175412316161,1150
19378,38.76375452333311,1147
19379,38.76575492350461,1138
19380,38.76775532367611,1124
19381,38.76975572384761,1120
19382,38.77175612401911,1137
19383,38.77375652419061,1161
19384,38.77575692436211,1167
19385,38.77775732453361,1152
19386,38.779757724705114,1140
19387,38.78175812487661,1148
19388,38.783758525048114,1167
19389,38.78575892521961,1183
19390,38.787759325391114,1183
19391,38.78975972556261,1168
19392,38.791760125734115,1150
19393,38.79376052590561,1140
19394,38.795760926077115,1138
19395,38.79776132624861,1142
19396,38.799761726420115,1149
19397,38.80176212659162,1159
19398,38.803762526763116,1164
19399,38.80576292693462,1156
19400,38.807763327106116,1138
19401,38.80976372727762,1128
19402,38.811764127449116,1132
19403,38.81376452762062,1146
19404,38.81576492779212,1161
19405,38.81776532796362,1169
19406,38.81976572813512,1168
19407,38.82176612830662,1170
19408,38.82376652847812,1179
19409,38.82576692864962,1190
19410,38.82776732882112,1188
19411,38.82976772899262,1176
19412,38.83176812916412,1166
19413,38.83376852933562,1165
19414,38.83576892950712,1165
19415,38.83776932967862,1162
19416,38.83976972985012,1163
19417,38.84177013002162,1169
19418,38.84377053019312,1176
19419,38.84577093036462,1179
19420,38.847771330536126,1180
19421,38.84977173070762,1180
19422,38.85177213087913,1178
19423,38.85377253105062,1177
19424,38.85577293122213,1181
19425,38.85777333139362,1186
19426,38.85977373156513,1186
19427,38.861774131736624,1179
19428,38.86377453190813,1173
19429,38.865774932079624,1170
19430,38.86777533225113,1175
19431,38.869775732422625,1193
19432,38.87177613259413,1214
19433,38.873776532765625,1220
19434,38.87577693293713,1204
19435,38.877777333108625,1186
19436,38.87977773328013,1185
19437,38.881778133451625,1199
19438,38.88377853362313,1214
19439,38.885778933794626,1218
19440,38.88777933396613,1215
19441,38.889779734137626,1216
19442,38.89178013430913,1224
19443,38.89378053448063,1236
19444,38.89578093465213,1244
19445,38.897781334823634,1245
19446,38.89978173499513,1245
19447,38.901782135166634,1245
19448,38.90378253533813,1244
19449,38.905782935509635,1235
19450,38.90778333568113,1219
19451,38.909783735852635,1210
19452,38.91178413602413,1218
19453,38.913784536195635,1226
19454,38.91578493636713,1225
19455,38.917785336538635,1226
19456,38.91978573671013,1233
19457,38.921786136881636,1231
19458,38.92378653705313,1215
19459,38.925786937224636,1199
19460,38.92778733739613,1193
19461,38.929787737567636,1193
19462,38.93178813773913,1193
19463,38.93378853791064,1188
19464,38.93578893808213,1182
19465,38.93778933825364,1181
19466,38.93978973842514,1184
19467,38.94179013859664,1187
19468,38.94379053876814,1195
19469,38.94579093893964,1209
19470,38.94779133911114,1219
19471,38.94979173928264,1216
19472,38.95179213945414,1206
19473,38.95379253962564,1205
19474,38.95579293979714,1214
19475,38.95779333996864,1219
19476,38.95979374014014,1213
19477,38.96179414031164,1203
19478,38.96379454048314,1197
19479,38.96579494065464,1194
19480,38.96779534082614,1195
19481,38.96979574099764,1201
19482,38.97179614116914,1210
19483,38.97379654134064,1215
19484,38.975796941512144,1209
19485,38.97779734168364,1196
19486,38.979797741855144,1191
19487,38.98179814202664,1194
19488,38.983798542198144,1194
19489,38.98579894236965,1182
19490,38.987799342541145,1172
19491,38.98979974271265,1171
19492,38.991800142884145,1171
19493,38.99380054305565,1161
19494,38.995800943227145,1149
19495,38.99780134339865,1144
19496,38.999801743570146,1149
19497,39.00180214374165,1160
19498,39.003802543913146,1174
19499,39.00580294408465,1184
19500,39.007803344256146,1183
19501,39.00980374442765,1180
19502,39.01180414459915,1181
19503,39.01380454477065,1187
19504,39.01580494494215,1190
19505,39.01780534511365,1188
19506,39.01980574528515,1186
19507,39.02180614545665,1184
19508,39.02380654562815,1175
19509,39.02580694579965,1160
19510,39.02780734597115,1151
19511,39.02980774614265,1152
19512,39.031808146314155,1156
19513,39.03380854648565,1160
19514,39.035808946657156,1164
19515,39.03780934682865,1163
19516,39.039809747000156,1156
19517,39.04181014717165,1154
19518,39.043810547343156,1167
19519,39.04581094751465,1180
19520,39.04781134768616,1173
19521,39.04981174785765,1155
19522,39.05181214802916,1147
19523,39.05381254820065,1153
19524,39.05581294837216,1162
19525,39.057813348543654,1164
19526,39.05981374871516,1157
19527,39.061814148886654,1146
19528,39.06381454905816,1139
19529,39.065814949229654,1139
19530,39.06781534940116,1142
19531,39.069815749572655,1143
19532,39.07181614974416,1145
19533,39.073816549915655,1148
19534,39.07581695008716,1152
19535,39.07781735025866,1157
19536,39.07981775043016,1159
19537,39.08181815060166,1154
19538,39.08381855077316,1146
19539,39.08581895094466,1145
19540,39.08781935111616,1151
19541,39.08981975128766,1153
19542,39.09182015145916,1142
19543,39.093820551630664,1132
19544,39.09582095180216,1132
19545,39.097821351973664,1132
19546,39.09982175214516,1122
19547,39.101822152316664,1112
19548,39.10382255248816,1116
19549,39.105822952659665,1129
19550,39.10782335283116,1135
19551,39.109823753002665,1129
19552,39.11182415317416,1127
19553,39.113824553345665,1139
19554,39.11582495351716,1160
19555,39.117825353688666,1173
19556,39.11982575386016,1176
19557,39.121826154031666,1175
19558,39.12382655420317,1174
19559,39.125826954374666,1168
19560,39.12782735454617,1155
19561,39.12982775471767,1144
19562,39.13182815488917,1144
19563,39.13382855506067,1151
19564,39.13582895523217,1151
19565,39.13782935540367,1140
19566,39.13982975557517,1128
19567,39.14183015574667,1125
19568,39.14383055591817,1127
19569,39.14583095608967,1125
19570,39.14783135626117,1123
19571,39.14983175643267,1134
19572,39.15183215660417,1159
19573,39.15383255677567,1181
19574,39.15583295694717,1186
19575,39.15783335711867,1175
19576,39.15983375729017,1161
19577,39.16183415746167,1156
19578,39.16383455763317,1162
19579,39.16583495780467,1168
19580,39.16783535797617,1172
19581,39.16983575814768,1170
19582,39.171836158319174,1158
19583,39.17383655849068,1140
19584,39.175836958662174,1131
19585,39.17783735883368,1131
19586,39.179837759005174,1129
19587,39.18183815917668,1124
19588,39.183838559348175,1126
19589,39.18583895951968,1128
19590,39.187839359691175,1124
19591,39.18983975986268,1120
19592,39.191840160034175,1130
19593,39.19384056020568,1148
19594,39.195840960377176,1157
19595,39.19784136054868,1156
19596,39.199841760720176,1157
19597,39.20184216089168,1164
19598,39.203842561063176,1173
19599,39.20584296123468,1185
19600,39.20784336140618,1198
19601,39.20984376157768,1204
19602,39.21184416174918,1198
19603,39.21384456192068,1184
19604,39.215844962092184,1174
19605,39.21784536226368,1176
19606,39.219845762435185,1184
19607,39.22184616260668,1189
19608,39.223846562778185,1191
19609,39.22584696294968,1198
19610,39.227847363121185,1206
19611,39.22984776329268,1200
19612,39.231848163464186,1183
19613,39.23384856363568,1169
19614,39.235848963807186,1161
19615,39.23784936397868,1151
19616,39.239849764150186,1136
19617,39.24185016432168,1128
19618,39.24385056449319,1131
19619,39.24585096466468,1138
19620,39.24785136483619,1139
19621,39.24985176500768,1139
19622,39.25185216517919,1144
19623,39.253852565350684,1150
19624,39.25585296552219,1149
19625,39.257853365693684,1144
19626,39.25985376586519,1142
19627,39.26185416603669,1145
19628,39.26385456620819,1148
19629,39.26585496637969,1143
19630,39.26785536655119,1135
19631,39.26985576672269,1128
19632,39.27185616689419,1123
19633,39.27385656706569,1118
19634,39.27585696723719,1116
19635,39.27785736740869,1120
19636,39.27985776758019,1124
19637,39.28185816775169,1123
19638,39.28385856792319,1123
19639,39.28585896809469,1127
19640,39.28785936826619,1130
19641,39.289859768437694,1122
19642,39.29186016860919,1110
19643,39.293860568780694,1105
19644,39.29586096895219,1106
19645,39.297861369123694,1108
19646,39.29986176929519,1108
19647,39.301862169466695,1110
19648,39.30386256963819,1108
19649,39.305862969809695,1096
19650,39.3078633699812,1085
19651,39.309863770152695,1089
19652,39.3118641703242,1102
19653,39.313864570495696,1111
19654,39.3158649706672,1113
19655,39.317865370838696,1120
19656,39.3198657710102,1133
19657,39.321866171181696,1142
19658,39.3238665713532,1136
19659,39.3258669715247,1121
19660,39.3278673716962,1115
19661,39.3298677718677,1126
19662,39.3318681720392,1135
19663,39.3338685722107,1123
19664,39.3358689723822,1099
19665,39.3378693725537,1088
19666,39.3398697727252,1101
19667,39.3418701728967,1121
19668,39.3438705730682,1131
19669,39.3458709732397,1128
19670,39.3478713734112,1123
19671,39.3498717735827,1121
19672,39.3518721737542,1120
19673,39.353872573925706,1114
19674,39.3558729740972,1105
19675,39.357873374268706,1098
19676,39.3598737744402,1097
19677,39.36187417461171,1102
19678,39.3638745747832,1110
19679,39.36587497495471,1118
19680,39.367875375126204,1125
19681,39.36987577529771,1135
19682,39.371876175469204,1145
19683,39.37387657564071,1151
19684,39.375876975812204,1144
19685,39.37787737598371,1129
19686,39.379877776155205,1118
19687,39.38187817632671,1112
19688,39.383878576498205,1106
19689,39.38587897666971,1098
19690,39.387879376841205,1094
19691,39.38987977701271,1100
19692,39.391880177184206,1112
19693,39.39388057735571,1119
19694,39.395880977527206,1118
19695,39.39788137769871,1125
19696,39.39988177787021,1143
19697,39.40188217804171,1153
19698,39.403882578213214,1141
19699,39.40588297838471,1123
19700,39.407883378556214,1121
19701,39.40988377872771,1131
19702,39.411884178899214,1134
19703,39.41388457907071,1126
19704,39.415884979242215,1116
19705,39.41788537941371,1115
19706,39.419885779585215,1121
19707,39.42188617975671,1130
19708,39.423886579928215,1138
19709,39.42588698009971,1138
19710,39.427887380271216,1124
19711,39.42988778044271,1106
19712,39.431888180614216,1100
19713,39.43388858078571,1109
19714,39.435888980957216,1120
19715,39.43788938112871,1127
19716,39.43988978130022,1129
19717,39.44189018147171,1125
19718,39.44389058164322,1119
19719,39.44589098181472,1117
19720,39.44789138198622,1123
19721,39.44989178215772,1130
19722,39.45189218232922,1128
19723,39.45389258250072,1118
19724,39.45589298267222,1110
19725,39.45789338284372,1111
19726,39.45989378301522,1121
19727,39.46189418318672,1134
19728,39.46389458335822,1140
19729,39.46589498352972,1138
19730,39.46789538370122,1136
19731,39.46989578387272,1142
19732,39.47189618404422,1154
19733,39.47389658421572,1156
19734,39.47589698438722,1141
19735,39.47789738455872,1120
19736,39.47989778473022,1108
19737,39.48189818490172,1109
19738,39.48389858507322,1115
19739,39.485898985244724,1116
19740,39.48789938541622,1111
19741,39.489899785587724,1104
19742,39.49190018575923,1099
19743,39.493900585930724,1102
19744,39.49590098610223,1112
19745,39.497901386273725,1124
19746,39.49990178644523,1129
19747,39.501902186616725,1132
19748,39.50390258678823,1133
19749,39.505902986959725,1129
19750,39.50790338713123,1120
19751,39.509903787302726,1116
19752,39.51190418747423,1122
19753,39.513904587645726,1135
19754,39.51590498781723,1142
19755,39.517905387988726,1141
19756,39.51990578816023,1140
19757,39.52190618833173,1135
19758,39.52390658850323,1122
19759,39.52590698867473,1102
19760,39.52790738884623,1089
19761,39.52990778901773,1091
19762,39.53190818918923,1103
19763,39.53390858936073,1111
19764,39.53590898953223,1111
19765,39.537909389703735,1113
19766,39.53990978987523,1122
19767,39.541910190046735,1129
19768,39.54391059021823,1130
19769,39.545910990389736,1129
19770,39.54791139056123,1128
19771,39.549911790732736,1121
19772,39.55191219090423,1112
19773,39.553912591075736,1110
19774,39.55591299124723,1113
19775,39.55791339141874,1113
19776,39.55991379159023,1110
19777,39.56191419176174,1112
19778,39.563914591933234,1121
19779,39.56591499210474,1133
19780,39.567915392276234,1142
19781,39.56991579244774,1151
19782,39.571916192619234,1159
19783,39.57391659279074,1152
19784,39.575916992962235,1130
19785,39.57791739313374,1115
19786,39.579917793305235,1117
19787,39.58191819347674,1123
19788,39.58391859364824,1121
19789,39.58591899381974,1118
19790,39.58791939399124,1123
19791,39.58991979416274,1127
19792,39.59192019433424,1121
19793,39.59392059450574,1107
19794,39.59592099467724,1100
19795,39.59792139484874,1099
19796,39.599921795020244,1096
19797,39.60192219519174,1084
19798,39.603922595363244,1076
19799,39.60592299553474,1079
19800,39.607923395706244,1090
19801,39.60992379587774,1095
19802,39.611924196049245,1089
19803,39.61392459622074,1079
19804,39.615924996392245,1077
19805,39.61792539656374,1086
19806,39.619925796735245,1096
19807,39.62192619690674,1096
19808,39.623926597078245,1090
19809,39.62592699724974,1087
19810,39.627927397421246,1093
19811,39.62992779759275,1109
19812,39.631928197764246,1130
19813,39.63392859793575,1145
19814,39.63592899810725,1144
19815,39.63792939827875,1133
19816,39.63992979845025,1127
19817,39.64193019862175,1128
19818,39.64393059879325,1123
19819,39.64593099896475,1109
19820,39.64793139913625,1100
19821,39.64993179930775,1099
19822,39.65193219947925,1097
19823,39.65393259965075,1090
19824,39.65593299982225,1085
19825,39.65793339999375,1088
19826,39.65993380016525,1093
19827,39.66193420033675,1093
19828,39.66393460050825,1094
19829,39.66593500067975,1101
19830,39.66793540085125,1103
19831,39.66993580102275,1092
19832,39.67193620119425,1080
19833,39.67393660136575,1079
19834,39.67593700153726,1084
19835,39.67793740170875,1083
19836,39.67993780188026,1076
19837,39.681938202051754,1071
19838,39.68393860222326,1072
19839,39.685939002394754,1072
19840,39.68793940256626,1069
19841,39.689939802737754,1069
19842,39.69194020290926,1076
19843,39.693940603080755,1087
19844,39.69594100325226,1095
19845,39.697941403423755,1099
19846,39.69994180359526,1102
19847,39.701942203766755,1102
19848,39.70394260393826,1097
19849,39.705943004109756,1087
19850,39.70794340428126,1083
19851,39.709943804452756,1087
19852,39.71194420462426,1093
19853,39.713944604795756,1096
19854,39.71594500496726,1100
19855,39.71794540513876,1106
19856,39.71994580531026,1113
19857,39.721946205481764,1117
19858,39.72394660565326,1122
19859,39.725947005824764,1132
19860,39.72794740599626,1143
19861,39.729947806167765,1151
19862,39.73194820633926,1150
19863,39.733948606510765,1141
19864,39.73594900668226,1133
19865,39.737949406853765,1134
19866,39.73994980702526,1142
19867,39.741950207196766,1148
19868,39.74395060736826,1147
19869,39.745951007539766,1142
19870,39.74795140771126,1141
19871,39.749951807882766,1138
19872,39.75195220805426,1129
19873,39.75395260822577,1119
19874,39.75595300839726,1117
19875,39.75795340856877,1122
19876,39.75995380874026,1132
19877,39.76195420891177,1142
19878,39.763954609083264,1149
19879,39.76595500925477,1150
19880,39.76795540942627,1141
19881,39.76995580959777,1127
19882,39.77195620976927,1127
19883,39.77395660994077,1143
19884,39.77595701011227,1157
19885,39.77795741028377,1158
19886,39.77995781045527,1152
19887,39.78195821062677,1146
19888,39.78395861079827,1140
19889,39.78595901096977,1137
19890,39.78795941114127,1142
19891,39.78995981131277,1150
19892,39.79196021148427,1154
19893,39.79396061165577,1142
19894,39.79596101182727,1120
19895,39.79796141199877,1102
19896,39.799961812170274,1102
19897,39.80196221234177,1109
19898,39.803962612513274,1112
19899,39.80596301268477,1113
19900,39.807963412856274,1115
19901,39.80996381302777,1113
19902,39.811964213199275,1112
19903,39.81396461337078,1123
19904,39.815965013542275,1139
19905,39.81796541371378,1144
19906,39.819965813885275,1132
19907,39.82196621405678,1115
19908,39.823966614228276,1107
19909,39.82596701439978,1109
19910,39.827967414571276,1115
19911,39.82996781474278,1125
19912,39.831968214914276,1134
19913,39.83396861508578,1138
19914,39.83596901525728,1130
19915,39.83796941542878,1119
19916,39.83996981560028,1116
19917,39.84197021577178,1124
19918,39.84397061594328,1129
19919,39.84597101611478,1124
19920,39.84797141628628,1112
19921,39.84997181645778,1106
19922,39.85197221662928,1110
19923,39.85397261680078,1117
19924,39.85597301697228,1117
19925,39.85797341714378,1113
19926,39.859973817315286,1111
19927,39.86197421748678,1113
19928,39.863974617658286,1119
19929,39.86597501782978,1121
19930,39.867975418001286,1113
19931,39.86997581817278,1101
19932,39.87197621834429,1094
19933,39.87397661851578,1094
19934,39.87597701868729,1096
19935,39.877977418858784,1102
19936,39.87997781903029,1113
19937,39.881978219201784,1127
19938,39.88397861937329,1137
19939,39.885979019544784,1141
19940,39.88797941971629,1139
19941,39.889979819887785,1136
19942,39.89198022005929,1138
19943,39.893980620230785,1144
19944,39.89598102040229,1147
19945,39.897981420573785,1144
19946,39.89998182074529,1141
19947,39.901982220916786,1141
19948,39.90398262108829,1135
19949,39.90598302125979,1127
19950,39.90798342143129,1130
19951,39.90998382160279,1143
19952,39.91198422177429,1152
19953,39.913984621945794,1151
19954,39.91598502211729,1150
19955,39.917985422288794,1157
19956,39.91998582246029,1163
19957,39.921986222631794,1160
19958,39.92398662280329,1157
19959,39.925987022974795,1160
19960,39.92798742314629,1162
19961,39.929987823317795,1159
19962,39.93198822348929,1159
19963,39.933988623660795,1165
19964,39.93598902383229,1170
19965,39.937989424003796,1163
19966,39.93998982417529,1145
19967,39.941990224346796,1136
19968,39.94399062451829,1147
19969,39.945991024689796,1168
19970,39.94799142486129,1178
19971,39.9499918250328,1168
19972,39.9519922252043,1147
19973,39.9539926253758,1132
19974,39.9559930255473,1126
19975,39.9579934257188,1123
19976,39.9599938258903,1125
19977,39.9619942260618,1135
19978,39.9639946262333,1144
19979,39.9659950264048,1143
19980,39.9679954265763,1137
19981,39.9699958267478,1137
19982,39.9719962269193,1142
19983,39.9739966270908,1137
19984,39.9759970272623,1123
19985,39.9779974274338,1114
19986,39.9799978276053,1118
19987,39.9819982277768,1122
19988,39.9839986279483,1114
19989,39.9859990281198,1102
19990,39.9879994282913,1106
19991,39.9899998284628,1124
19992,39.9920002286343,1141
19993,39.9940006288058,1150
19994,39.996001028977304,1157
19995,39.99800142914881,1164
19996,40.000001829320304,1161
19997,40.00200222949181,1145
19998,40.004002629663304,1128
19999,40.00600302983481,1125
20000,40.008003430006305,1137
20001,40.01000383017781,1146
20002,40.012004230349305,1144
20003,40.01400463052081,1144
20004,40.016005030692305,1149
20005,40.01800543086381,1150
20006,40.020005831035306,1142
20007,40.02200623120681,1138
20008,40.024006631378306,1139
20009,40.02600703154981,1138
20010,40.028007431721306,1134
20011,40.03000783189281,1134
20012,40.03200823206431,1138
20013,40.03400863223581,1140
20014,40.03600903240731,1136
20015,40.03800943257881,1134
20016,40.04000983275031,1142
20017,40.04201023292181,1152
20018,40.044010633093315,1157
20019,40.04601103326481,1155
20020,40.048011433436315,1153
20021,40.05001183360781,1150
20022,40.052012233779315,1143
20023,40.05401263395081,1136
20024,40.056013034122316,1135
20025,40.05801343429381,1142
20026,40.060013834465316,1151
20027,40.06201423463681,1159
20028,40.064014634808316,1162
20029,40.06601503497981,1158
20030,40.06801543515132,1152
20031,40.07001583532281,1153
20032,40.07201623549432,1163
20033,40.074016635665814,1172
20034,40.07601703583732,1172
20035,40.078017436008814,1163
20036,40.08001783618032,1153
20037,40.082018236351814,1152
20038,40.08401863652332,1159
20039,40.086019036694815,1164
20040,40.08801943686632,1162
20041,40.09001983703782,1159
20042,40.09202023720932,1160
20043,40.09402063738082,1161
20044,40.09602103755232,1164
20045,40.09802143772382,1173
20046,40.10002183789532,1187
20047,40.10202223806682,1193
20048,40.10402263823832,1190
20049,40.10602303840982,1196
20050,40.10802343858132,1214
20051,40.110023838752824,1229
20052,40.11202423892432,1225
20053,40.114024639095824,1203
20054,40.11602503926732,1182
20055,40.118025439438824,1174
20056,40.12002583961032,1177
20057,40.122026239781825,1182
20058,40.12402663995332,1186
20059,40.126027040124825,1187
20060,40.12802744029632,1182
20061,40.130027840467825,1179
20062,40.13202824063932,1182
20063,40.134028640810826,1188
20064,40.13602904098233,1193
20065,40.138029441153826,1189
20066,40.14002984132533,1174
20067,40.142030241496826,1156
20068,40.14403064166833,1144
20069,40.14603104183983,1139
20070,40.14803144201133,1141
20071,40.15003184218283,1148
20072,40.15203224235433,1155
20073,40.15403264252583,1154
20074,40.15603304269733,1151
20075,40.15803344286883,1157
20076,40.16003384304033,1171
20077,40.16203424321183,1180
20078,40.16403464338333,1179
20079,40.16603504355483,1175
20080,40.16803544372633,1174
20081,40.17003584389783,1179
20082,40.17203624406933,1188
20083,40.17403664424083,1195
20084,40.17603704441233,1193
20085,40.17803744458383,1190
20086,40.18003784475533,1201
20087,40.18203824492684,1219
20088,40.18403864509833,1225
20089,40.18603904526984,1214
20090,40.18803944544133,1194
20091,40.19003984561284,1172
20092,40.192040245784334,1152
20093,40.19404064595584,1142
20094,40.196041046127334,1139
20095,40.19804144629884,1142
20096,40.200041846470334,1150
20097,40.20204224664184,1157
20098,40.204042646813335,1162
20099,40.20604304698484,1168
20100,40.208043447156335,1178
20101,40.21004384732784,1183
20102,40.212044247499335,1179
20103,40.21404464767084,1173
20104,40.216045047842336,1170
20105,40.21804544801384,1163
20106,40.220045848185336,1147
20107,40.22204624835684,1134
20108,40.224046648528336,1133
20109,40.22604704869984,1135
20110,40.228047448871344,1131
20111,40.23004784904284,1128
20112,40.232048249214344,1136
20113,40.23404864938584,1147
20114,40.236049049557344,1157
20115,40.23804944972884,1165
20116,40.240049849900345,1169
20117,40.24205025007184,1164
20118,40.244050650243345,1153
20119,40.24605105041484,1147
20120,40.248051450586345,1151
20121,40.25005185075784,1157
20122,40.252052250929346,1158
20123,40.25405265110084,1154
20124,40.256053051272346,1150
20125,40.25805345144384,1149
20126,40.260053851615346,1151
20127,40.26205425178684,1155
20128,40.26405465195835,1155
20129,40.26605505212984,1150
20130,40.26805545230135,1143
20131,40.270055852472844,1138
20132,40.27205625264435,1136
20133,40.27405665281585,1138
20134,40.27605705298735,1147
20135,40.27805745315885,1158
20136,40.28005785333035,1163
20137,40.28205825350185,1156
20138,40.28405865367335,1144
20139,40.28605905384485,1135
20140,40.28805945401635,1131
20141,40.29005985418785,1132
20142,40.29206025435935,1139
20143,40.29406065453085,1149
20144,40.29606105470235,1156
20145,40.29806145487385,1155
20146,40.30006185504535,1145
20147,40.30206225521685,1133
20148,40.30406265538835,1127
20149,40.306063055559854,1129
20150,40.30806345573135,1135
20151,40.310063855902854,1140
20152,40.31206425607435,1145
20153,40.314064656245854,1157
20154,40.31606505641735,1168
20155,40.318065456588855,1168
20156,40.32006585676036,1158
20157,40.322066256931855,1151
20158,40.32406665710336,1156
20159,40.326067057274855,1164
20160,40.32806745744636,1162
20161,40.330067857617856,1149
20162,40.33206825778936,1131
20163,40.334068657960856,1119
20164,40.33606905813236,1123
20165,40.338069458303856,1142
20166,40.34006985847536,1161
20167,40.34207025864686,1166
20168,40.34407065881836,1162
20169,40.34607105898986,1163
20170,40.34807145916136,1166
20171,40.35007185933286,1162
20172,40.35207225950436,1156
20173,40.35407265967586,1160
20174,40.35607305984736,1172
20175,40.35807346001886,1178
20176,40.36007386019036,1173
20177,40.36207426036186,1169
20178,40.36407466053336,1177
20179,40.366075060704866,1191
20180,40.36807546087636,1193
20181,40.370075861047866,1182
20182,40.37207626121936,1168
20183,40.374076661390866,1163
20184,40.37607706156236,1162
20185,40.37807746173387,1162
20186,40.38007786190536,1159
20187,40.38207826207687,1152
20188,40.38407866224836,1142
20189,40.38607906241987,1136
20190,40.388079462591364,1139
20191,40.39007986276287,1148
20192,40.392080262934364,1150
20193,40.39408066310587,1141
20194,40.396081063277364,1131
20195,40.39808146344887,1132
20196,40.400081863620365,1141
20197,40.40208226379187,1148
20198,40.404082663963365,1145
20199,40.40608306413487,1136
20200,40.408083464306365,1134
20201,40.41008386447787,1147
20202,40.41208426464937,1165
20203,40.41408466482087,1172
20204,40.41608506499237,1167
20205,40.41808546516387,1165
20206,40.42008586533537,1176
20207,40.42208626550687,1188
20208,40.424086665678374,1183
20209,40.42608706584987,1166
20210,40.428087466021374,1151
20211,40.43008786619287,1143
20212,40.432088266364374,1141
20213,40.43408866653587,1139
20214,40.436089066707375,1135
20215,40.43808946687887,1130
20216,40.440089867050375,1128
20217,40.44209026722187,1127
20218,40.444090667393375,1130
20219,40.44609106756487,1136
20220,40.448091467736376,1140
20221,40.45009186790787,1143
20222,40.452092268079376,1149
20223,40.45409266825087,1157
20224,40.456093068422376,1160
20225,40.45809346859388,1153
20226,40.46009386876538,1143
20227,40.46209426893688,1137
20228,40.46409466910838,1143
20229,40.46609506927988,1158
20230,40.46809546945138,1170
20231,40.47009586962288,1171
20232,40.47209626979438,1162
20233,40.47409666996588,1152
20234,40.47609707013738,1146
20235,40.47809747030888,1145
20236,40.48009787048038,1145
20237,40.48209827065188,1144
20238,40.48409867082338,1137
20239,40.48609907099488,1127
20240,40.48809947116638,1121
20241,40.49009987133788,1124
20242,40.49210027150938,1135
20243,40.49410067168088,1143
20244,40.49610107185238,1143
20245,40.49810147202388,1135
20246,40.50010187219538,1127
20247,40.50210227236688,1123
20248,40.50410267253839,1128
20249,40.506103072709884,1146
20250,40.50810347288139,1165
20251,40.510103873052884,1172
20252,40.51210427322439,1169
20253,40.514104673395885,1168
20254,40.51610507356739,1167
20255,40.518105473738885,1160
20256,40.52010587391039,1149
20257,40.522106274081885,1146
20258,40.52410667425339,1152
20259,40.526107074424885,1157
20260,40.52810747459639,1155
20261,40.530107874767886,1152
20262,40.53210827493939,1148
20263,40.534108675110886,1139
20264,40.53610907528239,1131
20265,40.538109475453886,1135
20266,40.54010987562539,1148
20267,40.54211027579689,1156
20268,40.54411067596839,1158
20269,40.54611107613989,1160
20270,40.54811147631139,1162
20271,40.550111876482895,1160
20272,40.55211227665439,1158
20273,40.554112676825895,1159
20274,40.55611307699739,1161
20275,40.558113477168895,1168
20276,40.56011387734039,1173
20277,40.562114277511895,1168
20278,40.56411467768339,1155
20279,40.566115077854896,1148
20280,40.56811547802639,1149
20281,40.570115878197896,1149
20282,40.57211627836939,1141
20283,40.574116678540896,1133
20284,40.57611707871239,1132
20285,40.5781174788839,1134
20286,40.58011787905539,1129
20287,40.5821182792269,1122
20288,40.584118679398394,1122
20289,40.5861190795699,1128
20290,40.588119479741394,1130
20291,40.5901198799129,1124
20292,40.592120280084394,1119
20293,40.5941206802559,1125
20294,40.5961210804274,1142
20295,40.5981214805989,1153
20296,40.6001218807704,1151
20297,40.6021222809419,1144
20298,40.6041226811134,1141
20299,40.6061230812849,1143
20300,40.6081234814564,1149
20301,40.6101238816279,1153
20302,40.6121242817994,1155
20303,40.6141246819709,1159
20304,40.6161250821424,1162
20305,40.6181254823139,1164
20306,40.620125882485404,1166
20307,40.6221262826569,1167
20308,40.624126682828404,1164
20309,40.6261270829999,1156
20310,40.628127483171404,1149
20311,40.6301278833429,1144
20312,40.632128283514405,1137
20313,40.6341286836859,1130
20314,40.636129083857405,1127
20315,40.6381294840289,1130
20316,40.640129884200405,1144
20317,40.64213028437191,1161
20318,40.644130684543406,1165
20319,40.64613108471491,1154
20320,40.648131484886406,1140
20321,40.65013188505791,1129
20322,40.652132285229406,1125
20323,40.65413268540091,1123
20324,40.65613308557241,1117
20325,40.65813348574391,1110
20326,40.66013388591541,1114
20327,40.66213428608691,1127
20328,40.66413468625841,1140
20329,40.66613508642991,1146
20330,40.66813548660141,1145
20331,40.67013588677291,1138
20332,40.67213628694441,1135
20333,40.67413668711591,1142
20334,40.67613708728741,1147
20335,40.67813748745891,1142
20336,40.68013788763041,1133
20337,40.68213828780191,1132
20338,40.68413868797341,1135
20339,40.68613908814491,1139
20340,40.688139488316416,1144
20341,40.69013988848791,1153
20342,40.69214028865942,1169
20343,40.69414068883091,1182
20344,40.69614108900242,1177
20345,40.69814148917391,1158
20346,40.70014188934542,1147
20347,40.702142289516914,1149
20348,40.70414268968842,1152
20349,40.706143089859914,1144
20350,40.70814349003142,1135
20351,40.710143890202914,1134
20352,40.71214429037442,1137
20353,40.714144690545915,1138
20354,40.71614509071742,1137
20355,40.718145490888915,1134
20356,40.72014589106042,1130
20357,40.722146291231915,1128
20358,40.72414669140342,1132
20359,40.726147091574916,1136
20360,40.72814749174642,1133
20361,40.730147891917916,1129
20362,40.73214829208942,1134
20363,40.73414869226092,1143
20364,40.73614909243242,1150
20365,40.738149492603924,1157
20366,40.74014989277542,1163
20367,40.742150292946924,1163
20368,40.74415069311842,1153
20369,40.746151093289924,1140
20370,40.74815149346142,1132
20371,40.750151893632925,1131
20372,40.75215229380442,1135
20373,40.754152693975925,1141
20374,40.75615309414742,1143
20375,40.758153494318925,1138
20376,40.76015389449042,1129
20377,40.762154294661926,1123
20378,40.76415469483342,1126
20379,40.766155095004926,1139
20380,40.76815549517642,1154
20381,40.770155895347926,1164
20382,40.77215629551942,1162
20383,40.77415669569093,1150
20384,40.77615709586242,1138
20385,40.77815749603393,1134
20386,40.78015789620543,1138
20387,40.78215829637693,1142
20388,40.78415869654843,1150
20389,40.78615909671993,1161
20390,40.78815949689143,1168
20391,40.79015989706293,1166
20392,40.79216029723443,1159
20393,40.79416069740593,1152
20394,40.79616109757743,1148
20395,40.79816149774893,1149
20396,40.80016189792043,1153
20397,40.80216229809193,1160
20398,40.80416269826343,1162
20399,40.80616309843493,1155
20400,40.80816349860643,1147
20401,40.81016389877793,1151
20402,40.81216429894943,1165
20403,40.81416469912093,1176
20404,40.816165099292434,1183
20405,40.81816549946393,1194
20406,40.820165899635434,1208
20407,40.82216629980693,1212
20408,40.824166699978434,1202
20409,40.82616710014994,1186
20410,40.828167500321435,1172
20411,40.83016790049294,1160
20412,40.832168300664435,1144
20413,40.83416870083594,1128
20414,40.836169101007435,1124
20415,40.83816950117894,1136
20416,40.840169901350436,1150
20417,40.84217030152194,1151
20418,40.844170701693436,1142
20419,40.84617110186494,1136
20420,40.848171502036436,1131
20421,40.85017190220794,1120
20422,40.85217230237944,1110
20423,40.85417270255094,1110
20424,40.85617310272244,1119
20425,40.85817350289394,1126
20426,40.86017390306544,1121
20427,40.86217430323694,1109
20428,40.86417470340844,1105
20429,40.86617510357994,1116
20430,40.86817550375144,1133
20431,40.87017590392294,1141
20432,40.872176304094445,1134
20433,40.87417670426594,1126
20434,40.876177104437446,1127
20435,40.87817750460894,1132
20436,40.880177904780446,1130
20437,40.88217830495194,1126
20438,40.884178705123446,1124
20439,40.88617910529494,1124
20440,40.88817950546645,1127
20441,40.89017990563794,1138
20442,40.89218030580945,1146
20443,40.89418070598094,1142
20444,40.89618110615245,1132
20445,40.898181506323944,1128
20446,40.90018190649545,1130
20447,40.902182306666944,1126
20448,40.90418270683845,1120
20449,40.906183107009944,1120
20450,40.90818350718145,1126
20451,40.910183907352945,1131
20452,40.91218430752445,1136
20453,40.914184707695945,1142
20454,40.91618510786745,1143
20455,40.91818550803895,1136
20456,40.92018590821045,1132
20457,40.92218630838195,1136
20458,40.92418670855345,1147
20459,40.92618710872495,1162
20460,40.92818750889645,1177
20461,40.93018790906795,1185
20462,40.93218830923945,1184
20463,40.934188709410954,1181
20464,40.93618910958245,1178
20465,40.938189509753954,1174
20466,40.94018990992545,1162
20467,40.942190310096954,1143
20468,40.94419071026845,1124
20469,40.946191110439955,1116
20470,40.94819151061145,1120
20471,40.950191910782955,1128
20472,40.95219231095445,1132
20473,40.954192711125955,1133
20474,40.95619311129745,1140
20475,40.958193511468956,1149
20476,40.96019391164046,1154
20477,40.962194311811956,1156
20478,40.96419471198346,1163
20479,40.966195112154956,1174
20480,40.96819551232646,1184
20481,40.97019591249796,1186
20482,40.97219631266946,1177
20483,40.97419671284096,1160
20484,40.97619711301246,1149
20485,40.97819751318396,1153
20486,40.98019791335546,1166
20487,40.98219831352696,1173
20488,40.98419871369846,1166
20489,40.98619911386996,1148
20490,40.98819951404146,1135
20491,40.99019991421296,1138
20492,40.99220031438446,1148
20493,40.99420071455596,1152
20494,40.99620111472746,1151
20495,40.99820151489896,1152
20496,41.00020191507046,1159
20497,41.00220231524196,1168
20498,41.00420271541346,1175
20499,41.00620311558497,1177
20500,41.00820351575646,1175
20501,41.01020391592797,1172
20502,41.012204316099464,1170
20503,41.01420471627097,1173
20504,41.016205116442464,1175
20505,41.01820551661397,1165
20506,41.020205916785464,1150
20507,41.02220631695697,1147
20508,41.024206717128465,1161
20509,41.02620711729997,1171
20510,41.028207517471465,1168
20511,41.03020791764297,1158
20512,41.032208317814465,1152
20513,41.03420871798597,1150
20514,41.036209118157466,1145
20515,41.03820951832897,1132
20516,41.040209918500466,1117
20517,41.04221031867197,1109
20518,41.044210718843466,1111
20519,41.04621111901497,1115
20520,41.04821151918647,1111
20521,41.05021191935797,1102
20522,41.052212319529474,1101
20523,41.05421271970097,1112
20524,41.056213119872474,1133
20525,41.05821352004397,1155
20526,41.060213920215475,1165
20527,41.06221432038697,1161
20528,41.064214720558475,1150
20529,41.06621512072997,1142
20530,41.068215520901475,1143
20531,41.07021592107297,1145
20532,41.072216321244476,1145
20533,41.07421672141597,1141
20534,41.076217121587476,1140
20535,41.07821752175897,1145
20536,41.080217921930476,1150
20537,41.08221832210197,1150
20538,41.08421872227348,1150
20539,41.08621912244497,1155
20540,41.08821952261648,1164
20541,41.09021992278797,1171
20542,41.09222032295948,1175
20543,41.094220723130974,1174
20544,41.09622112330248,1169
20545,41.09822152347398,1163
20546,41.10022192364548,1164
20547,41.10222232381698,1171
20548,41.10422272398848,1170
20549,41.10622312415998,1158
20550,41.10822352433148,1151
20551,41.11022392450298,1165
20552,41.11222432467448,1187
20553,41.11422472484598,1196
20554,41.11622512501748,1187
20555,41.11822552518898,1173
20556,41.12022592536048,1168
20557,41.12222632553198,1170
20558,41.12422672570348,1173
20559,41.12622712587498,1171
20560,41.12822752604648,1164
20561,41.130227926217984,1161
20562,41.13222832638948,1162
20563,41.134228726560984,1163
20564,41.13622912673248,1159
20565,41.138229526903984,1149
20566,41.14022992707548,1141
20567,41.142230327246985,1137
20568,41.14423072741849,1134
20569,41.146231127589985,1135
20570,41.14823152776149,1138
20571,41.150231927932985,1140
20572,41.15223232810449,1141
20573,41.154232728275986,1147
20574,41.15623312844749,1150
20575,41.158233528618986,1144
20576,41.16023392879049,1135
20577,41.162234328961986,1135
20578,41.16423472913349,1144
20579,41.16623512930499,1151
20580,41.16823552947649,1155
20581,41.17023592964799,1156
20582,41.17223632981949,1155
20583,41.17423672999099,1148
20584,41.17623713016249,1135
20585,41.17823753033399,1127
20586,41.18023793050549,1131
20587,41.18223833067699,1138
20588,41.18423873084849,1137
20589,41.18623913101999,1128
20590,41.18823953119149,1120
20591,41.190239931362996,1117
20592,41.19224033153449,1117
20593,41.194240731705996,1117
20594,41.19624113187749,1120
20595,41.198241532048996,1125
20596,41.20024193222049,1137
20597,41.202242332392,1151
20598,41.20424273256349,1160
20599,41.206243132735,1160
20600,41.208243532906494,1158
20601,41.210243933078,1162
20602,41.212244333249494,1171
20603,41.214244733421,1178
20604,41.216245133592494,1182
20605,41.218245533764,1178
20606,41.220245933935495,1167
20607,41.222246334107,1160
20608,41.224246734278495,1160
20609,41.22624713445,1157
20610,41.228247534621495,1148
20611,41.230247934793,1147
20612,41.232248334964495,1153
20613,41.234248735136,1156
20614,41.2362491353075,1146
20615,41.238249535479,1135
20616,41.2402499356505,1136
20617,41.242250335822,1153
20618,41.244250735993504,1169
20619,41.246251136165,1168
20620,41.248251536336504,1151
20621,41.250251936508,1135
20622,41.252252336679504,1136
20623,41.254252736851,1148
20624,41.256253137022505,1153
20625,41.258253537194,1147
20626,41.260253937365505,1142
20627,41.262254337537,1144
20628,41.264254737708505,1148
20629,41.26625513788,1148
20630,41.268255538051505,1140
20631,41.270255938223,1129
20632,41.272256338394506,1119
20633,41.274256738566,1119
20634,41.276257138737506,1130
20635,41.278257538909,1143
20636,41.280257939080506,1144
20637,41.28225833925201,1141
20638,41.28425873942351,1139
20639,41.28625913959501,1135
20640,41.28825953976651,1124
20641,41.29025993993801,1112
20642,41.29226034010951,1108
20643,41.29426074028101,1116
20644,41.29626114045251,1134
20645,41.29826154062401,1150
20646,41.30026194079551,1151
20647,41.30226234096701,1139
20648,41.30426274113851,1138
20649,41.30626314131001,1154
20650,41.30826354148151,1168
20651,41.31026394165301,1167
20652,41.31226434182451,1158
20653,41.31426474199601,1151
20654,41.31626514216751,1144
20655,41.31826554233901,1137
20656,41.32026594251051,1132
20657,41.32226634268201,1132
20658,41.32426674285351,1137
20659,41.326267143025014,1137
20660,41.32826754319652,1132
20661,41.330267943368014,1131
20662,41.33226834353952,1143
20663,41.334268743711014,1159
20664,41.33626914388252,1159
20665,41.338269544054015,1146
20666,41.34026994422552,1135
20667,41.342270344397015,1135
20668,41.34427074456852,1137
20669,41.346271144740015,1138
20670,41.34827154491152,1144
20671,41.350271945083016,1156
20672,41.35227234525452,1161
20673,41.354272745426016,1148
20674,41.35627314559752,1128
20675,41.358273545769016,1119
20676,41.36027394594052,1124
20677,41.36227434611202,1126
20678,41.36427474628352,1116
20679,41.36627514645502,1107
20680,41.36827554662652,1109
20681,41.37027594679802,1115
20682,41.37227634696952,1116
20683,41.374276747141025,1115
20684,41.37627714731252,1117
20685,41.378277547484025,1119
20686,41.38027794765552,1121
20687,41.382278347827025,1125
20688,41.38427874799852,1134
20689,41.386279148170026,1143
20690,41.38827954834152,1142
20691,41.390279948513026,1131
20692,41.39228034868452,1117
20693,41.394280748856026,1108
20694,41.39628114902752,1107
20695,41.39828154919903,1117
20696,41.40028194937052,1128
20697,41.40228234954203,1127
20698,41.40428274971352,1111
20699,41.40628314988503,1103
20700,41.408283550056524,1113
20701,41.41028395022803,1128
20702,41.412284350399524,1131
20703,41.41428475057103,1130
20704,41.416285150742524,1135
20705,41.41828555091403,1146
20706,41.42028595108553,1151
20707,41.42228635125703,1146
20708,41.42428675142853,1134
20709,41.42628715160003,1122
20710,41.42828755177153,1122
20711,41.43028795194303,1130
20712,41.43228835211453,1130
20713,41.43428875228603,1115
20714,41.43628915245753,1106
20715,41.43828955262903,1118
20716,41.44028995280053,1135
20717,41.44229035297203,1138
20718,41.444290753143534,1127
20719,41.44629115331503,1119
20720,41.448291553486534,1121
20721,41.45029195365803,1129
20722,41.452292353829534,1134
20723,41.45429275400103,1136
20724,41.456293154172535,1138
20725,41.45829355434403,1139
20726,41.460293954515535,1138
20727,41.46229435468703,1136
20728,41.464294754858535,1131
20729,41.46629515503004,1131
20730,41.468295555201536,1144
20731,41.47029595537304,1160
20732,41.472296355544536,1164
20733,41.47429675571604,1157
20734,41.476297155887536,1153
20735,41.47829755605904,1156
20736,41.48029795623054,1160
20737,41.48229835640204,1160
20738,41.48429875657354,1150
20739,41.48629915674504,1134
20740,41.48829955691654,1131
20741,41.49029995708804,1148
20742,41.49230035725954,1164
20743,41.49430075743104,1159
20744,41.49630115760254,1134
20745,41.49830155777404,1116
20746,41.50030195794554,1127
20747,41.50230235811704,1155
20748,41.50430275828854,1170
20749,41.50630315846004,1160
20750,41.50830355863154,1142
20751,41.51030395880304,1134
20752,41.512304358974546,1138
20753,41.51430475914604,1143
20754,41.51630515931755,1140
20755,41.51830555948904,1131
20756,41.52030595966055,1128
20757,41.522306359832044,1132
20758,41.52430676000355,1137
20759,41.526307160175044,1145
20760,41.52830756034655,1155
20761,41.530307960518044,1156
20762,41.53230836068955,1143
20763,41.534308760861045,1130
20764,41.53630916103255,1129
20765,41.538309561204045,1134
20766,41.54030996137555,1136
20767,41.542310361547045,1131
20768,41.54431076171855,1124
20769,41.546311161890046,1120
20770,41.54831156206155,1124
20771,41.550311962233046,1137
20772,41.55231236240455,1143
20773,41.554312762576046,1139
20774,41.55631316274755,1144
20775,41.558313562919054,1161
20776,41.56031396309055,1171
20777,41.562314363262054,1166
20778,41.56431476343355,1157
20779,41.566315163605054,1158
20780,41.56831556377655,1168
20781,41.570315963948055,1173
20782,41.57231636411955,1169
20783,41.574316764291055,1166
20784,41.57631716446255,1166
20785,41.578317564634055,1160
20786,41.58031796480555,1149
20787,41.582318364977056,1143
20788,41.58431876514855,1147
20789,41.586319165320056,1154
20790,41.58831956549155,1156
20791,41.590319965663056,1155
20792,41.59232036583455,1157
20793,41.59432076600606,1159
20794,41.59632116617755,1160
20795,41.59832156634906,1160
20796,41.60032196652055,1163
20797,41.60232236669206,1171
20798,41.60432276686356,1177
20799,41.60632316703506,1175
20800,41.60832356720656,1163
20801,41.61032396737806,1151
20802,41.61232436754956,1149
20803,41.61432476772106,1158
20804,41.61632516789256,1169
20805,41.61832556806406,1172
20806,41.62032596823556,1170
20807,41.62232636840706,1171
20808,41.62432676857856,1174
20809,41.62632716875006,1171
20810,41.62832756892156,1161
20811,41.63032796909306,1154
20812,41.63232836926456,1155
20813,41.63432876943606,1164
20814,41.63632916960756,1173
20815,41.63832956977906,1179
20816,41.640329969950564,1181
20817,41.64233037012206,1179
20818,41.644330770293564,1174
20819,41.64633117046506,1167
20820,41.648331570636564,1162
20821,41.65033197080807,1164
20822,41.652332370979565,1171
20823,41.65433277115107,1171
20824,41.656333171322565,1161
20825,41.65833357149407,1156
20826,41.660333971665565,1159
20827,41.66233437183707,1164
20828,41.664334772008566,1160
20829,41.66633517218007,1151
20830,41.668335572351566,1148
20831,41.67033597252307,1158
20832,41.672336372694566,1176
20833,41.67433677286607,1188
20834,41.67633717303757,1186
20835,41.67833757320907,1178
20836,41.68033797338057,1176
20837,41.68233837355207,1186
20838,41.68433877372357,1198
20839,41.68633917389507,1198
20840,41.68833957406657,1185
20841,41.69033997423807,1175
20842,41.69234037440957,1178
20843,41.69434077458107,1187
20844,41.696341174752575,1189
20845,41.69834157492407,1183
20846,41.700341975095576,1177
20847,41.70234237526707,1177
20848,41.704342775438576,1187
20849,41.70634317561007,1206
20850,41.708343575781576,1216
20851,41.71034397595307,1203
20852,41.71234437612458,1176
20853,41.71434477629607,1155
20854,41.71634517646758,1148
20855,41.718345576639074,1151
20856,41.72034597681058,1157
20857,41.722346376982074,1158
20858,41.72434677715358,1154
20859,41.726347177325074,1149
20860,41.72834757749658,1154
20861,41.730347977668075,1168
20862,41.73234837783958,1180
20863,41.734348778011075,1185
20864,41.73634917818258,1182
20865,41.738349578354075,1174
20866,41.74034997852558,1164
20867,41.74235037869708,1163
20868,41.74435077886858,1173
20869,41.74635117904008,1187
20870,41.74835157921158,1197
20871,41.75035197938308,1199
20872,41.75235237955458,1192
20873,41.754352779726084,1179
20874,41.75635317989758,1170
20875,41.758353580069084,1174
20876,41.76035398024058,1186
20877,41.762354380412084,1193
20878,41.76435478058358,1186
20879,41.766355180755085,1175
20880,41.76835558092658,1176
20881,41.770355981098085,1184
20882,41.77235638126958,1182
20883,41.774356781441085,1171
20884,41.77635718161258,1163
20885,41.778357581784086,1171
20886,41.78035798195558,1192
20887,41.782358382127086,1207
20888,41.78435878229858,1203
20889,41.786359182470086,1185
20890,41.78835958264159,1171
20891,41.79035998281309,1170
20892,41.79236038298459,1177
20893,41.79436078315609,1178
20894,41.79636118332759,1167
20895,41.79836158349909,1154
20896,41.80036198367059,1156
20897,41.80236238384209,1168
20898,41.80436278401359,1174
20899,41.80636318418509,1169
20900,41.80836358435659,1163
20901,41.81036398452809,1164
20902,41.81236438469959,1169
20903,41.81436478487109,1169
20904,41.81636518504259,1161
20905,41.81836558521409,1153
20906,41.82036598538559,1151
20907,41.82236638555709,1156
20908,41.82436678572859,1161
20909,41.82636718590009,1158
20910,41.82836758607159,1152
20911,41.83036798624309,1156
20912,41.83236838641459,1170
20913,41.8343687865861,1180
20914,41.836369186757594,1178
20915,41.8383695869291,1174
20916,41.840369987100594,1172
20917,41.8423703872721,1171
20918,41.844370787443594,1170
20919,41.8463711876151,1170
20920,41.848371587786595,1167
20921,41.8503719879581,1157
20922,41.852372388129595,1145
20923,41.8543727883011,1137
20924,41.856373188472595,1137
20925,41.8583735886441,1142
20926,41.860373988815596,1149
20927,41.8623743889871,1149
20928,41.864374789158596,1142
20929,41.8663751893301,1134
20930,41.868375589501596,1132
20931,41.8703759896731,1137
20932,41.8723763898446,1151
20933,41.8743767900161,1167
20934,41.8763771901876,1172
20935,41.8783775903591,1158
20936,41.880377990530604,1136
20937,41.8823783907021,1123
20938,41.884378790873605,1126
20939,41.8863791910451,1138
20940,41.888379591216605,1148
20941,41.8903799913881,1149
20942,41.892380391559605,1149
20943,41.8943807917311,1153
20944,41.896381191902606,1155
20945,41.8983815920741,1154
20946,41.900381992245606,1156
20947,41.9023823924171,1163
20948,41.904382792588606,1166
20949,41.9063831927601,1159
20950,41.90838359293161,1148
20951,41.9103839931031,1143
20952,41.91238439327461,1148
20953,41.914384793446104,1156
20954,41.91638519361761,1155
20955,41.918385593789104,1145
20956,41.92038599396061,1135
20957,41.922386394132104,1133
20958,41.92438679430361,1136
20959,41.92638719447511,1140
20960,41.92838759464661,1138
20961,41.93038799481811,1133
20962,41.93238839498961,1128
20963,41.93438879516111,1130
20964,41.93638919533261,1136
20965,41.93838959550411,1141
20966,41.94038999567561,1141
20967,41.94239039584711,1142
20968,41.94439079601861,1142
20969,41.94639119619011,1139
20970,41.94839159636161,1130
20971,41.950391996533114,1122
20972,41.95239239670461,1121
20973,41.954392796876114,1127
20974,41.95639319704761,1138
20975,41.958393597219114,1153
20976,41.96039399739061,1168
20977,41.962394397562115,1178
20978,41.96439479773361,1179
20979,41.966395197905115,1174
20980,41.96839559807661,1167
20981,41.970395998248115,1159
20982,41.97239639841962,1150
20983,41.974396798591115,1140
20984,41.97639719876262,1138
20985,41.978397598934116,1144
20986,41.98039799910562,1145
20987,41.982398399277116,1131
20988,41.98439879944862,1119
20989,41.98639919962012,1128
20990,41.98839959979162,1150
20991,41.99039999996312,1163
20992,41.99240040013462,1166
20993,41.99440080030612,1165
20994,41.99640120047762,1159
20995,41.99840160064912,1146
20996,42.00040200082062,1133
20997,42.00240240099212,1126
20998,42.00440280116362,1124
20999,42.00640320133512,1122
21000,42.00840360150662,1120
21001,42.01040400167812,1122
21002,42.01240440184962,1129
21003,42.01440480202112,1135
21004,42.01640520219262,1135
21005,42.018405602364126,1134
21006,42.02040600253562,1136
21007,42.02240640270713,1138
21008,42.02440680287862,1134
21009,42.02640720305013,1127
21010,42.02840760322162,1126
21011,42.03040800339313,1132
21012,42.032408403564624,1133
21013,42.03440880373613,1129
21014,42.036409203907624,1134
21015,42.03840960407913,1149
21016,42.040410004250624,1161
21017,42.04241040442213,1162
21018,42.044410804593625,1156
21019,42.04641120476513,1157
21020,42.048411604936625,1169
21021,42.05041200510813,1184
21022,42.052412405279625,1191
21023,42.05441280545113,1183
21024,42.056413205622626,1164
21025,42.05841360579413,1150
21026,42.060414005965626,1153
21027,42.06241440613713,1167
21028,42.06441480630863,1170
21029,42.06641520648013,1160
21030,42.068415606651634,1151
21031,42.07041600682313,1152
21032,42.072416406994634,1157
21033,42.07441680716613,1157
21034,42.076417207337634,1155
21035,42.07841760750913,1157
21036,42.080418007680635,1164
21037,42.08241840785213,1168
21038,42.084418808023635,1165
21039,42.08641920819513,1157
21040,42.088419608366635,1152
21041,42.09042000853813,1155
21042,42.092420408709636,1164
21043,42.09442080888113,1170
21044,42.096421209052636,1167
21045,42.09842160922413,1154
21046,42.100422009395636,1138
21047,42.10242240956713,1131
21048,42.10442280973864,1137
21049,42.10642320991013,1146
21050,42.10842361008164,1146
21051,42.11042401025314,1132
21052,42.11242441042464,1121
21053,42.11442481059614,1127
21054,42.11642521076764,1139
21055,42.11842561093914,1140
21056,42.12042601111064,1130
21057,42.12242641128214,1118
21058,42.12442681145364,1112
21059,42.12642721162514,1116
21060,42.12842761179664,1128
21061,42.13042801196814,1136
21062,42.13242841213964,1135
21063,42.13442881231114,1130
21064,42.13642921248264,1132
21065,42.13842961265414,1141
21066,42.14043001282564,1148
21067,42.14243041299714,1146
21068,42.14443081316864,1143
21069,42.14643121334014,1146
21070,42.14843161351164,1148
21071,42.150432013683144,1139
21072,42.15243241385464,1127
21073,42.154432814026144,1120
21074,42.15643321419765,1118
21075,42.158433614369144,1116
21076,42.16043401454065,1114
21077,42.162434414712145,1114
21078,42.16443481488365,1121
21079,42.166435215055145,1132
21080,42.16843561522665,1141
21081,42.170436015398145,1142
21082,42.17243641556965,1135
21083,42.174436815741146,1123
21084,42.17643721591265,1118
21085,42.178437616084146,1121
21086,42.18043801625565,1127
21087,42.182438416427146,1129
21088,42.18443881659865,1129
21089,42.18643921677015,1128
21090,42.18843961694165,1127
21091,42.19044001711315,1130
21092,42.19244041728465,1139
21093,42.19444081745615,1150
21094,42.19644121762765,1154
21095,42.19844161779915,1151
21096,42.20044201797065,1147
21097,42.202442418142155,1146
21098,42.20444281831365,1147
21099,42.206443218485155,1147
21100,42.20844361865665,1149
21101,42.210444018828156,1154
21102,42.21244441899965,1159
21103,42.214444819171156,1158
21104,42.21644521934265,1153
21105,42.218445619514156,1148
21106,42.22044601968565,1145
21107,42.22244641985716,1140
21108,42.22444682002865,1131
21109,42.22644722020016,1119
21110,42.228447620371654,1112
21111,42.23044802054316,1115
21112,42.232448420714654,1128
21113,42.23444882088616,1138
21114,42.236449221057654,1143
21115,42.23844962122916,1150
21116,42.240450021400655,1163
21117,42.24245042157216,1172
21118,42.244450821743655,1172
21119,42.24645122191516,1166
21120,42.24845162208666,1160
21121,42.25045202225816,1161
21122,42.25245242242966,1167
21123,42.25445282260116,1164
21124,42.25645322277266,1152
21125,42.25845362294416,1143
21126,42.26045402311566,1148
21127,42.26245442328716,1162
21128,42.264454823458664,1170
21129,42.26645522363016,1167
21130,42.268455623801664,1160
21131,42.27045602397316,1154
21132,42.272456424144664,1153
21133,42.27445682431616,1153
21134,42.276457224487665,1155
21135,42.27845762465916,1162
21136,42.280458024830665,1166
21137,42.28245842500216,1163
21138,42.284458825173665,1156
21139,42.28645922534516,1150
21140,42.288459625516666,1150
21141,42.29046002568816,1158
21142,42.292460425859666,1172
21143,42.29446082603117,1177
21144,42.296461226202666,1172
21145,42.29846162637417,1165
21146,42.30046202654567,1166
21147,42.30246242671717,1177
21148,42.30446282688867,1185
21149,42.30646322706017,1182
21150,42.30846362723167,1173
21151,42.31046402740317,1171
21152,42.31246442757467,1174
21153,42.31446482774617,1174
21154,42.31646522791767,1168
21155,42.31846562808917,1163
21156,42.32046602826067,1156
21157,42.32246642843217,1151
21158,42.32446682860367,1157
21159,42.32646722877517,1176
21160,42.32846762894667,1197
21161,42.33046802911817,1203
21162,42.33246842928967,1197
21163,42.33446882946117,1190
21164,42.33646922963267,1189
21165,42.33846962980417,1189
21166,42.34047002997568,1182
21167,42.34247043014717,1169
21168,42.34447083031868,1157
21169,42.346471230490174,1152
21170,42.34847163066168,1152
21171,42.350472030833174,1155
21172,42.35247243100468,1161
21173,42.354472831176174,1166
21174,42.35647323134768,1169
21175,42.358473631519175,1173
21176,42.36047403169068,1178
21177,42.362474431862175,1180
21178,42.36447483203368,1182
21179,42.366475232205175,1185
21180,42.36847563237668,1187
21181,42.370476032548176,1186
21182,42.37247643271968,1183
21183,42.374476832891176,1174
21184,42.37647723306268,1156
21185,42.378477633234176,1142
21186,42.38047803340568,1142
21187,42.38247843357718,1156
21188,42.38447883374868,1166
21189,42.386479233920184,1158
21190,42.38847963409168,1140
21191,42.390480034263184,1133
21192,42.39248043443468,1143
21193,42.394480834606185,1155
21194,42.39648123477768,1157
21195,42.398481634949185,1155
21196,42.40048203512068,1160
21197,42.402482435292185,1164
21198,42.40448283546368,1157
21199,42.406483235635186,1153
21200,42.40848363580668,1161
21201,42.410484035978186,1173
21202,42.41248443614968,1174
21203,42.414484836321186,1165
21204,42.41648523649268,1157
21205,42.41848563666419,1155
21206,42.42048603683568,1154
21207,42.42248643700719,1153
21208,42.424486837178684,1153
21209,42.42648723735019,1153
21210,42.428487637521684,1149
21211,42.43048803769319,1143
21212,42.43248843786469,1137
21213,42.43448883803619,1130
21214,42.43648923820769,1124
21215,42.43848963837919,1126
21216,42.44049003855069,1137
21217,42.44249043872219,1149
21218,42.44449083889369,1157
21219,42.44649123906519,1158
21220,42.44849163923669,1154
21221,42.45049203940819,1152
21222,42.45249243957969,1153
21223,42.45449283975119,1152
21224,42.45649323992269,1143
21225,42.45849364009419,1128
21226,42.460494040265694,1119
21227,42.46249444043719,1123
21228,42.464494840608694,1133
21229,42.46649524078019,1140
21230,42.468495640951694,1141
21231,42.47049604112319,1135
21232,42.472496441294695,1128
21233,42.47449684146619,1127
21234,42.476497241637695,1136
21235,42.4784976418092,1152
21236,42.480498041980695,1160
21237,42.4824984421522,1159
21238,42.484498842323696,1158
21239,42.4864992424952,1158
21240,42.488499642666696,1155
21241,42.4905000428382,1153
21242,42.492500443009696,1162
21243,42.4945008431812,1185
21244,42.4965012433527,1208
21245,42.4985016435242,1213
21246,42.5005020436957,1200
21247,42.5025024438672,1189
21248,42.5045028440387,1186
21249,42.5065032442102,1184
21250,42.5085036443817,1176
21251,42.5105040445532,1167
21252,42.5125044447247,1159
21253,42.5145048448962,1149
21254,42.5165052450677,1142
21255,42.5185056452392,1144
21256,42.5205060454107,1150
21257,42.5225064455822,1151
21258,42.524506845753706,1149
21259,42.5265072459252,1151
21260,42.528507646096706,1151
21261,42.5305080462682,1147
21262,42.53250844643971,1141
21263,42.5345088466112,1138
21264,42.53650924678271,1142
21265,42.5385096469542,1147
21266,42.54051004712571,1148
21267,42.542510447297204,1145
21268,42.54451084746871,1144
21269,42.546511247640204,1146
21270,42.54851164781171,1140
21271,42.550512047983204,1131
21272,42.55251244815471,1131
21273,42.554512848326205,1141
21274,42.55651324849771,1144
21275,42.558513648669205,1140
21276,42.56051404884071,1139
21277,42.562514449012205,1145
21278,42.56451484918371,1152
21279,42.566515249355206,1154
21280,42.56851564952671,1158
21281,42.57051604969821,1167
21282,42.57251644986971,1181
21283,42.57451685004121,1188
21284,42.57651725021271,1180
21285,42.578517650384214,1164
21286,42.58051805055571,1153
21287,42.582518450727214,1151
21288,42.58451885089871,1152
21289,42.586519251070214,1146
21290,42.58851965124171,1135
21291,42.590520051413215,1127
21292,42.59252045158471,1129
21293,42.594520851756215,1137
21294,42.59652125192771,1144
21295,42.598521652099215,1149
21296,42.60052205227071,1156
21297,42.602522452442216,1160
21298,42.60452285261371,1157
21299,42.606523252785216,1149
21300,42.60852365295671,1142
21301,42.610524053128216,1138
21302,42.61252445329971,1139
21303,42.61452485347122,1140
21304,42.61652525364272,1135
21305,42.61852565381422,1126
21306,42.62052605398572,1127
21307,42.62252645415722,1142
21308,42.62452685432872,1153
21309,42.62652725450022,1153
21310,42.62852765467172,1153
21311,42.63052805484322,1162
21312,42.63252845501472,1173
21313,42.63452885518622,1170
21314,42.63652925535772,1154
21315,42.63852965552922,1141
21316,42.64053005570072,1139
21317,42.64253045587222,1142
21318,42.64453085604372,1138
21319,42.64653125621522,1128
21320,42.64853165638672,1120
21321,42.65053205655822,1114
21322,42.65253245672972,1110
21323,42.65453285690122,1114
21324,42.656533257072724,1125
21325,42.65853365724422,1134
21326,42.660534057415724,1134
21327,42.66253445758723,1127
21328,42.664534857758724,1120
21329,42.66653525793023,1116
21330,42.668535658101725,1114
21331,42.67053605827323,1116
21332,42.672536458444725,1128
21333,42.67453685861623,1144
21334,42.676537258787725,1153
21335,42.67853765895923,1147
21336,42.680538059130726,1136
21337,42.68253845930223,1136
21338,42.684538859473726,1145
21339,42.68653925964523,1152
21340,42.688539659816726,1155
21341,42.69054005998823,1155
21342,42.69254046015973,1152
21343,42.69454086033123,1145
21344,42.69654126050273,1142
21345,42.69854166067423,1145
21346,42.70054206084573,1148
21347,42.70254246101723,1147
21348,42.70454286118873,1150
21349,42.70654326136023,1157
21350,42.708543661531735,1164
21351,42.71054406170323,1170
21352,42.712544461874735,1173
21353,42.71454486204623,1170
21354,42.716545262217736,1161
21355,42.71854566238923,1151
21356,42.720546062560736,1147
21357,42.72254646273223,1154
21358,42.724546862903736,1161
21359,42.72654726307523,1155
21360,42.72854766324674,1142
21361,42.73054806341823,1139
21362,42.73254846358974,1149
21363,42.73454886376123,1163
21364,42.73654926393274,1169
21365,42.738549664104234,1164
21366,42.74055006427574,1157
21367,42.742550464447234,1156
21368,42.74455086461874,1156
21369,42.746551264790234,1150
21370,42.74855166496174,1138
21371,42.750552065133235,1128
21372,42.75255246530474,1121
21373,42.75455286547624,1119
21374,42.75655326564774,1120
21375,42.75855366581924,1119
21376,42.76055406599074,1113
21377,42.76255446616224,1110
21378,42.76455486633374,1119
21379,42.76655526650524,1132
21380,42.76855566667674,1133
21381,42.77055606684824,1124
21382,42.77255646701974,1114
21383,42.774556867191244,1111
21384,42.77655726736274,1112
21385,42.778557667534244,1112
21386,42.78055806770574,1104
21387,42.782558467877244,1094
21388,42.78455886804874,1086
21389,42.786559268220245,1081
21390,42.78855966839174,1078
21391,42.790560068563245,1080
21392,42.79256046873474,1087
21393,42.794560868906245,1094
21394,42.79656126907774,1096
21395,42.798561669249246,1093
21396,42.80056206942075,1093
21397,42.802562469592246,1100
21398,42.80456286976375,1107
21399,42.806563269935246,1110
21400,42.80856367010675,1108
21401,42.81056407027825,1108
21402,42.81256447044975,1109
21403,42.81456487062125,1110
21404,42.81656527079275,1104
21405,42.81856567096425,1092
21406,42.82056607113575,1087
21407,42.82256647130725,1093
21408,42.82456687147875,1099
21409,42.82656727165025,1095
21410,42.82856767182175,1092
21411,42.83056807199325,1093
21412,42.83256847216475,1094
21413,42.83456887233625,1092
21414,42.83656927250775,1093
21415,42.83856967267925,1099
21416,42.84057007285075,1103
21417,42.84257047302225,1101
21418,42.84457087319375,1099
21419,42.84657127336526,1096
21420,42.84857167353675,1088
21421,42.85057207370826,1081
21422,42.85257247387975,1083
21423,42.85457287405126,1094
21424,42.856573274222754,1099
21425,42.85857367439426,1094
21426,42.860574074565754,1090
21427,42.86257447473726,1094
21428,42.864574874908755,1100
21429,42.86657527508026,1102
21430,42.868575675251755,1105
21431,42.87057607542326,1110
21432,42.872576475594755,1107
21433,42.87457687576626,1091
21434,42.876577275937755,1081
21435,42.87857767610926,1090
21436,42.880578076280756,1109
21437,42.88257847645226,1122
21438,42.884578876623756,1127
21439,42.88657927679526,1129
21440,42.888579676966756,1127
21441,42.89058007713826,1113
21442,42.892580477309764,1093
21443,42.89458087748126,1083
21444,42.896581277652764,1096
21445,42.89858167782426,1111
21446,42.900582077995765,1104
21447,42.90258247816726,1085
21448,42.904582878338765,1079
21449,42.90658327851026,1091
21450,42.908583678681765,1108
21451,42.91058407885326,1118
21452,42.912584479024765,1123
21453,42.91458487919626,1125
21454,42.916585279367766,1125
21455,42.91858567953926,1119
21456,42.920586079710766,1104
21457,42.92258647988226,1085
21458,42.924586880053766,1077
21459,42.92658728022526,1087
21460,42.92858768039677,1106
21461,42.93058808056826,1114
21462,42.93258848073977,1105
21463,42.934588880911264,1091
21464,42.93658928108277,1083
21465,42.93858968125427,1088
21466,42.94059008142577,1105
21467,42.94259048159727,1120
21468,42.94459088176877,1124
21469,42.94659128194027,1122
21470,42.94859168211177,1126
21471,42.95059208228327,1135
21472,42.95259248245477,1133
21473,42.95459288262627,1121
21474,42.95659328279777,1119
21475,42.95859368296927,1134
21476,42.96059408314077,1146
21477,42.96259448331227,1139
21478,42.96459488348377,1112
21479,42.96659528365527,1084
21480,42.96859568382677,1079
21481,42.970596083998274,1096
21482,42.97259648416977,1113
21483,42.974596884341274,1117
21484,42.97659728451277,1117
21485,42.978597684684274,1122
21486,42.98059808485577,1128
21487,42.982598485027275,1127
21488,42.98459888519878,1120
21489,42.986599285370275,1112
21490,42.98859968554178,1112
21491,42.990600085713275,1122
21492,42.99260048588478,1128
21493,42.994600886056276,1119
21494,42.99660128622778,1099
21495,42.998601686399276,1091
21496,43.00060208657078,1103
21497,43.002602486742276,1128
21498,43.00460288691378,1145
21499,43.00660328708528,1144
21500,43.00860368725678,1124
21501,43.01060408742828,1103
21502,43.01260448759978,1100
21503,43.01460488777128,1113
21504,43.01660528794278,1120
21505,43.01860568811428,1116
21506,43.02060608828578,1107
21507,43.02260648845728,1103
21508,43.02460688862878,1101
21509,43.02660728880028,1098
21510,43.02860768897178,1102
21511,43.030608089143286,1112
21512,43.03260848931478,1116
21513,43.034608889486286,1111
21514,43.03660928965778,1105
21515,43.038609689829286,1106
21516,43.04061009000078,1113
21517,43.04261049017229,1125
21518,43.04461089034378,1139
21519,43.04661129051529,1146
21520,43.04861169068678,1143
21521,43.05061209085829,1141
21522,43.052612491029784,1153
21523,43.05461289120129,1174
21524,43.056613291372784,1181
21525,43.05861369154429,1170
21526,43.060614091715784,1157
21527,43.06261449188729,1156
21528,43.064614892058785,1160
21529,43.06661529223029,1155
21530,43.068615692401785,1144
21531,43.07061609257329,1134
21532,43.072616492744785,1127
21533,43.07461689291629,1120
21534,43.07661729308779,1117
21535,43.07861769325929,1128
21536,43.08061809343079,1145
21537,43.08261849360229,1148
21538,43.08461889377379,1133
21539,43.08661929394529,1121
21540,43.088619694116794,1132
21541,43.09062009428829,1154
21542,43.092620494459794,1171
21543,43.09462089463129,1175
21544,43.096621294802794,1172
21545,43.09862169497429,1168
21546,43.100622095145795,1165
21547,43.10262249531729,1155
21548,43.104622895488795,1142
21549,43.10662329566029,1138
21550,43.108623695831795,1145
21551,43.11062409600329,1151
21552,43.112624496174796,1148
21553,43.11462489634629,1144
21554,43.116625296517796,1146
21555,43.11862569668929,1145
21556,43.120626096860796,1137
21557,43.1226264970323,1131
21558,43.1246268972038,1135
21559,43.1266272973753,1146
21560,43.1286276975468,1156
21561,43.1306280977183,1160
21562,43.1326284978898,1151
21563,43.1346288980613,1130
21564,43.1366292982328,1115
21565,43.1386296984043,1115
21566,43.1406300985758,1120
21567,43.1426304987473,1121
21568,43.1446308989188,1120
21569,43.1466312990903,1120
21570,43.1486316992618,1122
21571,43.1506320994333,1130
21572,43.1526324996048,1141
21573,43.1546328997763,1145
21574,43.1566332999478,1139
21575,43.1586337001193,1135
21576,43.1606341002908,1140
21577,43.1626345004623,1150
21578,43.1646349006338,1154
21579,43.166635300805304,1149
21580,43.16863570097681,1138
21581,43.170636101148304,1126
21582,43.17263650131981,1116
21583,43.174636901491304,1111
21584,43.17663730166281,1115
21585,43.178637701834305,1119
21586,43.18063810200581,1113
21587,43.182638502177305,1098
21588,43.18463890234881,1086
21589,43.186639302520305,1085
21590,43.18863970269181,1092
21591,43.190640102863306,1100
21592,43.19264050303481,1106
21593,43.194640903206306,1110
21594,43.19664130337781,1111
21595,43.198641703549306,1114
21596,43.20064210372081,1123
21597,43.20264250389231,1135
21598,43.20464290406381,1139
21599,43.20664330423531,1131
21600,43.20864370440681,1120
21601,43.21064410457831,1114
21602,43.21264450474981,1110
21603,43.214644904921315,1108
21604,43.21664530509281,1107
21605,43.218645705264315,1109
21606,43.22064610543581,1112
21607,43.222646505607315,1114
21608,43.22464690577881,1120
21609,43.226647305950316,1127
21610,43.22864770612181,1130
21611,43.230648106293316,1127
21612,43.23264850646481,1131
21613,43.234648906636316,1145
21614,43.23664930680781,1155
21615,43.23864970697932,1149
21616,43.24065010715081,1139
21617,43.24265050732232,1141
21618,43.24465090749381,1155
21619,43.24665130766532,1164
21620,43.248651707836814,1157
21621,43.25065210800832,1143
21622,43.252652508179814,1133
21623,43.25465290835132,1123
21624,43.256653308522814,1116
21625,43.25865370869432,1118
21626,43.26065410886582,1129
21627,43.26265450903732,1141
21628,43.26465490920882,1144
21629,43.26665530938032,1136
21630,43.26865570955182,1130
21631,43.27065610972332,1135
21632,43.27265650989482,1142
21633,43.27465691006632,1141
21634,43.27665731023782,1133
21635,43.27865771040932,1132
21636,43.28065811058082,1136
21637,43.28265851075232,1133
21638,43.284658910923824,1120
21639,43.28665931109532,1111
21640,43.288659711266824,1115
21641,43.29066011143832,1123
21642,43.292660511609824,1124
21643,43.29466091178132,1119
21644,43.296661311952825,1120
21645,43.29866171212432,1132
21646,43.300662112295825,1140
21647,43.30266251246732,1132
21648,43.304662912638825,1117
21649,43.30666331281033,1114
21650,43.308663712981826,1120
21651,43.31066411315333,1119
21652,43.312664513324826,1111
21653,43.31466491349633,1105
21654,43.316665313667826,1108
21655,43.31866571383933,1120
21656,43.32066611401083,1130
21657,43.32266651418233,1133
21658,43.32466691435383,1130
21659,43.32666731452533,1129
21660,43.32866771469683,1135
21661,43.33066811486833,1145
21662,43.33266851503983,1150
21663,43.33466891521133,1149
21664,43.33666931538283,1144
21665,43.33866971555433,1138
21666,43.34067011572583,1131
21667,43.34267051589733,1123
21668,43.34467091606883,1114
21669,43.34667131624033,1108
21670,43.34867171641183,1110
21671,43.35067211658333,1118
21672,43.352672516754836,1128
21673,43.35467291692633,1132
21674,43.35667331709784,1133
21675,43.35867371726933,1136
21676,43.36067411744084,1142
21677,43.362674517612334,1151
21678,43.36467491778384,1162
21679,43.366675317955334,1166
21680,43.36867571812684,1159
21681,43.370676118298334,1148
21682,43.37267651846984,1143
21683,43.374676918641335,1142
21684,43.37667731881284,1140
21685,43.378677718984335,1136
21686,43.38067811915584,1136
21687,43.382678519327335,1145
21688,43.38467891949884,1151
21689,43.386679319670336,1149
21690,43.38867971984184,1141
21691,43.390680120013336,1137
21692,43.39268052018484,1138
21693,43.394680920356336,1139
21694,43.39668132052784,1137
21695,43.398681720699344,1132
21696,43.40068212087084,1127
21697,43.402682521042344,1124
21698,43.40468292121384,1126
21699,43.406683321385344,1134
21700,43.40868372155684,1142
21701,43.410684121728345,1144
21702,43.41268452189984,1145
21703,43.414684922071345,1151
21704,43.41668532224284,1158
21705,43.418685722414345,1160
21706,43.42068612258584,1154
21707,43.422686522757346,1144
21708,43.42468692292884,1139
21709,43.426687323100346,1143
21710,43.42868772327184,1153
21711,43.430688123443346,1159
21712,43.43268852361484,1155
21713,43.43468892378635,1144
21714,43.43668932395784,1137
21715,43.43868972412935,1138
21716,43.44069012430084,1141
21717,43.44269052447235,1137
21718,43.44469092464385,1126
21719,43.44669132481535,1118
21720,43.44869172498685,1119
21721,43.45069212515835,1128
21722,43.45269252532985,1141
21723,43.45469292550135,1151
21724,43.45669332567285,1155
21725,43.45869372584435,1154
21726,43.46069412601585,1148
21727,43.46269452618735,1144
21728,43.46469492635885,1148
21729,43.46669532653035,1156
21730,43.46869572670185,1156
21731,43.47069612687335,1146
21732,43.47269652704485,1137
21733,43.47469692721635,1137
21734,43.47669732738785,1143
21735,43.47869772755935,1146
21736,43.480698127730854,1138
21737,43.48269852790235,1130
21738,43.484698928073854,1136
21739,43.48669932824535,1150
21740,43.488699728416854,1157
21741,43.49070012858836,1154
21742,43.492700528759855,1144
21743,43.49470092893136,1138
21744,43.496701329102855,1138
21745,43.49870172927436,1143
21746,43.500702129445855,1148
21747,43.50270252961736,1149
21748,43.504702929788856,1144
21749,43.50670332996036,1133
21750,43.508703730131856,1120
21751,43.51070413030336,1117
21752,43.512704530474856,1128
21753,43.51470493064636,1144
21754,43.51670533081786,1148
21755,43.51870573098936,1139
21756,43.52070613116086,1126
21757,43.52270653133236,1120
21758,43.52470693150386,1121
21759,43.52670733167536,1126
21760,43.52870773184686,1128
21761,43.53070813201836,1125
21762,43.53270853218986,1121
21763,43.53470893236136,1117
21764,43.536709332532865,1113
21765,43.53870973270436,1112
21766,43.540710132875866,1112
21767,43.54271053304736,1113
21768,43.544710933218866,1118
21769,43.54671133339036,1125
21770,43.548711733561866,1133
21771,43.55071213373336,1136
21772,43.55271253390487,1133
21773,43.55471293407636,1129
21774,43.55671333424787,1130
21775,43.558713734419364,1134
21776,43.56071413459087,1137
21777,43.562714534762364,1138
21778,43.56471493493387,1137
21779,43.566715335105364,1140
21780,43.56871573527687,1148
21781,43.570716135448365,1158
21782,43.57271653561987,1166
21783,43.574716935791365,1166
21784,43.57671733596287,1155
21785,43.578717736134365,1143
21786,43.58071813630587,1143
21787,43.58271853647737,1154
21788,43.58471893664887,1160
21789,43.58671933682037,1155
21790,43.58871973699187,1144
21791,43.59072013716337,1138
21792,43.59272053733487,1140
21793,43.594720937506374,1146
21794,43.59672133767787,1156
21795,43.598721737849374,1169
21796,43.60072213802087,1181
21797,43.602722538192374,1188
21798,43.60472293836387,1186
21799,43.606723338535375,1172
21800,43.60872373870687,1160
21801,43.610724138878375,1159
21802,43.61272453904987,1162
21803,43.614724939221375,1160
21804,43.61672533939287,1153
21805,43.618725739564375,1144
21806,43.62072613973587,1134
21807,43.622726539907376,1130
21808,43.62472694007887,1137
21809,43.626727340250376,1154
21810,43.62872774042188,1168
21811,43.63072814059338,1171
21812,43.63272854076488,1162
21813,43.63472894093638,1151
21814,43.63672934110788,1146
21815,43.63872974127938,1148
21816,43.64073014145088,1148
21817,43.64273054162238,1147
21818,43.64473094179388,1150
21819,43.64673134196538,1157
21820,43.64873174213688,1157
21821,43.65073214230838,1153
21822,43.65273254247988,1149
21823,43.65473294265138,1148
21824,43.65673334282288,1154
21825,43.65873374299438,1166
21826,43.66073414316588,1172
21827,43.66273454333738,1162
21828,43.66473494350888,1150
21829,43.66673534368038,1149
21830,43.66873574385188,1158
21831,43.67073614402338,1170
21832,43.67273654419488,1177
21833,43.67473694436639,1178
21834,43.676737344537884,1172
21835,43.67873774470939,1162
21836,43.680738144880884,1157
21837,43.68273854505239,1159
21838,43.684738945223884,1161
21839,43.68673934539539,1153
21840,43.688739745566885,1138
21841,43.69074014573839,1131
21842,43.692740545909885,1139
21843,43.69474094608139,1151
21844,43.696741346252885,1161
21845,43.69874174642439,1169
21846,43.700742146595886,1175
21847,43.70274254676739,1180
21848,43.704742946938886,1186
21849,43.70674334711039,1190
21850,43.708743747281886,1183
21851,43.71074414745339,1169
21852,43.71274454762489,1158
21853,43.71474494779639,1154
21854,43.71674534796789,1152
21855,43.71874574813939,1146
21856,43.720746148310894,1143
21857,43.72274654848239,1150
21858,43.724746948653895,1161
21859,43.72674734882539,1170
21860,43.728747748996895,1171
21861,43.73074814916839,1164
21862,43.732748549339895,1154
21863,43.73474894951139,1147
21864,43.736749349682896,1149
21865,43.73874974985439,1156
21866,43.740750150025896,1166
21867,43.74275055019739,1171
21868,43.744750950368896,1162
21869,43.74675135054039,1150
21870,43.7487517507119,1146
21871,43.75075215088339,1153
21872,43.7527525510549,1157
21873,43.75475295122639,1152
21874,43.7567533513979,1143
21875,43.758753751569394,1137
21876,43.7607541517409,1138
21877,43.762754551912394,1144
21878,43.7647549520839,1149
21879,43.7667553522554,1149
21880,43.7687557524269,1151
21881,43.7707561525984,1160
21882,43.7727565527699,1171
21883,43.7747569529414,1175
21884,43.7767573531129,1171
21885,43.7787577532844,1166
21886,43.7807581534559,1163
21887,43.7827585536274,1165
21888,43.7847589537989,1170
21889,43.7867593539704,1172
21890,43.7887597541419,1165
21891,43.7907601543134,1156
21892,43.7927605544849,1154
21893,43.794760954656404,1163
21894,43.7967613548279,1179
21895,43.798761754999404,1189
21896,43.8007621551709,1192
21897,43.802762555342404,1193
21898,43.8047629555139,1192
21899,43.806763355685405,1188
21900,43.8087637558569,1186
21901,43.810764156028405,1191
21902,43.81276455619991,1197
21903,43.814764956371405,1199
21904,43.81676535654291,1197
21905,43.818765756714406,1186
21906,43.82076615688591,1166
21907,43.822766557057406,1146
21908,43.82476695722891,1140
21909,43.826767357400406,1150
21910,43.82876775757191,1165
21911,43.83076815774341,1171
21912,43.83276855791491,1171
21913,43.83476895808641,1168
21914,43.83676935825791,1166
21915,43.83876975842941,1166
21916,43.84077015860091,1167
21917,43.84277055877241,1166
21918,43.84477095894391,1161
21919,43.84677135911541,1152
21920,43.84877175928691,1144
21921,43.85077215945841,1144
21922,43.85277255962991,1157
21923,43.85477295980141,1179
21924,43.85677335997291,1192
21925,43.858773760144416,1190
21926,43.86077416031591,1185
21927,43.862774560487416,1190
21928,43.86477496065891,1196
21929,43.86677536083042,1191
21930,43.86877576100191,1171
21931,43.87077616117342,1150
21932,43.872776561344914,1142
21933,43.87477696151642,1143
21934,43.876777361687914,1144
21935,43.87877776185942,1145
21936,43.880778162030914,1151
21937,43.88277856220242,1157
21938,43.884778962373915,1153
21939,43.88677936254542,1140
21940,43.888779762716915,1131
21941,43.89078016288842,1134
21942,43.892780563059915,1144
21943,43.89478096323142,1151
21944,43.896781363402916,1146
21945,43.89878176357442,1135
21946,43.900782163745916,1134
21947,43.90278256391742,1145
21948,43.90478296408892,1160
21949,43.90678336426042,1168
21950,43.908783764431924,1164
21951,43.91078416460342,1152
21952,43.912784564774924,1140
21953,43.91478496494642,1135
21954,43.916785365117924,1139
21955,43.91878576528942,1147
21956,43.920786165460925,1146
21957,43.92278656563242,1138
21958,43.924786965803925,1139
21959,43.92678736597542,1153
21960,43.928787766146925,1170
21961,43.93078816631842,1181
21962,43.932788566489926,1183
21963,43.93478896666142,1173
21964,43.936789366832926,1155
21965,43.93878976700442,1142
21966,43.940790167175926,1141
21967,43.94279056734742,1149
21968,43.94479096751893,1157
21969,43.94679136769042,1162
21970,43.94879176786193,1171
21971,43.95079216803343,1187
21972,43.95279256820493,1199
21973,43.95479296837643,1192
21974,43.95679336854793,1177
21975,43.95879376871943,1177
21976,43.96079416889093,1194
21977,43.96279456906243,1206
21978,43.96479496923393,1198
21979,43.96679536940543,1175
21980,43.96879576957693,1157
21981,43.97079616974843,1152
21982,43.97279656991993,1156
21983,43.97479697009143,1160
21984,43.97679737026293,1162
21985,43.97879777043443,1164
21986,43.98079817060593,1164
21987,43.98279857077743,1159
21988,43.98479897094893,1145
21989,43.98679937112043,1130
21990,43.98879977129193,1126
21991,43.990800171463434,1140
21992,43.99280057163493,1162
21993,43.994800971806434,1171
21994,43.99680137197794,1157
21995,43.998801772149434,1133
21996,44.00080217232094,1123
21997,44.002802572492435,1133
21998,44.00480297266394,1148
21999,44.006803372835435,1148
22000,44.00880377300694,1136
22001,44.010804173178435,1129
22002,44.01280457334994,1140
22003,44.014804973521436,1159
22004,44.01680537369294,1169
22005,44.018805773864436,1163
22006,44.02080617403594,1146
22007,44.022806574207436,1132
22008,44.02480697437894,1132
22009,44.02680737455044,1144
22010,44.02880777472194,1152
22011,44.03080817489344,1143
22012,44.03280857506494,1124
22013,44.03480897523644,1108
22014,44.03680937540794,1099
22015,44.03880977557944,1099
22016,44.04081017575094,1109
22017,44.042810575922445,1116
22018,44.04481097609394,1112
22019,44.046811376265445,1099
22020,44.04881177643694,1091
22021,44.050812176608446,1090
22022,44.05281257677994,1090
22023,44.054812976951446,1091
22024,44.05681337712294,1097
22025,44.058813777294446,1113
22026,44.06081417746594,1129
22027,44.06281457763745,1135
22028,44.06481497780894,1127
22029,44.06681537798045,1116
22030,44.068815778151944,1116
22031,44.07081617832345,1129
22032,44.072816578494944,1145
22033,44.07481697866645,1149
22034,44.076817378837944,1138
22035,44.07881777900945,1128
22036,44.080818179180945,1130
22037,44.08281857935245,1140
22038,44.084818979523945,1145
22039,44.08681937969545,1140
22040,44.08881977986695,1132
22041,44.09082018003845,1133
22042,44.09282058020995,1140
22043,44.09482098038145,1142
22044,44.09682138055295,1139
22045,44.09882178072445,1142
22046,44.10082218089595,1150
22047,44.10282258106745,1154
22048,44.104822981238954,1151
22049,44.10682338141045,1152
22050,44.108823781581954,1161
22051,44.11082418175345,1169
22052,44.112824581924954,1163
22053,44.11482498209645,1151
22054,44.116825382267955,1144
22055,44.11882578243945,1143
22056,44.120826182610955,1143
22057,44.12282658278245,1143
22058,44.124826982953955,1143
22059,44.12682738312545,1144
22060,44.128827783296956,1143
22061,44.13082818346845,1140
22062,44.132828583639956,1141
22063,44.13482898381146,1158
22064,44.136829383982956,1173
22065,44.13882978415446,1164
22066,44.14083018432596,1140
22067,44.14283058449746,1128
22068,44.14483098466896,1137
22069,44.14683138484046,1152
22070,44.14883178501196,1162
22071,44.15083218518346,1162
22072,44.15283258535496,1149
22073,44.15483298552646,1131
22074,44.15683338569796,1120
22075,44.15883378586946,1121
22076,44.16083418604096,1127
22077,44.16283458621246,1130
22078,44.16483498638396,1127
22079,44.16683538655546,1118
22080,44.16883578672696,1110
22081,44.17083618689846,1112
22082,44.17283658706996,1126
22083,44.17483698724146,1140
22084,44.17683738741296,1144
22085,44.17883778758446,1138
22086,44.18083818775597,1134
22087,44.18283858792746,1138
22088,44.18483898809897,1143
22089,44.186839388270464,1141
22090,44.18883978844197,1136
22091,44.190840188613464,1137
22092,44.19284058878497,1142
22093,44.194840988956464,1140
22094,44.19684138912797,1128
22095,44.198841789299465,1123
22096,44.20084218947097,1137
22097,44.202842589642465,1164
22098,44.20484298981397,1187
22099,44.206843389985465,1193
22100,44.20884379015697,1178
22101,44.210844190328466,1161
22102,44.21284459049997,1163
22103,44.214844990671466,1175
22104,44.21684539084297,1175
22105,44.218845791014466,1158
22106,44.22084619118597,1145
22107,44.22284659135747,1146
22108,44.22484699152897,1155
22109,44.226847391700474,1158
22110,44.22884779187197,1153
22111,44.230848192043474,1148
22112,44.23284859221497,1152
22113,44.234848992386475,1161
22114,44.23684939255797,1162
22115,44.238849792729475,1158
22116,44.24085019290097,1165
22117,44.242850593072475,1186
22118,44.24485099324397,1202
22119,44.246851393415476,1195
22120,44.24885179358697,1178
22121,44.250852193758476,1172
22122,44.25285259392997,1177
22123,44.254852994101476,1176
22124,44.25685339427297,1167
22125,44.25885379444448,1155
22126,44.26085419461597,1148
22127,44.26285459478748,1145
22128,44.264854994958974,1139
22129,44.26685539513048,1126
22130,44.268855795301974,1110
22131,44.27085619547348,1104
22132,44.27285659564498,1112
22133,44.27485699581648,1126
22134,44.27685739598798,1140
22135,44.27885779615948,1151
22136,44.28085819633098,1161
22137,44.28285859650248,1172
22138,44.28485899667398,1183
22139,44.28685939684548,1191
22140,44.28885979701698,1188
22141,44.29086019718848,1179
22142,44.29286059735998,1171
22143,44.29486099753148,1168
22144,44.29686139770298,1166
22145,44.29886179787448,1155
22146,44.300862198045984,1138
22147,44.30286259821748,1128
22148,44.304862998388984,1132
22149,44.30686339856048,1143
22150,44.308863798731984,1148
22151,44.31086419890348,1143
22152,44.312864599074985,1132
22153,44.31486499924648,1122
22154,44.316865399417985,1116
22155,44.31886579958949,1123
22156,44.320866199760985,1140
22157,44.32286659993249,1151
22158,44.324867000103986,1147
22159,44.32686740027549,1135
22160,44.328867800446986,1129
22161,44.33086820061849,1130
22162,44.332868600789986,1135
22163,44.33486900096149,1142
22164,44.33686940113299,1149
22165,44.33886980130449,1155
22166,44.34087020147599,1155
22167,44.34287060164749,1149
22168,44.34487100181899,1145
22169,44.34687140199049,1150
22170,44.34887180216199,1162
22171,44.35087220233349,1174
22172,44.35287260250499,1186
22173,44.35487300267649,1200
22174,44.35687340284799,1212
22175,44.35887380301949,1211
22176,44.36087420319099,1203
22177,44.36287460336249,1198
22178,44.364875003533996,1199
22179,44.36687540370549,1198
22180,44.368875803876996,1188
22181,44.37087620404849,1176
22182,44.37287660422,1173
22183,44.37487700439149,1176
22184,44.376877404563,1175
22185,44.37887780473449,1169
22186,44.380878204906,1169
22187,44.382878605077494,1175
22188,44.384879005249,1180
22189,44.386879405420494,1179
22190,44.388879805592,1176
22191,44.390880205763494,1179
22192,44.392880605935,1188
22193,44.394881006106495,1196
22194,44.396881406278,1201
22195,44.398881806449495,1200
22196,44.400882206621,1192
22197,44.402882606792495,1184
22198,44.404883006964,1180
22199,44.406883407135496,1175
22200,44.408883807307,1165
22201,44.4108842074785,1160
22202,44.41288460765,1165
22203,44.4148850078215,1174
22204,44.416885407993,1179
22205,44.418885808164504,1175
22206,44.420886208336,1166
22207,44.422886608507504,1161
22208,44.424887008679,1167
22209,44.426887408850504,1181
22210,44.428887809022,1190
22211,44.430888209193505,1188
22212,44.432888609365,1182
22213,44.434889009536505,1174
22214,44.436889409708,1160
22215,44.438889809879505,1146
22216,44.440890210051,1137
22217,44.442890610222506,1135
22218,44.444891010394,1138
22219,44.446891410565506,1147
22220,44.448891810737,1155
22221,44.450892210908506,1152
22222,44.45289261108,1140
22223,44.45489301125151,1137
22224,44.45689341142301,1149
22225,44.45889381159451,1159
22226,44.46089421176601,1157
22227,44.46289461193751,1147
22228,44.46489501210901,1135
22229,44.46689541228051,1124
22230,44.46889581245201,1124
22231,44.47089621262351,1138
22232,44.47289661279501,1153
22233,44.47489701296651,1154
22234,44.47689741313801,1140
22235,44.47889781330951,1125
22236,44.48089821348101,1126
22237,44.48289861365251,1139
22238,44.48489901382401,1150
22239,44.48689941399551,1149
22240,44.48889981416701,1140
22241,44.49090021433851,1129
22242,44.49290061451001,1116
22243,44.49490101468151,1102
22244,44.49690141485301,1096
22245,44.49890181502451,1100
22246,44.500902215196014,1101
22247,44.50290261536752,1096
22248,44.504903015539014,1093
22249,44.50690341571052,1090
22250,44.508903815882014,1083
22251,44.51090421605352,1079
22252,44.512904616225015,1087
22253,44.51490501639652,1098
22254,44.516905416568015,1095
22255,44.51890581673952,1078
22256,44.520906216911015,1063
22257,44.52290661708252,1059
22258,44.524907017254016,1058
22259,44.52690741742552,1054
22260,44.528907817597016,1050
22261,44.53090821776852,1052
22262,44.532908617940016,1059
22263,44.53490901811152,1066
22264,44.53690941828302,1069
22265,44.53890981845452,1073
22266,44.54091021862602,1077
22267,44.54291061879752,1079
22268,44.54491101896902,1073
22269,44.54691141914052,1066
22270,44.548911819312025,1067
22271,44.55091221948352,1078
22272,44.552912619655025,1089
22273,44.55491301982652,1086
22274,44.556913419998025,1075
22275,44.55891382016952,1074
22276,44.560914220341026,1089
22277,44.56291462051252,1104
22278,44.564915020684026,1108
22279,44.56691542085552,1104
22280,44.568915821027026,1097
22281,44.57091622119852,1094
22282,44.57291662137003,1099
22283,44.57491702154152,1107
22284,44.57691742171303,1109
22285,44.578917821884524,1105
22286,44.58091822205603,1108
22287,44.582918622227524,1119
22288,44.58491902239903,1123
22289,44.586919422570524,1118
22290,44.58891982274203,1110
22291,44.590920222913525,1101
22292,44.59292062308503,1093
22293,44.59492102325653,1086
22294,44.59692142342803,1088
22295,44.59892182359953,1099
22296,44.60092222377103,1114
22297,44.60292262394253,1121
22298,44.60492302411403,1123
22299,44.60692342428553,1122
22300,44.60892382445703,1120
22301,44.61092422462853,1119
22302,44.61292462480003,1126
22303,44.614925024971534,1139
22304,44.61692542514303,1150
22305,44.618925825314534,1148
22306,44.62092622548603,1133
22307,44.622926625657534,1123
22308,44.62492702582903,1132
22309,44.626927426000535,1151
22310,44.62892782617203,1163
22311,44.630928226343535,1159
22312,44.63292862651503,1148
22313,44.634929026686535,1138
22314,44.63692942685803,1136
22315,44.638929827029536,1140
22316,44.64093022720104,1142
22317,44.642930627372536,1139
22318,44.64493102754404,1138
22319,44.646931427715536,1143
22320,44.64893182788704,1156
22321,44.65093222805854,1171
22322,44.65293262823004,1181
22323,44.65493302840154,1182
22324,44.65693342857304,1180
22325,44.65893382874454,1178
22326,44.66093422891604,1172
22327,44.66293462908754,1164
22328,44.66493502925904,1158
22329,44.66693542943054,1153
22330,44.66893582960204,1144
22331,44.67093622977354,1137
22332,44.67293662994504,1140
22333,44.67493703011654,1152
22334,44.67693743028804,1154
22335,44.67893783045954,1141
22336,44.68093823063104,1131
22337,44.68293863080254,1147
22338,44.68493903097404,1181
22339,44.68693943114555,1206
22340,44.68893983131704,1203
22341,44.69094023148855,1185
22342,44.69294063166004,1176
22343,44.69494103183155,1186
22344,44.696941432003044,1202
22345,44.69894183217455,1205
22346,44.700942232346044,1189
22347,44.70294263251755,1165
22348,44.704943032689044,1148
22349,44.70694343286055,1145
22350,44.708943833032045,1151
22351,44.71094423320355,1151
22352,44.712944633375045,1141
22353,44.71494503354655,1131
22354,44.716945433718045,1136
22355,44.71894583388955,1150
22356,44.720946234061046,1156
22357,44.72294663423255,1147
22358,44.724947034404046,1136
22359,44.72694743457555,1136
22360,44.728947834747046,1145
22361,44.73094823491855,1149
22362,44.732948635090054,1141
22363,44.73494903526155,1127
22364,44.736949435433054,1124
22365,44.73894983560455,1133
22366,44.740950235776054,1144
22367,44.74295063594755,1146
22368,44.744951036119055,1136
22369,44.74695143629055,1123
22370,44.748951836462055,1121
22371,44.75095223663355,1136
22372,44.752952636805055,1156
22373,44.75495303697655,1164
22374,44.756953437148056,1151
22375,44.75895383731955,1133
22376,44.760954237491056,1133
22377,44.76295463766255,1146
22378,44.764955037834056,1151
22379,44.76695543800555,1143
22380,44.76895583817706,1134
22381,44.77095623834855,1134
22382,44.77295663852006,1138
22383,44.774957038691554,1136
22384,44.77695743886306,1127
22385,44.77895783903456,1121
22386,44.78095823920606,1126
22387,44.78295863937756,1133
22388,44.78495903954906,1134
22389,44.78695943972056,1132
22390,44.78895983989206,1133
22391,44.79096024006356,1132
22392,44.79296064023506,1124
22393,44.79496104040656,1116
22394,44.79696144057806,1116
22395,44.79896184074956,1122
22396,44.80096224092106,1125
22397,44.80296264109256,1126
22398,44.80496304126406,1130
22399,44.80696344143556,1132
22400,44.80896384160706,1128
22401,44.810964241778564,1120
22402,44.81296464195006,1119
22403,44.814965042121564,1134
22404,44.81696544229306,1159
22405,44.818965842464564,1175
22406,44.82096624263606,1169
22407,44.822966642807565,1149
22408,44.82496704297907,1135
22409,44.826967443150565,1134
22410,44.82896784332207,1141
22411,44.830968243493565,1141
22412,44.83296864366507,1136
22413,44.834969043836566,1135
22414,44.83696944400807,1135
22415,44.838969844179566,1131
22416,44.84097024435107,1126
22417,44.842970644522566,1125
22418,44.84497104469407,1129
22419,44.84697144486557,1134
22420,44.84897184503707,1134
22421,44.85097224520857,1129
22422,44.85297264538007,1130
22423,44.85497304555157,1140
22424,44.85697344572307,1151
22425,44.85897384589457,1152
22426,44.86097424606607,1139
22427,44.86297464623757,1124
22428,44.86497504640907,1119
22429,44.86697544658057,1126
22430,44.86897584675207,1139
22431,44.870976246923576,1146
22432,44.87297664709507,1142
22433,44.874977047266576,1129
22434,44.87697744743807,1113
22435,44.878977847609576,1103
22436,44.88097824778107,1101
22437,44.88297864795258,1105
22438,44.88497904812407,1109
22439,44.88697944829558,1107
22440,44.88897984846707,1103
22441,44.89098024863858,1102
22442,44.892980648810074,1104
22443,44.89498104898158,1112
22444,44.896981449153074,1123
22445,44.89898184932458,1129
22446,44.900982249496074,1133
22447,44.90298264966758,1139
22448,44.904983049839075,1148
22449,44.90698345001058,1156
22450,44.908983850182075,1165
22451,44.91098425035358,1168
22452,44.912984650525075,1163
22453,44.91498505069658,1156
22454,44.91698545086808,1157
22455,44.91898585103958,1162
22456,44.92098625121108,1164
22457,44.92298665138258,1161
22458,44.92498705155408,1155
22459,44.92698745172558,1151
22460,44.928987851897084,1148
22461,44.93098825206858,1142
22462,44.932988652240084,1133
22463,44.93498905241158,1124
22464,44.936989452583084,1119
22465,44.93898985275458,1125
22466,44.940990252926085,1135
22467,44.94299065309758,1139
22468,44.944991053269085,1141
22469,44.94699145344058,1150
22470,44.948991853612085,1161
22471,44.95099225378358,1166
22472,44.952992653955086,1158
22473,44.95499305412658,1144
22474,44.956993454298086,1135
22475,44.95899385446958,1141
22476,44.960994254641086,1156
22477,44.96299465481259,1166
22478,44.96499505498409,1160
22479,44.96699545515559,1141
22480,44.96899585532709,1130
22481,44.97099625549859,1132
22482,44.97299665567009,1138
22483,44.97499705584159,1138
22484,44.97699745601309,1134
22485,44.97899785618459,1136
22486,44.98099825635609,1143
22487,44.98299865652759,1152
22488,44.98499905669909,1157
22489,44.98699945687059,1157
22490,44.98899985704209,1151
22491,44.99100025721359,1149
22492,44.99300065738509,1158
22493,44.99500105755659,1167
22494,44.99700145772809,1169
22495,44.99900185789959,1165
22496,45.00100225807109,1161
22497,45.00300265824259,1155
22498,45.00500305841409,1145
22499,45.007003458585594,1132
22500,45.0090038587571,1122
22501,45.011004258928594,1125
22502,45.0130046591001,1134
22503,45.015005059271594,1139
22504,45.0170054594431,1139
22505,45.019005859614595,1138
22506,45.0210062597861,1135
22507,45.023006659957595,1135
22508,45.0250070601291,1143
22509,45.027007460300595,1159
22510,45.0290078604721,1170
22511,45.031008260643596,1170
22512,45.0330086608151,1162
22513,45.035009060986596,1154
22514,45.0370094611581,1143
22515,45.039009861329596,1132
22516,45.0410102615011,1127
22517,45.0430106616726,1128
22518,45.0450110618441,1129
22519,45.0470114620156,1126
22520,45.0490118621871,1122
22521,45.0510122623586,1121
22522,45.0530126625301,1125
22523,45.055013062701605,1130
22524,45.0570134628731,1135
22525,45.059013863044605,1142
22526,45.0610142632161,1154
22527,45.063014663387605,1161
22528,45.0650150635591,1155
22529,45.067015463730606,1138
22530,45.0690158639021,1124
22531,45.071016264073606,1121
22532,45.0730166642451,1124
22533,45.075017064416606,1131
22534,45.0770174645881,1142
22535,45.07901786475961,1153
22536,45.0810182649311,1151
22537,45.08301866510261,1135
22538,45.0850190652741,1121
22539,45.08701946544561,1123
22540,45.089019865617104,1136
22541,45.09102026578861,1146
22542,45.093020665960104,1145
22543,45.09502106613161,1141
22544,45.097021466303104,1141
22545,45.09902186647461,1146
22546,45.10102226664611,1154
22547,45.10302266681761,1166
22548,45.10502306698911,1175
22549,45.10702346716061,1176
22550,45.10902386733211,1168
22551,45.11102426750361,1159
22552,45.11302466767511,1149
22553,45.11502506784661,1140
22554,45.11702546801811,1129
22555,45.11902586818961,1115
22556,45.12102626836111,1108
22557,45.12302666853261,1114
22558,45.125027068704114,1127
22559,45.12702746887561,1131
22560,45.129027869047114,1127
22561,45.13102826921861,1128
22562,45.133028669390114,1135
22563,45.13502906956161,1141
22564,45.137029469733115,1140
22565,45.13902986990461,1135
22566,45.141030270076115,1130
22567,45.14303067024761,1130
22568,45.145031070419115,1136
22569,45.14703147059062,1139
22570,45.149031870762116,1140
22571,45.15103227093362,1142
22572,45.153032671105116,1152
22573,45.15503307127662,1162
22574,45.157033471448116,1162
22575,45.15903387161962,1156
22576,45.16103427179112,1155
22577,45.16303467196262,1163
22578,45.16503507213412,1174
22579,45.16703547230562,1177
22580,45.16903587247712,1172
22581,45.17103627264862,1168
22582,45.17303667282012,1174
22583,45.17503707299162,1184
22584,45.17703747316312,1191
22585,45.17903787333462,1191
22586,45.18103827350612,1186
22587,45.18303867367762,1180
22588,45.18503907384912,1171
22589,45.18703947402062,1163
22590,45.18903987419212,1160
22591,45.19104027436362,1163
22592,45.193040674535126,1168
22593,45.19504107470662,1170
22594,45.19704147487813,1172
22595,45.19904187504962,1173
22596,45.20104227522113,1172
22597,45.20304267539262,1167
22598,45.20504307556413,1163
22599,45.207043475735624,1162
22600,45.20904387590713,1163
22601,45.211044276078624,1163
22602,45.21304467625013,1158
22603,45.215045076421625,1152
22604,45.21704547659313,1149
22605,45.219045876764625,1150
22606,45.22104627693613,1151
22607,45.223046677107625,1153
22608,45.22504707727913,1157
22609,45.227047477450625,1150
22610,45.22904787762213,1132
22611,45.231048277793626,1121
22612,45.23304867796513,1125
22613,45.235049078136626,1133
22614,45.23704947830813,1132
22615,45.23904987847963,1125
22616,45.24105027865113,1120
22617,45.243050678822634,1117
22618,45.24505107899413,1118
22619,45.247051479165634,1125
22620,45.24905187933713,1139
22621,45.251052279508635,1151
22622,45.25305267968013,1152
22623,45.255053079851635,1144
22624,45.25705348002313,1131
22625,45.259053880194635,1122
22626,45.26105428036613,1117
22627,45.263054680537635,1114
22628,45.26505508070913,1111
22629,45.267055480880636,1118
22630,45.26905588105213,1138
22631,45.271056281223636,1159
22632,45.27305668139513,1161
22633,45.275057081566636,1147
22634,45.27705748173813,1134
22635,45.27905788190964,1136
22636,45.28105828208113,1144
22637,45.28305868225264,1145
22638,45.28505908242414,1141
22639,45.28705948259564,1145
22640,45.28905988276714,1157
22641,45.29106028293864,1164
22642,45.29306068311014,1158
22643,45.29506108328164,1150
22644,45.29706148345314,1150
22645,45.29906188362464,1157
22646,45.30106228379614,1164
22647,45.30306268396764,1165
22648,45.30506308413914,1154
22649,45.30706348431064,1135
22650,45.30906388448214,1120
22651,45.31106428465364,1115
22652,45.31306468482514,1117
22653,45.31506508499664,1121
22654,45.31706548516814,1130
22655,45.31906588533964,1141
22656,45.321066285511144,1151
22657,45.32306668568264,1156
22658,45.325067085854144,1158
22659,45.32706748602564,1152
22660,45.329067886197144,1140
22661,45.33106828636865,1130
22662,45.333068686540145,1125
22663,45.33506908671165,1125
22664,45.337069486883145,1130
22665,45.33906988705465,1129
22666,45.341070287226145,1115
22667,45.34307068739765,1100
22668,45.345071087569146,1097
22669,45.34707148774065,1108
22670,45.349071887912146,1122
22671,45.35107228808365,1130
22672,45.353072688255146,1130
22673,45.35507308842665,1127
22674,45.35707348859815,1128
22675,45.35907388876965,1134
22676,45.36107428894115,1138
22677,45.36307468911265,1135
22678,45.36507508928415,1133
22679,45.36707548945565,1136
22680,45.36907588962715,1142
22681,45.37107628979865,1144
22682,45.37307668997015,1139
22683,45.37507709014165,1136
22684,45.377077490313155,1141
22685,45.37907789048465,1148
22686,45.381078290656156,1144
22687,45.38307869082765,1130
22688,45.385079090999156,1129
22689,45.38707949117065,1144
22690,45.389079891342156,1148
22691,45.39108029151365,1131
22692,45.39308069168516,1115
22693,45.39508109185665,1116
22694,45.39708149202816,1125
22695,45.39908189219965,1126
22696,45.40108229237116,1118
22697,45.403082692542654,1114
22698,45.40508309271416,1125
22699,45.407083492885654,1138
22700,45.40908389305716,1138
22701,45.411084293228654,1125
22702,45.41308469340016,1112
22703,45.415085093571655,1103
22704,45.41708549374316,1098
22705,45.419085893914655,1100
22706,45.42108629408616,1108
22707,45.42308669425766,1116
22708,45.42508709442916,1120
22709,45.42708749460066,1118
22710,45.42908789477216,1112
22711,45.43108829494366,1110
22712,45.43308869511516,1112
22713,45.43508909528666,1117
22714,45.43708949545816,1130
22715,45.439089895629664,1144
22716,45.44109029580116,1148
22717,45.443090695972664,1138
22718,45.44509109614416,1126
22719,45.447091496315664,1117
22720,45.44909189648716,1115
22721,45.451092296658665,1118
22722,45.45309269683016,1127
22723,45.455093097001665,1138
22724,45.45709349717316,1141
22725,45.459093897344665,1136
22726,45.46109429751616,1135
22727,45.463094697687666,1142
22728,45.46509509785916,1150
22729,45.467095498030666,1153
22730,45.46909589820217,1156
22731,45.471096298373666,1166
22732,45.47309669854517,1175
22733,45.47509709871667,1174
22734,45.47709749888817,1168
22735,45.47909789905967,1167
22736,45.48109829923117,1168
22737,45.48309869940267,1159
22738,45.48509909957417,1142
22739,45.48709949974567,1132
22740,45.48909989991717,1139
22741,45.49110030008867,1152
22742,45.49310070026017,1156
22743,45.49510110043167,1150
22744,45.49710150060317,1145
22745,45.49910190077467,1146
22746,45.50110230094617,1155
22747,45.50310270111767,1164
22748,45.50510310128917,1171
22749,45.50710350146067,1172
22750,45.50910390163217,1167
22751,45.51110430180367,1159
22752,45.51310470197517,1153
22753,45.51510510214668,1148
22754,45.517105502318174,1143
22755,45.51910590248968,1143
22756,45.521106302661174,1148
22757,45.52310670283268,1151
22758,45.525107103004174,1148
22759,45.52710750317568,1149
22760,45.529107903347175,1158
22761,45.53110830351868,1169
22762,45.533108703690175,1174
22763,45.53510910386168,1172
22764,45.537109504033175,1163
22765,45.53910990420468,1147
22766,45.541110304376176,1130
22767,45.54311070454768,1123
22768,45.545111104719176,1129
22769,45.54711150489068,1136
22770,45.549111905062176,1131
22771,45.55111230523368,1115
22772,45.55311270540518,1101
22773,45.55511310557668,1097
22774,45.55711350574818,1098
22775,45.55911390591968,1100
22776,45.561114306091184,1099
22777,45.56311470626268,1100
22778,45.565115106434185,1111
22779,45.56711550660568,1127
22780,45.569115906777185,1139
22781,45.57111630694868,1139
22782,45.573116707120185,1134
22783,45.57511710729168,1133
22784,45.577117507463186,1135
22785,45.57911790763468,1133
22786,45.581118307806186,1127
22787,45.58311870797768,1129
22788,45.585119108149186,1137
22789,45.58711950832068,1141
22790,45.58911990849219,1138
22791,45.59112030866368,1136
22792,45.59312070883519,1142
22793,45.59512110900668,1149
22794,45.59712150917819,1147
22795,45.599121909349684,1139
22796,45.60112230952119,1139
22797,45.603122709692684,1150
22798,45.60512310986419,1158
22799,45.60712351003569,1149
22800,45.60912391020719,1131
22801,45.61112431037869,1125
22802,45.61312471055019,1137
22803,45.61512511072169,1147
22804,45.61712551089319,1144
22805,45.61912591106469,1138
22806,45.62112631123619,1137
22807,45.62312671140769,1133
22808,45.62512711157919,1117
22809,45.62712751175069,1104
22810,45.62912791192219,1108
22811,45.63112831209369,1121
22812,45.63312871226519,1126
22813,45.635129112436694,1123
22814,45.63712951260819,1123
22815,45.639129912779694,1127
22816,45.64113031295119,1126
22817,45.643130713122694,1119
22818,45.64513111329419,1114
22819,45.647131513465695,1122
22820,45.64913191363719,1136
22821,45.651132313808695,1138
22822,45.6531327139802,1130
22823,45.655133114151695,1128
22824,45.6571335143232,1143
22825,45.659133914494696,1167
22826,45.6611343146662,1177
22827,45.663134714837696,1166
22828,45.6651351150092,1150
22829,45.667135515180696,1141
22830,45.6691359153522,1137
22831,45.6711363155237,1132
22832,45.6731367156952,1127
22833,45.6751371158667,1132
22834,45.6771375160382,1142
22835,45.6791379162097,1141
22836,45.6811383163812,1124
22837,45.6831387165527,1112
22838,45.6851391167242,1117
22839,45.6871395168957,1132
22840,45.6891399170672,1139
22841,45.6911403172387,1133
22842,45.6931407174102,1123
22843,45.6951411175817,1120
22844,45.6971415177532,1122
22845,45.699141917924706,1119
22846,45.7011423180962,1115
22847,45.703142718267706,1121
22848,45.7051431184392,1137
22849,45.70714351861071,1149
22850,45.7091439187822,1146
22851,45.71114431895371,1130
22852,45.713144719125204,1114
22853,45.71514511929671,1107
22854,45.717145519468204,1108
22855,45.71914591963971,1109
22856,45.721146319811204,1109
22857,45.72314671998271,1106
22858,45.725147120154205,1099
22859,45.72714752032571,1093
22860,45.729147920497205,1098
22861,45.73114832066871,1114
22862,45.733148720840205,1127
22863,45.73514912101171,1128
22864,45.737149521183206,1123
22865,45.73914992135471,1119
22866,45.741150321526206,1122
22867,45.74315072169771,1127
22868,45.74515112186921,1130
22869,45.74715152204071,1129
22870,45.749151922212214,1126
22871,45.75115232238371,1121
22872,45.753152722555214,1114
22873,45.75515312272671,1110
22874,45.757153522898214,1111
22875,45.75915392306971,1117
22876,45.761154323241215,1122
22877,45.76315472341271,1123
22878,45.765155123584215,1122
22879,45.76715552375571,1121
22880,45.769155923927215,1121
22881,45.77115632409871,1124
22882,45.773156724270216,1131
22883,45.77515712444171,1133
22884,45.777157524613216,1128
22885,45.77915792478471,1118
22886,45.781158324956216,1113
22887,45.78315872512771,1121
22888,45.78515912529922,1132
22889,45.78715952547072,1128
22890,45.78915992564222,1112
22891,45.79116032581372,1105
22892,45.79316072598522,1109
22893,45.79516112615672,1108
22894,45.79716152632822,1103
22895,45.79916192649972,1104
22896,45.80116232667122,1108
22897,45.80316272684272,1104
22898,45.80516312701422,1089
22899,45.80716352718572,1073
22900,45.80916392735722,1070
22901,45.81116432752872,1080
22902,45.81316472770022,1090
22903,45.81516512787172,1088
22904,45.81716552804322,1079
22905,45.81916592821472,1073
22906,45.82116632838622,1076
22907,45.82316672855772,1084
22908,45.82516712872922,1090
22909,45.82716752890072,1093
22910,45.82916792907222,1101
22911,45.831168329243724,1113
22912,45.83316872941523,1124
22913,45.835169129586724,1128
22914,45.83716952975823,1124
22915,45.839169929929724,1116
22916,45.84117033010123,1108
22917,45.843170730272725,1106
22918,45.84517113044423,1110
22919,45.847171530615725,1113
22920,45.84917193078723,1111
22921,45.851172330958725,1107
22922,45.85317273113023,1105
22923,45.855173131301726,1104
22924,45.85717353147323,1102
22925,45.859173931644726,1100
22926,45.86117433181623,1097
22927,45.863174731987726,1094
22928,45.86517513215923,1095
22929,45.86717553233073,1101
22930,45.86917593250223,1105
22931,45.87117633267373,1104
22932,45.87317673284523,1104
22933,45.87517713301673,1111
22934,45.87717753318823,1125
22935,45.879177933359735,1135
22936,45.88117833353123,1138
22937,45.883178733702735,1138
22938,45.88517913387423,1139
22939,45.887179534045735,1139
22940,45.88917993421723,1133
22941,45.891180334388736,1121
22942,45.89318073456023,1110
22943,45.895181134731736,1104
22944,45.89718153490323,1103
22945,45.899181935074736,1103
22946,45.90118233524623,1104
22947,45.90318273541774,1106
22948,45.90518313558923,1107
22949,45.90718353576074,1105
22950,45.909183935932234,1101
22951,45.91118433610374,1101
22952,45.913184736275234,1111
22953,45.91518513644674,1128
22954,45.917185536618234,1143
22955,45.91918593678974,1142
22956,45.921186336961235,1131
22957,45.92318673713274,1128
22958,45.92518713730424,1138
22959,45.92718753747574,1151
22960,45.92918793764724,1155
22961,45.93118833781874,1151
22962,45.93318873799024,1143
22963,45.93518913816174,1137
22964,45.93718953833324,1140
22965,45.93918993850474,1151
22966,45.94119033867624,1162
22967,45.94319073884774,1159
22968,45.945191139019244,1144
22969,45.94719153919074,1135
22970,45.949191939362244,1140
22971,45.95119233953374,1150
22972,45.953192739705244,1153
22973,45.95519313987674,1154
22974,45.957193540048245,1161
22975,45.95919394021974,1170
22976,45.961194340391245,1171
22977,45.96319474056274,1160
22978,45.965195140734245,1150
22979,45.96719554090574,1151
22980,45.969195941077245,1155
22981,45.97119634124875,1153
22982,45.973196741420246,1146
22983,45.97519714159175,1142
22984,45.977197541763246,1145
22985,45.97919794193475,1155
22986,45.98119834210625,1164
22987,45.98319874227775,1164
22988,45.98519914244925,1161
22989,45.98719954262075,1169
22990,45.98919994279225,1183
22991,45.99120034296375,1189
22992,45.99320074313525,1180
22993,45.99520114330675,1158
22994,45.99720154347825,1138
22995,45.99920194364975,1132
22996,46.00120234382125,1137
22997,46.00320274399275,1141
22998,46.00520314416425,1139
22999,46.00720354433575,1140
23000,46.00920394450725,1151
23001,46.01120434467875,1164
23002,46.01320474485025,1163
23003,46.01520514502175,1151
23004,46.01720554519326,1145
23005,46.01920594536475,1151
23006,46.02120634553626,1161
23007,46.02320674570775,1160
23008,46.02520714587926,1147
23009,46.027207546050754,1132
23010,46.02920794622226,1123
23011,46.031208346393754,1119
23012,46.03320874656526,1117
23013,46.035209146736754,1116
23014,46.03720954690826,1120
23015,46.039209947079755,1130
23016,46.04121034725126,1134
23017,46.043210747422755,1128
23018,46.04521114759426,1119
23019,46.047211547765755,1116
23020,46.04921194793726,1115
23021,46.051212348108756,1111
23022,46.05321274828026,1107
23023,46.055213148451756,1115
23024,46.05721354862326,1131
23025,46.059213948794756,1142
23026,46.06121434896626,1145
23027,46.063214749137764,1143
23028,46.06521514930926,1139
23029,46.067215549480764,1136
23030,46.06921594965226,1140
23031,46.071216349823764,1149
23032,46.07321674999526,1159
23033,46.075217150166765,1161
23034,46.07721755033826,1157
23035,46.079217950509765,1161
23036,46.08121835068126,1176
23037,46.083218750852765,1195
23038,46.08521915102426,1204
23039,46.087219551195766,1206
23040,46.08921995136726,1210
23041,46.091220351538766,1216
23042,46.09322075171026,1216
23043,46.095221151881766,1207
23044,46.09722155205326,1189
23045,46.09922195222477,1166
23046,46.10122235239626,1147
23047,46.10322275256777,1140
23048,46.10522315273926,1146
23049,46.10722355291077,1157
23050,46.10922395308227,1164
23051,46.11122435325377,1166
23052,46.11322475342527,1164
23053,46.11522515359677,1163
23054,46.11722555376827,1163
23055,46.11922595393977,1167
23056,46.12122635411127,1175
23057,46.12322675428277,1181
23058,46.12522715445427,1175
23059,46.12722755462577,1161
23060,46.12922795479727,1156
23061,46.13122835496877,1162
23062,46.13322875514027,1159
23063,46.13522915531177,1140
23064,46.13722955548327,1125
23065,46.13922995565477,1131
23066,46.14123035582627,1145
23067,46.14323075599777,1146
23068,46.145231156169274,1136
23069,46.14723155634077,1130
23070,46.149231956512274,1134
23071,46.15123235668377,1142
23072,46.153232756855274,1147
23073,46.15523315702678,1151
23074,46.157233557198275,1156
23075,46.15923395736978,1160
23076,46.161234357541275,1161
23077,46.16323475771278,1159
23078,46.165235157884275,1155
23079,46.16723555805578,1148
23080,46.169235958227276,1137
23081,46.17123635839878,1129
23082,46.173236758570276,1127
23083,46.17523715874178,1129
23084,46.177237558913276,1129
23085,46.17923795908478,1125
23086,46.18123835925628,1122
23087,46.18323875942778,1121
23088,46.18523915959928,1126
23089,46.18723955977078,1131
23090,46.18923995994228,1131
23091,46.19124036011378,1129
23092,46.19324076028528,1128
23093,46.19524116045678,1124
23094,46.19724156062828,1117
23095,46.19924196079978,1115
23096,46.201242360971285,1120
23097,46.20324276114278,1127
23098,46.205243161314286,1134
23099,46.20724356148578,1137
23100,46.209243961657286,1132
23101,46.21124436182878,1122
23102,46.213244762000286,1119
23103,46.21524516217178,1123
23104,46.21724556234329,1129
23105,46.21924596251478,1134
23106,46.22124636268629,1135
23107,46.223246762857784,1130
23108,46.22524716302929,1117
23109,46.227247563200784,1106
23110,46.22924796337229,1106
23111,46.231248363543784,1120
23112,46.23324876371529,1136
23113,46.235249163886785,1138
23114,46.23724956405829,1129
23115,46.239249964229785,1121
23116,46.24125036440129,1120
23117,46.243250764572785,1123
23118,46.24525116474429,1125
23119,46.24725156491579,1123
23120,46.24925196508729,1123
23121,46.25125236525879,1128
23122,46.25325276543029,1133
23123,46.25525316560179,1132
23124,46.25725356577329,1125
23125,46.259253965944794,1119
23126,46.26125436611629,1121
23127,46.263254766287794,1125
23128,46.26525516645929,1126
23129,46.267255566630794,1126
23130,46.26925596680229,1132
23131,46.271256366973795,1138
23132,46.27325676714529,1137
23133,46.275257167316795,1133
23134,46.27725756748829,1127
23135,46.279257967659795,1124
23136,46.28125836783129,1131
23137,46.283258768002796,1147
23138,46.28525916817429,1154
23139,46.287259568345796,1144
23140,46.28925996851729,1127
23141,46.291260368688796,1120
23142,46.2932607688603,1125
23143,46.2952611690318,1132
23144,46.2972615692033,1137
23145,46.2992619693748,1141
23146,46.3012623695463,1142
23147,46.3032627697178,1143
23148,46.3052631698893,1144
23149,46.3072635700608,1143
23150,46.3092639702323,1136
23151,46.3112643704038,1129
23152,46.3132647705753,1128
23153,46.3152651707468,1129
23154,46.3172655709183,1125
23155,46.3192659710898,1114
23156,46.3212663712613,1108
23157,46.3232667714328,1109
23158,46.3252671716043,1113
23159,46.3272675717758,1116
23160,46.3292679719473,1126
23161,46.3312683721188,1143
23162,46.3332687722903,1160
23163,46.3352691724618,1167
23164,46.3372695726333,1164
23165,46.33926997280481,1154
23166,46.341270372976304,1141
23167,46.34327077314781,1132
23168,46.345271173319304,1127
23169,46.34727157349081,1119
23170,46.349271973662304,1110
23171,46.35127237383381,1105
23172,46.353272774005305,1106
23173,46.35527317417681,1115
23174,46.357273574348305,1133
23175,46.35927397451981,1150
23176,46.361274374691305,1154
23177,46.36327477486281,1148
23178,46.365275175034306,1144
23179,46.36727557520581,1144
23180,46.369275975377306,1150
23181,46.37127637554881,1164
23182,46.373276775720306,1179
23183,46.37527717589181,1184
23184,46.37727757606331,1175
23185,46.37927797623481,1160
23186,46.38127837640631,1151
23187,46.38327877657781,1155
23188,46.385279176749314,1171
23189,46.38727957692081,1185
23190,46.389279977092315,1185
23191,46.39128037726381,1172
23192,46.393280777435315,1162
23193,46.39528117760681,1157
23194,46.397281577778315,1150
23195,46.39928197794981,1141
23196,46.401282378121316,1135
23197,46.40328277829281,1134
23198,46.405283178464316,1136
23199,46.40728357863581,1138
23200,46.409283978807316,1137
23201,46.41128437897881,1136
23202,46.41328477915032,1132
23203,46.41528517932181,1122
23204,46.41728557949332,1110
23205,46.419285979664814,1111
23206,46.42128637983632,1131
23207,46.423286780007814,1155
23208,46.42528718017932,1161
23209,46.427287580350814,1149
23210,46.42928798052232,1134
23211,46.43128838069382,1130
23212,46.43328878086532,1140
23213,46.43528918103682,1162
23214,46.43728958120832,1181
23215,46.43928998137982,1183
23216,46.44129038155132,1172
23217,46.44329078172282,1158
23218,46.44529118189432,1152
23219,46.44729158206582,1151
23220,46.44929198223732,1146
23221,46.45129238240882,1137
23222,46.45329278258032,1130
23223,46.455293182751824,1131
23224,46.45729358292332,1135
23225,46.459293983094824,1139
23226,46.46129438326632,1139
23227,46.463294783437824,1140
23228,46.46529518360932,1147
23229,46.467295583780825,1160
23230,46.46929598395232,1173
23231,46.471296384123825,1168
23232,46.47329678429532,1146
23233,46.475297184466825,1128
23234,46.47729758463833,1131
23235,46.479297984809826,1146
23236,46.48129838498133,1160
23237,46.483298785152826,1166
23238,46.48529918532433,1158
23239,46.487299585495826,1138
23240,46.48929998566733,1124
23241,46.49130038583883,1132
23242,46.49330078601033,1153
23243,46.49530118618183,1169
23244,46.49730158635333,1171
23245,46.49930198652483,1163
23246,46.50130238669633,1149
23247,46.50330278686783,1135
23248,46.50530318703933,1135
23249,46.50730358721083,1152
23250,46.50930398738233,1164
23251,46.51130438755383,1155
23252,46.51330478772533,1135
23253,46.51530518789683,1130
23254,46.51730558806833,1146
23255,46.51930598823983,1166
23256,46.52130638841133,1180
23257,46.523306788582836,1183
23258,46.52530718875433,1178
23259,46.52730758892584,1172
23260,46.52930798909733,1174
23261,46.53130838926884,1183
23262,46.53330878944033,1190
23263,46.53530918961184,1189
23264,46.537309589783334,1177
23265,46.53930998995484,1161
23266,46.541310390126334,1148
23267,46.54331079029784,1145
23268,46.545311190469334,1155
23269,46.54731159064084,1165
23270,46.549311990812335,1167
23271,46.55131239098384,1163
23272,46.553312791155335,1162
23273,46.55531319132684,1166
23274,46.557313591498335,1163
23275,46.55931399166984,1148
23276,46.561314391841336,1134
23277,46.56331479201284,1128
23278,46.565315192184336,1126
23279,46.56731559235584,1127
23280,46.56931599252734,1130
23281,46.57131639269884,1134
23282,46.573316792870344,1135
23283,46.57531719304184,1137
23284,46.577317593213344,1142
23285,46.57931799338484,1152
23286,46.581318393556344,1162
23287,46.58331879372784,1169
23288,46.585319193899345,1174
23289,46.58731959407084,1179
23290,46.589319994242345,1185
23291,46.59132039441384,1188
23292,46.593320794585345,1184
23293,46.59532119475684,1174
23294,46.597321594928346,1167
23295,46.59932199509984,1169
23296,46.601322395271346,1174
23297,46.60332279544284,1172
23298,46.605323195614346,1161
23299,46.60732359578584,1147
23300,46.60932399595735,1136
23301,46.61132439612884,1135
23302,46.61332479630035,1147
23303,46.61532519647185,1160
23304,46.61732559664335,1158
23305,46.61932599681485,1146
23306,46.62132639698635,1139
23307,46.62332679715785,1146
23308,46.62532719732935,1159
23309,46.62732759750085,1165
23310,46.62932799767235,1159
23311,46.63132839784385,1149
23312,46.63332879801535,1150
23313,46.63532919818685,1160
23314,46.63732959835835,1164
23315,46.63932999852985,1157
23316,46.64133039870135,1143
23317,46.64333079887285,1132
23318,46.64533119904435,1130
23319,46.64733159921585,1136
23320,46.64933199938735,1144
23321,46.651332399558854,1149
23322,46.65333279973035,1150
23323,46.655333199901854,1153
23324,46.65733360007335,1158
23325,46.659334000244854,1157
23326,46.66133440041636,1148
23327,46.663334800587855,1142
23328,46.66533520075936,1150
23329,46.667335600930855,1167
23330,46.66933600110236,1171
23331,46.671336401273855,1148
23332,46.67333680144536,1118
23333,46.675337201616856,1105
23334,46.67733760178836,1114
23335,46.679338001959856,1132
23336,46.68133840213136,1152
23337,46.683338802302856,1165
23338,46.68533920247436,1168
23339,46.68733960264586,1158
23340,46.68934000281736,1143
23341,46.69134040298886,1134
23342,46.69334080316036,1136
23343,46.69534120333186,1147
23344,46.69734160350336,1152
23345,46.69934200367486,1140
23346,46.70134240384636,1118
23347,46.70334280401786,1110
23348,46.70534320418936,1120
23349,46.707343604360865,1131
23350,46.70934400453236,1134
23351,46.711344404703866,1131
23352,46.71334480487536,1131
23353,46.715345205046866,1138
23354,46.71734560521836,1149
23355,46.719346005389866,1156
23356,46.72134640556136,1150
23357,46.72334680573287,1137
23358,46.72534720590436,1128
23359,46.72734760607587,1134
23360,46.72934800624736,1145
23361,46.73134840641887,1144
23362,46.733348806590364,1127
23363,46.73534920676187,1108
23364,46.737349606933364,1100
23365,46.73935000710487,1103
23366,46.741350407276364,1106
23367,46.74335080744787,1104
23368,46.745351207619365,1100
23369,46.74735160779087,1099
23370,46.749352007962365,1100
23371,46.75135240813387,1096
23372,46.75335280830537,1091
23373,46.75535320847687,1093
23374,46.75735360864837,1102
23375,46.75935400881987,1111
23376,46.76135440899137,1118
23377,46.76335480916287,1123
23378,46.76535520933437,1122
23379,46.76735560950587,1116
23380,46.769356009677374,1118
23381,46.77135640984887,1136
23382,46.773356810020374,1157
23383,46.77535721019187,1163
23384,46.777357610363374,1154
23385,46.77935801053487,1145
23386,46.781358410706375,1143
23387,46.78335881087787,1142
23388,46.785359211049375,1134
23389,46.78735961122087,1125
23390,46.789360011392375,1122
23391,46.79136041156387,1126
23392,46.793360811735376,1129
23393,46.79536121190687,1127
23394,46.797361612078376,1125
23395,46.79936201224988,1122
23396,46.801362412421376,1117
23397,46.80336281259288,1111
23398,46.80536321276438,1111
23399,46.80736361293588,1116
23400,46.80936401310738,1119
23401,46.81136441327888,1117
23402,46.81336481345038,1113
23403,46.81536521362188,1114
23404,46.81736561379338,1120
23405,46.81936601396488,1126
23406,46.82136641413638,1127
23407,46.82336681430788,1126
23408,46.82536721447938,1128
23409,46.82736761465088,1130
23410,46.82936801482238,1126
23411,46.83136841499388,1118
23412,46.83336881516538,1117
23413,46.83536921533688,1127
23414,46.83736961550838,1138
23415,46.83937001567988,1137
23416,46.84137041585138,1127
23417,46.84337081602288,1121
23418,46.84537121619439,1126
23419,46.84737161636588,1134
23420,46.84937201653739,1139
23421,46.851372416708884,1141
23422,46.85337281688039,1142
23423,46.855373217051884,1143
23424,46.85737361722339,1145
23425,46.859374017394885,1148
23426,46.86137441756639,1153
23427,46.863374817737885,1159
23428,46.86537521790939,1162
23429,46.867375618080885,1160
23430,46.86937601825239,1153
23431,46.871376418423885,1141
23432,46.87337681859539,1130
23433,46.875377218766886,1128
23434,46.87737761893839,1135
23435,46.879378019109886,1147
23436,46.88137841928139,1155
23437,46.883378819452886,1152
23438,46.88537921962439,1147
23439,46.88737961979589,1152
23440,46.88938001996739,1160
23441,46.891380420138894,1158
23442,46.89338082031039,1148
23443,46.895381220481895,1144
23444,46.89738162065339,1147
23445,46.899382020824895,1150
23446,46.90138242099639,1154
23447,46.903382821167895,1165
23448,46.90538322133939,1177
23449,46.907383621510895,1177
23450,46.90938402168239,1166
23451,46.911384421853896,1164
23452,46.91338482202539,1175
23453,46.915385222196896,1183
23454,46.91738562236839,1174
23455,46.919386022539896,1159
23456,46.92138642271139,1154
23457,46.9233868228829,1166
23458,46.92538722305439,1178
23459,46.9273876232259,1177
23460,46.929388023397394,1167
23461,46.9313884235689,1161
23462,46.933388823740394,1163
23463,46.9353892239119,1165
23464,46.9373896240834,1165
23465,46.9393900242549,1162
23466,46.9413904244264,1161
23467,46.9433908245979,1167
23468,46.9453912247694,1177
23469,46.9473916249409,1180
23470,46.9493920251124,1173
23471,46.9513924252839,1166
23472,46.9533928254554,1161
23473,46.9553932256269,1153
23474,46.9573936257984,1143
23475,46.9593940259699,1130
23476,46.9613944261414,1114
23477,46.9633948263129,1102
23478,46.965395226484404,1103
23479,46.9673956266559,1112
23480,46.969396026827404,1117
23481,46.9713964269989,1117
23482,46.973396827170404,1123
23483,46.9753972273419,1141
23484,46.977397627513405,1159
23485,46.9793980276849,1162
23486,46.981398427856405,1153
23487,46.98339882802791,1148
23488,46.985399228199405,1147
23489,46.98739962837091,1145
23490,46.989400028542406,1140
23491,46.99140042871391,1131
23492,46.993400828885406,1121
23493,46.99540122905691,1114
23494,46.997401629228406,1118
23495,46.99940202939991,1131
23496,47.00140242957141,1144
23497,47.00340282974291,1149
23498,47.00540322991441,1146
23499,47.00740363008591,1144
23500,47.00940403025741,1147
23501,47.01140443042891,1152
23502,47.01340483060041,1156
23503,47.01540523077191,1152
23504,47.01740563094341,1143
23505,47.01940603111491,1134
23506,47.02140643128641,1125
23507,47.02340683145791,1117
23508,47.02540723162941,1119
23509,47.02740763180091,1132
23510,47.029408031972416,1143
23511,47.03140843214391,1145
23512,47.033408832315416,1141
23513,47.03540923248691,1135
23514,47.03740963265842,1135
23515,47.03941003282991,1142
23516,47.04141043300142,1149
23517,47.04341083317291,1145
23518,47.04541123334442,1133
23519,47.047411633515914,1118
23520,47.04941203368742,1110
23521,47.051412433858914,1115
23522,47.05341283403042,1125
23523,47.055413234201914,1135
23524,47.05741363437342,1144
23525,47.059414034544915,1145
23526,47.06141443471642,1135
23527,47.063414834887915,1120
23528,47.06541523505942,1112
23529,47.067415635230915,1116
23530,47.06941603540242,1124
23531,47.071416435573916,1120
23532,47.07341683574542,1103
23533,47.07541723591692,1084
23534,47.07741763608842,1075
23535,47.07941803625992,1079
23536,47.08141843643142,1089
23537,47.083418836602924,1098
23538,47.08541923677442,1102
23539,47.087419636945924,1104
23540,47.08942003711742,1110
23541,47.091420437288924,1120
23542,47.09342083746042,1125
23543,47.095421237631925,1120
23544,47.09742163780342,1118
23545,47.099422037974925,1122
23546,47.10142243814642,1118
23547,47.103422838317925,1103
23548,47.10542323848942,1090
23549,47.107423638660926,1090
23550,47.10942403883242,1099
23551,47.111424439003926,1107
23552,47.11342483917542,1109
23553,47.115425239346926,1113
23554,47.11742563951842,1124
23555,47.11942603968993,1130
23556,47.12142643986143,1125
23557,47.12342684003293,1117
23558,47.12542724020443,1127
23559,47.12742764037593,1156
23560,47.12942804054743,1178
23561,47.13142844071893,1174
23562,47.13342884089043,1147
23563,47.13542924106193,1126
23564,47.13742964123343,1128
23565,47.13943004140493,1147
23566,47.14143044157643,1166
23567,47.14343084174793,1173
23568,47.14543124191943,1166
23569,47.14743164209093,1155
23570,47.14943204226243,1150
23571,47.15143244243393,1149
23572,47.15343284260543,1145
23573,47.15543324277693,1136
23574,47.15743364294843,1129
23575,47.15943404311993,1121
23576,47.161434443291434,1112
23577,47.16343484346293,1112
23578,47.165435243634434,1123
23579,47.16743564380594,1130
23580,47.169436043977434,1123
23581,47.17143644414894,1112
23582,47.173436844320435,1109
23583,47.17543724449194,1111
23584,47.177437644663435,1114
23585,47.17943804483494,1115
23586,47.181438445006435,1112
23587,47.18343884517794,1108
23588,47.185439245349436,1106
23589,47.18743964552094,1099
23590,47.189440045692436,1089
23591,47.19144044586394,1090
23592,47.193440846035436,1108
23593,47.19544124620694,1124
23594,47.19744164637844,1120
23595,47.19944204654994,1102
23596,47.20144244672144,1095
23597,47.20344284689294,1108
23598,47.20544324706444,1124
23599,47.20744364723594,1124
23600,47.20944404740744,1114
23601,47.21144444757894,1112
23602,47.213444847750445,1125
23603,47.21544524792194,1140
23604,47.217445648093445,1144
23605,47.21944604826494,1136
23606,47.221446448436446,1125
23607,47.22344684860794,1117
23608,47.225447248779446,1113
23609,47.22744764895094,1110
23610,47.229448049122446,1109
23611,47.23144844929394,1116
23612,47.23344884946545,1130
23613,47.23544924963694,1144
23614,47.23744964980845,1149
23615,47.23945004997994,1144
23616,47.24145045015145,1135
23617,47.243450850322944,1130
23618,47.24545125049445,1133
23619,47.247451650665944,1143
23620,47.24945205083745,1155
23621,47.251452451008944,1166
23622,47.25345285118045,1165
23623,47.255453251351945,1151
23624,47.25745365152345,1135
23625,47.25945405169495,1130
23626,47.26145445186645,1139
23627,47.26345485203795,1155
23628,47.26545525220945,1169
23629,47.26745565238095,1170
23630,47.26945605255245,1158
23631,47.27145645272395,1144
23632,47.27345685289545,1138
23633,47.27545725306695,1142
23634,47.27745765323845,1149
23635,47.279458053409954,1157
23636,47.28145845358145,1163
23637,47.283458853752954,1166
23638,47.28545925392445,1163
23639,47.287459654095954,1154
23640,47.28946005426745,1148
23641,47.291460454438955,1152
23642,47.29346085461045,1163
23643,47.295461254781955,1164
23644,47.29746165495345,1152
23645,47.299462055124955,1143
23646,47.30146245529645,1144
23647,47.303462855467956,1147
23648,47.30546325563946,1143
23649,47.307463655810956,1131
23650,47.30946405598246,1119
23651,47.311464456153956,1115
23652,47.31346485632546,1123
23653,47.31546525649696,1136
23654,47.31746565666846,1141
23655,47.31946605683996,1133
23656,47.32146645701146,1122
23657,47.32346685718296,1115
23658,47.32546725735446,1110
23659,47.32746765752596,1106
23660,47.32946805769746,1105
23661,47.33146845786896,1103
23662,47.33346885804046,1103
23663,47.33546925821196,1109
23664,47.33746965838346,1121
23665,47.33947005855496,1131
23666,47.34147045872646,1137
23667,47.34347085889796,1140
23668,47.34547125906946,1145
23669,47.34747165924096,1154
23670,47.34947205941246,1160
23671,47.35147245958397,1156
23672,47.35347285975546,1143
23673,47.35547325992697,1128
23674,47.357473660098464,1119
23675,47.35947406026997,1121
23676,47.361474460441464,1132
23677,47.36347486061297,1139
23678,47.365475260784464,1131
23679,47.36747566095597,1119
23680,47.369476061127465,1116
23681,47.37147646129897,1114
23682,47.373476861470465,1110
23683,47.37547726164197,1116
23684,47.377477661813465,1135
23685,47.37947806198497,1148
23686,47.381478462156466,1141
23687,47.38347886232797,1121
23688,47.385479262499466,1113
23689,47.38747966267097,1123
23690,47.389480062842466,1138
23691,47.39148046301397,1144
23692,47.39348086318547,1140
23693,47.39548126335697,1134
23694,47.397481663528474,1133
23695,47.39948206369997,1139
23696,47.401482463871474,1146
23697,47.40348286404297,1151
23698,47.405483264214475,1150
23699,47.40748366438597,1144
23700,47.409484064557475,1135
23701,47.41148446472897,1132
23702,47.413484864900475,1136
23703,47.41548526507197,1135
23704,47.417485665243476,1125
23705,47.41948606541497,1114
23706,47.421486465586476,1113
23707,47.42348686575797,1119
23708,47.425487265929476,1124
23709,47.42748766610097,1125
23710,47.42948806627248,1119
23711,47.43148846644397,1107
23712,47.43348886661548,1098
23713,47.43548926678697,1104
23714,47.43748966695848,1118
23715,47.439490067129974,1123
23716,47.44149046730148,1106
23717,47.44349086747298,1083
23718,47.44549126764448,1077
23719,47.44749166781598,1088
23720,47.44949206798748,1100
23721,47.45149246815898,1103
23722,47.45349286833048,1100
23723,47.45549326850198,1096
23724,47.45749366867348,1095
23725,47.45949406884498,1096
23726,47.46149446901648,1104
23727,47.46349486918798,1116
23728,47.46549526935948,1123
23729,47.46749566953098,1120
23730,47.46949606970248,1116
23731,47.47149646987398,1123
23732,47.47349687004548,1133
23733,47.475497270216984,1129
23734,47.47749767038848,1110
23735,47.479498070559984,1098
23736,47.48149847073148,1107
23737,47.483498870902984,1122
23738,47.48549927107448,1123
23739,47.487499671245985,1109
23740,47.48950007141749,1104
23741,47.491500471588985,1117
23742,47.49350087176049,1129
23743,47.495501271931985,1124
23744,47.49750167210349,1117
23745,47.499502072274986,1124
23746,47.50150247244649,1138
23747,47.503502872617986,1144
23748,47.50550327278949,1139
23749,47.507503672960986,1131
23750,47.50950407313249,1129
23751,47.51150447330399,1131
23752,47.51350487347549,1131
23753,47.51550527364699,1130
23754,47.51750567381849,1131
23755,47.51950607398999,1132
23756,47.52150647416149,1135
23757,47.52350687433299,1141
23758,47.52550727450449,1140
23759,47.52750767467599,1125
23760,47.52950807484749,1104
23761,47.53150847501899,1092
23762,47.53350887519049,1092
23763,47.535509275361996,1096
23764,47.53750967553349,1098
23765,47.539510075704996,1096
23766,47.54151047587649,1094
23767,47.543510876047996,1097
23768,47.54551127621949,1104
23769,47.547511676391,1112
23770,47.54951207656249,1122
23771,47.551512476734,1136
23772,47.553512876905494,1145
23773,47.555513277077,1145
23774,47.557513677248494,1137
23775,47.55951407742,1126
23776,47.561514477591494,1116
23777,47.563514877763,1117
23778,47.565515277934495,1127
23779,47.567515678106,1134
23780,47.569516078277495,1132
23781,47.571516478449,1128
23782,47.573516878620495,1123
23783,47.575517278792,1116
23784,47.577517678963495,1111
23785,47.579518079135,1110
23786,47.5815184793065,1106
23787,47.583518879478,1101
23788,47.5855192796495,1097
23789,47.587519679821,1094
23790,47.589520079992504,1091
23791,47.591520480164,1088
23792,47.593520880335504,1087
23793,47.595521280507,1089
23794,47.597521680678504,1095
23795,47.59952208085,1102
23796,47.601522481021505,1107
23797,47.603522881193,1113
23798,47.605523281364505,1122
23799,47.607523681536,1131
23800,47.609524081707505,1130
23801,47.611524481879,1122
23802,47.613524882050505,1123
23803,47.615525282222,1141
23804,47.617525682393506,1156
23805,47.619526082565,1153
23806,47.621526482736506,1140
23807,47.623526882908,1134
23808,47.625527283079506,1138
23809,47.62752768325101,1143
23810,47.62952808342251,1139
23811,47.63152848359401,1133
23812,47.63352888376551,1136
23813,47.63552928393701,1139
23814,47.63752968410851,1130
23815,47.63953008428001,1112
23816,47.64153048445151,1097
23817,47.64353088462301,1092
23818,47.64553128479451,1093
23819,47.64753168496601,1097
23820,47.64953208513751,1099
23821,47.65153248530901,1100
23822,47.65353288548051,1107
23823,47.65553328565201,1124
23824,47.65753368582351,1143
23825,47.65953408599501,1151
23826,47.66153448616651,1148
23827,47.66353488633801,1143
23828,47.66553528650951,1146
23829,47.66753568668101,1152
23830,47.66953608685251,1156
23831,47.671536487024014,1153
23832,47.67353688719552,1146
23833,47.675537287367014,1142
23834,47.67753768753852,1145
23835,47.679538087710014,1145
23836,47.68153848788152,1140
23837,47.683538888053015,1137
23838,47.68553928822452,1136
23839,47.687539688396015,1129
23840,47.68954008856752,1124
23841,47.691540488739015,1125
23842,47.69354088891052,1126
23843,47.695541289082016,1124
23844,47.69754168925352,1129
23845,47.699542089425016,1144
23846,47.70154248959652,1154
23847,47.703542889768016,1149
23848,47.70554328993952,1136
23849,47.70754369011102,1127
23850,47.70954409028252,1125
23851,47.71154449045402,1124
23852,47.71354489062552,1120
23853,47.71554529079702,1111
23854,47.71754569096852,1104
23855,47.719546091140025,1103
23856,47.72154649131152,1109
23857,47.723546891483025,1120
23858,47.72554729165452,1132
23859,47.727547691826025,1144
23860,47.72954809199752,1156
23861,47.731548492169026,1168
23862,47.73354889234052,1172
23863,47.735549292512026,1166
23864,47.73754969268352,1161
23865,47.739550092855026,1156
23866,47.74155049302652,1149
23867,47.74355089319803,1142
23868,47.74555129336952,1138
23869,47.74755169354103,1130
23870,47.74955209371252,1121
23871,47.75155249388403,1119
23872,47.753552894055524,1129
23873,47.75555329422703,1141
23874,47.757553694398524,1144
23875,47.75955409457003,1137
23876,47.761554494741524,1127
23877,47.76355489491303,1122
23878,47.76555529508453,1123
23879,47.76755569525603,1128
23880,47.76955609542753,1134
23881,47.77155649559903,1143
23882,47.77355689577053,1148
23883,47.77555729594203,1144
23884,47.77755769611353,1132
23885,47.77955809628503,1122
23886,47.78155849645653,1115
23887,47.78355889662803,1107
23888,47.78555929679953,1104
23889,47.78755969697103,1108
23890,47.789560097142534,1117
23891,47.79156049731403,1120
23892,47.793560897485534,1119
23893,47.79556129765703,1116
23894,47.797561697828534,1112
23895,47.79956209800003,1107
23896,47.801562498171535,1111
23897,47.80356289834303,1125
23898,47.805563298514535,1141
23899,47.80756369868603,1148
23900,47.809564098857535,1141
23901,47.81156449902904,1124
23902,47.813564899200536,1111
23903,47.81556529937204,1110
23904,47.817565699543536,1117
23905,47.81956609971504,1123
23906,47.821566499886536,1126
23907,47.82356690005804,1131
23908,47.82556730022954,1138
23909,47.82756770040104,1138
23910,47.82956810057254,1132
23911,47.83156850074404,1127
23912,47.83356890091554,1128
23913,47.83556930108704,1131
23914,47.83756970125854,1131
23915,47.83957010143004,1122
23916,47.84157050160154,1107
23917,47.84357090177304,1094
23918,47.84557130194454,1090
23919,47.84757170211604,1091
23920,47.84957210228754,1083
23921,47.85157250245904,1064
23922,47.85357290263054,1051
23923,47.85557330280204,1059
23924,47.857573702973546,1078
23925,47.85957410314504,1091
23926,47.86157450331655,1089
23927,47.86357490348804,1081
23928,47.86557530365955,1080
23929,47.867575703831044,1089
23930,47.86957610400255,1101
23931,47.871576504174044,1106
23932,47.87357690434555,1107
23933,47.875577304517044,1109
23934,47.87757770468855,1110
23935,47.879578104860045,1109
23936,47.88157850503155,1109
23937,47.883578905203045,1117
23938,47.88557930537455,1131
23939,47.887579705546045,1141
23940,47.88958010571755,1138
23941,47.891580505889046,1129
23942,47.89358090606055,1126
23943,47.895581306232046,1134
23944,47.89758170640355,1144
23945,47.899582106575046,1150
23946,47.90158250674655,1153
23947,47.903582906918054,1154
23948,47.90558330708955,1148
23949,47.907583707261054,1134
23950,47.90958410743255,1120
23951,47.911584507604054,1120
23952,47.91358490777555,1132
23953,47.915585307947055,1140
23954,47.91758570811855,1136
23955,47.919586108290055,1125
23956,47.92158650846155,1116
23957,47.923586908633055,1111
23958,47.92558730880455,1108
23959,47.927587708976056,1111
23960,47.92958810914755,1120
23961,47.931588509319056,1128
23962,47.93358890949055,1129
23963,47.935589309662056,1128
23964,47.93758970983355,1130
23965,47.93959011000506,1132
23966,47.94159051017655,1131
23967,47.94359091034806,1129
23968,47.94559131051955,1127
23969,47.94759171069106,1131
23970,47.94959211086256,1141
23971,47.95159251103406,1152
23972,47.95359291120556,1155
23973,47.95559331137706,1150
23974,47.95759371154856,1145
23975,47.95959411172006,1145
23976,47.96159451189156,1146
23977,47.96359491206306,1148
23978,47.96559531223456,1150
23979,47.96759571240606,1149
23980,47.96959611257756,1144
23981,47.97159651274906,1132
23982,47.97359691292056,1122
23983,47.97559731309206,1125
23984,47.97759771326356,1142
23985,47.97959811343506,1155
23986,47.98159851360656,1156
23987,47.98359891377806,1152
23988,47.985599313949564,1155
23989,47.98759971412106,1164
23990,47.989600114292564,1170
23991,47.99160051446406,1167
23992,47.993600914635564,1160
23993,47.99560131480707,1149
23994,47.997601714978565,1142
23995,47.99960211515007,1140
23996,48.001602515321565,1140
23997,48.00360291549307,1136
23998,48.005603315664565,1135
23999,48.00760371583607,1147
24000,48.009604116007566,1166
24001,48.01160451617907,1178
24002,48.013604916350566,1173
24003,48.01560531652207,1158
24004,48.017605716693566,1146
24005,48.01960611686507,1146
24006,48.02160651703657,1151
24007,48.02360691720807,1151
24008,48.02560731737957,1145
24009,48.02760771755107,1141
24010,48.02960811772257,1144
24011,48.03160851789407,1149
24012,48.03360891806557,1150
24013,48.03560931823707,1148
24014,48.03760971840857,1149
24015,48.03961011858007,1155
24016,48.041610518751575,1162
24017,48.04361091892307,1167
24018,48.045611319094576,1164
24019,48.04761171926607,1155
24020,48.049612119437576,1147
24021,48.05161251960907,1143
24022,48.053612919780576,1136
24023,48.05561331995207,1128
24024,48.05761372012358,1128
24025,48.05961412029507,1142
24026,48.06161452046658,1159
24027,48.063614920638074,1164
24028,48.06561532080958,1157
24029,48.067615720981074,1144
24030,48.06961612115258,1130
24031,48.071616521324074,1124
24032,48.07361692149558,1131
24033,48.075617321667075,1145
24034,48.07761772183858,1159
24035,48.079618122010075,1164
24036,48.08161852218158,1153
24037,48.083618922353075,1133
24038,48.08561932252458,1123
24039,48.08761972269608,1125
24040,48.08962012286758,1130
24041,48.09162052303908,1135
24042,48.09362092321058,1140
24043,48.09562132338208,1147
24044,48.09762172355358,1154
24045,48.099622123725084,1157
24046,48.10162252389658,1158
24047,48.103622924068084,1158
24048,48.10562332423958,1156
24049,48.107623724411084,1155
24050,48.10962412458258,1153
24051,48.111624524754085,1148
24052,48.11362492492558,1143
24053,48.115625325097085,1143
24054,48.11762572526858,1143
24055,48.119626125440085,1135
24056,48.12162652561158,1119
24057,48.123626925783086,1107
24058,48.12562732595458,1114
24059,48.127627726126086,1131
24060,48.12962812629758,1137
24061,48.131628526469086,1124
24062,48.13362892664059,1105
24063,48.13562932681209,1098
24064,48.13762972698359,1104
24065,48.13963012715509,1111
24066,48.14163052732659,1116
24067,48.14363092749809,1123
24068,48.14563132766959,1132
24069,48.14763172784109,1138
24070,48.14963212801259,1140
24071,48.15163252818409,1141
24072,48.15363292835559,1148
24073,48.15563332852709,1160
24074,48.15763372869859,1168
24075,48.15963412887009,1165
24076,48.16163452904159,1155
24077,48.16363492921309,1152
24078,48.16563532938459,1159
24079,48.16763572955609,1167
24080,48.16963612972759,1170
24081,48.17163652989909,1168
24082,48.17363693007059,1166
24083,48.17563733024209,1161
24084,48.17763773041359,1150
24085,48.1796381305851,1133
24086,48.181638530756594,1126
24087,48.1836389309281,1140
24088,48.185639331099594,1162
24089,48.1876397312711,1170
24090,48.189640131442594,1155
24091,48.1916405316141,1135
24092,48.193640931785595,1127
24093,48.1956413319571,1132
24094,48.197641732128595,1142
24095,48.1996421323001,1149
24096,48.201642532471595,1149
24097,48.2036429326431,1142
24098,48.205643332814596,1135
24099,48.2076437329861,1138
24100,48.209644133157596,1153
24101,48.2116445333291,1167
24102,48.213644933500596,1171
24103,48.2156453336721,1165
24104,48.2176457338436,1153
24105,48.2196461340151,1142
24106,48.2216465341866,1136
24107,48.2236469343581,1134
24108,48.225647334529604,1132
24109,48.2276477347011,1130
24110,48.229648134872605,1129
24111,48.2316485350441,1129
24112,48.233648935215605,1126
24113,48.2356493353871,1118
24114,48.237649735558605,1113
24115,48.2396501357301,1119
24116,48.241650535901606,1126
24117,48.2436509360731,1125
24118,48.245651336244606,1117
24119,48.2476517364161,1109
24120,48.249652136587606,1105
24121,48.2516525367591,1104
24122,48.25365293693061,1103
24123,48.2556533371021,1103
24124,48.25765373727361,1109
24125,48.259654137445104,1121
24126,48.26165453761661,1134
24127,48.263654937788104,1147
24128,48.26565533795961,1155
24129,48.267655738131104,1149
24130,48.26965613830261,1130
24131,48.27165653847411,1111
24132,48.27365693864561,1111
24133,48.27565733881711,1126
24134,48.27765773898861,1132
24135,48.27965813916011,1122
24136,48.28165853933161,1117
24137,48.28365893950311,1129
24138,48.28565933967461,1143
24139,48.28765973984611,1140
24140,48.28966014001761,1122
24141,48.29166054018911,1107
24142,48.29366094036061,1110
24143,48.295661340532114,1127
24144,48.29766174070361,1140
24145,48.299662140875114,1138
24146,48.30166254104661,1120
24147,48.303662941218114,1098
24148,48.30566334138961,1091
24149,48.307663741561115,1106
24150,48.30966414173261,1133
24151,48.311664541904115,1154
24152,48.31366494207561,1159
24153,48.315665342247115,1149
24154,48.31766574241862,1129
24155,48.319666142590115,1114
24156,48.32166654276162,1114
24157,48.323666942933116,1126
24158,48.32566734310462,1133
24159,48.327667743276116,1126
24160,48.32966814344762,1114
24161,48.33166854361912,1107
24162,48.33366894379062,1103
24163,48.33566934396212,1097
24164,48.33766974413362,1093
24165,48.33967014430512,1094
24166,48.34167054447662,1101
24167,48.34367094464812,1109
24168,48.34567134481962,1115
24169,48.34767174499112,1123
24170,48.34967214516262,1133
24171,48.35167254533412,1140
24172,48.35367294550562,1140
24173,48.35567334567712,1132
24174,48.35767374584862,1123
24175,48.35967414602012,1125
24176,48.36167454619162,1135
24177,48.363674946363126,1139
24178,48.36567534653462,1133
24179,48.36767574670613,1128
24180,48.36967614687762,1131
24181,48.37167654704913,1144
24182,48.37367694722062,1158
24183,48.37567734739213,1163
24184,48.377677747563624,1158
24185,48.37967814773513,1160
24186,48.381678547906624,1174
24187,48.38367894807813,1183
24188,48.385679348249624,1170
24189,48.38767974842113,1142
24190,48.389680148592625,1126
24191,48.39168054876413,1131
24192,48.393680948935625,1146
24193,48.39568134910713,1160
24194,48.397681749278625,1172
24195,48.39968214945013,1179
24196,48.401682549621626,1179
24197,48.40368294979313,1174
24198,48.405683349964626,1173
24199,48.40768375013613,1182
24200,48.40968415030763,1194
24201,48.41168455047913,1198
24202,48.413684950650634,1195
24203,48.41568535082213,1194
24204,48.417685750993634,1199
24205,48.41968615116513,1200
24206,48.421686551336634,1194
24207,48.42368695150813,1185
24208,48.425687351679635,1182
24209,48.42768775185113,1185
24210,48.429688152022635,1184
24211,48.43168855219413,1175
24212,48.433688952365635,1163
24213,48.43568935253713,1155
24214,48.437689752708636,1155
24215,48.43969015288013,1167
24216,48.441690553051636,1183
24217,48.44369095322313,1188
24218,48.445691353394636,1182
24219,48.44769175356613,1174
24220,48.44969215373764,1173
24221,48.45169255390913,1177
24222,48.45369295408064,1182
24223,48.45569335425214,1182
24224,48.45769375442364,1175
24225,48.45969415459514,1164
24226,48.46169455476664,1151
24227,48.46369495493814,1142
24228,48.46569535510964,1142
24229,48.46769575528114,1146
24230,48.46969615545264,1152
24231,48.47169655562414,1160
24232,48.47369695579564,1167
24233,48.47569735596714,1165
24234,48.47769775613864,1158
24235,48.47969815631014,1160
24236,48.48169855648164,1168
24237,48.48369895665314,1167
24238,48.48569935682464,1154
24239,48.48769975699614,1147
24240,48.48970015716764,1153
24241,48.49170055733914,1166
24242,48.49370095751064,1173
24243,48.495701357682144,1170
24244,48.49770175785364,1160
24245,48.499702158025144,1148
24246,48.50170255819665,1140
24247,48.503702958368144,1137
24248,48.50570335853965,1137
24249,48.507703758711145,1136
24250,48.50970415888265,1140
24251,48.511704559054145,1153
24252,48.51370495922565,1165
24253,48.515705359397145,1164
24254,48.51770575956865,1151
24255,48.519706159740146,1144
24256,48.52170655991165,1153
24257,48.523706960083146,1171
24258,48.52570736025465,1177
24259,48.527707760426146,1166
24260,48.52970816059765,1148
24261,48.53170856076915,1133
24262,48.53370896094065,1123
24263,48.53570936111215,1121
24264,48.53770976128365,1129
24265,48.53971016145515,1139
24266,48.54171056162665,1137
24267,48.54371096179815,1123
24268,48.54571136196965,1119
24269,48.547711762141155,1132
24270,48.54971216231265,1143
24271,48.551712562484155,1141
24272,48.55371296265565,1130
24273,48.555713362827156,1122
24274,48.55771376299865,1123
24275,48.559714163170156,1130
24276,48.56171456334165,1136
24277,48.563714963513156,1138
24278,48.56571536368465,1139
24279,48.56771576385616,1140
24280,48.56971616402765,1144
24281,48.57171656419916,1144
24282,48.573716964370654,1136
24283,48.57571736454216,1124
24284,48.577717764713654,1124
24285,48.57971816488516,1142
24286,48.581718565056654,1159
24287,48.58371896522816,1153
24288,48.585719365399655,1129
24289,48.58771976557116,1113
24290,48.589720165742655,1123
24291,48.59172056591416,1148
24292,48.59372096608566,1161
24293,48.59572136625716,1151
24294,48.59772176642866,1129
24295,48.59972216660016,1111
24296,48.60172256677166,1111
24297,48.60372296694316,1125
24298,48.60572336711466,1137
24299,48.60772376728616,1138
24300,48.609724167457664,1134
24301,48.61172456762916,1136
24302,48.613724967800664,1141
24303,48.61572536797216,1139
24304,48.617725768143664,1131
24305,48.61972616831516,1131
24306,48.621726568486665,1142
24307,48.62372696865816,1153
24308,48.625727368829665,1154
24309,48.62772776900116,1142
24310,48.629728169172665,1124
24311,48.63172856934416,1113
24312,48.633728969515666,1117
24313,48.63572936968716,1124
24314,48.637729769858666,1126
24315,48.63973017003017,1123
24316,48.641730570201666,1120
24317,48.64373097037317,1121
24318,48.64573137054467,1120
24319,48.64773177071617,1111
24320,48.64973217088767,1096
24321,48.65173257105917,1090
24322,48.65373297123067,1106
24323,48.65573337140217,1132
24324,48.65773377157367,1141
24325,48.65973417174517,1127
24326,48.66173457191667,1109
24327,48.66373497208817,1109
24328,48.66573537225967,1129
24329,48.66773577243117,1151
24330,48.66973617260267,1161
24331,48.67173657277417,1155
24332,48.67373697294567,1137
24333,48.67573737311717,1118
24334,48.67773777328867,1109
24335,48.67973817346017,1115
24336,48.68173857363167,1122
24337,48.68373897380317,1119
24338,48.68573937397468,1106
24339,48.68773977414617,1092
24340,48.68974017431768,1084
24341,48.691740574489174,1080
24342,48.69374097466068,1082
24343,48.695741374832174,1098
24344,48.69774177500368,1123
24345,48.699742175175174,1141
24346,48.70174257534668,1143
24347,48.703742975518175,1144
24348,48.70574337568968,1154
24349,48.707743775861175,1162
24350,48.70974417603268,1162
24351,48.711744576204175,1157
24352,48.71374497637568,1150
24353,48.715745376547176,1142
24354,48.71774577671868,1137
24355,48.719746176890176,1141
24356,48.72174657706168,1148
24357,48.723746977233176,1146
24358,48.72574737740468,1136
24359,48.72774777757618,1125
24360,48.72974817774768,1124
24361,48.731748577919184,1130
24362,48.73374897809068,1128
24363,48.735749378262184,1111
24364,48.73774977843368,1094
24365,48.739750178605185,1092
24366,48.74175057877668,1101
24367,48.743750978948185,1106
24368,48.74575137911968,1098
24369,48.747751779291185,1089
24370,48.74975217946268,1090
24371,48.751752579634186,1098
24372,48.75375297980568,1105
24373,48.755753379977186,1116
24374,48.75775378014868,1128
24375,48.759754180320186,1133
24376,48.76175458049168,1135
24377,48.76375498066319,1137
24378,48.76575538083468,1135
24379,48.76775578100619,1121
24380,48.769756181177684,1102
24381,48.77175658134919,1093
24382,48.773756981520684,1103
24383,48.77575738169219,1116
24384,48.77775778186369,1116
24385,48.77975818203519,1104
24386,48.78175858220669,1088
24387,48.78375898237819,1076
24388,48.78575938254969,1071
24389,48.78775978272119,1072
24390,48.78976018289269,1076
24391,48.79176058306419,1079
24392,48.79376098323569,1075
24393,48.79576138340719,1062
24394,48.79776178357869,1055
24395,48.79976218375019,1062
24396,48.80176258392169,1072
24397,48.80376298409319,1080
24398,48.805763384264694,1094
24399,48.80776378443619,1110
24400,48.809764184607694,1119
24401,48.81176458477919,1121
24402,48.813764984950694,1125
24403,48.81576538512219,1133
24404,48.817765785293695,1139
24405,48.81976618546519,1135
24406,48.821766585636695,1124
24407,48.8237669858082,1120
24408,48.825767385979695,1126
24409,48.8277677861512,1134
24410,48.829768186322696,1139
24411,48.8317685864942,1142
24412,48.833768986665696,1138
24413,48.8357693868372,1126
24414,48.837769787008696,1120
24415,48.8397701871802,1124
24416,48.8417705873517,1123
24417,48.8437709875232,1111
24418,48.8457713876947,1099
24419,48.8477717878662,1101
24420,48.8497721880377,1114
24421,48.8517725882092,1127
24422,48.8537729883807,1130
24423,48.8557733885522,1119
24424,48.8577737887237,1107
24425,48.8597741888952,1106
24426,48.8617745890667,1115
24427,48.8637749892382,1123
24428,48.8657753894097,1126
24429,48.8677757895812,1124
24430,48.869776189752706,1121
24431,48.8717765899242,1121
24432,48.873776990095706,1122
24433,48.8757773902672,1119
24434,48.87777779043871,1111
24435,48.8797781906102,1104
24436,48.88177859078171,1103
24437,48.8837789909532,1107
24438,48.88577939112471,1112
24439,48.887779791296204,1112
24440,48.88978019146771,1111
24441,48.891780591639204,1120
24442,48.89378099181071,1135
24443,48.895781391982204,1139
24444,48.89778179215371,1129
24445,48.899782192325205,1113
24446,48.90178259249671,1103
24447,48.903782992668205,1103
24448,48.90578339283971,1114
24449,48.907783793011205,1131
24450,48.90978419318271,1143
24451,48.911784593354206,1139
24452,48.91378499352571,1124
24453,48.91578539369721,1111
24454,48.91778579386871,1111
24455,48.91978619404021,1120
24456,48.92178659421171,1127
24457,48.923786994383214,1129
24458,48.92578739455471,1128
24459,48.927787794726214,1125
24460,48.92978819489771,1123
24461,48.931788595069214,1129
24462,48.93378899524071,1142
24463,48.935789395412215,1156
24464,48.93778979558371,1166
24465,48.939790195755215,1174
24466,48.94179059592671,1180
24467,48.943790996098215,1180
24468,48.94579139626971,1171
24469,48.947791796441216,1154
24470,48.94979219661271,1141
24471,48.951792596784216,1141
24472,48.95379299695571,1154
24473,48.955793397127216,1165
24474,48.95779379729871,1160
24475,48.95979419747022,1144
24476,48.96179459764172,1132
24477,48.96379499781322,1131
24478,48.96579539798472,1131
24479,48.96779579815622,1127
24480,48.96979619832772,1124
24481,48.97179659849922,1131
24482,48.97379699867072,1139
24483,48.97579739884222,1134
24484,48.97779779901372,1124
24485,48.97979819918522,1126
24486,48.98179859935672,1138
24487,48.98379899952822,1147
24488,48.98579939969972,1147
24489,48.98779979987122,1140
24490,48.98980020004272,1125
24491,48.99180060021422,1104
24492,48.99380100038572,1091
24493,48.99580140055722,1097
24494,48.99780180072872,1122
24495,48.99980220090022,1143
24496,49.001802601071724,1141
24497,49.00380300124322,1121
24498,49.005803401414724,1109
24499,49.00780380158623,1116
24500,49.009804201757724,1128
24501,49.01180460192923,1131
24502,49.013805002100725,1122
24503,49.01580540227223,1108
24504,49.017805802443725,1093
24505,49.01980620261523,1081
24506,49.021806602786725,1078
24507,49.02380700295823,1089
24508,49.025807403129726,1105
24509,49.02780780330123,1113
24510,49.029808203472726,1102
24511,49.03180860364423,1082
24512,49.033809003815726,1072
24513,49.03580940398723,1079
24514,49.03780980415873,1093
24515,49.03981020433023,1102
24516,49.04181060450173,1106
24517,49.04381100467323,1107
24518,49.04581140484473,1107
24519,49.04781180501623,1107
24520,49.04981220518773,1109
24521,49.05181260535923,1116
24522,49.053813005530735,1125
24523,49.05581340570223,1129
24524,49.057813805873735,1129
24525,49.05981420604523,1132
24526,49.061814606216736,1137
24527,49.06381500638823,1133
24528,49.065815406559736,1125
24529,49.06781580673123,1119
24530,49.069816206902736,1115
24531,49.07181660707423,1111
24532,49.07381700724574,1109
24533,49.07581740741723,1118
24534,49.07781780758874,1129
24535,49.07981820776023,1130
24536,49.08181860793174,1121
24537,49.083819008103234,1112
24538,49.08581940827474,1106
24539,49.087819808446234,1110
24540,49.08982020861774,1123
24541,49.091820608789234,1131
24542,49.09382100896074,1125
24543,49.095821409132235,1114
24544,49.09782180930374,1111
24545,49.09982220947524,1113
24546,49.10182260964674,1110
24547,49.10382300981824,1100
24548,49.10582340998974,1094
24549,49.10782381016124,1098
24550,49.10982421033274,1107
24551,49.11182461050424,1112
24552,49.11382501067574,1115
24553,49.11582541084724,1113
24554,49.11782581101874,1108
24555,49.119826211190244,1108
24556,49.12182661136174,1119
24557,49.123827011533244,1138
24558,49.12582741170474,1156
24559,49.127827811876244,1165
24560,49.12982821204774,1164
24561,49.131828612219245,1159
24562,49.13382901239074,1154
24563,49.135829412562245,1146
24564,49.13782981273374,1136
24565,49.139830212905245,1126
24566,49.14183061307674,1116
24567,49.143831013248246,1107
24568,49.14583141341975,1103
24569,49.147831813591246,1108
24570,49.14983221376275,1114
24571,49.151832613934246,1112
24572,49.15383301410575,1106
24573,49.15583341427725,1101
24574,49.15783381444875,1098
24575,49.15983421462025,1097
24576,49.16183461479175,1102
24577,49.16383501496325,1110
24578,49.16583541513475,1106
24579,49.16783581530625,1094
24580,49.16983621547775,1087
24581,49.17183661564925,1089
24582,49.17383701582075,1097
24583,49.17583741599225,1109
24584,49.17783781616375,1117
24585,49.17983821633525,1117
24586,49.18183861650675,1111
24587,49.18383901667825,1100
24588,49.18583941684975,1086
24589,49.18783981702125,1078
24590,49.18984021719275,1088
24591,49.19184061736426,1106
24592,49.19384101753575,1116
24593,49.19584141770726,1116
24594,49.19784181787875,1116
24595,49.19984221805026,1121
24596,49.201842618221754,1130
24597,49.20384301839326,1133
24598,49.205843418564754,1133
24599,49.20784381873626,1142
24600,49.209844218907755,1162
24601,49.21184461907926,1171
24602,49.213845019250755,1158
24603,49.21584541942226,1135
24604,49.217845819593755,1125
24605,49.21984621976526,1130
24606,49.221846619936755,1142
24607,49.22384702010826,1152
24608,49.225847420279756,1152
24609,49.22784782045126,1141
24610,49.229848220622756,1130
24611,49.23184862079426,1127
24612,49.233849020965756,1128
24613,49.23584942113726,1122
24614,49.237849821308764,1113
24615,49.23985022148026,1116
24616,49.241850621651764,1128
24617,49.24385102182326,1131
24618,49.245851421994765,1121
24619,49.24785182216626,1110
24620,49.249852222337765,1107
24621,49.25185262250926,1111
24622,49.253853022680765,1116
24623,49.25585342285226,1120
24624,49.257853823023765,1122
24625,49.25985422319526,1119
24626,49.261854623366766,1112
24627,49.26385502353826,1108
24628,49.265855423709766,1110
24629,49.26785582388126,1113
24630,49.269856224052766,1109
24631,49.27185662422426,1099
24632,49.27385702439577,1096
24633,49.27585742456726,1106
24634,49.27785782473877,1119
24635,49.279858224910264,1116
24636,49.28185862508177,1103
24637,49.28385902525327,1097
24638,49.28585942542477,1107
24639,49.28785982559627,1121
24640,49.28986022576777,1127
24641,49.29186062593927,1127
24642,49.29386102611077,1129
24643,49.29586142628227,1139
24644,49.29786182645377,1154
24645,49.29986222662527,1169
24646,49.30186262679677,1175
24647,49.30386302696827,1170
24648,49.30586342713977,1159
24649,49.30786382731127,1150
24650,49.30986422748277,1147
24651,49.31186462765427,1146
24652,49.31386502782577,1142
24653,49.315865427997274,1135
24654,49.31786582816877,1130
24655,49.319866228340274,1137
24656,49.32186662851177,1151
24657,49.323867028683274,1154
24658,49.32586742885477,1135
24659,49.327867829026275,1112
24660,49.32986822919778,1110
24661,49.331868629369275,1129
24662,49.33386902954078,1140
24663,49.335869429712275,1125
24664,49.33786982988378,1107
24665,49.339870230055276,1108
24666,49.34187063022678,1125
24667,49.343871030398276,1138
24668,49.34587143056978,1137
24669,49.347871830741276,1124
24670,49.34987223091278,1111
24671,49.35187263108428,1112
24672,49.35387303125578,1127
24673,49.35587343142728,1142
24674,49.35787383159878,1143
24675,49.35987423177028,1132
24676,49.36187463194178,1122
24677,49.36387503211328,1120
24678,49.36587543228478,1128
24679,49.36787583245628,1142
24680,49.36987623262778,1157
24681,49.37187663279928,1166
24682,49.37387703297078,1161
24683,49.375877433142286,1146
24684,49.37787783331378,1132
24685,49.379878233485286,1126
24686,49.38187863365678,1126
24687,49.383879033828286,1130
24688,49.38587943399978,1135
24689,49.38787983417129,1143
24690,49.38988023434278,1151
24691,49.39188063451429,1157
24692,49.39388103468578,1158
24693,49.39588143485729,1158
24694,49.397881835028784,1161
24695,49.39988223520029,1163
24696,49.401882635371784,1162
24697,49.40388303554329,1151
24698,49.405883435714784,1136
24699,49.40788383588629,1129
24700,49.409884236057785,1136
24701,49.41188463622929,1146
24702,49.413885036400785,1146
24703,49.41588543657229,1134
24704,49.417885836743785,1125
24705,49.41988623691529,1133
24706,49.42188663708679,1147
24707,49.42388703725829,1148
24708,49.42588743742979,1136
24709,49.42788783760129,1131
24710,49.42988823777279,1136
24711,49.43188863794429,1139
24712,49.433889038115794,1135
24713,49.43588943828729,1133
24714,49.437889838458794,1133
24715,49.43989023863029,1128
24716,49.441890638801794,1117
24717,49.44389103897329,1110
24718,49.445891439144795,1111
24719,49.44789183931629,1119
24720,49.449892239487795,1128
24721,49.45189263965929,1128
24722,49.453893039830795,1120
24723,49.45589344000229,1113
24724,49.457893840173796,1113
24725,49.45989424034529,1121
24726,49.461894640516796,1129
24727,49.46389504068829,1129
24728,49.465895440859796,1118
24729,49.4678958410313,1109
24730,49.4698962412028,1110
24731,49.4718966413743,1121
24732,49.4738970415458,1135
24733,49.4758974417173,1137
24734,49.4778978418888,1125
24735,49.4798982420603,1113
24736,49.4818986422318,1115
24737,49.4838990424033,1129
24738,49.4858994425748,1143
24739,49.4878998427463,1146
24740,49.4899002429178,1137
24741,49.4919006430893,1125
24742,49.4939010432608,1115
24743,49.4959014434323,1109
24744,49.4979018436038,1113
24745,49.4999022437753,1123
24746,49.5019026439468,1132
24747,49.5039030441183,1135
24748,49.5059034442898,1135
24749,49.5079038444613,1134
24750,49.5099042446328,1133
24751,49.511904644804304,1134
24752,49.51390504497581,1135
24753,49.515905445147304,1132
24754,49.51790584531881,1130
24755,49.519906245490304,1139
24756,49.52190664566181,1155
24757,49.523907045833305,1162
24758,49.52590744600481,1154
24759,49.527907846176305,1140
24760,49.52990824634781,1128
24761,49.531908646519305,1117
24762,49.53390904669081,1111
24763,49.535909446862306,1112
24764,49.53790984703381,1116
24765,49.539910247205306,1120
24766,49.54191064737681,1122
24767,49.543911047548306,1126
24768,49.54591144771981,1130
24769,49.54791184789131,1128
24770,49.54991224806281,1117
24771,49.55191264823431,1106
24772,49.55391304840581,1099
24773,49.55591344857731,1098
24774,49.55791384874881,1100
24775,49.559914248920315,1107
24776,49.56191464909181,1113
24777,49.563915049263315,1112
24778,49.56591544943481,1115
24779,49.567915849606315,1130
24780,49.56991624977781,1148
24781,49.571916649949316,1156
24782,49.57391705012081,1156
24783,49.575917450292316,1151
24784,49.57791785046381,1147
24785,49.579918250635316,1149
24786,49.58191865080681,1154
24787,49.58391905097832,1154
24788,49.58591945114981,1154
24789,49.58791985132132,1159
24790,49.58992025149281,1166
24791,49.59192065166432,1171
24792,49.593921051835814,1177
24793,49.59592145200732,1177
24794,49.597921852178814,1167
24795,49.59992225235032,1154
24796,49.601922652521814,1151
24797,49.60392305269332,1156
24798,49.60592345286482,1157
24799,49.60792385303632,1155
24800,49.60992425320782,1155
24801,49.61192465337932,1160
24802,49.61392505355082,1166
24803,49.61592545372232,1167
24804,49.61792585389382,1157
24805,49.61992625406532,1141
24806,49.62192665423682,1130
24807,49.62392705440832,1128
24808,49.62592745457982,1131
24809,49.62792785475132,1134
24810,49.629928254922824,1138
24811,49.63192865509432,1146
24812,49.633929055265824,1155
24813,49.63592945543732,1160
24814,49.637929855608824,1164
24815,49.63993025578032,1170
24816,49.641930655951825,1172
24817,49.64393105612332,1165
24818,49.645931456294825,1155
24819,49.64793185646632,1152
24820,49.649932256637825,1157
24821,49.65193265680933,1161
24822,49.653933056980826,1164
24823,49.65593345715233,1163
24824,49.657933857323826,1159
24825,49.65993425749533,1155
24826,49.661934657666826,1156
24827,49.66393505783833,1159
24828,49.66593545800983,1154
24829,49.66793585818133,1141
24830,49.66993625835283,1129
24831,49.67193665852433,1121
24832,49.67393705869583,1115
24833,49.67593745886733,1112
24834,49.67793785903883,1116
24835,49.67993825921033,1128
24836,49.68193865938183,1140
24837,49.68393905955333,1140
24838,49.68593945972483,1125
24839,49.68793985989633,1109
24840,49.68994026006783,1107
24841,49.69194066023933,1123
24842,49.69394106041083,1142
24843,49.69594146058233,1149
24844,49.697941860753836,1145
24845,49.69994226092533,1137
24846,49.70194266109684,1131
24847,49.70394306126833,1131
24848,49.70594346143984,1134
24849,49.707943861611334,1142
24850,49.70994426178284,1151
24851,49.711944661954334,1155
24852,49.71394506212584,1150
24853,49.715945462297334,1143
24854,49.71794586246884,1140
24855,49.719946262640335,1142
24856,49.72194666281184,1150
24857,49.723947062983335,1160
24858,49.72594746315484,1161
24859,49.727947863326335,1149
24860,49.72994826349784,1135
24861,49.731948663669336,1133
24862,49.73394906384084,1134
24863,49.735949464012336,1125
24864,49.73794986418384,1112
24865,49.739950264355336,1114
24866,49.74195066452684,1130
24867,49.743951064698344,1139
24868,49.74595146486984,1134
24869,49.747951865041344,1128
24870,49.74995226521284,1136
24871,49.751952665384344,1151
24872,49.75395306555584,1157
24873,49.755953465727345,1150
24874,49.75795386589884,1144
24875,49.759954266070345,1147
24876,49.76195466624184,1150
24877,49.763955066413345,1148
24878,49.76595546658484,1140
24879,49.767955866756346,1129
24880,49.76995626692784,1117
24881,49.771956667099346,1105
24882,49.77395706727084,1099
24883,49.775957467442346,1102
24884,49.77795786761384,1111
24885,49.77995826778535,1118
24886,49.78195866795684,1120
24887,49.78395906812835,1120
24888,49.78595946829984,1124
24889,49.78795986847135,1133
24890,49.78996026864285,1140
24891,49.79196066881435,1143
24892,49.79396106898585,1146
24893,49.79596146915735,1150
24894,49.79796186932885,1148
24895,49.79996226950035,1135
24896,49.80196266967185,1121
24897,49.80396306984335,1117
24898,49.80596347001485,1124
24899,49.80796387018635,1130
24900,49.80996427035785,1123
24901,49.81196467052935,1110
24902,49.81396507070085,1109
24903,49.81596547087235,1127
24904,49.81796587104385,1155
24905,49.81996627121535,1171
24906,49.82196667138685,1165
24907,49.82396707155835,1153
24908,49.825967471729854,1154
24909,49.82796787190135,1164
24910,49.829968272072854,1164
24911,49.83196867224435,1153
24912,49.833969072415854,1139
24913,49.83596947258736,1126
24914,49.837969872758855,1115
24915,49.83997027293036,1112
24916,49.841970673101855,1116
24917,49.84397107327336,1122
24918,49.845971473444855,1126
24919,49.84797187361636,1129
24920,49.849972273787856,1134
24921,49.85197267395936,1141
24922,49.853973074130856,1145
24923,49.85597347430236,1145
24924,49.857973874473856,1140
24925,49.85997427464536,1131
24926,49.86197467481686,1126
24927,49.86397507498836,1128
24928,49.86597547515986,1129
24929,49.86797587533136,1127
24930,49.86997627550286,1132
24931,49.87197667567436,1145
24932,49.87397707584586,1155
24933,49.87597747601736,1151
24934,49.87797787618886,1135
24935,49.87997827636036,1126
24936,49.881978676531865,1130
24937,49.88397907670336,1136
24938,49.885979476874866,1136
24939,49.88797987704636,1130
24940,49.889980277217866,1126
24941,49.89198067738936,1127
24942,49.893981077560866,1131
24943,49.89598147773236,1131
24944,49.89798187790387,1127
24945,49.89998227807536,1125
24946,49.90198267824687,1126
24947,49.903983078418364,1131
24948,49.90598347858987,1136
24949,49.907983878761364,1136
24950,49.90998427893287,1127
24951,49.911984679104364,1121
24952,49.91398507927587,1125
24953,49.915985479447365,1137
24954,49.91798587961887,1147
24955,49.919986279790365,1153
24956,49.92198667996187,1153
24957,49.923987080133365,1146
24958,49.92598748030487,1132
24959,49.92798788047637,1123
24960,49.92998828064787,1129
24961,49.93198868081937,1132
24962,49.93398908099087,1120
24963,49.93598948116237,1102
24964,49.93798988133387,1095
24965,49.939990281505374,1100
24966,49.94199068167687,1108
24967,49.943991081848374,1112
24968,49.94599148201987,1105
24969,49.947991882191374,1096
24970,49.94999228236287,1098
24971,49.951992682534375,1115
24972,49.95399308270587,1133
24973,49.955993482877375,1135
24974,49.95799388304887,1124
24975,49.959994283220375,1115
24976,49.96199468339187,1114
24977,49.963995083563375,1118
24978,49.96599548373487,1116
24979,49.967995883906376,1109
24980,49.96999628407787,1105
24981,49.971996684249376,1102
24982,49.97399708442088,1100
24983,49.97599748459238,1099
24984,49.97799788476388,1102
24985,49.97999828493538,1108
24986,49.98199868510688,1116
24987,49.98399908527838,1122
24988,49.98599948544988,1125
24989,49.98799988562138,1124
24990,49.99000028579288,1124
24991,49.99200068596438,1129
24992,49.99400108613588,1140
24993,49.99600148630738,1152
24994,49.99800188647888,1159
24995,50.00000228665038,1158
24996,50.00200268682188,1152
24997,50.00400308699338,1146
24998,50.00600348716488,1144
24999,50.00800388733638,1147
25000,50.01000428750788,1155
25001,50.01200468767938,1158
25002,50.01400508785088,1145
25003,50.01600548802238,1123
25004,50.01800588819388,1109
25005,50.02000628836539,1111
25006,50.022006688536884,1121
25007,50.02400708870839,1129
25008,50.026007488879884,1126
25009,50.02800788905139,1116
25010,50.030008289222884,1113
25011,50.03200868939439,1120
25012,50.034009089565885,1126
25013,50.03600948973739,1122
25014,50.038009889908885,1118
25015,50.04001029008039,1124
25016,50.042010690251885,1132
25017,50.04401109042339,1129
25018,50.046011490594886,1119
25019,50.04801189076639,1114
25020,50.050012290937886,1115
25021,50.05201269110939,1119
25022,50.054013091280886,1128
25023,50.05601349145239,1139
25024,50.05801389162389,1141
25025,50.06001429179539,1134
25026,50.06201469196689,1132
25027,50.06401509213839,1135
25028,50.066015492309894,1130
25029,50.06801589248139,1117
25030,50.070016292652895,1105
25031,50.07201669282439,1092
25032,50.074017092995895,1076
25033,50.07601749316739,1068
25034,50.078017893338895,1076
25035,50.08001829351039,1091
25036,50.082018693681896,1099
25037,50.08401909385339,1102
25038,50.086019494024896,1104
25039,50.08801989419639,1108
25040,50.090020294367896,1116
25041,50.09202069453939,1123
25042,50.0940210947109,1123
25043,50.09602149488239,1114
25044,50.0980218950539,1104
25045,50.10002229522539,1101
25046,50.1020226953969,1103
25047,50.104023095568394,1102
25048,50.1060234957399,1096
25049,50.108023895911394,1098
25050,50.1100242960829,1113
25051,50.1120246962544,1134
25052,50.1140250964259,1147
25053,50.1160254965974,1146
25054,50.1180258967689,1139
25055,50.1200262969404,1136
25056,50.1220266971119,1136
25057,50.1240270972834,1135
25058,50.1260274974549,1132
25059,50.1280278976264,1127
25060,50.1300282977979,1118
25061,50.1320286979694,1110
25062,50.1340290981409,1108
25063,50.1360294983124,1109
25064,50.1380298984839,1112
25065,50.140030298655404,1119
25066,50.1420306988269,1128
25067,50.144031098998404,1132
25068,50.1460314991699,1132
25069,50.148031899341404,1134
25070,50.1500322995129,1139
25071,50.152032699684405,1144
25072,50.1540330998559,1147
25073,50.156033500027405,1151
25074,50.15803390019891,1152
25075,50.160034300370405,1151
25076,50.16203470054191,1151
25077,50.164035100713406,1156
25078,50.16603550088491,1164
25079,50.168035901056406,1167
25080,50.17003630122791,1165
25081,50.172036701399406,1165
25082,50.17403710157091,1167
25083,50.17603750174241,1166
25084,50.17803790191391,1160
25085,50.18003830208541,1158
25086,50.18203870225691,1159
25087,50.18403910242841,1157
25088,50.18603950259991,1152
25089,50.18803990277141,1148
25090,50.19004030294291,1146
25091,50.19204070311441,1141
25092,50.19404110328591,1137
25093,50.19604150345741,1142
25094,50.19804190362891,1150
25095,50.20004230380041,1147
25096,50.20204270397191,1132
25097,50.204043104143416,1126
25098,50.20604350431491,1139
25099,50.208043904486416,1163
25100,50.21004430465791,1175
25101,50.21204470482942,1166
25102,50.21404510500091,1151
25103,50.21604550517242,1148
25104,50.218045905343914,1157
25105,50.22004630551542,1161
25106,50.222046705686914,1148
25107,50.22404710585842,1130
25108,50.226047506029914,1126
25109,50.22804790620142,1139
25110,50.230048306372915,1153
25111,50.23204870654442,1154
25112,50.234049106715915,1148
25113,50.23604950688742,1140
25114,50.238049907058915,1132
25115,50.24005030723042,1127
25116,50.242050707401916,1132
25117,50.24405110757342,1148
25118,50.246051507744916,1164
25119,50.24805190791642,1168
25120,50.25005230808792,1157
25121,50.25205270825942,1140
25122,50.254053108430924,1125
25123,50.25605350860242,1124
25124,50.258053908773924,1136
25125,50.26005430894542,1146
25126,50.262054709116924,1144
25127,50.26405510928842,1139
25128,50.266055509459925,1147
25129,50.26805590963142,1165
25130,50.270056309802925,1179
25131,50.27205670997442,1179
25132,50.274057110145925,1172
25133,50.27605751031742,1166
25134,50.278057910488926,1170
25135,50.28005831066042,1178
25136,50.282058710831926,1184
25137,50.28405911100342,1182
25138,50.286059511174926,1173
25139,50.28805991134642,1160
25140,50.29006031151793,1155
25141,50.29206071168942,1161
25142,50.29406111186093,1164
25143,50.29606151203243,1150
25144,50.29806191220393,1129
25145,50.30006231237543,1123
25146,50.30206271254693,1137
25147,50.30406311271843,1151
25148,50.30606351288993,1148
25149,50.30806391306143,1132
25150,50.31006431323293,1123
25151,50.31206471340443,1133
25152,50.31406511357593,1154
25153,50.31606551374743,1167
25154,50.31806591391893,1169
25155,50.32006631409043,1168
25156,50.32206671426193,1172
25157,50.32406711443343,1170
25158,50.32606751460493,1152
25159,50.32806791477643,1134
25160,50.33006831494793,1138
25161,50.33206871511943,1162
25162,50.33406911529093,1183
25163,50.336069515462434,1183
25164,50.33806991563393,1170
25165,50.340070315805434,1158
25166,50.34207071597694,1149
25167,50.344071116148434,1146
25168,50.34607151631994,1142
25169,50.348071916491435,1137
25170,50.35007231666294,1136
25171,50.352072716834435,1145
25172,50.35407311700594,1153
25173,50.356073517177435,1147
25174,50.35807391734894,1132
25175,50.360074317520436,1128
25176,50.36207471769194,1141
25177,50.364075117863436,1158
25178,50.36607551803494,1159
25179,50.368075918206436,1143
25180,50.37007631837794,1126
25181,50.37207671854944,1120
25182,50.37407711872094,1119
25183,50.37607751889244,1117
25184,50.37807791906394,1117
25185,50.38007831923544,1122
25186,50.38207871940694,1128
25187,50.38407911957844,1132
25188,50.38607951974994,1135
25189,50.388079919921445,1138
25190,50.39008032009294,1146
25191,50.392080720264445,1154
25192,50.39408112043594,1153
25193,50.396081520607446,1144
25194,50.39808192077894,1137
25195,50.400082320950446,1138
25196,50.40208272112194,1143
25197,50.404083121293446,1149
25198,50.40608352146494,1150
25199,50.40808392163645,1150
25200,50.41008432180794,1154
25201,50.41208472197945,1160
25202,50.414085122150944,1158
25203,50.41608552232245,1148
25204,50.418085922493944,1139
25205,50.42008632266545,1141
25206,50.422086722836944,1151
25207,50.42408712300845,1161
25208,50.426087523179945,1164
25209,50.42808792335145,1155
25210,50.430088323522945,1142
25211,50.43208872369445,1138
25212,50.43408912386595,1146
25213,50.43608952403745,1158
25214,50.43808992420895,1163
25215,50.44009032438045,1160
25216,50.44209072455195,1159
25217,50.44409112472345,1162
25218,50.44609152489495,1160
25219,50.44809192506645,1157
25220,50.450092325237954,1161
25221,50.45209272540945,1164
25222,50.454093125580954,1156
25223,50.45609352575245,1144
25224,50.458093925923954,1138
25225,50.46009432609545,1139
25226,50.462094726266955,1137
25227,50.46409512643845,1134
25228,50.466095526609955,1132
25229,50.46809592678145,1133
25230,50.470096326952955,1136
25231,50.47209672712445,1142
25232,50.474097127295956,1151
25233,50.47609752746745,1162
25234,50.478097927638956,1166
25235,50.48009832781046,1156
25236,50.482098727981956,1136
25237,50.48409912815346,1124
25238,50.48609952832496,1126
25239,50.48809992849646,1136
25240,50.49010032866796,1142
25241,50.49210072883946,1146
25242,50.49410112901096,1153
25243,50.49610152918246,1161
25244,50.49810192935396,1163
25245,50.50010232952546,1162
25246,50.50210272969696,1164
25247,50.50410312986846,1165
25248,50.50610353003996,1159
25249,50.50810393021146,1151
25250,50.51010433038296,1147
25251,50.51210473055446,1148
25252,50.51410513072596,1149
25253,50.51610553089746,1150
25254,50.51810593106896,1153
25255,50.52010633124046,1158
25256,50.52210673141196,1158
25257,50.52410713158346,1144
25258,50.52610753175497,1131
25259,50.52810793192646,1137
25260,50.53010833209797,1154
25261,50.532108732269464,1155
25262,50.53410913244097,1134
25263,50.536109532612464,1118
25264,50.53810993278397,1124
25265,50.540110332955464,1144
25266,50.54211073312697,1157
25267,50.544111133298465,1158
25268,50.54611153346997,1154
25269,50.548111933641465,1153
25270,50.55011233381297,1155
25271,50.552112733984465,1160
25272,50.55411313415597,1166
25273,50.556113534327466,1175
25274,50.55811393449897,1182
25275,50.560114334670466,1177
25276,50.56211473484197,1159
25277,50.564115135013466,1139
25278,50.56611553518497,1128
25279,50.568115935356474,1128
25280,50.57011633552797,1134
25281,50.572116735699474,1139
25282,50.57411713587097,1128
25283,50.576117536042474,1099
25284,50.57811793621397,1075
25285,50.580118336385475,1074
25286,50.58211873655697,1094
25287,50.584119136728475,1114
25288,50.58611953689997,1115
25289,50.588119937071475,1103
25290,50.59012033724297,1091
25291,50.592120737414476,1089
25292,50.59412113758597,1095
25293,50.596121537757476,1109
25294,50.59812193792897,1126
25295,50.600122338100476,1139
25296,50.60212273827197,1146
25297,50.60412313844348,1146
25298,50.60612353861497,1141
25299,50.60812393878648,1134
25300,50.610124338957974,1130
25301,50.61212473912948,1131
25302,50.61412513930098,1133
25303,50.61612553947248,1134
25304,50.61812593964398,1138
25305,50.62012633981548,1137
25306,50.62212673998698,1130
25307,50.62412714015848,1121
25308,50.62612754032998,1120
25309,50.62812794050148,1121
25310,50.63012834067298,1114
25311,50.63212874084448,1104
25312,50.63412914101598,1109
25313,50.63612954118748,1131
25314,50.63812994135898,1148
25315,50.64013034153048,1145
25316,50.64213074170198,1137
25317,50.64413114187348,1138
25318,50.646131542044984,1148
25319,50.64813194221648,1155
25320,50.650132342387984,1156
25321,50.65213274255948,1153
25322,50.654133142730984,1144
25323,50.65613354290248,1124
25324,50.658133943073985,1105
25325,50.66013434324549,1098
25326,50.662134743416985,1102
25327,50.66413514358849,1112
25328,50.666135543759985,1120
25329,50.66813594393149,1117
25330,50.670136344102986,1105
25331,50.67213674427449,1094
25332,50.674137144445986,1088
25333,50.67613754461749,1090
25334,50.678137944788986,1096
25335,50.68013834496049,1100
25336,50.68213874513199,1102
25337,50.68413914530349,1107
25338,50.68613954547499,1119
25339,50.68813994564649,1127
25340,50.69014034581799,1121
25341,50.69214074598949,1103
25342,50.69414114616099,1087
25343,50.69614154633249,1083
25344,50.69814194650399,1090
25345,50.70014234667549,1095
25346,50.70214274684699,1092
25347,50.70414314701849,1090
25348,50.706143547189996,1098
25349,50.70814394736149,1111
25350,50.710144347532996,1127
25351,50.71214474770449,1147
25352,50.714145147875996,1167
25353,50.71614554804749,1174
25354,50.718145948219,1165
25355,50.72014634839049,1150
25356,50.722146748562,1145
25357,50.72414714873349,1156
25358,50.726147548905,1164
25359,50.728147949076494,1155
25360,50.730148349248,1136
25361,50.732148749419494,1119
25362,50.734149149591,1115
25363,50.736149549762494,1125
25364,50.738149949934,1140
25365,50.740150350105495,1144
25366,50.742150750277,1136
25367,50.744151150448495,1125
25368,50.74615155062,1122
25369,50.748151950791495,1127
25370,50.750152350963,1134
25371,50.7521527511345,1146
25372,50.754153151306,1165
25373,50.7561535514775,1177
25374,50.758153951649,1176
25375,50.7601543518205,1167
25376,50.762154751992,1163
25377,50.764155152163504,1165
25378,50.766155552335,1168
25379,50.768155952506504,1164
25380,50.770156352678,1155
25381,50.772156752849504,1152
25382,50.774157153021,1154
25383,50.776157553192505,1154
25384,50.778157953364,1152
25385,50.780158353535505,1153
25386,50.782158753707,1158
25387,50.784159153878505,1162
25388,50.78615955405,1163
25389,50.788159954221506,1163
25390,50.790160354393,1165
25391,50.792160754564506,1172
25392,50.794161154736,1177
25393,50.796161554907506,1169
25394,50.79816195507901,1156
25395,50.80016235525051,1150
25396,50.80216275542201,1158
25397,50.80416315559351,1162
25398,50.80616355576501,1148
25399,50.80816395593651,1125
25400,50.81016435610801,1116
25401,50.81216475627951,1122
25402,50.81416515645101,1130
25403,50.81616555662251,1130
25404,50.81816595679401,1125
25405,50.82016635696551,1126
25406,50.82216675713701,1139
25407,50.82416715730851,1152
25408,50.82616755748001,1156
25409,50.82816795765151,1156
25410,50.83016835782301,1163
25411,50.83216875799451,1176
25412,50.83416915816601,1184
25413,50.83616955833751,1182
25414,50.83816995850901,1177
25415,50.84017035868051,1173
25416,50.84217075885201,1171
25417,50.84417115902352,1168
25418,50.846171559195014,1161
25419,50.84817195936652,1152
25420,50.850172359538014,1148
25421,50.85217275970952,1147
25422,50.854173159881014,1144
25423,50.85617356005252,1135
25424,50.858173960224015,1128
25425,50.86017436039552,1127
25426,50.862174760567015,1129
25427,50.86417516073852,1134
25428,50.866175560910015,1139
25429,50.86817596108152,1146
25430,50.870176361253016,1148
25431,50.87217676142452,1141
25432,50.874177161596016,1127
25433,50.87617756176752,1116
25434,50.878177961939016,1115
25435,50.88017836211052,1121
25436,50.88217876228202,1123
25437,50.88417916245352,1114
25438,50.88617956262502,1101
25439,50.88817996279652,1099
25440,50.890180362968024,1116
25441,50.89218076313952,1139
25442,50.894181163311025,1152
25443,50.89618156348252,1151
25444,50.898181963654025,1145
25445,50.90018236382552,1140
25446,50.902182763997025,1142
25447,50.90418316416852,1150
25448,50.906183564340026,1156
25449,50.90818396451152,1152
25450,50.910184364683026,1135
25451,50.91218476485452,1117
25452,50.914185165026026,1106
25453,50.91618556519752,1107
25454,50.91818596536903,1116
25455,50.92018636554052,1125
25456,50.92218676571203,1127
25457,50.924187165883524,1126
25458,50.92618756605503,1120
25459,50.928187966226524,1109
25460,50.93018836639803,1099
25461,50.932188766569524,1101
25462,50.93418916674103,1115
25463,50.93618956691253,1125
25464,50.93818996708403,1119
25465,50.94019036725553,1104
25466,50.94219076742703,1096
25467,50.94419116759853,1103
25468,50.94619156777003,1122
25469,50.94819196794153,1139
25470,50.95019236811303,1144
25471,50.95219276828453,1137
25472,50.95419316845603,1128
25473,50.95619356862753,1126
25474,50.95819396879903,1126
25475,50.960194368970534,1117
25476,50.96219476914203,1099
25477,50.964195169313534,1087
25478,50.96619556948503,1088
25479,50.968195969656534,1096
25480,50.97019636982803,1105
25481,50.972196769999535,1111
25482,50.97419717017103,1109
25483,50.976197570342535,1101
25484,50.97819797051403,1096
25485,50.980198370685535,1100
25486,50.98219877085704,1109
25487,50.984199171028536,1114
25488,50.98619957120004,1115
25489,50.988199971371536,1115
25490,50.99020037154304,1118
25491,50.992200771714536,1120
25492,50.99420117188604,1119
25493,50.99620157205754,1116
25494,50.99820197222904,1111
25495,51.00020237240054,1110
25496,51.00220277257204,1117
25497,51.00420317274354,1126
25498,51.00620357291504,1127
25499,51.00820397308654,1121
25500,51.01020437325804,1113
25501,51.01220477342954,1105
25502,51.01420517360104,1098
25503,51.01620557377254,1093
25504,51.01820597394404,1099
25505,51.02020637411554,1108
25506,51.02220677428704,1114
25507,51.02420717445854,1116
25508,51.02620757463004,1122
25509,51.028207974801546,1131
25510,51.03020837497304,1137
25511,51.03220877514455,1135
25512,51.03420917531604,1131
25513,51.03620957548755,1129
25514,51.03820997565904,1133
25515,51.04021037583055,1138
25516,51.042210776002044,1143
25517,51.04421117617355,1147
25518,51.046211576345044,1141
25519,51.04821197651655,1125
25520,51.050212376688044,1111
25521,51.05221277685955,1113
25522,51.054213177031045,1126
25523,51.05621357720255,1139
25524,51.058213977374045,1149
25525,51.06021437754555,1156
25526,51.062214777717045,1154
25527,51.06421517788855,1145
25528,51.066215578060046,1139
25529,51.06821597823155,1139
25530,51.070216378403046,1140
25531,51.07221677857455,1139
25532,51.07421717874605,1143
25533,51.07621757891755,1154
25534,51.078217979089054,1163
25535,51.08021837926055,1162
25536,51.082218779432054,1155
25537,51.08421917960355,1146
25538,51.086219579775054,1141
25539,51.08821997994655,1142
25540,51.090220380118055,1147
25541,51.09222078028955,1149
25542,51.094221180461055,1146
25543,51.09622158063255,1143
25544,51.098221980804055,1141
25545,51.10022238097555,1135
25546,51.102222781147056,1120
25547,51.10422318131855,1099
25548,51.106223581490056,1088
25549,51.10822398166155,1096
25550,51.110224381833056,1115
25551,51.11222478200455,1128
25552,51.11422518217606,1131
25553,51.11622558234755,1129
25554,51.11822598251906,1126
25555,51.12022638269056,1127
25556,51.12222678286206,1131
25557,51.12422718303356,1133
25558,51.12622758320506,1130
25559,51.12822798337656,1122
25560,51.13022838354806,1112
25561,51.13222878371956,1099
25562,51.13422918389106,1088
25563,51.13622958406256,1090
25564,51.13822998423406,1104
25565,51.14023038440556,1119
25566,51.14223078457706,1121
25567,51.14423118474856,1114
25568,51.14623158492006,1113
25569,51.14823198509156,1115
25570,51.15023238526306,1111
25571,51.15223278543456,1103
25572,51.15423318560606,1102
25573,51.156233585777564,1106
25574,51.15823398594906,1103
25575,51.160234386120564,1095
25576,51.16223478629206,1096
25577,51.164235186463564,1111
25578,51.16623558663507,1123
25579,51.168235986806565,1119
25580,51.17023638697807,1102
25581,51.172236787149565,1091
25582,51.17423718732107,1097
25583,51.176237587492565,1113
25584,51.17823798766407,1120
25585,51.180238387835566,1109
25586,51.18223878800707,1095
25587,51.184239188178566,1094
25588,51.18623958835007,1106
25589,51.188239988521566,1113
25590,51.19024038869307,1106
25591,51.19224078886457,1098
25592,51.19424118903607,1103
25593,51.19624158920757,1114
25594,51.19824198937907,1119
25595,51.20024238955057,1118
25596,51.20224278972207,1120
25597,51.20424318989357,1123
25598,51.20624359006507,1117
25599,51.20824399023657,1102
25600,51.21024439040807,1089
25601,51.212244790579575,1087
25602,51.21424519075107,1093
25603,51.216245590922576,1093
25604,51.21824599109407,1084
25605,51.220246391265576,1072
25606,51.22224679143707,1067
25607,51.224247191608576,1073
25608,51.22624759178007,1086
25609,51.22824799195158,1096
25610,51.23024839212307,1103
25611,51.23224879229458,1115
25612,51.23424919246607,1126
25613,51.23624959263758,1122
25614,51.238249992809074,1108
25615,51.24025039298058,1103
25616,51.242250793152074,1115
25617,51.24425119332358,1129
25618,51.246251593495074,1131
25619,51.24825199366658,1127
25620,51.250252393838075,1130
25621,51.25225279400958,1139
25622,51.254253194181075,1147
25623,51.25625359435258,1149
25624,51.25825399452408,1148
25625,51.26025439469558,1145
25626,51.26225479486708,1136
25627,51.26425519503858,1127
25628,51.26625559521008,1129
25629,51.26825599538158,1142
25630,51.27025639555308,1148
25631,51.27225679572458,1142
25632,51.274257195896084,1134
25633,51.27625759606758,1133
25634,51.278257996239084,1129
25635,51.28025839641058,1118
25636,51.282258796582084,1114
25637,51.28425919675358,1121
25638,51.286259596925085,1122
25639,51.28825999709658,1116
25640,51.290260397268085,1119
25641,51.29226079743958,1134
25642,51.294261197611085,1141
25643,51.29626159778258,1130
25644,51.298261997954086,1116
25645,51.30026239812558,1121
25646,51.302262798297086,1141
25647,51.30426319846859,1155
25648,51.306263598640086,1153
25649,51.30826399881159,1141
25650,51.31026439898309,1131
25651,51.31226479915459,1129
25652,51.31426519932609,1125
25653,51.31626559949759,1118
25654,51.31826599966909,1123
25655,51.32026639984059,1141
25656,51.32226680001209,1156
25657,51.32426720018359,1154
25658,51.32626760035509,1140
25659,51.32826800052659,1131
25660,51.33026840069809,1138
25661,51.33226880086959,1159
25662,51.33426920104109,1167
25663,51.33626960121259,1153
25664,51.33827000138409,1136
25665,51.34027040155559,1136
25666,51.34227080172709,1143
25667,51.34427120189859,1138
25668,51.34627160207009,1125
25669,51.34827200224159,1122
25670,51.3502724024131,1139
25671,51.352272802584594,1160
25672,51.3542732027561,1165
25673,51.356273602927594,1156
25674,51.3582740030991,1146
25675,51.360274403270594,1141
25676,51.3622748034421,1145
25677,51.364275203613595,1153
25678,51.3662756037851,1159
25679,51.368276003956595,1158
25680,51.3702764041281,1155
25681,51.372276804299595,1155
25682,51.3742772044711,1160
25683,51.376277604642596,1164
25684,51.3782780048141,1166
25685,51.380278404985596,1166
25686,51.3822788051571,1164
25687,51.384279205328596,1158
25688,51.3862796055001,1148
25689,51.3882800056716,1139
25690,51.3902804058431,1137
25691,51.3922808060146,1146
25692,51.3942812061861,1156
25693,51.396281606357604,1152
25694,51.3982820065291,1132
25695,51.400282406700605,1121
25696,51.4022828068721,1135
25697,51.404283207043605,1160
25698,51.4062836072151,1177
25699,51.408284007386605,1180
25700,51.4102844075581,1174
25701,51.412284807729606,1164
25702,51.4142852079011,1158
25703,51.416285608072606,1158
25704,51.4182860082441,1163
25705,51.420286408415606,1168
25706,51.4222868085871,1168
25707,51.42428720875861,1164
25708,51.4262876089301,1163
25709,51.42828800910161,1166
25710,51.4302884092731,1170
25711,51.43228880944461,1174
25712,51.434289209616104,1174
25713,51.43628960978761,1169
25714,51.438290009959104,1161
25715,51.44029041013061,1157
25716,51.44229081030211,1154
25717,51.44429121047361,1145
25718,51.44629161064511,1136
25719,51.44829201081661,1135
25720,51.45029241098811,1137
25721,51.45229281115961,1131
25722,51.45429321133111,1118
25723,51.45629361150261,1115
25724,51.45829401167411,1128
25725,51.46029441184561,1144
25726,51.46229481201711,1148
25727,51.46429521218861,1144
25728,51.46629561236011,1137
25729,51.46829601253161,1132
25730,51.470296412703114,1132
25731,51.47229681287461,1140
25732,51.474297213046114,1153
25733,51.47629761321761,1159
25734,51.478298013389114,1156
25735,51.48029841356061,1150
25736,51.482298813732115,1147
25737,51.48429921390361,1146
25738,51.486299614075115,1145
25739,51.48830001424662,1146
25740,51.490300414418115,1149
25741,51.49230081458962,1149
25742,51.494301214761116,1142
25743,51.49630161493262,1134
25744,51.498302015104116,1139
25745,51.50030241527562,1155
25746,51.502302815447116,1156
25747,51.50430321561862,1133
25748,51.50630361579012,1108
25749,51.50830401596162,1104
25750,51.51030441613312,1117
25751,51.51230481630462,1129
25752,51.51430521647612,1129
25753,51.51630561664762,1121
25754,51.51830601681912,1116
25755,51.52030641699062,1120
25756,51.52230681716212,1127
25757,51.52430721733362,1129
25758,51.52630761750512,1126
25759,51.52830801767662,1121
25760,51.53030841784812,1115
25761,51.53230881801962,1105
25762,51.534309218191126,1093
25763,51.53630961836262,1086
25764,51.538310018534126,1086
25765,51.54031041870562,1088
25766,51.54231081887713,1090
25767,51.54431121904862,1092
25768,51.54631161922013,1095
25769,51.54831201939162,1102
25770,51.55031241956313,1114
25771,51.552312819734624,1120
25772,51.55431321990613,1115
25773,51.556313620077624,1105
25774,51.55831402024913,1100
25775,51.560314420420625,1103
25776,51.56231482059213,1114
25777,51.564315220763625,1127
25778,51.56631562093513,1129
25779,51.568316021106625,1111
25780,51.57031642127813,1087
25781,51.572316821449625,1080
25782,51.57431722162113,1094
25783,51.576317621792626,1109
25784,51.57831802196413,1110
25785,51.58031842213563,1107
25786,51.58231882230713,1113
25787,51.58431922247863,1127
25788,51.58631962265013,1143
25789,51.588320022821634,1152
25790,51.59032042299313,1147
25791,51.592320823164634,1134
25792,51.59432122333613,1125
25793,51.596321623507635,1130
25794,51.59832202367913,1142
25795,51.600322423850635,1148
25796,51.60232282402213,1140
25797,51.604323224193635,1129
25798,51.60632362436513,1129
25799,51.608324024536635,1141
25800,51.61032442470813,1149
25801,51.612324824879636,1147
25802,51.61432522505113,1140
25803,51.616325625222636,1141
25804,51.61832602539413,1151
25805,51.620326425565636,1158
25806,51.62232682573713,1145
25807,51.62432722590864,1116
25808,51.62632762608014,1096
25809,51.62832802625164,1098
25810,51.63032842642314,1112
25811,51.63232882659464,1116
25812,51.63432922676614,1111
25813,51.63632962693764,1107
25814,51.63833002710914,1105
25815,51.64033042728064,1101
25816,51.64233082745214,1097
25817,51.64433122762364,1100
25818,51.64633162779514,1113
25819,51.64833202796664,1127
25820,51.65033242813814,1136
25821,51.65233282830964,1141
25822,51.65433322848114,1140
25823,51.65633362865264,1126
25824,51.65833402882414,1105
25825,51.66033442899564,1096
25826,51.66233482916714,1108
25827,51.66433522933864,1125
25828,51.666335629510144,1125
25829,51.66833602968164,1107
25830,51.670336429853144,1093
25831,51.67233683002465,1098
25832,51.674337230196144,1117
25833,51.67633763036765,1135
25834,51.678338030539145,1141
25835,51.68033843071065,1132
25836,51.682338830882145,1119
25837,51.68433923105365,1112
25838,51.686339631225145,1112
25839,51.68834003139665,1115
25840,51.690340431568146,1122
25841,51.69234083173965,1132
25842,51.694341231911146,1135
25843,51.69634163208265,1125
25844,51.698342032254146,1113
25845,51.70034243242565,1111
25846,51.70234283259715,1119
25847,51.70434323276865,1127
25848,51.70634363294015,1127
25849,51.70834403311165,1120
25850,51.71034443328315,1115
25851,51.71234483345465,1114
25852,51.71434523362615,1113
25853,51.71634563379765,1111
25854,51.718346033969155,1116
25855,51.72034643414065,1129
25856,51.722346834312155,1146
25857,51.72434723448365,1154
25858,51.726347634655156,1146
25859,51.72834803482665,1140
25860,51.730348434998156,1145
25861,51.73234883516965,1152
25862,51.734349235341156,1149
25863,51.73634963551265,1138
25864,51.73835003568416,1127
25865,51.74035043585565,1120
25866,51.74235083602716,1121
25867,51.74435123619865,1130
25868,51.74635163637016,1135
25869,51.748352036541654,1131
25870,51.75035243671316,1125
25871,51.752352836884654,1125
25872,51.75435323705616,1130
25873,51.756353637227654,1138
25874,51.75835403739916,1147
25875,51.760354437570655,1153
25876,51.76235483774216,1151
25877,51.76435523791366,1141
25878,51.76635563808516,1134
25879,51.76835603825666,1133
25880,51.77035643842816,1135
25881,51.77235683859966,1135
25882,51.77435723877116,1135
25883,51.77635763894266,1133
25884,51.77835803911416,1134
25885,51.78035843928566,1139
25886,51.78235883945716,1141
25887,51.784359239628664,1138
25888,51.78635963980016,1130
25889,51.788360039971664,1124
25890,51.79036044014316,1121
25891,51.792360840314664,1120
25892,51.79436124048616,1120
25893,51.796361640657665,1122
25894,51.79836204082916,1126
25895,51.800362441000665,1132
25896,51.80236284117216,1141
25897,51.804363241343665,1148
25898,51.80636364151516,1145
25899,51.808364041686666,1142
25900,51.81036444185817,1152
25901,51.812364842029666,1170
25902,51.81436524220117,1174
25903,51.816365642372666,1157
25904,51.81836604254417,1127
25905,51.82036644271567,1102
25906,51.82236684288717,1095
25907,51.82436724305867,1105
25908,51.82636764323017,1115
25909,51.82836804340167,1112
25910,51.83036844357317,1097
25911,51.83236884374467,1087
25912,51.83436924391617,1087
25913,51.83636964408767,1095
25914,51.83837004425917,1105
25915,51.84037044443067,1116
25916,51.84237084460217,1128
25917,51.84437124477367,1136
25918,51.84637164494517,1129
25919,51.84837204511667,1113
25920,51.85037244528817,1104
25921,51.85237284545967,1109
25922,51.85437324563117,1120
25923,51.85637364580268,1124
25924,51.85837404597417,1122
25925,51.86037444614568,1116
25926,51.862374846317174,1113
25927,51.86437524648868,1111
25928,51.866375646660174,1110
25929,51.86837604683168,1112
25930,51.870376447003174,1122
25931,51.87237684717468,1133
25932,51.874377247346175,1138
25933,51.87637764751768,1135
25934,51.878378047689175,1125
25935,51.88037844786068,1112
25936,51.882378848032175,1107
25937,51.88437924820368,1116
25938,51.886379648375176,1131
25939,51.88838004854668,1141
25940,51.890380448718176,1137
25941,51.89238084888968,1124
25942,51.894381249061176,1111
25943,51.89638164923268,1105
25944,51.89838204940418,1110
25945,51.90038244957568,1125
25946,51.902382849747184,1137
25947,51.90438324991868,1135
25948,51.906383650090184,1128
25949,51.90838405026168,1127
25950,51.910384450433185,1130
25951,51.91238485060468,1134
25952,51.914385250776185,1140
25953,51.91638565094768,1145
25954,51.918386051119185,1145
25955,51.92038645129068,1143
25956,51.922386851462186,1143
25957,51.92438725163368,1142
25958,51.926387651805186,1136
25959,51.92838805197668,1124
25960,51.930388452148186,1113
25961,51.93238885231968,1108
25962,51.93438925249119,1113
25963,51.93638965266268,1124
25964,51.93839005283419,1132
25965,51.94039045300568,1131
25966,51.94239085317719,1125
25967,51.944391253348684,1118
25968,51.94639165352019,1118
25969,51.94839205369169,1127
25970,51.95039245386319,1141
25971,51.95239285403469,1140
25972,51.95439325420619,1123
25973,51.95639365437769,1113
25974,51.95839405454919,1119
25975,51.96039445472069,1128
25976,51.96239485489219,1125
25977,51.96439525506369,1114
25978,51.96639565523519,1107
25979,51.96839605540669,1114
25980,51.97039645557819,1138
25981,51.97239685574969,1164
25982,51.97439725592119,1167
25983,51.97639765609269,1148
25984,51.97839805626419,1137
25985,51.980398456435694,1148
25986,51.98239885660719,1162
25987,51.984399256778694,1156
25988,51.98639965695019,1131
25989,51.988400057121694,1110
25990,51.99040045729319,1109
25991,51.992400857464695,1124
25992,51.9944012576362,1140
25993,51.996401657807695,1149
25994,51.9984020579792,1152
25995,52.000402458150695,1158
25996,52.0024028583222,1168
25997,52.004403258493696,1172
25998,52.0064036586652,1169
25999,52.008404058836696,1167
26000,52.0104044590082,1168
26001,52.012404859179696,1171
26002,52.0144052593512,1174
26003,52.0164056595227,1169
26004,52.0184060596942,1157
26005,52.0204064598657,1149
26006,52.0224068600372,1157
26007,52.0244072602087,1178
26008,52.0264076603802,1192
26009,52.0284080605517,1187
26010,52.0304084607232,1170
26011,52.0324088608947,1159
26012,52.0344092610662,1160
26013,52.0364096612377,1161
26014,52.0384100614092,1157
26015,52.040410461580706,1156
26016,52.0424108617522,1162
26017,52.044411261923706,1164
26018,52.0464116620952,1154
26019,52.048412062266706,1145
26020,52.0504124624382,1154
26021,52.05241286260971,1173
26022,52.0544132627812,1183
26023,52.05641366295271,1176
26024,52.058414063124204,1168
26025,52.06041446329571,1169
26026,52.062414863467204,1171
26027,52.06441526363871,1172
26028,52.066415663810204,1178
26029,52.06841606398171,1178
26030,52.070416464153205,1168
26031,52.07241686432471,1161
26032,52.074417264496205,1166
26033,52.07641766466771,1170
26034,52.078418064839205,1161
26035,52.08041846501071,1144
26036,52.082418865182206,1129
26037,52.08441926535371,1118
26038,52.08641966552521,1111
26039,52.08842006569671,1110
26040,52.09042046586821,1118
26041,52.09242086603971,1134
26042,52.094421266211214,1144
26043,52.09642166638271,1144
26044,52.098422066554214,1142
26045,52.10042246672571,1144
26046,52.102422866897214,1148
26047,52.10442326706871,1149
26048,52.106423667240215,1144
26049,52.10842406741171,1137
26050,52.110424467583215,1131
26051,52.11242486775471,1129
26052,52.114425267926215,1130
26053,52.11642566809771,1131
26054,52.118426068269216,1126
26055,52.12042646844071,1117
26056,52.122426868612216,1114
26057,52.12442726878371,1118
26058,52.126427668955216,1122
26059,52.12842806912671,1123
26060,52.13042846929822,1121
26061,52.13242886946972,1117
26062,52.13442926964122,1113
26063,52.13642966981272,1112
26064,52.13843006998422,1116
26065,52.14043047015572,1123
26066,52.14243087032722,1128
26067,52.14443127049872,1127
26068,52.14643167067022,1127
26069,52.14843207084172,1134
26070,52.15043247101322,1150
26071,52.15243287118472,1167
26072,52.15443327135622,1171
26073,52.15643367152772,1159
26074,52.15843407169922,1148
26075,52.16043447187072,1158
26076,52.16243487204222,1183
26077,52.16443527221372,1201
26078,52.16643567238522,1201
26079,52.16843607255672,1193
26080,52.17043647272822,1185
26081,52.17243687289972,1177
26082,52.17443727307122,1165
26083,52.176437673242724,1151
26084,52.17843807341423,1142
26085,52.180438473585724,1143
26086,52.18243887375723,1149
26087,52.184439273928724,1154
26088,52.18643967410023,1153
26089,52.188440074271725,1147
26090,52.19044047444323,1145
26091,52.192440874614725,1151
26092,52.19444127478623,1151
26093,52.196441674957725,1140
26094,52.19844207512923,1129
26095,52.200442475300726,1133
26096,52.20244287547223,1149
26097,52.204443275643726,1159
26098,52.20644367581523,1152
26099,52.208444075986726,1140
26100,52.21044447615823,1136
26101,52.21244487632973,1144
26102,52.21444527650123,1157
26103,52.21644567667273,1165
26104,52.21844607684423,1169
26105,52.22044647701573,1169
26106,52.22244687718723,1165
26107,52.224447277358735,1155
26108,52.22644767753023,1144
26109,52.228448077701735,1138
26110,52.23044847787323,1137
26111,52.232448878044735,1137
26112,52.23444927821623,1136
26113,52.236449678387736,1135
26114,52.23845007855923,1128
26115,52.240450478730736,1116
26116,52.24245087890223,1104
26117,52.244451279073736,1096
26118,52.24645167924523,1093
26119,52.24845207941674,1096
26120,52.25045247958823,1101
26121,52.25245287975974,1106
26122,52.254453279931234,1107
26123,52.25645368010274,1108
26124,52.258454080274234,1115
26125,52.26045448044574,1127
26126,52.262454880617234,1142
26127,52.26445528078874,1156
26128,52.266455680960235,1163
26129,52.26845608113174,1156
26130,52.27045648130324,1139
26131,52.27245688147474,1128
26132,52.27445728164624,1138
26133,52.27645768181774,1160
26134,52.27845808198924,1173
26135,52.28045848216074,1168
26136,52.28245888233224,1158
26137,52.28445928250374,1151
26138,52.28645968267524,1150
26139,52.28846008284674,1156
26140,52.290460483018244,1163
26141,52.29246088318974,1162
26142,52.294461283361244,1152
26143,52.29646168353274,1142
26144,52.298462083704244,1139
26145,52.30046248387574,1141
26146,52.302462884047245,1141
26147,52.30446328421874,1142
26148,52.306463684390245,1142
26149,52.30846408456174,1140
26150,52.310464484733245,1139
26151,52.31246488490474,1145
26152,52.314465285076245,1155
26153,52.31646568524775,1162
26154,52.318466085419246,1159
26155,52.32046648559075,1153
26156,52.322466885762246,1153
26157,52.32446728593375,1156
26158,52.32646768610525,1161
26159,52.32846808627675,1165
26160,52.33046848644825,1169
26161,52.33246888661975,1169
26162,52.33446928679125,1165
26163,52.33646968696275,1157
26164,52.33847008713425,1149
26165,52.34047048730575,1146
26166,52.34247088747725,1153
26167,52.34447128764875,1160
26168,52.34647168782025,1159
26169,52.34847208799175,1159
26170,52.35047248816325,1165
26171,52.35247288833475,1164
26172,52.35447328850625,1150
26173,52.35647368867775,1137
26174,52.35847408884925,1143
26175,52.36047448902075,1160
26176,52.36247488919226,1170
26177,52.36447528936375,1171
26178,52.36647568953526,1169
26179,52.36847608970675,1171
26180,52.37047648987826,1177
26181,52.372476890049754,1183
26182,52.37447729022126,1179
26183,52.376477690392754,1166
26184,52.37847809056426,1158
26185,52.380478490735754,1163
26186,52.38247889090726,1176
26187,52.384479291078755,1186
26188,52.38647969125026,1185
26189,52.388480091421755,1180
26190,52.39048049159326,1184
26191,52.392480891764755,1193
26192,52.39448129193626,1196
26193,52.396481692107756,1189
26194,52.39848209227926,1180
26195,52.400482492450756,1177
26196,52.40248289262226,1177
26197,52.404483292793756,1170
26198,52.40648369296526,1156
26199,52.408484093136764,1151
26200,52.41048449330826,1159
26201,52.412484893479764,1168
26202,52.41448529365126,1163
26203,52.416485693822764,1148
26204,52.41848609399426,1143
26205,52.420486494165765,1154
26206,52.42248689433726,1169
26207,52.424487294508765,1175
26208,52.42648769468026,1171
26209,52.428488094851765,1164
26210,52.43048849502326,1154
26211,52.432488895194766,1140
26212,52.43448929536626,1129
26213,52.436489695537766,1127
26214,52.43849009570926,1131
26215,52.440490495880766,1127
26216,52.44249089605226,1114
26217,52.44449129622377,1104
26218,52.44649169639526,1101
26219,52.44849209656677,1108
26220,52.45049249673826,1126
26221,52.45249289690977,1150
26222,52.45449329708127,1167
26223,52.45649369725277,1170
26224,52.45849409742427,1166
26225,52.46049449759577,1166
26226,52.46249489776727,1168
26227,52.46449529793877,1166
26228,52.46649569811027,1159
26229,52.46849609828177,1150
26230,52.47049649845327,1142
26231,52.47249689862477,1134
26232,52.47449729879627,1127
26233,52.47649769896777,1125
26234,52.47849809913927,1128
26235,52.48049849931077,1134
26236,52.48249889948227,1143
26237,52.48449929965377,1153
26238,52.48649969982527,1161
26239,52.48850009999677,1162
26240,52.490500500168274,1154
26241,52.49250090033977,1144
26242,52.494501300511274,1145
26243,52.49650170068277,1156
26244,52.498502100854274,1170
26245,52.50050250102578,1177
26246,52.502502901197275,1173
26247,52.50450330136878,1168
26248,52.506503701540275,1169
26249,52.50850410171178,1170
26250,52.510504501883275,1165
26251,52.51250490205478,1154
26252,52.514505302226276,1146
26253,52.51650570239778,1142
26254,52.518506102569276,1142
26255,52.52050650274078,1139
26256,52.522506902912276,1133
26257,52.52450730308378,1130
26258,52.52650770325528,1138
26259,52.52850810342678,1148
26260,52.53050850359828,1150
26261,52.53250890376978,1149
26262,52.53450930394128,1153
26263,52.53650970411278,1156
26264,52.53851010428428,1151
26265,52.54051050445578,1145
26266,52.54251090462728,1145
26267,52.54451130479878,1148
26268,52.546511704970285,1150
26269,52.54851210514178,1144
26270,52.550512505313286,1133
26271,52.55251290548478,1127
26272,52.554513305656286,1128
26273,52.55651370582778,1129
26274,52.558514105999286,1123
26275,52.56051450617078,1115
26276,52.56251490634229,1110
26277,52.56451530651378,1105
26278,52.56651570668529,1098
26279,52.568516106856784,1099
26280,52.57051650702829,1117
26281,52.572516907199784,1144
26282,52.57451730737129,1163
26283,52.576517707542784,1178
26284,52.57851810771429,1195
26285,52.580518507885785,1201
26286,52.58251890805729,1181
26287,52.584519308228785,1153
26288,52.58651970840029,1141
26289,52.588520108571785,1145
26290,52.59052050874329,1152
26291,52.59252090891479,1154
26292,52.59452130908629,1148
26293,52.59652170925779,1138
26294,52.59852210942929,1126
26295,52.60052250960079,1118
26296,52.60252290977229,1118
26297,52.604523309943794,1129
26298,52.60652371011529,1145
26299,52.608524110286794,1156
26300,52.61052451045829,1156
26301,52.612524910629794,1152
26302,52.61452531080129,1148
26303,52.616525710972795,1146
26304,52.61852611114429,1154
26305,52.620526511315795,1171
26306,52.62252691148729,1188
26307,52.624527311658795,1197
26308,52.62652771183029,1199
26309,52.628528112001796,1196
26310,52.63052851217329,1187
26311,52.632528912344796,1176
26312,52.63452931251629,1170
26313,52.636529712687796,1169
26314,52.6385301128593,1168
26315,52.6405305130308,1171
26316,52.6425309132023,1176
26317,52.6445313133738,1173
26318,52.6465317135453,1151
26319,52.6485321137168,1123
26320,52.6505325138883,1112
26321,52.6525329140598,1118
26322,52.6545333142313,1123
26323,52.6565337144028,1121
26324,52.6585341145743,1114
26325,52.6605345147458,1099
26326,52.6625349149173,1080
26327,52.6645353150888,1070
26328,52.6665357152603,1077
26329,52.6685361154318,1099
26330,52.6705365156033,1123
26331,52.6725369157748,1135
26332,52.6745373159463,1134
26333,52.6765377161178,1127
26334,52.6785381162893,1126
26335,52.6805385164608,1133
26336,52.6825389166323,1146
26337,52.68453931680381,1154
26338,52.686539716975304,1150
26339,52.68854011714681,1138
26340,52.690540517318304,1128
26341,52.69254091748981,1123
26342,52.694541317661304,1125
26343,52.69654171783281,1126
26344,52.698542118004305,1117
26345,52.70054251817581,1104
26346,52.702542918347305,1104
26347,52.70454331851881,1116
26348,52.706543718690305,1124
26349,52.70854411886181,1120
26350,52.710544519033306,1113
26351,52.71254491920481,1114
26352,52.714545319376306,1121
26353,52.71654571954781,1126
26354,52.718546119719306,1126
26355,52.72054651989081,1123
26356,52.72254692006231,1124
26357,52.72454732023381,1128
26358,52.72654772040531,1129
26359,52.72854812057681,1130
26360,52.730548520748314,1132
26361,52.73254892091981,1134
26362,52.734549321091315,1137
26363,52.73654972126281,1141
26364,52.738550121434315,1139
26365,52.74055052160581,1128
26366,52.742550921777315,1119
26367,52.74455132194881,1115
26368,52.746551722120316,1113
26369,52.74855212229181,1108
26370,52.750552522463316,1106
26371,52.75255292263481,1107
26372,52.754553322806316,1111
26373,52.75655372297781,1119
26374,52.75855412314932,1130
26375,52.76055452332081,1137
26376,52.76255492349232,1141
26377,52.764555323663814,1144
26378,52.76655572383532,1143
26379,52.768556124006814,1139
26380,52.77055652417832,1137
26381,52.772556924349814,1141
26382,52.77455732452132,1145
26383,52.77655772469282,1145
26384,52.77855812486432,1143
26385,52.78055852503582,1142
26386,52.78255892520732,1142
26387,52.78455932537882,1142
26388,52.78655972555032,1144
26389,52.78856012572182,1147
26390,52.79056052589332,1152
26391,52.79256092606482,1163
26392,52.79456132623632,1173
26393,52.79656172640782,1172
26394,52.79856212657932,1163
26395,52.800562526750824,1154
26396,52.80256292692232,1154
26397,52.804563327093824,1163
26398,52.80656372726532,1174
26399,52.808564127436824,1178
26400,52.81056452760832,1179
26401,52.812564927779825,1188
26402,52.81456532795132,1197
26403,52.816565728122825,1197
26404,52.81856612829432,1194
26405,52.820566528465825,1197
26406,52.82256692863733,1203
26407,52.824567328808826,1202
26408,52.82656772898033,1188
26409,52.828568129151826,1170
26410,52.83056852932333,1161
26411,52.832568929494826,1169
26412,52.83456932966633,1184
26413,52.83656972983783,1187
26414,52.83857013000933,1169
26415,52.84057053018083,1153
26416,52.84257093035233,1162
26417,52.84457133052383,1187
26418,52.84657173069533,1203
26419,52.84857213086683,1200
26420,52.85057253103833,1185
26421,52.85257293120983,1173
26422,52.85457333138133,1174
26423,52.85657373155283,1181
26424,52.85857413172433,1184
26425,52.86057453189583,1183
26426,52.86257493206733,1181
26427,52.86457533223883,1181
26428,52.86657573241033,1181
26429,52.868576132581836,1181
26430,52.87057653275333,1179
26431,52.87257693292484,1173
26432,52.87457733309633,1167
26433,52.87657773326784,1166
26434,52.87857813343933,1170
26435,52.88057853361084,1176
26436,52.882578933782334,1181
26437,52.88457933395384,1187
26438,52.886579734125334,1192
26439,52.88858013429684,1192
26440,52.890580534468334,1190
26441,52.89258093463984,1194
26442,52.894581334811335,1203
26443,52.89658173498284,1203
26444,52.898582135154335,1189
26445,52.90058253532584,1172
26446,52.902582935497335,1166
26447,52.90458333566884,1177
26448,52.906583735840336,1189
26449,52.90858413601184,1189
26450,52.910584536183336,1177
26451,52.91258493635484,1166
26452,52.91458533652634,1159
26453,52.91658573669784,1153
26454,52.918586136869344,1151
26455,52.92058653704084,1153
26456,52.922586937212344,1159
26457,52.92458733738384,1167
26458,52.926587737555344,1178
26459,52.92858813772684,1188
26460,52.930588537898345,1190
26461,52.93258893806984,1181
26462,52.934589338241345,1169
26463,52.93658973841284,1165
26464,52.938590138584345,1171
26465,52.94059053875584,1175
26466,52.942590938927346,1164
26467,52.94459133909884,1143
26468,52.946591739270346,1128
26469,52.94859213944184,1128
26470,52.950592539613346,1136
26471,52.95259293978484,1139
26472,52.95459333995635,1134
26473,52.95659374012784,1132
26474,52.95859414029935,1139
26475,52.96059454047085,1153
26476,52.96259494064235,1169
26477,52.96459534081385,1174
26478,52.96659574098535,1164
26479,52.96859614115685,1150
26480,52.97059654132835,1145
26481,52.97259694149985,1148
26482,52.97459734167135,1149
26483,52.97659774184285,1148
26484,52.97859814201435,1147
26485,52.98059854218585,1141
26486,52.98259894235735,1130
26487,52.98459934252885,1130
26488,52.98659974270035,1147
26489,52.98860014287185,1162
26490,52.99060054304335,1162
26491,52.99260094321485,1158
26492,52.99460134338635,1162
26493,52.996601743557854,1167
26494,52.99860214372935,1171
26495,53.000602543900854,1172
26496,53.00260294407235,1170
26497,53.004603344243854,1158
26498,53.00660374441536,1142
26499,53.008604144586855,1139
26500,53.01060454475836,1155
26501,53.012604944929855,1167
26502,53.01460534510136,1161
26503,53.016605745272855,1150
26504,53.01860614544436,1148
26505,53.020606545615856,1147
26506,53.02260694578736,1142
26507,53.024607345958856,1142
26508,53.02660774613036,1150
26509,53.028608146301856,1157
26510,53.03060854647336,1155
26511,53.03260894664486,1145
26512,53.03460934681636,1132
26513,53.03660974698786,1128
26514,53.03861014715936,1139
26515,53.04061054733086,1155
26516,53.04261094750236,1160
26517,53.04461134767386,1152
26518,53.04661174784536,1138
26519,53.04861214801686,1131
26520,53.05061254818836,1133
26521,53.052612948359865,1143
26522,53.05461334853136,1149
26523,53.056613748702866,1144
26524,53.05861414887436,1136
26525,53.060614549045866,1140
26526,53.06261494921736,1152
26527,53.064615349388866,1159
26528,53.06661574956036,1157
26529,53.06861614973187,1151
26530,53.07061654990336,1149
26531,53.07261695007487,1150
26532,53.07461735024636,1153
26533,53.07661775041787,1156
26534,53.078618150589364,1157
26535,53.08061855076087,1155
26536,53.082618950932364,1149
26537,53.08461935110387,1143
26538,53.086619751275364,1141
26539,53.08862015144687,1140
26540,53.090620551618365,1141
26541,53.09262095178987,1149
26542,53.094621351961365,1164
26543,53.09662175213287,1172
26544,53.09862215230437,1160
26545,53.10062255247587,1138
26546,53.10262295264737,1136
26547,53.10462335281887,1156
26548,53.10662375299037,1172
26549,53.10862415316187,1170
26550,53.11062455333337,1164
26551,53.11262495350487,1166
26552,53.114625353676374,1175
26553,53.11662575384787,1179
26554,53.118626154019374,1174
26555,53.12062655419087,1163
26556,53.122626954362374,1155
26557,53.12462735453387,1155
26558,53.126627754705375,1160
26559,53.12862815487687,1159
26560,53.130628555048375,1147
26561,53.13262895521987,1132
26562,53.134629355391375,1123
26563,53.13662975556287,1124
26564,53.138630155734376,1129
26565,53.14063055590587,1134
26566,53.142630956077376,1134
26567,53.14463135624888,1132
26568,53.146631756420376,1133
26569,53.14863215659188,1141
26570,53.15063255676338,1146
26571,53.15263295693488,1140
26572,53.15463335710638,1128
26573,53.15663375727788,1119
26574,53.15863415744938,1120
26575,53.16063455762088,1125
26576,53.16263495779238,1130
26577,53.16463535796388,1135
26578,53.16663575813538,1141
26579,53.16863615830688,1149
26580,53.17063655847838,1159
26581,53.17263695864988,1169
26582,53.17463735882138,1176
26583,53.17663775899288,1174
26584,53.17863815916438,1168
26585,53.18063855933588,1165
26586,53.18263895950738,1170
26587,53.18463935967888,1179
26588,53.18663975985038,1181
26589,53.18864016002188,1172
26590,53.19064056019339,1160
26591,53.19264096036488,1150
26592,53.19464136053639,1143
26593,53.196641760707884,1140
26594,53.19864216087939,1147
26595,53.200642561050884,1165
26596,53.20264296122239,1178
26597,53.204643361393885,1170
26598,53.20664376156539,1154
26599,53.208644161736885,1149
26600,53.21064456190839,1157
26601,53.212644962079885,1171
26602,53.21464536225139,1181
26603,53.216645762422885,1179
26604,53.21864616259439,1172
26605,53.220646562765886,1171
26606,53.22264696293739,1172
26607,53.224647363108886,1164
26608,53.22664776328039,1151
26609,53.228648163451886,1149
26610,53.23064856362339,1161
26611,53.23264896379489,1172
26612,53.23464936396639,1172
26613,53.236649764137894,1171
26614,53.23865016430939,1175
26615,53.240650564480895,1174
26616,53.24265096465239,1165
26617,53.244651364823895,1156
26618,53.24665176499539,1156
26619,53.248652165166895,1158
26620,53.25065256533839,1154
26621,53.252652965509895,1144
26622,53.25465336568139,1135
26623,53.256653765852896,1135
26624,53.25865416602439,1142
26625,53.260654566195896,1147
26626,53.26265496636739,1145
26627,53.264655366538896,1135
26628,53.26665576671039,1125
26629,53.2686561668819,1123
26630,53.27065656705339,1127
26631,53.2726569672249,1128
26632,53.274657367396394,1122
26633,53.2766577675679,1113
26634,53.278658167739394,1113
26635,53.2806585679109,1124
26636,53.2826589680824,1140
26637,53.2846593682539,1149
26638,53.2866597684254,1145
26639,53.2886601685969,1137
26640,53.2906605687684,1142
26641,53.2926609689399,1152
26642,53.2946613691114,1152
26643,53.2966617692829,1136
26644,53.2986621694544,1122
26645,53.3006625696259,1122
26646,53.3026629697974,1132
26647,53.3046633699689,1140
26648,53.3066637701404,1139
26649,53.3086641703119,1125
26650,53.310664570483404,1108
26651,53.3126649706549,1101
26652,53.314665370826404,1110
26653,53.3166657709979,1124
26654,53.318666171169404,1127
26655,53.3206665713409,1121
26656,53.322666971512405,1122
26657,53.3246673716839,1137
26658,53.326667771855405,1151
26659,53.32866817202691,1158
26660,53.330668572198405,1161
26661,53.33266897236991,1163
26662,53.334669372541406,1160
26663,53.33666977271291,1155
26664,53.338670172884406,1150
26665,53.34067057305591,1144
26666,53.342670973227406,1139
26667,53.34467137339891,1136
26668,53.34667177357041,1135
26669,53.34867217374191,1135
26670,53.35067257391341,1144
26671,53.35267297408491,1158
26672,53.35467337425641,1170
26673,53.35667377442791,1173
26674,53.35867417459941,1168
26675,53.36067457477091,1159
26676,53.36267497494241,1151
26677,53.36467537511391,1148
26678,53.36667577528541,1147
26679,53.36867617545691,1146
26680,53.37067657562841,1150
26681,53.37267697579991,1157
26682,53.374677375971416,1157
26683,53.37667777614291,1149
26684,53.378678176314416,1147
26685,53.38067857648591,1161
26686,53.38267897665742,1179
26687,53.38467937682891,1183
26688,53.38667977700042,1164
26689,53.38868017717191,1135
26690,53.39068057734342,1121
26691,53.392680977514914,1129
26692,53.39468137768642,1141
26693,53.396681777857914,1140
26694,53.39868217802942,1125
26695,53.400682578200914,1109
26696,53.40268297837242,1101
26697,53.404683378543915,1109
26698,53.40668377871542,1124
26699,53.408684178886915,1134
26700,53.41068457905842,1137
26701,53.412684979229915,1141
26702,53.41468537940142,1149
26703,53.416685779572916,1156
26704,53.41868617974442,1161
26705,53.42068657991592,1166
26706,53.42268698008742,1170
26707,53.42468738025892,1170
26708,53.42668778043042,1171
26709,53.428688180601924,1173
26710,53.43068858077342,1173
26711,53.432688980944924,1167
26712,53.43468938111642,1159
26713,53.436689781287924,1156
26714,53.43869018145942,1159
26715,53.440690581630925,1165
26716,53.44269098180242,1170
26717,53.444691381973925,1171
26718,53.44669178214542,1167
26719,53.448692182316925,1162
26720,53.45069258248842,1158
26721,53.452692982659926,1155
26722,53.45469338283142,1148
26723,53.456693783002926,1139
26724,53.45869418317442,1138
26725,53.460694583345926,1142
26726,53.46269498351742,1145
26727,53.46469538368893,1146
26728,53.46669578386043,1154
26729,53.46869618403193,1165
26730,53.47069658420343,1163
26731,53.47269698437493,1142
26732,53.47469738454643,1119
26733,53.47669778471793,1114
26734,53.47869818488943,1126
26735,53.48069858506093,1141
26736,53.48269898523243,1150
26737,53.48469938540393,1157
26738,53.48669978557543,1159
26739,53.48870018574693,1156
26740,53.49070058591843,1155
26741,53.49270098608993,1163
26742,53.49470138626143,1170
26743,53.49670178643293,1168
26744,53.49870218660443,1162
26745,53.50070258677593,1160
26746,53.50270298694743,1162
26747,53.50470338711893,1160
26748,53.506703787290434,1152
26749,53.50870418746193,1146
26750,53.510704587633434,1147
26751,53.51270498780494,1154
26752,53.514705387976434,1154
26753,53.51670578814794,1143
26754,53.518706188319435,1131
26755,53.52070658849094,1125
26756,53.522706988662435,1123
26757,53.52470738883394,1121
26758,53.526707789005435,1118
26759,53.52870818917694,1116
26760,53.530708589348436,1120
26761,53.53270898951994,1129
26762,53.534709389691436,1140
26763,53.53670978986294,1150
26764,53.538710190034436,1154
26765,53.54071059020594,1149
26766,53.54271099037744,1144
26767,53.54471139054894,1147
26768,53.54671179072044,1154
26769,53.54871219089194,1150
26770,53.55071259106344,1134
26771,53.55271299123494,1120
26772,53.55471339140644,1122
26773,53.55671379157794,1133
26774,53.558714191749445,1136
26775,53.56071459192094,1131
26776,53.562714992092445,1132
26777,53.56471539226394,1139
26778,53.566715792435446,1141
26779,53.56871619260694,1138
26780,53.570716592778446,1139
26781,53.57271699294994,1151
26782,53.574717393121446,1166
26783,53.57671779329294,1175
26784,53.57871819346445,1175
26785,53.58071859363594,1167
26786,53.58271899380745,1150
26787,53.58471939397894,1136
26788,53.58671979415045,1134
26789,53.588720194321944,1141
26790,53.59072059449345,1148
26791,53.592720994664944,1151
26792,53.59472139483645,1154
26793,53.596721795007944,1161
26794,53.59872219517945,1168
26795,53.600722595350945,1167
26796,53.60272299552245,1154
26797,53.60472339569395,1139
26798,53.60672379586545,1131
26799,53.60872419603695,1130
26800,53.61072459620845,1130
26801,53.61272499637995,1126
26802,53.61472539655145,1121
26803,53.61672579672295,1124
26804,53.61872619689445,1134
26805,53.62072659706595,1141
26806,53.62272699723745,1136
26807,53.624727397408954,1123
26808,53.62672779758045,1115
26809,53.628728197751954,1122
26810,53.63072859792345,1136
26811,53.632728998094954,1143
26812,53.63472939826645,1137
26813,53.636729798437955,1124
26814,53.63873019860945,1116
26815,53.640730598780955,1120
26816,53.64273099895245,1132
26817,53.644731399123955,1137
26818,53.64673179929545,1132
26819,53.648732199466956,1126
26820,53.65073259963846,1120
26821,53.652732999809956,1113
26822,53.65473339998146,1113
26823,53.656733800152956,1121
26824,53.65873420032446,1124
26825,53.66073460049596,1117
26826,53.66273500066746,1110
26827,53.66473540083896,1110
26828,53.66673580101046,1117
26829,53.66873620118196,1123
26830,53.67073660135346,1126
26831,53.67273700152496,1123
26832,53.67473740169646,1117
26833,53.67673780186796,1110
26834,53.67873820203946,1107
26835,53.68073860221096,1110
26836,53.68273900238246,1118
26837,53.68473940255396,1126
26838,53.68673980272546,1132
26839,53.68874020289696,1135
26840,53.69074060306846,1137
26841,53.69274100323996,1141
26842,53.69474140341146,1146
26843,53.69674180358297,1145
26844,53.69874220375446,1143
26845,53.70074260392597,1150
26846,53.702743004097464,1165
26847,53.70474340426897,1173
26848,53.706743804440464,1165
26849,53.70874420461197,1151
26850,53.710744604783464,1144
26851,53.71274500495497,1144
26852,53.714745405126465,1144
26853,53.71674580529797,1144
26854,53.718746205469465,1145
26855,53.72074660564097,1143
26856,53.722747005812465,1136
26857,53.72474740598397,1133
26858,53.726747806155466,1140
26859,53.72874820632697,1149
26860,53.730748606498466,1145
26861,53.73274900666997,1130
26862,53.734749406841466,1120
26863,53.73674980701297,1127
26864,53.73875020718447,1146
26865,53.74075060735597,1155
26866,53.742751007527474,1143
26867,53.74475140769897,1125
26868,53.746751807870474,1123
26869,53.74875220804197,1136
26870,53.750752608213475,1152
26871,53.75275300838497,1159
26872,53.754753408556475,1154
26873,53.75675380872797,1148
26874,53.758754208899475,1150
26875,53.76075460907097,1155
26876,53.762755009242476,1148
26877,53.76475540941397,1130
26878,53.766755809585476,1116
26879,53.76875620975697,1117
26880,53.770756609928476,1122
26881,53.77275701009997,1124
26882,53.77475741027148,1127
26883,53.77675781044297,1134
26884,53.77875821061448,1145
26885,53.78075861078597,1160
26886,53.78275901095748,1179
26887,53.784759411128974,1194
26888,53.78675981130048,1198
26889,53.78876021147198,1197
26890,53.79076061164348,1201
26891,53.79276101181498,1210
26892,53.79476141198648,1213
26893,53.79676181215798,1204
26894,53.79876221232948,1189
26895,53.80076261250098,1172
26896,53.80276301267248,1155
26897,53.80476341284398,1146
26898,53.80676381301548,1151
26899,53.80876421318698,1163
26900,53.81076461335848,1165
26901,53.81276501352998,1159
26902,53.81476541370148,1155
26903,53.81676581387298,1160
26904,53.81876621404448,1164
26905,53.820766614215984,1161
26906,53.82276701438748,1159
26907,53.824767414558984,1164
26908,53.82676781473048,1172
26909,53.828768214901984,1176
26910,53.83076861507348,1176
26911,53.832769015244985,1173
26912,53.83476941541649,1169
26913,53.836769815587985,1163
26914,53.83877021575949,1157
26915,53.840770615930985,1156
26916,53.84277101610249,1158
26917,53.844771416273986,1158
26918,53.84677181644549,1161
26919,53.848772216616986,1163
26920,53.85077261678849,1157
26921,53.852773016959986,1146
26922,53.85477341713149,1142
26923,53.85677381730299,1146
26924,53.85877421747449,1148
26925,53.86077461764599,1146
26926,53.86277501781749,1145
26927,53.86477541798899,1145
26928,53.86677581816049,1144
26929,53.86877621833199,1147
26930,53.87077661850349,1157
26931,53.87277701867499,1164
26932,53.87477741884649,1160
26933,53.87677781901799,1152
26934,53.87877821918949,1154
26935,53.880778619360996,1168
26936,53.88277901953249,1184
26937,53.884779419703996,1189
26938,53.88677981987549,1184
26939,53.888780220046996,1180
26940,53.89078062021849,1180
26941,53.89278102039,1185
26942,53.89478142056149,1192
26943,53.896781820733,1194
26944,53.898782220904494,1182
26945,53.900782621076,1163
26946,53.902783021247494,1159
26947,53.904783421419,1169
26948,53.906783821590494,1173
26949,53.908784221762,1162
26950,53.910784621933495,1153
26951,53.912785022105,1157
26952,53.914785422276495,1162
26953,53.916785822448,1158
26954,53.918786222619495,1149
26955,53.920786622791,1143
26956,53.922787022962495,1144
26957,53.924787423134,1150
26958,53.9267878233055,1155
26959,53.928788223477,1154
26960,53.9307886236485,1145
26961,53.93278902382,1133
26962,53.934789423991504,1129
26963,53.936789824163,1143
26964,53.938790224334504,1164
26965,53.940790624506,1176
26966,53.942791024677504,1174
26967,53.944791424849,1168
26968,53.946791825020505,1170
26969,53.948792225192,1183
26970,53.950792625363505,1194
26971,53.952793025535,1193
26972,53.954793425706505,1189
26973,53.956793825878,1193
26974,53.958794226049505,1198
26975,53.960794626221,1189
26976,53.962795026392506,1173
26977,53.964795426564,1168
26978,53.966795826735506,1176
26979,53.968796226907,1183
26980,53.970796627078506,1184
26981,53.97279702725001,1178
26982,53.97479742742151,1172
26983,53.97679782759301,1172
26984,53.97879822776451,1179
26985,53.98079862793601,1183
26986,53.98279902810751,1176
26987,53.98479942827901,1165
26988,53.98679982845051,1160
26989,53.98880022862201,1167
26990,53.99080062879351,1171
26991,53.99280102896501,1166
26992,53.99480142913651,1163
26993,53.99680182930801,1172
26994,53.99880222947951,1185
26995,54.00080262965101,1187
26996,54.00280302982251,1177
26997,54.00480342999401,1165
26998,54.00680383016551,1159
26999,54.00880423033701,1158
27000,54.01080463050851,1157
27001,54.01280503068001,1152
27002,54.01480543085151,1143
27003,54.016805831023014,1134
27004,54.01880623119452,1132
27005,54.020806631366014,1141
27006,54.02280703153752,1157
27007,54.024807431709014,1165
27008,54.02680783188052,1158
27009,54.028808232052015,1150
27010,54.03080863222352,1154
27011,54.032809032395015,1169
27012,54.03480943256652,1181
27013,54.036809832738015,1179
27014,54.03881023290952,1169
27015,54.040810633081016,1163
27016,54.04281103325252,1163
27017,54.044811433424016,1165
27018,54.04681183359552,1164
27019,54.048812233767016,1155
27020,54.05081263393852,1144
27021,54.05281303411002,1143
27022,54.05481343428152,1152
27023,54.05681383445302,1158
27024,54.05881423462452,1152
27025,54.06081463479602,1145
27026,54.06281503496752,1148
27027,54.064815435139025,1159
27028,54.06681583531052,1161
27029,54.068816235482025,1148
27030,54.07081663565352,1132
27031,54.072817035825025,1132
27032,54.07481743599652,1142
27033,54.076817836168026,1143
27034,54.07881823633952,1131
27035,54.080818636511026,1124
27036,54.08281903668252,1136
27037,54.084819436854026,1160
27038,54.08681983702552,1176
27039,54.08882023719703,1180
27040,54.09082063736852,1179
27041,54.09282103754003,1179
27042,54.09482143771152,1181
27043,54.09682183788303,1179
27044,54.098822238054524,1173
27045,54.10082263822603,1161
27046,54.102823038397524,1145
27047,54.10482343856903,1126
27048,54.106823838740524,1113
27049,54.10882423891203,1111
27050,54.11082463908353,1119
27051,54.11282503925503,1133
27052,54.11482543942653,1143
27053,54.11682583959803,1144
27054,54.11882623976953,1139
27055,54.12082663994103,1137
27056,54.12282704011253,1138
27057,54.12482744028403,1138
27058,54.12682784045553,1138
27059,54.12882824062703,1139
27060,54.13082864079853,1136
27061,54.13282904097003,1123
27062,54.134829441141534,1107
27063,54.13682984131303,1102
27064,54.138830241484534,1113
27065,54.14083064165603,1130
27066,54.142831041827534,1138
27067,54.14483144199903,1138
27068,54.146831842170535,1139
27069,54.14883224234203,1143
27070,54.150832642513535,1140
27071,54.15283304268503,1133
27072,54.154833442856535,1131
27073,54.15683384302804,1134
27074,54.158834243199536,1131
27075,54.16083464337104,1123
27076,54.162835043542536,1120
27077,54.16483544371404,1126
27078,54.166835843885536,1129
27079,54.16883624405704,1128
27080,54.17083664422854,1128
27081,54.17283704440004,1133
27082,54.17483744457154,1140
27083,54.17683784474304,1143
27084,54.17883824491454,1146
27085,54.18083864508604,1144
27086,54.18283904525754,1136
27087,54.18483944542904,1129
27088,54.18683984560054,1133
27089,54.18884024577204,1140
27090,54.19084064594354,1138
27091,54.19284104611504,1135
27092,54.19484144628654,1149
27093,54.19684184645804,1177
27094,54.19884224662954,1193
27095,54.20084264680104,1188
27096,54.202843046972546,1174
27097,54.20484344714404,1169
27098,54.20684384731555,1173
27099,54.20884424748704,1174
27100,54.21084464765855,1162
27101,54.212845047830044,1149
27102,54.21484544800155,1148
27103,54.216845848173044,1156
27104,54.21884624834455,1157
27105,54.220846648516044,1150
27106,54.22284704868755,1150
27107,54.224847448859045,1163
27108,54.22684784903055,1177
27109,54.228848249202045,1186
27110,54.23084864937355,1189
27111,54.232849049545045,1191
27112,54.23484944971655,1192
27113,54.236849849888046,1189
27114,54.23885025005955,1183
27115,54.240850650231046,1180
27116,54.24285105040255,1186
27117,54.244851450574046,1195
27118,54.24685185074555,1195
27119,54.248852250917054,1186
27120,54.25085265108855,1179
27121,54.252853051260054,1179
27122,54.25485345143155,1175
27123,54.256853851603054,1163
27124,54.25885425177455,1152
27125,54.260854651946055,1150
27126,54.26285505211755,1155
27127,54.264855452289055,1163
27128,54.26685585246055,1168
27129,54.268856252632055,1172
27130,54.27085665280355,1174
27131,54.272857052975056,1177
27132,54.27485745314655,1178
27133,54.276857853318056,1177
27134,54.27885825348955,1176
27135,54.280858653661056,1175
27136,54.28285905383255,1168
27137,54.28485945400406,1154
27138,54.28685985417555,1146
27139,54.28886025434706,1150
27140,54.29086065451855,1157
27141,54.29286105469006,1157
27142,54.29486145486156,1154
27143,54.29686185503306,1155
27144,54.29886225520456,1158
27145,54.30086265537606,1163
27146,54.30286305554756,1170
27147,54.30486345571906,1179
27148,54.30686385589056,1181
27149,54.30886425606206,1173
27150,54.31086465623356,1161
27151,54.31286505640506,1152
27152,54.31486545657656,1140
27153,54.31686585674806,1125
27154,54.31886625691956,1117
27155,54.32086665709106,1128
27156,54.32286705726256,1150
27157,54.32486745743406,1160
27158,54.32686785760556,1149
27159,54.32886825777706,1131
27160,54.330868657948564,1127
27161,54.33286905812006,1137
27162,54.334869458291564,1145
27163,54.33686985846306,1138
27164,54.338870258634564,1121
27165,54.34087065880607,1108
27166,54.342871058977565,1105
27167,54.34487145914907,1114
27168,54.346871859320565,1123
27169,54.34887225949207,1128
27170,54.350872659663565,1132
27171,54.35287305983507,1142
27172,54.354873460006566,1152
27173,54.35687386017807,1156
27174,54.358874260349566,1155
27175,54.36087466052107,1152
27176,54.362875060692566,1151
27177,54.36487546086407,1151
27178,54.36687586103557,1150
27179,54.36887626120707,1143
27180,54.37087666137857,1128
27181,54.37287706155007,1111
27182,54.37487746172157,1103
27183,54.37687786189307,1107
27184,54.37887826206457,1116
27185,54.38087866223607,1123
27186,54.38287906240757,1126
27187,54.38487946257907,1124
27188,54.386879862750575,1117
27189,54.38888026292207,1113
27190,54.390880663093576,1120
27191,54.39288106326507,1131
27192,54.394881463436576,1136
27193,54.39688186360807,1132
27194,54.398882263779576,1131
27195,54.40088266395107,1139
27196,54.40288306412258,1151
27197,54.40488346429407,1156
27198,54.40688386446558,1152
27199,54.408884264637074,1149
27200,54.41088466480858,1151
27201,54.412885064980074,1155
27202,54.41488546515158,1157
27203,54.416885865323074,1157
27204,54.41888626549458,1157
27205,54.420886665666075,1156
27206,54.42288706583758,1153
27207,54.424887466009075,1150
27208,54.42688786618058,1147
27209,54.428888266352075,1143
27210,54.43088866652358,1141
27211,54.43288906669508,1143
27212,54.43488946686658,1148
27213,54.43688986703808,1149
27214,54.43889026720958,1141
27215,54.44089066738108,1124
27216,54.44289106755258,1109
27217,54.444891467724084,1103
27218,54.44689186789558,1103
27219,54.448892268067084,1103
27220,54.45089266823858,1103
27221,54.452893068410084,1107
27222,54.45489346858158,1112
27223,54.456893868753085,1110
27224,54.45889426892458,1103
27225,54.460894669096085,1099
27226,54.46289506926758,1105
27227,54.464895469439085,1115
27228,54.46689586961058,1119
27229,54.468896269782086,1114
27230,54.47089666995358,1109
27231,54.472897070125086,1105
27232,54.47489747029658,1104
27233,54.476897870468086,1106
27234,54.47889827063959,1109
27235,54.48089867081109,1108
27236,54.48289907098259,1107
27237,54.48489947115409,1111
27238,54.48689987132559,1119
27239,54.48890027149709,1123
27240,54.49090067166859,1117
27241,54.49290107184009,1108
27242,54.49490147201159,1110
27243,54.49690187218309,1120
27244,54.49890227235459,1130
27245,54.50090267252609,1131
27246,54.50290307269759,1120
27247,54.50490347286909,1104
27248,54.50690387304059,1095
27249,54.50890427321209,1099
27250,54.51090467338359,1112
27251,54.51290507355509,1120
27252,54.51490547372659,1122
27253,54.51690587389809,1120
27254,54.51890627406959,1113
27255,54.52090667424109,1101
27256,54.52290707441259,1092
27257,54.5249074745841,1096
27258,54.526907874755594,1116
27259,54.5289082749271,1133
27260,54.530908675098594,1128
27261,54.5329090752701,1107
27262,54.534909475441594,1093
27263,54.5369098756131,1099
27264,54.538910275784595,1117
27265,54.5409106759561,1130
27266,54.542911076127595,1130
27267,54.5449114762991,1125
27268,54.546911876470595,1121
27269,54.5489122766421,1121
27270,54.550912676813596,1119
27271,54.5529130769851,1121
27272,54.554913477156596,1132
27273,54.5569138773281,1146
27274,54.558914277499596,1152
27275,54.5609146776711,1150
27276,54.5629150778426,1145
27277,54.5649154780141,1140
27278,54.5669158781856,1133
27279,54.5689162783571,1131
27280,54.570916678528604,1132
27281,54.5729170787001,1125
27282,54.574917478871605,1109
27283,54.5769178790431,1098
27284,54.578918279214605,1097
27285,54.5809186793861,1100
27286,54.582919079557605,1107
27287,54.5849194797291,1119
27288,54.586919879900606,1130
27289,54.5889202800721,1133
27290,54.590920680243606,1132
27291,54.5929210804151,1137
27292,54.594921480586606,1147
27293,54.5969218807581,1155
27294,54.59892228092961,1156
27295,54.6009226811011,1152
27296,54.60292308127261,1148
27297,54.604923481444104,1145
27298,54.60692388161561,1140
27299,54.608924281787104,1131
27300,54.61092468195861,1125
27301,54.612925082130104,1127
27302,54.61492548230161,1136
27303,54.61692588247311,1142
27304,54.61892628264461,1137
27305,54.62092668281611,1126
27306,54.62292708298761,1118
27307,54.62492748315911,1114
27308,54.62692788333061,1114
27309,54.62892828350211,1119
27310,54.63092868367361,1124
27311,54.63292908384511,1122
27312,54.63492948401661,1115
27313,54.63692988418811,1112
27314,54.63893028435961,1114
27315,54.640930684531114,1123
27316,54.64293108470261,1137
27317,54.644931484874114,1146
27318,54.64693188504561,1147
27319,54.648932285217114,1145
27320,54.65093268538861,1141
27321,54.652933085560115,1137
27322,54.65493348573161,1133
27323,54.656933885903115,1133
27324,54.65893428607461,1138
27325,54.660934686246115,1147
27326,54.66293508641762,1154
27327,54.664935486589115,1152
27328,54.66693588676062,1139
27329,54.668936286932116,1126
27330,54.67093668710362,1123
27331,54.672937087275116,1129
27332,54.67493748744662,1132
27333,54.67693788761812,1125
27334,54.67893828778962,1116
27335,54.68093868796112,1122
27336,54.68293908813262,1138
27337,54.68493948830412,1147
27338,54.68693988847562,1144
27339,54.68894028864712,1145
27340,54.69094068881862,1158
27341,54.69294108899012,1168
27342,54.69494148916162,1163
27343,54.69694188933312,1145
27344,54.69894228950462,1128
27345,54.70094268967612,1120
27346,54.70294308984762,1116
27347,54.70494349001912,1111
27348,54.70694389019062,1110
27349,54.708944290362126,1116
27350,54.71094469053362,1115
27351,54.71294509070513,1109
27352,54.71494549087662,1109
27353,54.71694589104813,1115
27354,54.71894629121962,1116
27355,54.72094669139113,1112
27356,54.722947091562624,1110
27357,54.72494749173413,1112
27358,54.726947891905624,1113
27359,54.72894829207713,1115
27360,54.730948692248624,1118
27361,54.73294909242013,1119
27362,54.734949492591625,1114
27363,54.73694989276313,1106
27364,54.738950292934625,1101
27365,54.74095069310613,1100
27366,54.742951093277625,1105
27367,54.74495149344913,1115
27368,54.746951893620626,1123
27369,54.74895229379213,1121
27370,54.750952693963626,1115
27371,54.75295309413513,1114
27372,54.75495349430663,1121
27373,54.75695389447813,1129
27374,54.758954294649634,1134
27375,54.76095469482113,1132
27376,54.762955094992634,1123
27377,54.76495549516413,1109
27378,54.766955895335634,1101
27379,54.76895629550713,1104
27380,54.770956695678635,1112
27381,54.77295709585013,1122
27382,54.774957496021635,1132
27383,54.77695789619313,1135
27384,54.778958296364635,1127
27385,54.78095869653613,1120
27386,54.782959096707636,1124
27387,54.78495949687913,1131
27388,54.786959897050636,1127
27389,54.78896029722213,1117
27390,54.790960697393636,1116
27391,54.79296109756513,1127
27392,54.79496149773664,1142
27393,54.79696189790813,1157
27394,54.79896229807964,1167
27395,54.80096269825114,1162
27396,54.80296309842264,1143
27397,54.80496349859414,1128
27398,54.80696389876564,1127
27399,54.80896429893714,1131
27400,54.81096469910864,1124
27401,54.81296509928014,1112
27402,54.81496549945164,1108
27403,54.81696589962314,1112
27404,54.81896629979464,1113
27405,54.82096669996614,1108
27406,54.82296710013764,1112
27407,54.82496750030914,1133
27408,54.82696790048064,1156
27409,54.82896830065214,1164
27410,54.83096870082364,1155
27411,54.83296910099514,1142
27412,54.83496950116664,1135
27413,54.83696990133814,1131
27414,54.83897030150964,1127
27415,54.840970701681144,1128
27416,54.84297110185264,1137
27417,54.844971502024144,1140
27418,54.84697190219565,1130
27419,54.848972302367144,1115
27420,54.85097270253865,1106
27421,54.852973102710145,1107
27422,54.85497350288165,1109
27423,54.856973903053145,1111
27424,54.85897430322465,1121
27425,54.860974703396145,1139
27426,54.86297510356765,1145
27427,54.864975503739146,1135
27428,54.86697590391065,1133
27429,54.868976304082146,1154
27430,54.87097670425365,1178
27431,54.872977104425146,1179
27432,54.87497750459665,1163
27433,54.87697790476815,1155
27434,54.87897830493965,1160
27435,54.88097870511115,1161
27436,54.88297910528265,1149
27437,54.88497950545415,1129
27438,54.88697990562565,1116
27439,54.88898030579715,1118
27440,54.89098070596865,1132
27441,54.892981106140155,1142
27442,54.89498150631165,1142
27443,54.896981906483155,1137
27444,54.89898230665465,1132
27445,54.900982706826156,1127
27446,54.90298310699765,1125
27447,54.904983507169156,1127
27448,54.90698390734065,1126
27449,54.908984307512156,1118
27450,54.91098470768365,1114
27451,54.91298510785516,1124
27452,54.91498550802665,1134
27453,54.91698590819816,1130
27454,54.918986308369654,1117
27455,54.92098670854116,1109
27456,54.922987108712654,1112
27457,54.92498750888416,1118
27458,54.926987909055654,1119
27459,54.92898830922716,1114
27460,54.930988709398655,1113
27461,54.93298910957016,1123
27462,54.934989509741655,1134
27463,54.93698990991316,1129
27464,54.93899031008466,1117
27465,54.94099071025616,1114
27466,54.94299111042766,1126
27467,54.94499151059916,1144
27468,54.94699191077066,1158
27469,54.94899231094216,1154
27470,54.95099271111366,1134
27471,54.95299311128516,1115
27472,54.954993511456664,1111
27473,54.95699391162816,1117
27474,54.958994311799664,1127
27475,54.96099471197116,1134
27476,54.962995112142664,1134
27477,54.96499551231416,1127
27478,54.966995912485665,1123
27479,54.96899631265716,1125
27480,54.970996712828665,1128
27481,54.97299711300016,1131
27482,54.974997513171665,1134
27483,54.97699791334316,1139
27484,54.978998313514666,1147
27485,54.98099871368616,1152
27486,54.982999113857666,1150
27487,54.98499951402917,1144
27488,54.986999914200666,1140
27489,54.98900031437217,1133
27490,54.99100071454367,1121
27491,54.99300111471517,1113
27492,54.99500151488667,1116
27493,54.99700191505817,1120
27494,54.99900231522967,1116
27495,55.00100271540117,1105
27496,55.00300311557267,1098
27497,55.00500351574417,1103
27498,55.00700391591567,1116
27499,55.00900431608717,1126
27500,55.01100471625867,1127
27501,55.01300511643017,1125
27502,55.01500551660167,1130
27503,55.01700591677317,1140
27504,55.01900631694467,1144
27505,55.02100671711617,1140
27506,55.02300711728767,1132
27507,55.02500751745917,1126
27508,55.02700791763067,1126
27509,55.02900831780217,1132
27510,55.03100871797368,1135
27511,55.03300911814517,1133
27512,55.03500951831668,1133
27513,55.037009918488174,1142
27514,55.03901031865968,1151
27515,55.041010718831174,1149
27516,55.04301111900268,1137
27517,55.045011519174174,1130
27518,55.04701191934568,1138
27519,55.049012319517175,1151
27520,55.05101271968868,1157
27521,55.053013119860175,1149
27522,55.05501352003168,1134
27523,55.057013920203175,1127
27524,55.05901432037468,1138
27525,55.061014720546176,1154
27526,55.06301512071768,1159
27527,55.065015520889176,1151
27528,55.06701592106068,1141
27529,55.069016321232176,1137
27530,55.07101672140368,1133
27531,55.07301712157518,1123
27532,55.07501752174668,1110
27533,55.077017921918184,1103
27534,55.07901832208968,1109
27535,55.081018722261184,1120
27536,55.08301912243268,1123
27537,55.085019522604185,1120
27538,55.08701992277568,1122
27539,55.089020322947185,1133
27540,55.09102072311868,1147
27541,55.093021123290185,1154
27542,55.09502152346168,1156
27543,55.097021923633186,1153
27544,55.09902232380468,1142
27545,55.101022723976186,1124
27546,55.10302312414768,1114
27547,55.105023524319186,1120
27548,55.10702392449068,1133
27549,55.10902432466219,1146
27550,55.11102472483368,1151
27551,55.11302512500519,1151
27552,55.115025525176684,1150
27553,55.11702592534819,1154
27554,55.119026325519684,1163
27555,55.12102672569119,1176
27556,55.12302712586269,1188
27557,55.12502752603419,1194
27558,55.12702792620569,1186
27559,55.12902832637719,1169
27560,55.13102872654869,1151
27561,55.13302912672019,1139
27562,55.13502952689169,1134
27563,55.13702992706319,1135
27564,55.13903032723469,1138
27565,55.14103072740619,1141
27566,55.14303112757769,1148
27567,55.14503152774919,1157
27568,55.14703192792069,1158
27569,55.14903232809219,1151
27570,55.151032728263694,1146
27571,55.15303312843519,1153
27572,55.155033528606694,1169
27573,55.15703392877819,1177
27574,55.159034328949694,1166
27575,55.16103472912119,1150
27576,55.163035129292695,1150
27577,55.16503552946419,1165
27578,55.167035929635695,1175
27579,55.1690363298072,1165
27580,55.171036729978695,1157
27581,55.1730371301502,1168
27582,55.175037530321696,1183
27583,55.1770379304932,1181
27584,55.179038330664696,1166
27585,55.1810387308362,1156
27586,55.183039131007696,1157
27587,55.1850395311792,1159
27588,55.1870399313507,1153
27589,55.1890403315222,1150
27590,55.1910407316937,1157
27591,55.1930411318652,1168
27592,55.1950415320367,1171
27593,55.1970419322082,1170
27594,55.1990423323797,1171
27595,55.2010427325512,1174
27596,55.2030431327227,1171
27597,55.2050435328942,1156
27598,55.2070439330657,1143
27599,55.2090443332372,1145
27600,55.2110447334087,1157
27601,55.2130451335802,1168
27602,55.215045533751706,1170
27603,55.2170459339232,1169
27604,55.219046334094706,1173
27605,55.2210467342662,1182
27606,55.22304713443771,1189
27607,55.2250475346092,1189
27608,55.22704793478071,1183
27609,55.2290483349522,1179
27610,55.23104873512371,1181
27611,55.233049135295204,1180
27612,55.23504953546671,1172
27613,55.237049935638204,1160
27614,55.23905033580971,1153
27615,55.241050735981204,1152
27616,55.24305113615271,1155
27617,55.245051536324205,1160
27618,55.24705193649571,1168
27619,55.249052336667205,1178
27620,55.25105273683871,1181
27621,55.253053137010205,1175
27622,55.25505353718171,1171
27623,55.257053937353206,1171
27624,55.25905433752471,1165
27625,55.26105473769621,1155
27626,55.26305513786771,1152
27627,55.26505553803921,1160
27628,55.26705593821071,1172
27629,55.269056338382214,1179
27630,55.27105673855371,1179
27631,55.273057138725214,1173
27632,55.27505753889671,1164
27633,55.277057939068214,1164
27634,55.27905833923971,1176
27635,55.281058739411215,1187
27636,55.28305913958271,1183
27637,55.285059539754215,1172
27638,55.28705993992571,1166
27639,55.289060340097215,1164
27640,55.29106074026871,1161
27641,55.293061140440216,1158
27642,55.29506154061171,1155
27643,55.297061940783216,1154
27644,55.29906234095471,1157
27645,55.301062741126216,1164
27646,55.30306314129771,1170
27647,55.30506354146922,1169
27648,55.30706394164072,1166
27649,55.30906434181222,1164
27650,55.31106474198372,1166
27651,55.31306514215522,1175
27652,55.31506554232672,1183
27653,55.31706594249822,1177
27654,55.31906634266972,1160
27655,55.32106674284122,1143
27656,55.32306714301272,1138
27657,55.32506754318422,1146
27658,55.32706794335572,1156
27659,55.32906834352722,1162
27660,55.33106874369872,1162
27661,55.33306914387022,1152
27662,55.33506954404172,1142
27663,55.33706994421322,1144
27664,55.33907034438472,1161
27665,55.34107074455622,1175
27666,55.34307114472772,1174
27667,55.34507154489922,1159
27668,55.347071945070724,1145
27669,55.34907234524222,1147
27670,55.351072745413724,1161
27671,55.35307314558523,1170
27672,55.355073545756724,1166
27673,55.35707394592823,1156
27674,55.359074346099725,1154
27675,55.36107474627123,1160
27676,55.363075146442725,1165
27677,55.36507554661423,1162
27678,55.367075946785725,1156
27679,55.36907634695723,1153
27680,55.371076747128726,1157
27681,55.37307714730023,1163
27682,55.375077547471726,1166
27683,55.37707794764323,1169
27684,55.379078347814726,1181
27685,55.38107874798623,1196
27686,55.38307914815773,1202
27687,55.38507954832923,1200
27688,55.38707994850073,1196
27689,55.38908034867223,1195
27690,55.39108074884373,1191
27691,55.39308114901523,1189
27692,55.395081549186735,1195
27693,55.39708194935823,1206
27694,55.399082349529735,1212
27695,55.40108274970123,1209
27696,55.403083149872735,1206
27697,55.40508355004423,1202
27698,55.407083950215736,1199
27699,55.40908435038723,1198
27700,55.411084750558736,1198
27701,55.41308515073023,1196
27702,55.415085550901736,1193
27703,55.41708595107323,1194
27704,55.41908635124474,1198
27705,55.42108675141623,1195
27706,55.42308715158774,1185
27707,55.42508755175923,1174
27708,55.42708795193074,1168
27709,55.429088352102234,1167
27710,55.43108875227374,1164
27711,55.433089152445234,1160
27712,55.43508955261674,1158
27713,55.437089952788234,1160
27714,55.43909035295974,1159
27715,55.44109075313124,1153
27716,55.44309115330274,1151
27717,55.44509155347424,1156
27718,55.44709195364574,1164
27719,55.44909235381724,1169
27720,55.45109275398874,1174
27721,55.45309315416024,1180
27722,55.45509355433174,1175
27723,55.45709395450324,1158
27724,55.45909435467474,1145
27725,55.46109475484624,1146
27726,55.46309515501774,1154
27727,55.465095555189244,1152
27728,55.46709595536074,1139
27729,55.469096355532244,1125
27730,55.47109675570374,1116
27731,55.473097155875244,1113
27732,55.47509755604674,1116
27733,55.477097956218245,1126
27734,55.47909835638974,1139
27735,55.481098756561245,1147
27736,55.48309915673274,1149
27737,55.485099556904245,1155
27738,55.48709995707575,1162
27739,55.489100357247246,1164
27740,55.49110075741875,1159
27741,55.493101157590246,1153
27742,55.49510155776175,1147
27743,55.497101957933246,1143
27744,55.49910235810475,1146
27745,55.50110275827625,1149
27746,55.50310315844775,1144
27747,55.50510355861925,1140
27748,55.50710395879075,1144
27749,55.50910435896225,1150
27750,55.51110475913375,1154
27751,55.51310515930525,1156
27752,55.51510555947675,1158
27753,55.51710595964825,1159
27754,55.51910635981975,1161
27755,55.52110675999125,1166
27756,55.52310716016275,1171
27757,55.52510756033425,1174
27758,55.52710796050575,1177
27759,55.52910836067725,1182
27760,55.53110876084875,1192
27761,55.533109161020256,1195
27762,55.53510956119175,1184
27763,55.53710996136326,1171
27764,55.53911036153475,1167
27765,55.54111076170626,1162
27766,55.54311116187775,1156
27767,55.54511156204926,1153
27768,55.547111962220754,1153
27769,55.54911236239226,1150
27770,55.551112762563754,1148
27771,55.55311316273526,1147
27772,55.555113562906755,1146
27773,55.55711396307826,1146
27774,55.559114363249755,1149
27775,55.56111476342126,1149
27776,55.563115163592755,1145
27777,55.56511556376426,1140
27778,55.567115963935755,1135
27779,55.56911636410726,1131
27780,55.571116764278756,1135
27781,55.57311716445026,1148
27782,55.575117564621756,1154
27783,55.57711796479326,1144
27784,55.57911836496476,1130
27785,55.58111876513626,1126
27786,55.583119165307764,1133
27787,55.58511956547926,1142
27788,55.587119965650764,1143
27789,55.58912036582226,1134
27790,55.591120765993765,1122
27791,55.59312116616526,1117
27792,55.595121566336765,1119
27793,55.59712196650826,1122
27794,55.599122366679765,1121
27795,55.60112276685126,1114
27796,55.603123167022765,1105
27797,55.60512356719426,1100
27798,55.607123967365766,1102
27799,55.60912436753726,1107
27800,55.611124767708766,1108
27801,55.61312516788026,1108
27802,55.615125568051766,1110
27803,55.61712596822326,1114
27804,55.61912636839477,1115
27805,55.62112676856626,1113
27806,55.62312716873777,1112
27807,55.62512756890927,1118
27808,55.62712796908077,1127
27809,55.62912836925227,1132
27810,55.63112876942377,1124
27811,55.63312916959527,1113
27812,55.63512956976677,1114
27813,55.63712996993827,1130
27814,55.63913037010977,1146
27815,55.64113077028127,1149
27816,55.64313117045277,1140
27817,55.64513157062427,1132
27818,55.64713197079577,1132
27819,55.64913237096727,1137
27820,55.65113277113877,1142
27821,55.65313317131027,1151
27822,55.65513357148177,1161
27823,55.65713397165327,1162
27824,55.65913437182477,1153
27825,55.661134771996274,1150
27826,55.66313517216777,1161
27827,55.665135572339274,1171
27828,55.66713597251077,1165
27829,55.669136372682274,1150
27830,55.67113677285378,1143
27831,55.673137173025275,1145
27832,55.67513757319678,1147
27833,55.677137973368275,1145
27834,55.67913837353978,1139
27835,55.681138773711275,1131
27836,55.68313917388278,1127
27837,55.685139574054276,1129
27838,55.68713997422578,1133
27839,55.689140374397276,1133
27840,55.69114077456878,1130
27841,55.693141174740276,1132
27842,55.69514157491178,1139
27843,55.69714197508328,1145
27844,55.69914237525478,1145
27845,55.70114277542628,1143
27846,55.70314317559778,1139
27847,55.70514357576928,1134
27848,55.70714397594078,1132
27849,55.70914437611228,1130
27850,55.71114477628378,1127
27851,55.71314517645528,1128
27852,55.71514557662678,1137
27853,55.717145976798285,1147
27854,55.71914637696978,1147
27855,55.721146777141286,1140
27856,55.72314717731278,1133
27857,55.725147577484286,1132
27858,55.72714797765578,1139
27859,55.729148377827286,1147
27860,55.73114877799878,1146
27861,55.73314917817029,1136
27862,55.73514957834178,1133
27863,55.73714997851329,1144
27864,55.73915037868478,1154
27865,55.74115077885629,1148
27866,55.743151179027784,1132
27867,55.74515157919929,1125
27868,55.747151979370784,1135
27869,55.74915237954229,1148
27870,55.751152779713784,1146
27871,55.75315317988529,1127
27872,55.755153580056785,1108
27873,55.75715398022829,1108
27874,55.759154380399785,1122
27875,55.76115478057129,1130
27876,55.76315518074279,1124
27877,55.76515558091429,1117
27878,55.76715598108579,1123
27879,55.76915638125729,1136
27880,55.77115678142879,1145
27881,55.77315718160029,1149
27882,55.77515758177179,1151
27883,55.77715798194329,1152
27884,55.779158382114794,1148
27885,55.78115878228629,1140
27886,55.783159182457794,1135
27887,55.78515958262929,1137
27888,55.787159982800794,1140
27889,55.78916038297229,1132
27890,55.791160783143795,1115
27891,55.79316118331529,1108
27892,55.795161583486795,1114
27893,55.79716198365829,1121
27894,55.799162383829795,1122
27895,55.80116278400129,1121
27896,55.803163184172796,1119
27897,55.80516358434429,1113
27898,55.807163984515796,1110
27899,55.8091643846873,1114
27900,55.811164784858796,1119
27901,55.8131651850303,1115
27902,55.8151655852018,1106
27903,55.8171659853733,1105
27904,55.8191663855448,1114
27905,55.8211667857163,1127
27906,55.8231671858878,1136
27907,55.8251675860593,1134
27908,55.8271679862308,1122
27909,55.8291683864023,1111
27910,55.8311687865738,1109
27911,55.8331691867453,1108
27912,55.8351695869168,1099
27913,55.8371699870883,1086
27914,55.8391703872598,1079
27915,55.8411707874313,1086
27916,55.8431711876028,1098
27917,55.8451715877743,1103
27918,55.8471719879458,1100
27919,55.8491723881173,1105
27920,55.8511727882888,1126
27921,55.8531731884603,1154
27922,55.85517358863181,1166
27923,55.857173988803304,1156
27924,55.85917438897481,1140
27925,55.861174789146304,1137
27926,55.86317518931781,1148
27927,55.865175589489304,1157
27928,55.86717598966081,1154
27929,55.869176389832305,1140
27930,55.87117679000381,1128
27931,55.873177190175305,1121
27932,55.87517759034681,1118
27933,55.877177990518305,1116
27934,55.87917839068981,1116
27935,55.881178790861306,1118
27936,55.88317919103281,1125
27937,55.885179591204306,1131
27938,55.88717999137581,1130
27939,55.889180391547306,1132
27940,55.89118079171881,1141
27941,55.89318119189031,1147
27942,55.89518159206181,1139
27943,55.89718199223331,1125
27944,55.89918239240481,1116
27945,55.901182792576314,1117
27946,55.90318319274781,1122
27947,55.905183592919315,1126
27948,55.90718399309081,1126
27949,55.909184393262315,1126
27950,55.91118479343381,1127
27951,55.913185193605315,1126
27952,55.91518559377681,1124
27953,55.917185993948316,1125
27954,55.91918639411981,1133
27955,55.921186794291316,1139
27956,55.92318719446281,1130
27957,55.925187594634316,1111
27958,55.92718799480581,1105
27959,55.92918839497732,1123
27960,55.93118879514881,1143
27961,55.93318919532032,1144
27962,55.93518959549181,1131
27963,55.93718999566332,1125
27964,55.939190395834814,1127
27965,55.94119079600632,1121
27966,55.943191196177814,1111
27967,55.94519159634932,1111
27968,55.94719199652082,1126
27969,55.94919239669232,1141
27970,55.95119279686382,1137
27971,55.95319319703532,1114
27972,55.95519359720682,1098
27973,55.95719399737832,1107
27974,55.95919439754982,1129
27975,55.96119479772132,1133
27976,55.96319519789282,1120
27977,55.96519559806432,1120
27978,55.96719599823582,1139
27979,55.96919639840732,1156
27980,55.97119679857882,1149
27981,55.97319719875032,1124
27982,55.975197598921824,1106
27983,55.97719799909332,1109
27984,55.979198399264824,1125
27985,55.98119879943632,1137
27986,55.983199199607824,1133
27987,55.98519959977932,1112
27988,55.987199999950825,1081
27989,55.98920040012232,1060
27990,55.991200800293825,1062
27991,55.99320120046533,1084
27992,55.995201600636825,1105
27993,55.99720200080833,1111
27994,55.999202400979826,1110
27995,56.00120280115133,1109
27996,56.003203201322826,1107
27997,56.00520360149433,1108
27998,56.007204001665826,1114
27999,56.00920440183733,1121
28000,56.01120480200883,1124
28001,56.01320520218033,1121
28002,56.01520560235183,1112
28003,56.01720600252333,1102
28004,56.01920640269483,1098
28005,56.02120680286633,1104
28006,56.02320720303783,1114
28007,56.02520760320933,1117
28008,56.02720800338083,1110
28009,56.02920840355233,1102
28010,56.03120880372383,1102
28011,56.03320920389533,1105
28012,56.03520960406683,1110
28013,56.03721000423833,1111
28014,56.039210404409836,1109
28015,56.04121080458133,1110
28016,56.043211204752836,1119
28017,56.04521160492433,1129
28018,56.04721200509584,1129
28019,56.04921240526733,1118
28020,56.05121280543884,1107
28021,56.053213205610334,1107
28022,56.05521360578184,1116
28023,56.057214005953334,1122
28024,56.05921440612484,1116
28025,56.061214806296334,1107
28026,56.06321520646784,1108
28027,56.065215606639335,1121
28028,56.06721600681084,1132
28029,56.069216406982335,1131
28030,56.07121680715384,1121
28031,56.073217207325335,1112
28032,56.07521760749684,1108
28033,56.077218007668336,1106
28034,56.07921840783984,1094
28035,56.081218808011336,1080
28036,56.08321920818284,1076
28037,56.08521960835434,1089
28038,56.08722000852584,1106
28039,56.089220408697344,1116
28040,56.09122080886884,1118
28041,56.093221209040344,1119
28042,56.09522160921184,1119
28043,56.097222009383344,1116
28044,56.09922240955484,1113
28045,56.101222809726345,1115
28046,56.10322320989784,1113
28047,56.105223610069345,1102
28048,56.10722401024084,1091
28049,56.109224410412345,1097
28050,56.11122481058384,1118
28051,56.113225210755346,1134
28052,56.11522561092684,1133
28053,56.117226011098346,1115
28054,56.11922641126984,1099
28055,56.121226811441346,1098
28056,56.12322721161284,1104
28057,56.12522761178435,1104
28058,56.12722801195584,1097
28059,56.12922841212735,1096
28060,56.13122881229885,1105
28061,56.13322921247035,1113
28062,56.13522961264185,1111
28063,56.13723001281335,1105
28064,56.13923041298485,1102
28065,56.14123081315635,1105
28066,56.14323121332785,1109
28067,56.14523161349935,1107
28068,56.14723201367085,1098
28069,56.14923241384235,1090
28070,56.15123281401385,1089
28071,56.15323321418535,1095
28072,56.15523361435685,1104
28073,56.15723401452835,1112
28074,56.15923441469985,1123
28075,56.16123481487135,1135
28076,56.16323521504285,1135
28077,56.16523561521435,1121
28078,56.16723601538585,1100
28079,56.16923641555735,1087
28080,56.171236815728854,1081
28081,56.17323721590035,1081
28082,56.175237616071854,1087
28083,56.17723801624336,1096
28084,56.179238416414854,1099
28085,56.18123881658636,1094
28086,56.183239216757855,1093
28087,56.18523961692936,1104
28088,56.187240017100855,1118
28089,56.18924041727236,1120
28090,56.191240817443855,1115
28091,56.19324121761536,1112
28092,56.195241617786856,1114
28093,56.19724201795836,1116
28094,56.199242418129856,1121
28095,56.20124281830136,1127
28096,56.203243218472856,1129
28097,56.20524361864436,1130
28098,56.20724401881586,1132
28099,56.20924441898736,1131
28100,56.21124481915886,1126
28101,56.21324521933036,1119
28102,56.21524561950186,1120
28103,56.21724601967336,1127
28104,56.21924641984486,1136
28105,56.22124682001636,1143
28106,56.223247220187865,1145
28107,56.22524762035936,1139
28108,56.227248020530865,1125
28109,56.22924842070236,1112
28110,56.231248820873866,1109
28111,56.23324922104536,1113
28112,56.235249621216866,1108
28113,56.23725002138836,1092
28114,56.239250421559866,1085
28115,56.24125082173136,1094
28116,56.24325122190287,1105
28117,56.24525162207436,1103
28118,56.24725202224587,1095
28119,56.249252422417364,1096
28120,56.25125282258887,1106
28121,56.253253222760364,1112
28122,56.25525362293187,1107
28123,56.257254023103364,1107
28124,56.25925442327487,1118
28125,56.261254823446365,1126
28126,56.26325522361787,1118
28127,56.265255623789365,1103
28128,56.26725602396087,1096
28129,56.26925642413237,1098
28130,56.27125682430387,1104
28131,56.27325722447537,1107
28132,56.27525762464687,1107
28133,56.27725802481837,1106
28134,56.27925842498987,1107
28135,56.28125882516137,1111
28136,56.28325922533287,1114
28137,56.285259625504374,1117
28138,56.28726002567587,1126
28139,56.289260425847374,1138
28140,56.29126082601887,1145
28141,56.293261226190374,1149
28142,56.29526162636187,1156
28143,56.297262026533375,1156
28144,56.29926242670487,1139
28145,56.301262826876375,1116
28146,56.30326322704787,1107
28147,56.305263627219375,1109
28148,56.30726402739087,1109
28149,56.309264427562375,1102
28150,56.31126482773387,1096
28151,56.313265227905376,1094
28152,56.31526562807688,1089
28153,56.317266028248376,1077
28154,56.31926642841988,1064
28155,56.32126682859138,1064
28156,56.32326722876288,1082
28157,56.32526762893438,1106
28158,56.32726802910588,1120
28159,56.32926842927738,1119
28160,56.33126882944888,1112
28161,56.33326922962038,1113
28162,56.33526962979188,1123
28163,56.33727002996338,1131
28164,56.33927043013488,1127
28165,56.34127083030638,1117
28166,56.34327123047788,1119
28167,56.34527163064938,1127
28168,56.34727203082088,1124
28169,56.34927243099238,1115
28170,56.35127283116388,1115
28171,56.35327323133538,1131
28172,56.35527363150688,1154
28173,56.35727403167838,1168
28174,56.35927443184988,1164
28175,56.36127483202139,1153
28176,56.36327523219288,1150
28177,56.36527563236439,1158
28178,56.367276032535884,1164
28179,56.36927643270739,1158
28180,56.371276832878884,1139
28181,56.37327723305039,1118
28182,56.375277633221884,1107
28183,56.37727803339339,1111
28184,56.379278433564885,1123
28185,56.38127883373639,1130
28186,56.383279233907885,1122
28187,56.38527963407939,1107
28188,56.387280034250885,1104
28189,56.38928043442239,1113
28190,56.391280834593886,1120
28191,56.39328123476539,1118
28192,56.395281634936886,1110
28193,56.39728203510839,1098
28194,56.399282435279886,1088
28195,56.40128283545139,1091
28196,56.40328323562289,1105
28197,56.40528363579439,1115
28198,56.407284035965894,1118
28199,56.40928443613739,1122
28200,56.411284836308894,1124
28201,56.41328523648039,1122
28202,56.415285636651895,1122
28203,56.41728603682339,1133
28204,56.419286436994895,1145
28205,56.42128683716639,1143
28206,56.423287237337895,1126
28207,56.42528763750939,1113
28208,56.427288037680896,1114
28209,56.42928843785239,1123
28210,56.431288838023896,1127
28211,56.43328923819539,1123
28212,56.435289638366896,1113
28213,56.43729003853839,1106
28214,56.4392904387099,1104
28215,56.44129083888139,1110
28216,56.4432912390529,1120
28217,56.44529163922439,1127
28218,56.4472920393959,1129
28219,56.449292439567394,1129
28220,56.4512928397389,1126
28221,56.4532932399104,1115
28222,56.4552936400819,1094
28223,56.4572940402534,1080
28224,56.4592944404249,1083
28225,56.4612948405964,1092
28226,56.4632952407679,1090
28227,56.4652956409394,1075
28228,56.4672960411109,1065
28229,56.4692964412824,1072
28230,56.4712968414539,1091
28231,56.4732972416254,1107
28232,56.4752976417969,1111
28233,56.4772980419684,1110
28234,56.4792984421399,1109
28235,56.4812988423114,1107
28236,56.4832992424829,1100
28237,56.485299642654404,1092
28238,56.4873000428259,1088
28239,56.489300442997404,1092
28240,56.4913008431689,1104
28241,56.493301243340404,1120
28242,56.4953016435119,1132
28243,56.497302043683405,1137
28244,56.49930244385491,1143
28245,56.501302844026405,1151
28246,56.50330324419791,1151
28247,56.505303644369405,1140
28248,56.50730404454091,1127
28249,56.509304444712406,1119
28250,56.51130484488391,1116
28251,56.513305245055406,1113
28252,56.51530564522691,1111
28253,56.517306045398406,1117
28254,56.51930644556991,1128
28255,56.52130684574141,1131
28256,56.52330724591291,1123
28257,56.52530764608441,1122
28258,56.52730804625591,1137
28259,56.52930844642741,1149
28260,56.53130884659891,1140
28261,56.53330924677041,1117
28262,56.53530964694191,1107
28263,56.53731004711341,1118
28264,56.53931044728491,1139
28265,56.54131084745641,1148
28266,56.54331124762791,1142
28267,56.545311647799416,1130
28268,56.54731204797091,1127
28269,56.549312448142416,1136
28270,56.55131284831391,1142
28271,56.553313248485416,1132
28272,56.55531364865691,1118
28273,56.55731404882842,1116
28274,56.55931444899991,1130
28275,56.56131484917142,1144
28276,56.563315249342914,1148
28277,56.56531564951442,1150
28278,56.567316049685914,1158
28279,56.56931644985742,1168
28280,56.571316850028914,1170
28281,56.57331725020042,1167
28282,56.575317650371915,1169
28283,56.57731805054342,1177
28284,56.579318450714915,1178
28285,56.58131885088642,1171
28286,56.583319251057915,1159
28287,56.58531965122942,1147
28288,56.587320051400916,1138
28289,56.58932045157242,1133
28290,56.59132085174392,1125
28291,56.59332125191542,1115
28292,56.59532165208692,1112
28293,56.59732205225842,1116
28294,56.599322452429924,1117
28295,56.60132285260142,1114
28296,56.603323252772924,1113
28297,56.60532365294442,1115
28298,56.607324053115924,1114
28299,56.60932445328742,1112
28300,56.611324853458925,1113
28301,56.61332525363042,1116
28302,56.615325653801925,1115
28303,56.61732605397342,1109
28304,56.619326454144925,1100
28305,56.62132685431642,1096
28306,56.623327254487926,1100
28307,56.62532765465942,1112
28308,56.627328054830926,1125
28309,56.62932845500242,1135
28310,56.631328855173926,1138
28311,56.63332925534542,1135
28312,56.63532965551693,1131
28313,56.63733005568843,1128
28314,56.63933045585993,1123
28315,56.64133085603143,1117
28316,56.64333125620293,1109
28317,56.64533165637443,1097
28318,56.64733205654593,1089
28319,56.64933245671743,1093
28320,56.65133285688893,1106
28321,56.65333325706043,1114
28322,56.65533365723193,1116
28323,56.65733405740343,1123
28324,56.65933445757493,1135
28325,56.66133485774643,1139
28326,56.66333525791793,1132
28327,56.66533565808943,1122
28328,56.66733605826093,1116
28329,56.66933645843243,1114
28330,56.67133685860393,1113
28331,56.67333725877543,1109
28332,56.67533765894693,1102
28333,56.67733805911843,1098
28334,56.67933845928993,1100
28335,56.681338859461434,1104
28336,56.68333925963294,1109
28337,56.685339659804434,1116
28338,56.68734005997594,1120
28339,56.689340460147434,1114
28340,56.69134086031894,1102
28341,56.693341260490435,1092
28342,56.69534166066194,1089
28343,56.697342060833435,1090
28344,56.69934246100494,1094
28345,56.701342861176435,1100
28346,56.70334326134794,1107
28347,56.705343661519436,1114
28348,56.70734406169094,1120
28349,56.709344461862436,1123
28350,56.71134486203394,1124
28351,56.713345262205436,1126
28352,56.71534566237694,1133
28353,56.71734606254844,1137
28354,56.71934646271994,1129
28355,56.72134686289144,1109
28356,56.72334726306294,1094
28357,56.72534766323444,1095
28358,56.72734806340594,1107
28359,56.729348463577445,1117
28360,56.73134886374894,1118
28361,56.733349263920445,1112
28362,56.73534966409194,1105
28363,56.737350064263445,1106
28364,56.73935046443494,1116
28365,56.741350864606446,1129
28366,56.74335126477794,1129
28367,56.745351664949446,1116
28368,56.74735206512094,1103
28369,56.749352465292446,1103
28370,56.75135286546394,1113
28371,56.75335326563545,1123
28372,56.75535366580694,1127
28373,56.75735406597845,1128
28374,56.759354466149944,1131
28375,56.76135486632145,1131
28376,56.763355266492944,1131
28377,56.76535566666445,1131
28378,56.767356066835944,1130
28379,56.76935646700745,1123
28380,56.771356867178945,1113
28381,56.77335726735045,1105
28382,56.77535766752195,1101
28383,56.77735806769345,1103
28384,56.77935846786495,1113
28385,56.78135886803645,1128
28386,56.78335926820795,1138
28387,56.78535966837945,1137
28388,56.78736006855095,1130
28389,56.78936046872245,1128
28390,56.79136086889395,1136
28391,56.79336126906545,1150
28392,56.795361669236954,1155
28393,56.79736206940845,1149
28394,56.799362469579954,1138
28395,56.80136286975145,1131
28396,56.803363269922954,1132
28397,56.80536367009445,1135
28398,56.807364070265955,1139
28399,56.80936447043745,1143
28400,56.811364870608955,1142
28401,56.81336527078045,1131
28402,56.815365670951955,1118
28403,56.81736607112345,1113
28404,56.819366471294956,1115
28405,56.82136687146646,1124
28406,56.823367271637956,1133
28407,56.82536767180946,1130
28408,56.827368071980956,1115
28409,56.82936847215246,1103
28410,56.83136887232396,1110
28411,56.83336927249546,1127
28412,56.83536967266696,1136
28413,56.83737007283846,1133
28414,56.83937047300996,1127
28415,56.84137087318146,1125
28416,56.84337127335296,1126
28417,56.84537167352446,1127
28418,56.84737207369596,1124
28419,56.84937247386746,1121
28420,56.85137287403896,1125
28421,56.85337327421046,1132
28422,56.85537367438196,1134
28423,56.85737407455346,1126
28424,56.85937447472496,1116
28425,56.86137487489646,1113
28426,56.86337527506796,1118
28427,56.86537567523946,1128
28428,56.86737607541097,1140
28429,56.86937647558246,1149
28430,56.87137687575397,1148
28431,56.87337727592546,1140
28432,56.87537767609697,1135
28433,56.877378076268464,1134
28434,56.87937847643997,1135
28435,56.881378876611464,1133
28436,56.88337927678297,1134
28437,56.885379676954464,1142
28438,56.88738007712597,1151
28439,56.889380477297465,1154
28440,56.89138087746897,1146
28441,56.893381277640465,1135
28442,56.89538167781197,1132
28443,56.897382077983465,1137
28444,56.89938247815497,1142
28445,56.901382878326466,1145
28446,56.90338327849797,1145
28447,56.905383678669466,1138
28448,56.90738407884097,1132
28449,56.909384479012466,1133
28450,56.91138487918397,1132
28451,56.913385279355474,1129
28452,56.91538567952697,1129
28453,56.917386079698474,1129
28454,56.91938647986997,1122
28455,56.921386880041474,1116
28456,56.92338728021297,1119
28457,56.925387680384475,1125
28458,56.92738808055597,1123
28459,56.929388480727475,1115
28460,56.93138888089897,1108
28461,56.933389281070475,1107
28462,56.93538968124197,1112
28463,56.937390081413476,1116
28464,56.93939048158497,1113
28465,56.941390881756476,1108
28466,56.94339128192797,1105
28467,56.945391682099476,1107
28468,56.94739208227097,1114
28469,56.94939248244248,1122
28470,56.95139288261397,1124
28471,56.95339328278548,1122
28472,56.955393682956974,1122
28473,56.95739408312848,1122
28474,56.95939448329998,1111
28475,56.96139488347148,1092
28476,56.96339528364298,1082
28477,56.96539568381448,1088
28478,56.96739608398598,1100
28479,56.96939648415748,1104
28480,56.97139688432898,1098
28481,56.97339728450048,1091
28482,56.97539768467198,1089
28483,56.97739808484348,1088
28484,56.97939848501498,1085
28485,56.98139888518648,1085
28486,56.98339928535798,1093
28487,56.98539968552948,1101
28488,56.98740008570098,1103
28489,56.98940048587248,1099
28490,56.991400886043984,1092
28491,56.99340128621548,1091
28492,56.995401686386984,1097
28493,56.99740208655848,1108
28494,56.999402486729984,1119
28495,57.00140288690148,1120
28496,57.003403287072985,1115
28497,57.00540368724449,1116
28498,57.007404087415985,1124
28499,57.00940448758749,1131
28500,57.011404887758985,1130
28501,57.01340528793049,1132
28502,57.015405688101986,1142
28503,57.01740608827349,1153
28504,57.019406488444986,1154
28505,57.02140688861649,1145
28506,57.023407288787986,1135
28507,57.02540768895949,1129
28508,57.02740808913099,1123
28509,57.02940848930249,1117
28510,57.03140888947399,1121
28511,57.03340928964549,1138
28512,57.03540968981699,1149
28513,57.03741008998849,1143
28514,57.03941049015999,1128
28515,57.04141089033149,1119
28516,57.04341129050299,1124
28517,57.04541169067449,1135
28518,57.04741209084599,1142
28519,57.04941249101749,1132
28520,57.051412891188996,1113
28521,57.05341329136049,1100
28522,57.055413691531996,1099
28523,57.05741409170349,1104
28524,57.059414491874996,1114
28525,57.06141489204649,1128
28526,57.063415292218,1139
28527,57.06541569238949,1136
28528,57.067416092561,1122
28529,57.06941649273249,1111
28530,57.071416892904,1111
28531,57.073417293075494,1112
28532,57.075417693247,1108
28533,57.077418093418494,1105
28534,57.07941849359,1109
28535,57.081418893761494,1110
28536,57.083419293933,1103
28537,57.085419694104495,1095
28538,57.087420094276,1094
28539,57.089420494447495,1098
28540,57.091420894619,1102
28541,57.093421294790495,1106
28542,57.095421694962,1109
28543,57.0974220951335,1107
28544,57.099422495305,1105
28545,57.1014228954765,1113
28546,57.103423295648,1127
28547,57.1054236958195,1133
28548,57.107424095991,1129
28549,57.109424496162504,1126
28550,57.111424896334,1130
28551,57.113425296505504,1135
28552,57.115425696677,1138
28553,57.117426096848504,1141
28554,57.11942649702,1143
28555,57.121426897191505,1142
28556,57.123427297363,1142
28557,57.125427697534505,1145
28558,57.127428097706,1147
28559,57.129428497877505,1151
28560,57.131428898049,1154
28561,57.133429298220506,1152
28562,57.135429698392,1144
28563,57.137430098563506,1132
28564,57.139430498735,1121
28565,57.141430898906506,1120
28566,57.14343129907801,1123
28567,57.14543169924951,1112
28568,57.14743209942101,1086
28569,57.14943249959251,1071
28570,57.15143289976401,1083
28571,57.15343329993551,1099
28572,57.15543370010701,1095
28573,57.15743410027851,1075
28574,57.15943450045001,1068
28575,57.16143490062151,1084
28576,57.16343530079301,1109
28577,57.16543570096451,1120
28578,57.16743610113601,1112
28579,57.16943650130751,1097
28580,57.17143690147901,1089
28581,57.17343730165051,1092
28582,57.17543770182201,1099
28583,57.17743810199351,1103
28584,57.17943850216501,1106
28585,57.18143890233651,1110
28586,57.18343930250801,1113
28587,57.18543970267951,1114
28588,57.18744010285101,1118
28589,57.18944050302252,1130
28590,57.191440903194014,1148
28591,57.19344130336552,1163
28592,57.195441703537014,1164
28593,57.19744210370852,1149
28594,57.199442503880014,1133
28595,57.20144290405152,1128
28596,57.203443304223015,1126
28597,57.20544370439452,1116
28598,57.207444104566015,1103
28599,57.20944450473752,1101
28600,57.211444904909015,1110
28601,57.21344530508052,1113
28602,57.215445705252016,1101
28603,57.21744610542352,1084
28604,57.219446505595016,1082
28605,57.22144690576652,1101
28606,57.223447305938016,1127
28607,57.22544770610952,1140
28608,57.22744810628102,1137
28609,57.22944850645252,1132
28610,57.23144890662402,1131
28611,57.23344930679552,1129
28612,57.235449706967024,1121
28613,57.23745010713852,1118
28614,57.239450507310025,1128
28615,57.24145090748152,1138
28616,57.243451307653025,1131
28617,57.24545170782452,1112
28618,57.247452107996025,1102
28619,57.24945250816752,1112
28620,57.251452908339026,1128
28621,57.25345330851052,1137
28622,57.255453708682026,1139
28623,57.25745410885352,1140
28624,57.259454509025026,1140
28625,57.26145490919652,1140
28626,57.26345530936803,1137
28627,57.26545570953952,1132
28628,57.26745610971103,1131
28629,57.269456509882524,1137
28630,57.27145691005403,1140
28631,57.273457310225524,1129
28632,57.27545771039703,1114
28633,57.277458110568524,1114
28634,57.27945851074003,1124
28635,57.28145891091153,1125
28636,57.28345931108303,1114
28637,57.28545971125453,1106
28638,57.28746011142603,1106
28639,57.28946051159753,1107
28640,57.29146091176903,1107
28641,57.29346131194053,1110
28642,57.29546171211203,1115
28643,57.29746211228353,1118
28644,57.29946251245503,1120
28645,57.30146291262653,1123
28646,57.30346331279803,1128
28647,57.305463712969534,1130
28648,57.30746411314103,1129
28649,57.309464513312534,1131
28650,57.31146491348403,1137
28651,57.313465313655534,1146
28652,57.31546571382703,1146
28653,57.317466113998535,1134
28654,57.31946651417003,1122
28655,57.321466914341535,1121
28656,57.32346731451303,1130
28657,57.325467714684535,1140
28658,57.32746811485604,1144
28659,57.329468515027536,1140
28660,57.33146891519904,1129
28661,57.333469315370536,1120
28662,57.33546971554204,1121
28663,57.337470115713536,1124
28664,57.33947051588504,1122
28665,57.34147091605654,1116
28666,57.34347131622804,1108
28667,57.34547171639954,1103
28668,57.34747211657104,1106
28669,57.34947251674254,1118
28670,57.35147291691404,1133
28671,57.35347331708554,1145
28672,57.35547371725704,1144
28673,57.35747411742854,1135
28674,57.35947451760004,1133
28675,57.36147491777154,1143
28676,57.36347531794304,1156
28677,57.36547571811454,1158
28678,57.36747611828604,1152
28679,57.36947651845754,1149
28680,57.37147691862904,1158
28681,57.373477318800546,1169
28682,57.37547771897204,1166
28683,57.37747811914355,1153
28684,57.37947851931504,1144
28685,57.38147891948655,1144
28686,57.38347931965804,1146
28687,57.38547971982955,1141
28688,57.387480120001044,1129
28689,57.38948052017255,1120
28690,57.391480920344044,1123
28691,57.39348132051555,1136
28692,57.395481720687044,1143
28693,57.39748212085855,1142
28694,57.399482521030045,1145
28695,57.40148292120155,1157
28696,57.403483321373045,1166
28697,57.40548372154455,1164
28698,57.407484121716045,1155
28699,57.40948452188755,1150
28700,57.411484922059046,1155
28701,57.41348532223055,1161
28702,57.415485722402046,1157
28703,57.41748612257355,1148
28704,57.41948652274505,1144
28705,57.42148692291655,1138
28706,57.423487323088054,1119
28707,57.42548772325955,1096
28708,57.427488123431054,1089
28709,57.42948852360255,1097
28710,57.431488923774054,1100
28711,57.43348932394555,1095
28712,57.435489724117055,1098
28713,57.43749012428855,1117
28714,57.439490524460055,1136
28715,57.44149092463155,1146
28716,57.443491324803055,1149
28717,57.44549172497455,1155
28718,57.447492125146056,1160
28719,57.44949252531755,1160
28720,57.451492925489056,1146
28721,57.45349332566055,1122
28722,57.455493725832056,1098
28723,57.45749412600355,1089
28724,57.45949452617506,1095
28725,57.46149492634655,1101
28726,57.46349532651806,1101
28727,57.46549572668956,1096
28728,57.46749612686106,1088
28729,57.46949652703256,1080
28730,57.47149692720406,1084
28731,57.47349732737556,1102
28732,57.47549772754706,1113
28733,57.47749812771856,1108
28734,57.47949852789006,1106
28735,57.48149892806156,1118
28736,57.48349932823306,1130
28737,57.48549972840456,1127
28738,57.48750012857606,1120
28739,57.48950052874756,1124
28740,57.49150092891906,1136
28741,57.49350132909056,1144
28742,57.49550172926206,1144
28743,57.49750212943356,1138
28744,57.49950252960506,1128
28745,57.501502929776564,1120
28746,57.50350332994806,1116
28747,57.505503730119564,1113
28748,57.50750413029106,1112
28749,57.509504530462564,1113
28750,57.51150493063407,1110
28751,57.513505330805565,1096
28752,57.51550573097707,1084
28753,57.517506131148565,1091
28754,57.51950653132007,1107
28755,57.521506931491565,1115
28756,57.52350733166307,1112
28757,57.525507731834566,1108
28758,57.52750813200607,1107
28759,57.529508532177566,1109
28760,57.53150893234907,1113
28761,57.533509332520566,1114
28762,57.53550973269207,1108
28763,57.53751013286357,1099
28764,57.53951053303507,1095
28765,57.54151093320657,1098
28766,57.54351133337807,1104
28767,57.54551173354957,1105
28768,57.54751213372107,1101
28769,57.54951253389257,1090
28770,57.55151293406407,1078
28771,57.55351333423557,1072
28772,57.55551373440707,1075
28773,57.557514134578575,1083
28774,57.55951453475007,1089
28775,57.561514934921576,1096
28776,57.56351533509307,1108
28777,57.565515735264576,1120
28778,57.56751613543607,1123
28779,57.569516535607576,1114
28780,57.57151693577907,1104
28781,57.57351733595058,1102
28782,57.57551773612207,1111
28783,57.57751813629358,1118
28784,57.57951853646507,1118
28785,57.58151893663658,1106
28786,57.583519336808074,1087
28787,57.58551973697958,1071
28788,57.587520137151074,1068
28789,57.58952053732258,1082
28790,57.591520937494074,1101
28791,57.59352133766558,1112
28792,57.595521737837075,1109
28793,57.59752213800858,1097
28794,57.599522538180075,1084
28795,57.60152293835158,1078
28796,57.60352333852308,1082
28797,57.60552373869458,1090
28798,57.60752413886608,1100
28799,57.60952453903758,1109
28800,57.61152493920908,1112
28801,57.61352533938058,1110
28802,57.61552573955208,1111
28803,57.61752613972358,1112
28804,57.619526539895084,1108
28805,57.62152694006658,1109
28806,57.623527340238084,1124
28807,57.62552774040958,1137
28808,57.627528140581084,1132
28809,57.62952854075258,1123
28810,57.631528940924085,1127
28811,57.63352934109558,1139
28812,57.635529741267085,1145
28813,57.63753014143858,1142
28814,57.639530541610085,1137
28815,57.64153094178158,1137
28816,57.643531341953086,1137
28817,57.64553174212458,1125
28818,57.647532142296086,1107
28819,57.64953254246759,1106
28820,57.651532942639086,1132
28821,57.65353334281059,1166
28822,57.65553374298209,1178
28823,57.65753414315359,1156
28824,57.65953454332509,1124
28825,57.66153494349659,1108
28826,57.66353534366809,1114
28827,57.66553574383959,1128
28828,57.66753614401109,1133
28829,57.66953654418259,1122
28830,57.67153694435409,1103
28831,57.67353734452559,1092
28832,57.67553774469709,1093
28833,57.67753814486859,1099
28834,57.67953854504009,1108
28835,57.68153894521159,1123
28836,57.68353934538309,1141
28837,57.68553974555459,1153
28838,57.68754014572609,1156
28839,57.68954054589759,1155
28840,57.69154094606909,1156
28841,57.69354134624059,1156
28842,57.6955417464121,1148
28843,57.697542146583594,1135
28844,57.6995425467551,1124
28845,57.701542946926594,1119
28846,57.7035433470981,1113
28847,57.705543747269594,1106
28848,57.7075441474411,1100
28849,57.709544547612595,1098
28850,57.7115449477841,1103
28851,57.713545347955595,1110
28852,57.7155457481271,1114
28853,57.717546148298595,1117
28854,57.7195465484701,1121
28855,57.721546948641596,1121
28856,57.7235473488131,1113
28857,57.725547748984596,1104
28858,57.7275481491561,1100
28859,57.729548549327596,1100
28860,57.7315489494991,1095
28861,57.7335493496706,1089
28862,57.7355497498421,1092
28863,57.7375501500136,1107
28864,57.7395505501851,1127
28865,57.741550950356604,1143
28866,57.7435513505281,1144
28867,57.745551750699605,1133
28868,57.7475521508711,1125
28869,57.749552551042605,1126
28870,57.7515529512141,1131
28871,57.753553351385605,1133
28872,57.7555537515571,1134
28873,57.757554151728606,1138
28874,57.7595545519001,1150
28875,57.761554952071606,1163
28876,57.7635553522431,1169
28877,57.765555752414606,1166
28878,57.7675561525861,1158
28879,57.76955655275761,1151
28880,57.7715569529291,1147
28881,57.77355735310061,1150
28882,57.7755577532721,1159
28883,57.77755815344361,1164
28884,57.779558553615104,1155
28885,57.78155895378661,1138
28886,57.783559353958104,1127
28887,57.78555975412961,1130
28888,57.78756015430111,1141
28889,57.78956055447261,1152
28890,57.79156095464411,1155
28891,57.79356135481561,1143
28892,57.79556175498711,1124
28893,57.79756215515861,1112
28894,57.79956255533011,1117
28895,57.80156295550161,1133
28896,57.80356335567311,1148
28897,57.80556375584461,1151
28898,57.80756415601611,1148
28899,57.80956455618761,1150
28900,57.81156495635911,1156
28901,57.81356535653061,1150
28902,57.815565756702114,1135
28903,57.81756615687361,1126
28904,57.819566557045114,1126
28905,57.82156695721661,1125
28906,57.823567357388114,1122
28907,57.82556775755961,1125
28908,57.827568157731115,1130
28909,57.82956855790261,1127
28910,57.831568958074115,1114
28911,57.83356935824562,1102
28912,57.835569758417115,1102
28913,57.83757015858862,1109
28914,57.839570558760116,1110
28915,57.84157095893162,1098
28916,57.843571359103116,1087
28917,57.84557175927462,1090
28918,57.847572159446116,1104
28919,57.84957255961762,1115
28920,57.85157295978912,1117
28921,57.85357335996062,1117
28922,57.85557376013212,1125
28923,57.85757416030362,1139
28924,57.85957456047512,1149
28925,57.86157496064662,1145
28926,57.86357536081812,1136
28927,57.86557576098962,1131
28928,57.86757616116112,1133
28929,57.86957656133262,1136
28930,57.87157696150412,1140
28931,57.87357736167562,1138
28932,57.87557776184712,1125
28933,57.87757816201862,1111
28934,57.879578562190126,1113
28935,57.88157896236162,1130
28936,57.883579362533126,1149
28937,57.88557976270462,1167
28938,57.88758016287613,1181
28939,57.88958056304762,1187
28940,57.89158096321913,1181
28941,57.89358136339062,1168
28942,57.89558176356213,1159
28943,57.897582163733624,1160
28944,57.89958256390513,1168
28945,57.901582964076624,1173
28946,57.90358336424813,1170
28947,57.905583764419625,1163
28948,57.90758416459113,1160
28949,57.909584564762625,1171
28950,57.91158496493413,1192
28951,57.913585365105625,1210
28952,57.91558576527713,1212
28953,57.917586165448625,1199
28954,57.91958656562013,1184
28955,57.921586965791626,1175
28956,57.92358736596313,1165
28957,57.92558776613463,1144
28958,57.92758816630613,1119
28959,57.92958856647763,1102
28960,57.93158896664913,1098
28961,57.933589366820634,1106
28962,57.93558976699213,1119
28963,57.937590167163634,1127
28964,57.93959056733513,1120
28965,57.941590967506635,1109
28966,57.94359136767813,1106
28967,57.945591767849635,1120
28968,57.94759216802113,1144
28969,57.949592568192635,1158
28970,57.95159296836413,1146
28971,57.953593368535635,1122
28972,57.95559376870713,1113
28973,57.957594168878636,1128
28974,57.95959456905013,1144
28975,57.961594969221636,1147
28976,57.96359536939313,1142
28977,57.965595769564636,1132
28978,57.96759616973613,1118
28979,57.96959656990764,1112
28980,57.97159697007914,1122
28981,57.97359737025064,1137
28982,57.97559777042214,1142
28983,57.97759817059364,1139
28984,57.97959857076514,1139
28985,57.98159897093664,1144
28986,57.98359937110814,1141
28987,57.98559977127964,1128
28988,57.98760017145114,1117
28989,57.98960057162264,1116
28990,57.99160097179414,1117
28991,57.99360137196564,1114
28992,57.99560177213714,1109
28993,57.99760217230864,1111
28994,57.99960257248014,1124
28995,58.00160297265164,1142
28996,58.00360337282314,1154
28997,58.00560377299464,1152
28998,58.00760417316614,1142
28999,58.00960457333764,1138
29000,58.011604973509144,1138
29001,58.01360537368064,1133
29002,58.015605773852144,1128
29003,58.01760617402365,1129
29004,58.019606574195144,1136
29005,58.02160697436665,1141
29006,58.023607374538145,1142
29007,58.02560777470965,1139
29008,58.027608174881145,1137
29009,58.02960857505265,1141
29010,58.031608975224145,1149
29011,58.03360937539565,1154
29012,58.035609775567146,1154
29013,58.03761017573865,1151
29014,58.039610575910146,1140
29015,58.04161097608165,1122
29016,58.043611376253146,1105
29017,58.04561177642465,1103
29018,58.04761217659615,1113
29019,58.04961257676765,1123
29020,58.05161297693915,1126
29021,58.05361337711065,1130
29022,58.05561377728215,1142
29023,58.05761417745365,1158
29024,58.05961457762515,1166
29025,58.06161497779665,1165
29026,58.063615377968155,1168
29027,58.06561577813965,1178
29028,58.067616178311155,1188
29029,58.06961657848265,1191
29030,58.071616978654156,1183
29031,58.07361737882565,1165
29032,58.075617778997156,1147
29033,58.07761817916865,1140
29034,58.079618579340156,1144
29035,58.08161897951165,1148
29036,58.08361937968316,1143
29037,58.08561977985465,1133
29038,58.08762018002616,1131
29039,58.08962058019765,1139
29040,58.09162098036916,1152
29041,58.093621380540654,1162
29042,58.09562178071216,1164
29043,58.097622180883654,1158
29044,58.09962258105516,1148
29045,58.101622981226654,1137
29046,58.10362338139816,1133
29047,58.105623781569655,1142
29048,58.10762418174116,1154
29049,58.10962458191266,1153
29050,58.11162498208416,1139
29051,58.11362538225566,1131
29052,58.11562578242716,1136
29053,58.11762618259866,1143
29054,58.11962658277016,1143
29055,58.12162698294166,1143
29056,58.12362738311316,1149
29057,58.12562778328466,1154
29058,58.12762818345616,1155
29059,58.129628583627664,1152
29060,58.13162898379916,1152
29061,58.133629383970664,1152
29062,58.13562978414216,1150
29063,58.137630184313664,1148
29064,58.13963058448516,1143
29065,58.141630984656665,1133
29066,58.14363138482816,1127
29067,58.145631784999665,1130
29068,58.14763218517116,1134
29069,58.149632585342665,1128
29070,58.15163298551416,1115
29071,58.153633385685666,1108
29072,58.15563378585717,1116
29073,58.157634186028666,1135
29074,58.15963458620017,1154
29075,58.161634986371666,1158
29076,58.16363538654317,1147
29077,58.16563578671467,1136
29078,58.16763618688617,1134
29079,58.16963658705767,1140
29080,58.17163698722917,1148
29081,58.17363738740067,1154
29082,58.17563778757217,1151
29083,58.17763818774367,1141
29084,58.17963858791517,1131
29085,58.18163898808667,1128
29086,58.18363938825817,1134
29087,58.18563978842967,1144
29088,58.18764018860117,1153
29089,58.18964058877267,1158
29090,58.19164098894417,1158
29091,58.19364138911567,1155
29092,58.19564178928717,1154
29093,58.19764218945867,1155
29094,58.19964258963017,1153
29095,58.20164298980168,1148
29096,58.20364338997317,1148
29097,58.20564379014468,1153
29098,58.207644190316174,1161
29099,58.20964459048768,1162
29100,58.211644990659174,1151
29101,58.21364539083068,1137
29102,58.215645791002174,1133
29103,58.21764619117368,1144
29104,58.219646591345175,1159
29105,58.22164699151668,1162
29106,58.223647391688175,1154
29107,58.22564779185968,1150
29108,58.227648192031175,1154
29109,58.22964859220268,1161
29110,58.231648992374176,1170
29111,58.23364939254568,1176
29112,58.235649792717176,1174
29113,58.23765019288868,1168
29114,58.239650593060176,1169
29115,58.24165099323168,1175
29116,58.24365139340318,1173
29117,58.24565179357468,1167
29118,58.247652193746184,1166
29119,58.24965259391768,1168
29120,58.251652994089184,1165
29121,58.25365339426068,1158
29122,58.255653794432185,1154
29123,58.25765419460368,1153
29124,58.259654594775185,1150
29125,58.26165499494668,1147
29126,58.263655395118185,1145
29127,58.26565579528968,1139
29128,58.267656195461186,1132
29129,58.26965659563268,1136
29130,58.271656995804186,1149
29131,58.27365739597568,1150
29132,58.275657796147186,1137
29133,58.27765819631868,1126
29134,58.27965859649019,1130
29135,58.28165899666168,1145
29136,58.28365939683319,1162
29137,58.28565979700468,1178
29138,58.28766019717619,1184
29139,58.289660597347684,1176
29140,58.29166099751919,1161
29141,58.29366139769069,1157
29142,58.29566179786219,1165
29143,58.29766219803369,1172
29144,58.29966259820519,1171
29145,58.30166299837669,1170
29146,58.30366339854819,1175
29147,58.30566379871969,1178
29148,58.30766419889119,1170
29149,58.30966459906269,1155
29150,58.31166499923419,1147
29151,58.31366539940569,1154
29152,58.31566579957719,1168
29153,58.31766619974869,1177
29154,58.31966659992019,1179
29155,58.32166700009169,1181
29156,58.32366740026319,1184
29157,58.325667800434694,1181
29158,58.32766820060619,1168
29159,58.329668600777694,1156
29160,58.33166900094919,1161
29161,58.333669401120694,1182
29162,58.33566980129219,1200
29163,58.337670201463695,1196
29164,58.3396706016352,1174
29165,58.341671001806695,1154
29166,58.3436714019782,1151
29167,58.345671802149695,1165
29168,58.3476722023212,1181
29169,58.349672602492696,1185
29170,58.3516730026642,1176
29171,58.353673402835696,1170
29172,58.3556738030072,1176
29173,58.357674203178696,1182
29174,58.3596746033502,1182
29175,58.3616750035217,1179
29176,58.3636754036932,1181
29177,58.3656758038647,1190
29178,58.3676762040362,1197
29179,58.3696766042077,1188
29180,58.3716770043792,1170
29181,58.3736774045507,1160
29182,58.3756778047222,1161
29183,58.3776782048937,1160
29184,58.3796786050652,1150
29185,58.3816790052367,1146
29186,58.3836794054082,1153
29187,58.385679805579706,1158
29188,58.3876802057512,1150
29189,58.389680605922706,1139
29190,58.3916810060942,1141
29191,58.393681406265706,1158
29192,58.3956818064372,1163
29193,58.39768220660871,1147
29194,58.3996826067802,1130
29195,58.40168300695171,1128
29196,58.403683407123204,1132
29197,58.40568380729471,1132
29198,58.407684207466204,1132
29199,58.40968460763771,1134
29200,58.411685007809204,1139
29201,58.41368540798071,1144
29202,58.415685808152205,1148
29203,58.41768620832371,1147
29204,58.419686608495205,1146
29205,58.42168700866671,1142
29206,58.423687408838205,1130
29207,58.42568780900971,1119
29208,58.427688209181206,1123
29209,58.42968860935271,1141
29210,58.43168900952421,1156
29211,58.43368940969571,1157
29212,58.43568980986721,1149
29213,58.43769021003871,1147
29214,58.439690610210214,1155
29215,58.44169101038171,1162
29216,58.443691410553214,1156
29217,58.44569181072471,1146
29218,58.447692210896214,1147
29219,58.44969261106771,1156
29220,58.451693011239215,1160
29221,58.45369341141071,1159
29222,58.455693811582215,1166
29223,58.45769421175371,1180
29224,58.459694611925215,1184
29225,58.46169501209671,1168
29226,58.463695412268216,1143
29227,58.46569581243971,1129
29228,58.467696212611216,1133
29229,58.46969661278271,1148
29230,58.471697012954216,1155
29231,58.47369741312571,1143
29232,58.47569781329722,1128
29233,58.47769821346872,1135
29234,58.47969861364022,1159
29235,58.48169901381172,1173
29236,58.48369941398322,1168
29237,58.48569981415472,1152
29238,58.48770021432622,1140
29239,58.48970061449772,1139
29240,58.49170101466922,1142
29241,58.49370141484072,1137
29242,58.49570181501222,1127
29243,58.49770221518372,1125
29244,58.49970261535522,1129
29245,58.50170301552672,1133
29246,58.50370341569822,1137
29247,58.50570381586972,1141
29248,58.50770421604122,1144
29249,58.50970461621272,1142
29250,58.51170501638422,1133
29251,58.51370541655572,1121
29252,58.51570581672722,1108
29253,58.51770621689872,1097
29254,58.51970661707022,1093
29255,58.521707017241724,1102
29256,58.52370741741323,1120
29257,58.525707817584724,1136
29258,58.52770821775623,1142
29259,58.529708617927724,1139
29260,58.53170901809923,1137
29261,58.533709418270725,1143
29262,58.53570981844223,1150
29263,58.537710218613725,1152
29264,58.53971061878523,1153
29265,58.541711018956725,1151
29266,58.54371141912823,1140
29267,58.545711819299726,1124
29268,58.54771221947123,1120
29269,58.549712619642726,1130
29270,58.55171301981423,1143
29271,58.553713419985726,1147
29272,58.55571382015723,1144
29273,58.55771422032873,1148
29274,58.55971462050023,1157
29275,58.56171502067173,1160
29276,58.56371542084323,1151
29277,58.56571582101473,1137
29278,58.56771622118623,1132
29279,58.569716621357735,1144
29280,58.57171702152923,1164
29281,58.573717421700735,1169
29282,58.57571782187223,1158
29283,58.577718222043735,1149
29284,58.57971862221523,1152
29285,58.581719022386736,1154
29286,58.58371942255823,1150
29287,58.585719822729736,1147
29288,58.58772022290123,1155
29289,58.589720623072736,1165
29290,58.59172102324423,1169
29291,58.59372142341574,1168
29292,58.59572182358723,1164
29293,58.59772222375874,1160
29294,58.599722623930234,1162
29295,58.60172302410174,1171
29296,58.603723424273234,1181
29297,58.60572382444474,1187
29298,58.607724224616234,1187
29299,58.60972462478774,1181
29300,58.611725024959235,1175
29301,58.61372542513074,1170
29302,58.61572582530224,1164
29303,58.61772622547374,1156
29304,58.61972662564524,1150
29305,58.62172702581674,1148
29306,58.62372742598824,1146
29307,58.62572782615974,1140
29308,58.62772822633124,1138
29309,58.62972862650274,1141
29310,58.63172902667424,1146
29311,58.63372942684574,1148
29312,58.635729827017244,1143
29313,58.63773022718874,1138
29314,58.639730627360244,1141
29315,58.64173102753174,1153
29316,58.643731427703244,1166
29317,58.64573182787474,1169
29318,58.647732228046245,1159
29319,58.64973262821774,1136
29320,58.651733028389245,1116
29321,58.65373342856074,1113
29322,58.655733828732245,1128
29323,58.65773422890374,1143
29324,58.659734629075245,1147
29325,58.66173502924675,1142
29326,58.663735429418246,1137
29327,58.66573582958975,1134
29328,58.667736229761246,1131
29329,58.66973662993275,1129
29330,58.67173703010425,1129
29331,58.67373743027575,1130
29332,58.67573783044725,1129
29333,58.67773823061875,1128
29334,58.67973863079025,1131
29335,58.68173903096175,1137
29336,58.68373943113325,1142
29337,58.68573983130475,1137
29338,58.68774023147625,1128
29339,58.68974063164775,1126
29340,58.69174103181925,1135
29341,58.69374143199075,1140
29342,58.69574183216225,1131
29343,58.69774223233375,1122
29344,58.69974263250525,1125
29345,58.70174303267675,1132
29346,58.70374343284825,1134
29347,58.70574383301975,1136
29348,58.70774423319126,1145
29349,58.70974463336275,1157
29350,58.71174503353426,1161
29351,58.71374543370575,1160
29352,58.71574583387726,1157
29353,58.717746234048754,1154
29354,58.71974663422026,1153
29355,58.721747034391754,1153
29356,58.72374743456326,1152
29357,58.725747834734754,1156
29358,58.72774823490626,1165
29359,58.729748635077755,1178
29360,58.73174903524926,1188
29361,58.733749435420755,1187
29362,58.73574983559226,1173
29363,58.737750235763755,1157
29364,58.73975063593526,1154
29365,58.741751036106756,1164
29366,58.74375143627826,1173
29367,58.745751836449756,1169
29368,58.74775223662126,1155
29369,58.749752636792756,1142
29370,58.75175303696426,1144
29371,58.753753437135764,1158
29372,58.75575383730726,1170
29373,58.757754237478764,1173
29374,58.75975463765026,1173
29375,58.761755037821764,1176
29376,58.76375543799326,1182
29377,58.765755838164765,1186
29378,58.76775623833626,1184
29379,58.769756638507765,1177
29380,58.77175703867926,1173
29381,58.773757438850765,1178
29382,58.77575783902226,1186
29383,58.777758239193766,1188
29384,58.77975863936526,1180
29385,58.781759039536766,1164
29386,58.78375943970826,1154
29387,58.785759839879766,1153
29388,58.78776024005126,1153
29389,58.78976064022277,1147
29390,58.79176104039426,1138
29391,58.79376144056577,1132
29392,58.79576184073726,1133
29393,58.79776224090877,1144
29394,58.79976264108027,1157
29395,58.80176304125177,1160
29396,58.80376344142327,1153
29397,58.80576384159477,1152
29398,58.80776424176627,1165
29399,58.80976464193777,1180
29400,58.81176504210927,1185
29401,58.81376544228077,1177
29402,58.81576584245227,1166
29403,58.81776624262377,1160
29404,58.81976664279527,1158
29405,58.82176704296677,1155
29406,58.82376744313827,1153
29407,58.82576784330977,1159
29408,58.82776824348127,1169
29409,58.82976864365277,1173
29410,58.83176904382427,1168
29411,58.83376944399577,1161
29412,58.835769844167274,1155
29413,58.83777024433877,1145
29414,58.839770644510274,1136
29415,58.84177104468177,1135
29416,58.843771444853274,1139
29417,58.84577184502478,1135
29418,58.847772245196275,1124
29419,58.84977264536778,1121
29420,58.851773045539275,1127
29421,58.85377344571078,1132
29422,58.855773845882275,1135
29423,58.85777424605378,1140
29424,58.859774646225276,1152
29425,58.86177504639678,1168
29426,58.863775446568276,1177
29427,58.86577584673978,1172
29428,58.867776246911276,1157
29429,58.86977664708278,1151
29430,58.87177704725428,1160
29431,58.87377744742578,1178
29432,58.87577784759728,1193
29433,58.87777824776878,1195
29434,58.87977864794028,1185
29435,58.88177904811178,1173
29436,58.88377944828328,1167
29437,58.88577984845478,1164
29438,58.88778024862628,1160
29439,58.88978064879778,1156
29440,58.891781048969285,1150
29441,58.89378144914078,1143
29442,58.895781849312286,1139
29443,58.89778224948378,1137
29444,58.899782649655286,1133
29445,58.90178304982678,1129
29446,58.903783449998286,1127
29447,58.90578385016978,1128
29448,58.90778425034129,1128
29449,58.90978465051278,1125
29450,58.91178505068429,1121
29451,58.913785450855784,1123
29452,58.91578585102729,1133
29453,58.917786251198784,1146
29454,58.91978665137029,1153
29455,58.921787051541784,1149
29456,58.92378745171329,1143
29457,58.925787851884785,1143
29458,58.92778825205629,1149
29459,58.929788652227785,1152
29460,58.93178905239929,1148
29461,58.933789452570785,1140
29462,58.93578985274229,1135
29463,58.93779025291379,1137
29464,58.93979065308529,1143
29465,58.94179105325679,1144
29466,58.94379145342829,1137
29467,58.94579185359979,1127
29468,58.94779225377129,1126
29469,58.949792653942794,1139
29470,58.95179305411429,1154
29471,58.953793454285794,1161
29472,58.95579385445729,1160
29473,58.957794254628794,1161
29474,58.95979465480029,1162
29475,58.961795054971795,1159
29476,58.96379545514329,1153
29477,58.965795855314795,1149
29478,58.96779625548629,1147
29479,58.969796655657795,1146
29480,58.97179705582929,1146
29481,58.973797456000796,1142
29482,58.97579785617229,1141
29483,58.977798256343796,1148
29484,58.97979865651529,1164
29485,58.981799056686796,1176
29486,58.9837994568583,1175
29487,58.9857998570298,1166
29488,58.9878002572013,1162
29489,58.9898006573728,1166
29490,58.9918010575443,1168
29491,58.9938014577158,1160
29492,58.9958018578873,1149
29493,58.9978022580588,1141
29494,58.9998026582303,1135
29495,59.0018030584018,1131
29496,59.0038034585733,1130
29497,59.0058038587448,1132
29498,59.0078042589163,1134
29499,59.0098046590878,1134
29500,59.0118050592593,1132
29501,59.0138054594308,1135
29502,59.0158058596023,1143
29503,59.0178062597738,1148
29504,59.0198066599453,1145
29505,59.0218070601168,1141
29506,59.0238074602883,1148
29507,59.0258078604598,1166
29508,59.0278082606313,1186
29509,59.02980866080281,1194
29510,59.031809060974304,1187
29511,59.03380946114581,1175
29512,59.035809861317304,1164
29513,59.03781026148881,1156
29514,59.039810661660304,1156
29515,59.04181106183181,1161
29516,59.043811462003305,1163
29517,59.04581186217481,1162
29518,59.047812262346305,1163
29519,59.04981266251781,1160
29520,59.051813062689305,1155
29521,59.05381346286081,1157
29522,59.055813863032306,1165
29523,59.05781426320381,1173
29524,59.059814663375306,1181
29525,59.06181506354681,1186
29526,59.063815463718306,1183
29527,59.06581586388981,1171
29528,59.06781626406131,1161
29529,59.06981666423281,1160
29530,59.07181706440431,1165
29531,59.07381746457581,1164
29532,59.075817864747314,1158
29533,59.07781826491881,1153
29534,59.079818665090315,1154
29535,59.08181906526181,1161
29536,59.083819465433315,1166
29537,59.08581986560481,1164
29538,59.087820265776315,1160
29539,59.08982066594781,1165
29540,59.091821066119316,1178
29541,59.09382146629081,1187
29542,59.095821866462316,1185
29543,59.09782226663381,1184
29544,59.099822666805316,1195
29545,59.10182306697681,1215
29546,59.10382346714832,1225
29547,59.10582386731981,1219
29548,59.10782426749132,1209
29549,59.109824667662814,1201
29550,59.11182506783432,1187
29551,59.113825468005814,1170
29552,59.11582586817732,1164
29553,59.117826268348814,1167
29554,59.11982666852032,1161
29555,59.12182706869182,1141
29556,59.12382746886332,1126
29557,59.12582786903482,1131
29558,59.12782826920632,1152
29559,59.12982866937782,1170
29560,59.13182906954932,1174
29561,59.13382946972082,1165
29562,59.13582986989232,1155
29563,59.13783027006382,1153
29564,59.13983067023532,1160
29565,59.14183107040682,1162
29566,59.14383147057832,1153
29567,59.145831870749824,1140
29568,59.14783227092132,1137
29569,59.149832671092824,1150
29570,59.15183307126432,1173
29571,59.153833471435824,1192
29572,59.15583387160732,1198
29573,59.157834271778825,1194
29574,59.15983467195032,1189
29575,59.161835072121825,1184
29576,59.16383547229332,1174
29577,59.165835872464825,1162
29578,59.16783627263633,1158
29579,59.169836672807826,1159
29580,59.17183707297933,1159
29581,59.173837473150826,1157
29582,59.17583787332233,1158
29583,59.177838273493826,1163
29584,59.17983867366533,1166
29585,59.18183907383683,1162
29586,59.18383947400833,1159
29587,59.18583987417983,1166
29588,59.18784027435133,1176
29589,59.18984067452283,1176
29590,59.19184107469433,1165
29591,59.19384147486583,1155
29592,59.19584187503733,1157
29593,59.19784227520883,1164
29594,59.19984267538033,1168
29595,59.20184307555183,1172
29596,59.20384347572333,1179
29597,59.20584387589483,1186
29598,59.20784427606633,1187
29599,59.20984467623783,1181
29600,59.21184507640933,1171
29601,59.213845476580836,1162
29602,59.21584587675233,1158
29603,59.21784627692384,1159
29604,59.21984667709533,1160
29605,59.22184707726684,1157
29606,59.22384747743833,1152
29607,59.22584787760984,1148
29608,59.227848277781334,1146
29609,59.22984867795284,1147
29610,59.231849078124334,1149
29611,59.23384947829584,1146
29612,59.235849878467334,1143
29613,59.23785027863884,1151
29614,59.239850678810335,1166
29615,59.24185107898184,1178
29616,59.243851479153335,1185
29617,59.24585187932484,1188
29618,59.247852279496335,1187
29619,59.24985267966784,1187
29620,59.251853079839336,1185
29621,59.25385348001084,1180
29622,59.255853880182336,1176
29623,59.25785428035384,1170
29624,59.25985468052534,1160
29625,59.26185508069684,1151
29626,59.263855480868344,1148
29627,59.26585588103984,1151
29628,59.267856281211344,1155
29629,59.26985668138284,1153
29630,59.271857081554344,1149
29631,59.27385748172584,1153
29632,59.275857881897345,1165
29633,59.27785828206884,1172
29634,59.279858682240345,1167
29635,59.28185908241184,1157
29636,59.283859482583345,1154
29637,59.28585988275484,1160
29638,59.287860282926346,1166
29639,59.28986068309784,1162
29640,59.291861083269346,1153
29641,59.29386148344084,1147
29642,59.295861883612346,1142
29643,59.29786228378384,1134
29644,59.29986268395535,1129
29645,59.30186308412684,1133
29646,59.30386348429835,1140
29647,59.30586388446985,1142
29648,59.30786428464135,1139
29649,59.30986468481285,1134
29650,59.31186508498435,1134
29651,59.31386548515585,1141
29652,59.31586588532735,1146
29653,59.31786628549885,1144
29654,59.31986668567035,1137
29655,59.32186708584185,1133
29656,59.32386748601335,1138
29657,59.32586788618485,1146
29658,59.32786828635635,1148
29659,59.32986868652785,1146
29660,59.33186908669935,1148
29661,59.33386948687085,1156
29662,59.33586988704235,1165
29663,59.33787028721385,1167
29664,59.33987068738535,1163
29665,59.341871087556854,1160
29666,59.34387148772835,1156
29667,59.345871887899854,1150
29668,59.34787228807135,1148
29669,59.349872688242854,1151
29670,59.35187308841436,1155
29671,59.353873488585855,1157
29672,59.35587388875736,1160
29673,59.357874288928855,1162
29674,59.35987468910036,1159
29675,59.361875089271855,1153
29676,59.36387548944336,1150
29677,59.365875889614856,1148
29678,59.36787628978636,1141
29679,59.369876689957856,1129
29680,59.37187709012936,1113
29681,59.373877490300856,1101
29682,59.37587789047236,1100
29683,59.37787829064386,1105
29684,59.37987869081536,1109
29685,59.38187909098686,1109
29686,59.38387949115836,1108
29687,59.38587989132986,1107
29688,59.38788029150136,1105
29689,59.38988069167286,1102
29690,59.39188109184436,1098
29691,59.39388149201586,1101
29692,59.39588189218736,1107
29693,59.397882292358865,1108
29694,59.39988269253036,1106
29695,59.401883092701866,1111
29696,59.40388349287336,1123
29697,59.405883893044866,1131
29698,59.40788429321636,1131
29699,59.409884693387866,1132
29700,59.41188509355936,1134
29701,59.41388549373087,1134
29702,59.41588589390236,1129
29703,59.41788629407387,1125
29704,59.41988669424536,1122
29705,59.42188709441687,1123
29706,59.423887494588364,1133
29707,59.42588789475987,1146
29708,59.427888294931364,1152
29709,59.42988869510287,1150
29710,59.431889095274364,1149
29711,59.43388949544587,1156
29712,59.435889895617365,1163
29713,59.43789029578887,1158
29714,59.439890695960365,1146
29715,59.44189109613187,1137
29716,59.44389149630337,1134
29717,59.44589189647487,1128
29718,59.44789229664637,1119
29719,59.44989269681787,1117
29720,59.45189309698937,1121
29721,59.45389349716087,1123
29722,59.45589389733237,1123
29723,59.45789429750387,1125
29724,59.459894697675374,1133
29725,59.46189509784687,1141
29726,59.463895498018374,1140
29727,59.46589589818987,1132
29728,59.467896298361374,1129
29729,59.46989669853287,1142
29730,59.471897098704375,1156
29731,59.47389749887587,1152
29732,59.475897899047375,1136
29733,59.47789829921887,1126
29734,59.479898699390375,1128
29735,59.48189909956187,1130
29736,59.483899499733376,1125
29737,59.48589989990487,1118
29738,59.487900300076376,1112
29739,59.48990070024788,1111
29740,59.491901100419376,1117
29741,59.49390150059088,1127
29742,59.49590190076238,1135
29743,59.49790230093388,1135
29744,59.49990270110538,1131
29745,59.50190310127688,1131
29746,59.50390350144838,1136
29747,59.50590390161988,1140
29748,59.50790430179138,1137
29749,59.50990470196288,1127
29750,59.51190510213438,1118
29751,59.51390550230588,1117
29752,59.51590590247738,1122
29753,59.51790630264888,1125
29754,59.51990670282038,1118
29755,59.52190710299188,1103
29756,59.52390750316338,1095
29757,59.52590790333488,1096
29758,59.52790830350638,1099
29759,59.52990870367788,1098
29760,59.53190910384938,1095
29761,59.53390950402088,1097
29762,59.53590990419239,1105
29763,59.53791030436388,1110
29764,59.53991070453539,1107
29765,59.541911104706884,1106
29766,59.54391150487839,1114
29767,59.545911905049884,1130
29768,59.54791230522139,1141
29769,59.549912705392885,1139
29770,59.55191310556439,1125
29771,59.553913505735885,1107
29772,59.55591390590739,1099
29773,59.557914306078885,1101
29774,59.55991470625039,1100
29775,59.561915106421885,1095
29776,59.56391550659339,1090
29777,59.565915906764886,1088
29778,59.56791630693639,1090
29779,59.569916707107886,1100
29780,59.57191710727939,1112
29781,59.573917507450886,1115
29782,59.57591790762239,1109
29783,59.57791830779389,1105
29784,59.57991870796539,1105
29785,59.581919108136894,1103
29786,59.58391950830839,1105
29787,59.585919908479895,1112
29788,59.58792030865139,1114
29789,59.589920708822895,1112
29790,59.59192110899439,1114
29791,59.593921509165895,1117
29792,59.59592190933739,1116
29793,59.597922309508895,1115
29794,59.59992270968039,1110
29795,59.601923109851896,1099
29796,59.60392351002339,1086
29797,59.605923910194896,1079
29798,59.60792431036639,1080
29799,59.609924710537896,1087
29800,59.61192511070939,1096
29801,59.6139255108809,1103
29802,59.61592591105239,1105
29803,59.6179263112239,1098
29804,59.619926711395394,1090
29805,59.6219271115669,1089
29806,59.623927511738394,1096
29807,59.6259279119099,1103
29808,59.6279283120814,1106
29809,59.6299287122529,1105
29810,59.6319291124244,1106
29811,59.6339295125959,1113
29812,59.6359299127674,1120
29813,59.6379303129389,1120
29814,59.6399307131104,1114
29815,59.6419311132819,1109
29816,59.6439315134534,1109
29817,59.6459319136249,1109
29818,59.6479323137964,1107
29819,59.6499327139679,1105
29820,59.6519331141394,1105
29821,59.6539335143109,1104
29822,59.655933914482404,1107
29823,59.6579343146539,1118
29824,59.659934714825404,1130
29825,59.6619351149969,1128
29826,59.663935515168404,1116
29827,59.6659359153399,1112
29828,59.667936315511405,1121
29829,59.6699367156829,1131
29830,59.671937115854405,1127
29831,59.67393751602591,1116
29832,59.675937916197405,1113
29833,59.67793831636891,1127
29834,59.679938716540406,1146
29835,59.68193911671191,1153
29836,59.683939516883406,1146
29837,59.68593991705491,1139
29838,59.687940317226406,1142
29839,59.68994071739791,1147
29840,59.69194111756941,1138
29841,59.69394151774091,1115
29842,59.69594191791241,1100
29843,59.69794231808391,1105
29844,59.69994271825541,1115
29845,59.70194311842691,1115
29846,59.70394351859841,1115
29847,59.70594391876991,1129
29848,59.70794431894141,1146
29849,59.70994471911291,1154
29850,59.71194511928441,1154
29851,59.71394551945591,1152
29852,59.71594591962741,1147
29853,59.71794631979891,1139
29854,59.719946719970416,1133
29855,59.72194712014191,1132
29856,59.723947520313416,1132
29857,59.72594792048491,1131
29858,59.72794832065642,1125
29859,59.72994872082791,1116
29860,59.73194912099942,1119
29861,59.73394952117091,1140
29862,59.73594992134242,1160
29863,59.737950321513914,1158
29864,59.73995072168542,1143
29865,59.741951121856914,1137
29866,59.74395152202842,1144
29867,59.745951922199914,1153
29868,59.74795232237142,1149
29869,59.749952722542915,1131
29870,59.75195312271442,1116
29871,59.753953522885915,1119
29872,59.75595392305742,1133
29873,59.757954323228915,1138
29874,59.75995472340042,1133
29875,59.761955123571916,1126
29876,59.76395552374342,1128
29877,59.76595592391492,1137
29878,59.76795632408642,1142
29879,59.76995672425792,1133
29880,59.77195712442942,1118
29881,59.773957524600924,1107
29882,59.77595792477242,1101
29883,59.777958324943924,1104
29884,59.77995872511542,1118
29885,59.781959125286924,1127
29886,59.78395952545842,1120
29887,59.785959925629925,1106
29888,59.78796032580142,1104
29889,59.789960725972925,1120
29890,59.79196112614442,1136
29891,59.793961526315925,1135
29892,59.79596192648742,1119
29893,59.797962326658926,1105
29894,59.79996272683042,1101
29895,59.801963127001926,1103
29896,59.80396352717342,1108
29897,59.805963927344926,1109
29898,59.80796432751642,1104
29899,59.80996472768793,1096
29900,59.81196512785943,1096
29901,59.81396552803093,1102
29902,59.81596592820243,1102
29903,59.81796632837393,1095
29904,59.81996672854543,1088
29905,59.82196712871693,1083
29906,59.82396752888843,1086
29907,59.82596792905993,1098
29908,59.82796832923143,1109
29909,59.82996872940293,1103
29910,59.83196912957443,1092
29911,59.83396952974593,1095
29912,59.83596992991743,1113
29913,59.83797033008893,1123
29914,59.83997073026043,1117
29915,59.84197113043193,1112
29916,59.84397153060343,1120
29917,59.84597193077493,1128
29918,59.84797233094643,1130
29919,59.84997273111793,1131
29920,59.851973131289434,1134
29921,59.85397353146093,1138
29922,59.855973931632434,1144
29923,59.85797433180394,1150
29924,59.859974731975434,1146
29925,59.86197513214694,1130
29926,59.863975532318435,1114
29927,59.86597593248994,1109
29928,59.867976332661435,1113
29929,59.86997673283294,1115
29930,59.871977133004435,1111
29931,59.87397753317594,1109
29932,59.875977933347436,1112
29933,59.87797833351894,1119
29934,59.879978733690436,1131
29935,59.88197913386194,1145
29936,59.883979534033436,1151
29937,59.88597993420494,1146
29938,59.88798033437644,1137
29939,59.88998073454794,1133
29940,59.89198113471944,1131
29941,59.89398153489094,1122
29942,59.89598193506244,1107
29943,59.89798233523394,1100
29944,59.89998273540544,1105
29945,59.90198313557694,1109
29946,59.903983535748445,1106
29947,59.90598393591994,1102
29948,59.907984336091445,1102
29949,59.90998473626294,1106
29950,59.911985136434446,1114
29951,59.91398553660594,1124
29952,59.915985936777446,1128
29953,59.91798633694894,1125
29954,59.919986737120446,1124
29955,59.92198713729194,1131
29956,59.92398753746345,1136
29957,59.92598793763494,1132
29958,59.92798833780645,1129
29959,59.92998873797794,1133
29960,59.93198913814945,1137
29961,59.933989538320944,1131
29962,59.93598993849245,1125
29963,59.937990338663944,1131
29964,59.93999073883545,1148
29965,59.941991139006944,1162
29966,59.94399153917845,1161
29967,59.945991939349945,1149
29968,59.94799233952145,1140
29969,59.94999273969295,1140
29970,59.95199313986445,1148
29971,59.95399354003595,1154
29972,59.95599394020745,1148
29973,59.95799434037895,1135
29974,59.95999474055045,1130
29975,59.96199514072195,1139
29976,59.96399554089345,1153
29977,59.96599594106495,1160
29978,59.96799634123645,1153
29979,59.969996741407954,1144
29980,59.97199714157945,1143
29981,59.973997541750954,1150
29982,59.97599794192245,1153
29983,59.977998342093954,1146
29984,59.97999874226545,1136
29985,59.981999142436955,1131
29986,59.98399954260845,1132
29987,59.985999942779955,1130
29988,59.98800034295145,1122
29989,59.990000743122955,1110
29990,59.99200114329445,1106
29991,59.994001543465956,1115
29992,59.99600194363746,1130
29993,59.998002343808956,1135
